index,selfies,smiles,SA,pred_mu,pred_gap,pred_cv,pred_TPSA,TPSA_rdkit,vgae_score,reward,img_page,img_tile
1544,[C][C][Branch1][C][C][Branch1][C][NH3+1][C][C][=Branch1][C][=O][O-1],CC(C)([NH3+])CC(=O)[O-],1.5444996950521224,16.461313247680664,0.1321888417005539,36.87152099609375,69.07743072509766,67.77,,2.86968676487426,mols/page_0078.png,4
3862,[N][C][=NH1+1][C][C][N][=N][N-1][N][=Ring1][Branch1],NC=[NH+]Cc1nn[n-]n1,1.341790468830701,15.992110252380373,0.1555709093809127,28.92556381225586,89.4061050415039,92.76,,2.5166980356319324,mols/page_0194.png,2
4389,[N][#C][C][C][C][Branch1][C][O][C][C][O][Branch1][C][C][Ring1][Ring1][C][C][N][C],CNCCCCOCCC(O)CCC#N,2.256601054988479,4.7047438621521,0.3054316341876983,50.628231048583984,77.67363739013672,65.28,,2.1617302911574323,mols/page_0220.png,9
347,[F][#C][#C][N-1][=N][=C][=C][NH1+1][#C][C-1][CH1-1][=NH2+1][NH3+1][=Ring1][#Branch1][N-1][N+1][=C][=Branch2][N-1],[NH3+][NH2+][CH-][C-]C=[NH+]C=C=N[N-]C#CF,1.636437499842364,12.895195960998535,0.1107718497514724,38.12720489501953,85.63044738769531,84.68,,2.074092193240137,mols/page_0018.png,7
110,[N][C][=C][C][C][C][O][C][C][Ring1][C][C][N][Ring1][Branch1][C][O][N][C][C],CCNOCNCC=COCCCC=CN,1.777308431519336,4.162894248962402,0.2598185539245605,53.12102508544922,72.32442474365234,68.53999999999999,,1.8780656084896528,mols/page_0006.png,10
3473,[N][#C][C][=Branch1][C][=O][N-1][C][C][NH2+1][C][Ring1][Ring2],N#CC(=O)[N-]C1C[NH2+]C1,1.4817904688307009,11.95737361907959,0.1924986839294433,29.953649520874023,65.59040832519531,71.57,,1.7782562745646506,mols/page_0174.png,13
2632,[N][#C][C][Branch1][Ring1][C][C][C][Branch1][C][C][O][C][Branch1][Ring2][C][C][N][C][Branch1],CCC(C#N)C(C)OC(C)CCN,3.196437499842364,4.307353019714356,0.2998676598072052,45.58156204223633,61.3453483581543,59.03999999999999,,1.6482949206054935,mols/page_0132.png,12
3007,[N][#C][C][Branch1][C][C][C][Branch1][Branch1][C][O][C][C][O],CCOCC(O)C(C)C#N,2.5796683620478214,5.488070964813232,0.3097201585769653,38.07695007324219,53.195194244384766,53.25,,1.4803369864219436,mols/page_0151.png,7
4460,[N][#C][C][C][C][Branch1][C][C][O][C][C][Ring1][Branch1][C][Branch1][Ring1][C][C][N][C],CCC(NC)C1COC1(C)CCC#N,3.17630396797254,4.3863630294799805,0.2929701805114746,45.03598403930664,38.15310287475586,45.05,,1.4800781672597154,mols/page_0224.png,0
4284,[N][#C][C][C][C][Branch1][C][C][Ring1][Branch1][C][Branch1][Ring1][C][Branch1][N][C][C],CCCCC(C)CCC#N,2.125492362047822,4.287059783935547,0.3511775434017181,40.49581146240234,23.959453582763672,23.79,,1.4786403343448191,mols/page_0215.png,4
2927,[N][#C][C][C][C][Ring1][Branch1][C][Branch1][C][C][Branch1][Ring1][C][Branch1][Ring2][C][Branch1][Branch1][C],CCCC(C)CCCC#N,2.125492362047822,4.315990924835205,0.3500026762485504,40.49080276489258,23.5124626159668,23.79,,1.4754273772128377,mols/page_0147.png,7
4208,[N][#C][C-1][Branch1][Ring1][C][#N][C][NH1+1][=C][N],N#C[C-](C#N)C[NH+]=CN,1.541790468830701,10.997635841369627,0.1323257386684417,33.26519012451172,83.96695709228516,87.57,,1.4691619764564334,mols/page_0211.png,8
2107,[N][#C][C][Branch1][C][C][C][Branch1][Ring1][C][C][Ring1][Branch1][C][Branch1][Ring2][C][C][O],CCC(CCCO)C(C)C#N,2.6380915038517307,4.465528964996338,0.3158546090126037,41.4857292175293,46.704811096191406,44.02,,1.4644331369483303,mols/page_0106.png,7
3759,[N][#C][C][C][C][Ring1][Branch1][C][C][Branch1][Ring1][C][Branch1][C][O][C][C][O],N#CCCCCC(CO)CCO,2.157024615544936,4.379288673400879,0.3058134019374847,40.75965118408203,67.49738311767578,64.25,,1.4345053893829685,mols/page_0188.png,19
4183,[N][#C][C][C][C][Branch1][C][C][Ring1][Branch1][C][Branch1][Ring1][C][C],CCCC(C)CCC#N,2.101790468830701,4.344113349914551,0.3489778637886047,39.77588272094727,23.982872009277344,23.79,,1.4336076957060686,mols/page_0210.png,3
3260,[N][#C][C][Branch1][C][C][C][Branch1][Branch1][C][Branch1][Ring1][C][O][C][Branch1][=Branch1][C][O],CC(C#N)C(CCO)CCO,2.118091503851731,4.345288276672363,0.3103911578655243,40.41199493408203,66.31535339355469,64.25,,1.4286719682240396,mols/page_0164.png,0
4192,[C][C][C][Branch1][C][O][C][Branch1][Branch1][C][C][O][Branch1][C][N][C][Branch1][Ring1][C][O],CCC(O)C(CCO)CNCCO,2.6764374998423635,1.8133835792541504,0.3327120542526245,46.49874496459961,79.80020904541016,72.72,,1.4285901972292958,mols/page_0210.png,12
4051,[N][#C][C][C][C][Branch1][C][C][Ring1][Ring2][C][C][O],CC(CCO)CCC#N,2.081790468830701,5.2274932861328125,0.3118749558925628,38.54878616333008,44.06948471069336,44.02,,1.4204283163490816,mols/page_0203.png,11
3549,[N][#C][C][C][C][Branch1][Ring1][C][C][Ring1][Branch1][C][C],CCC(CC)CCC#N,1.601790468830701,4.229750156402588,0.3490049242973327,39.860618591308594,23.89535140991211,23.79,,1.4124262706604014,mols/page_0178.png,9
3637,[N][#C][C][Branch1][C][C][C][Ring1][Branch1][C][Branch1][Ring1][C][Branch1][O][C][C][Branch1][Branch1][C],CCCCCCC(C)C#N,2.125492362047822,4.133048057556152,0.3465803265571594,40.49438095092773,23.243371963500977,23.79,,1.4109355767572107,mols/page_0182.png,17
3394,[N][#C][C][Branch1][C][C][Branch1][Ring1][C][C][C][Ring1][Branch1][C][Ring1][=Branch1][C],CCCC(C)(C#N)CC,2.101790468830701,3.962166786193848,0.3496662676334381,40.73627471923828,23.928136825561523,23.79,,1.4094466119725018,mols/page_0170.png,14
4298,[N][#C][C][Branch1][C][C][C][Branch1][Ring1][C][Branch1][O][C][Branch1][Branch1][C][Branch1][Ring2][C][Branch1],CCCCCC(C)C#N,2.101790468830701,4.250592708587647,0.3473516702651977,39.88376235961914,23.854867935180664,23.79,,1.407989163212395,mols/page_0215.png,18
3272,[N][#C][C][C][C][Branch1][Ring1][C][C][Ring1][Branch1][C][Branch1][C][C][O],CCC(CCC#N)C(C)O,2.5996683620478214,4.726548194885254,0.3134702742099762,39.95620346069336,44.19058227539063,44.02,,1.403115070912938,mols/page_0164.png,12
3488,[N][#C][C][Branch1][C][C][C][Ring1][Ring2][C][C][Branch1][Ring1][C][Branch1][Ring2][O],CC(C#N)CCCCO,2.081790468830701,5.203066825866699,0.310945063829422,38.39228820800781,44.442420959472656,44.02,,1.4010959584844036,mols/page_0175.png,8
4407,[N][#C][C][C][C][Ring1][Branch1][C][Branch1][C][C][Branch1][Branch1][C][O],CC(CO)CCCC#N,2.081790468830701,5.141991138458252,0.3127191066741943,38.4495735168457,44.21306991577149,44.02,,1.4007737406942091,mols/page_0221.png,7
3715,[N][#C][C][Branch1][C][C][C][Branch1][Ring1][C][C][O][C][Branch1][Ring2][C][C][Ring1][Ring2][C],CCC(C)OC(CC)C(C)C#N,3.177024615544936,3.867571830749512,0.3155363202095032,43.958194732666016,30.108142852783203,33.02,,1.3997035200568424,mols/page_0186.png,15
2848,[Branch1][N][#C][C][Branch1][C][C][C][Branch1][Ring1][C][C][O][C][Branch1][Branch1][C][O],CCC(OCCO)C(C)C#N,2.6180915038517307,4.784705638885498,0.3043034970760345,39.45198059082031,55.83678817749024,53.25,,1.3823323987518423,mols/page_0143.png,8
4136,[N][#C][C][C][C][Ring1][Branch1][C][Branch1][C][C][Branch1][Ring1][C][O][C],CC(C)(CO)CCCC#N,1.5996683620478216,4.415822982788086,0.3155401945114136,40.52326202392578,43.754844665527344,44.02,,1.3779654745017185,mols/page_0207.png,16
3455,[C][C][C][Branch1][C][O][C][C][Ring1][Ring2][Branch1][C][C][C][#N],CCC1(O)CC1(C)C#N,2.5217904688307007,5.393770217895508,0.3062438070774078,37.8120002746582,43.6870346069336,44.02,,1.3757633716530215,mols/page_0173.png,15
1853,[N][#C][Branch1][Branch1][C][C][C][Branch1][C][N][C][Branch1][Ring1][C][C][Ring1][=Branch1][O],CCC(O)C(N)CCC#N,2.5796683620478214,4.8485870361328125,0.2906056642532348,39.26968002319336,71.33596801757812,70.03999999999999,,1.3721996654753494,mols/page_0093.png,13
3757,[N][#C][C][Branch1][Ring1][C][C][C][Ring1][Branch1][C][Branch1][C][C][Branch1][Ring2][C][Ring1][Ring1][C],CCC(C#N)CC(C)(C)C,2.119668362047822,3.812400102615357,0.338307648897171,41.75293731689453,23.26592063903809,23.79,,1.362932023129637,mols/page_0188.png,17
3762,[N][#C][C][C][C][Branch1][Ring1][C][Branch1][C][C][O][C][Branch1][=Branch1][C][O],CCC(CCC#N)OCCO,2.118091503851731,4.869897842407227,0.3034951090812683,38.85711669921875,55.51282501220703,53.25,,1.3585799686317852,mols/page_0189.png,2
4530,[N][#C][C][C][C][Branch1][Ring1][C][C][Ring1][Branch1][C][Branch1][C][O],CCC(CO)CCC#N,2.081790468830701,4.95042085647583,0.3135557174682617,38.37054443359375,43.984012603759766,44.02,,1.356301814105412,mols/page_0227.png,10
4405,[N][#C][C][C][C][Ring1][Branch1][C][Branch1][C][C][Branch1][Branch1][C][N][C][Branch1][Ring1][C][C],CCCNCC(C)CCCC#N,2.177024615544936,4.575027942657471,0.2905700802803039,42.755104064941406,35.00980758666992,35.82,,1.3529144261602617,mols/page_0221.png,5
4294,[N][#C][C][C][Branch1][C][C][Ring1][Ring2][C][Branch1][Branch1][C][Branch1][Ring1][C][Branch1][=Branch1][C][Branch1],CCCCC(C)CC#N,2.101790468830701,4.17503547668457,0.3435352444648742,39.62650680541992,24.15249252319336,23.79,,1.3521846031296871,mols/page_0215.png,14
3297,[N][#C][C][C][C][Branch1][Ring1][C][O][C][Branch1][C][C][O],CC(O)C(CO)CCC#N,2.5796683620478214,4.795166492462158,0.3020905554294586,38.3294677734375,64.10259246826172,64.25,,1.3405825786085883,mols/page_0165.png,17
3271,[N][#C][C][Branch1][Ring1][C][Branch1][C][C][C][Branch1][Branch1][C][O][C][C][O],CCOCC(O)C(C#N)CC,2.6180915038517307,4.630812644958496,0.3058854341506958,38.97941207885742,57.02172088623047,53.25,,1.3336203338666026,mols/page_0164.png,11
3999,[N][#C][C][C][C][Branch1][C][C][Ring1][Ring2][C][C][N],CC(CCN)CCC#N,2.081790468830701,5.116964817047119,0.2960615456104278,38.71192169189453,49.28341293334961,49.81,,1.329896815754939,mols/page_0200.png,19
4216,[N][#C][C][C][C][Ring1][Branch1][C][Branch1][Branch1][C][C][Branch1][Ring1][C][C][N],CCCCC(N)CCCC#N,2.138091503851731,4.436372756958008,0.2974913418292999,40.88391876220703,51.35624694824219,49.81,,1.3266917027483114,mols/page_0211.png,16
3354,[N][#C][C][Branch1][C][C][Branch1][Ring1][C][C][C][O][C][Branch1][Ring2][C][O],CCC(C)(C#N)COCCO,2.118091503851731,4.485949993133545,0.3036114275455475,39.52643966674805,57.16121673583984,53.25,,1.3204539413066412,mols/page_0168.png,14
4169,[N][C][C][Branch1][C][O][C][Branch1][Ring1][C][O][N][C][Branch1][Branch1][C][Branch1][O][C][C],CCCCNC(CO)C(O)CN,2.637024615544936,2.7662246227264404,0.304458349943161,43.46247100830078,85.26913452148438,78.50999999999999,,1.307023518486261,mols/page_0209.png,9
2132,[N][#C][C][Branch1][C][C][Branch1][Ring1][C][Branch1][Branch1][C][O][C][Branch1][Ring2][C][Ring1][Ring1][C],CCOCCC(C)(C)C#N,1.5996683620478216,4.7178802490234375,0.304828941822052,40.082611083984375,33.19860076904297,33.02,,1.30261703297122,mols/page_0107.png,12
1803,[N][#C][C][O][C][Branch1][Ring1][C][C][Branch1][C][O][Branch1][C][C][C][O][O],CCC(O)(CCCOO)OCC#N,2.156437499842364,3.618417978286743,0.2872680723667145,41.49449920654297,91.2480697631836,82.71000000000001,,1.3004284606459964,mols/page_0091.png,3
3828,[N][#C][C][Branch1][C][C][C][Branch1][Ring1][C][O][C][Ring1][Ring1][C][Branch1],CC(C#N)C1C(C)C1O,3.521790468830701,5.33402681350708,0.3098940253257751,36.41550064086914,43.568267822265625,44.02,,1.2986465791263857,mols/page_0192.png,8
4139,[N][#C][C][C][C][Ring1][Branch1][C][Branch1][Ring1][C][Branch1][C][O][C][C][O],N#CCCCC(CO)CCO,2.118091503851731,4.223068237304688,0.3050353527069092,39.228660583496094,65.84517669677734,64.25,,1.2918729252883587,mols/page_0207.png,19
3973,[C][O][C][C][C][Branch1][Ring1][C][O][O][C][Branch1][Branch1][C][C][O],COCCC(CO)OCCCO,2.137024615544936,3.116641998291016,0.3231609165668487,41.850887298583984,60.88563537597656,58.92,,1.2912902045694703,mols/page_0199.png,13
4411,[N][#C][C][Branch1][C][C][C][Branch1][Ring1][C][C][Ring1][Branch1][C][O][C][C],CCOCC(CC)C(C)C#N,2.6380915038517307,4.2640252113342285,0.3102512061595917,41.0261344909668,32.017677307128906,33.02,,1.2855577101696989,mols/page_0221.png,11
3099,[N][#C][C][Branch1][C][O][C][Branch1][Ring1][C][C][C][Branch1][Branch1][C][C][O],CCC(CCCO)C(O)C#N,2.6180915038517307,4.129245758056641,0.3016633689403534,39.76931381225586,65.40015411376953,64.25,,1.280303959312031,mols/page_0155.png,19
3101,[N][#C][C][C][C][Branch1][Ring1][C][C][Ring1][Branch1][C][Branch1][C][C][O][C][Branch1],CCC(CCC#N)C(C)OC,2.6380915038517307,4.297031402587891,0.3096849322319031,40.95392608642578,30.690189361572266,33.02,,1.2788390333212964,mols/page_0156.png,1
3239,[N][#C][C][C][C][Ring1][Branch1][C][C][Branch1][C][O][C][C],CCC(O)CCCCC#N,2.099668362047822,4.3989338874816895,0.3136616051197052,39.075984954833984,44.765602111816406,44.02,,1.2779363129295016,mols/page_0162.png,19
2619,[N][#C][C][C][C][Branch1][Ring1][C][Branch1][C][C][N][Branch1][C][O][C][Branch1],CCC(CCC#N)N(C)O,2.079668362047822,4.597911834716797,0.3058268427848816,39.535133361816406,39.175514221191406,47.260000000000005,,1.275922371889748,mols/page_0131.png,19
3920,[N][#C][C][C][C][Branch1][Ring1][C][C][O][C][Branch1][C][O][Ring1][Branch1][C][C],CCC1(O)OC1(CC)CCC#N,2.597024615544936,4.516463756561279,0.294571042060852,39.35353088378906,59.95992660522461,56.55,,1.272890648230045,mols/page_0197.png,0
4178,[O][C][C][Branch1][C][C][C][O][C][Branch1][Ring1][C][Branch1][O][C][O][Ring1][Branch1][C][Ring1],CC(CO)COCCCO,2.079668362047822,3.403670072555542,0.3272759020328522,40.857547760009766,50.43364334106445,49.69,,1.2725858554242089,mols/page_0209.png,18
1304,[N][#C][C][C][C][Branch1][Ring1][C][Branch1][C][O][C][Branch1][=Branch1][C][O],N#CCCC(CO)CCO,2.079668362047822,4.684140205383301,0.3019044697284698,37.6836051940918,63.64401626586914,64.25,,1.272111697512717,mols/page_0066.png,4
1969,[N][#C][C][C][Branch1][Branch1][C][O][C][C][Ring1][Ring1][C][O],CCOCC(CO)CC#N,2.079668362047822,5.135894298553467,0.2963095009326935,37.39175415039063,52.951847076416016,53.25,,1.2718168023563643,mols/page_0099.png,9
4367,[N][#C][C][C][C][Branch1][Ring1][C][C][Ring1][Branch1][C][C][O][C],CCC(CCC#N)CCOC,2.138091503851731,4.437229633331299,0.3078234791755676,40.42535400390625,31.5114688873291,33.02,,1.270488376822546,mols/page_0219.png,7
4107,[N][#C][C][C][C][Branch1][C][O][C][Branch1][Ring1][C][Branch1][O][C][C][O],N#CCCC(O)CCCCO,2.118091503851731,4.219731330871582,0.307375818490982,38.70878982543945,64.61193084716797,64.25,,1.268088553873865,mols/page_0206.png,7
3991,[N][#C][C][Branch1][C][O][C][Branch1][Branch1][C][C][C][Branch1][Ring1][C][C][O],CCCCCC(O)C(O)C#N,2.6180915038517307,4.146800518035889,0.2980506420135498,39.82796478271485,65.85581970214844,64.25,,1.2672646477093288,mols/page_0200.png,11
2131,[N][#C][C][Branch1][C][C][C][Branch1][Ring1][C][Branch1][Branch1][C][O][C][C][O],CCOCCC(O)C(C)C#N,2.6180915038517307,4.457812309265137,0.3003414869308471,39.04008483886719,57.95915222167969,53.25,,1.2672007631896267,mols/page_0107.png,11
2479,[N][#C][C][C][C][Branch1][Ring1][C][O][C][C][Ring1][Branch1][C],CC1CC1(CO)CCC#N,2.5396683620478213,5.02257251739502,0.3088379204273224,37.1368408203125,44.00094604492188,44.02,,1.2671766938075406,mols/page_0124.png,19
4524,[N][#C][C][Branch1][C][C][C][Branch1][Ring1][C][Branch1][Branch1][C][Branch1][Ring2][C][C][Ring1][Ring2][O],CC(C#N)C(O)C1CCC1,2.5396683620478213,5.188605308532715,0.3139500617980957,35.980613708496094,44.16794967651367,44.02,,1.2670557940625782,mols/page_0227.png,4
3119,[N][#C][C][C][Branch1][C][C][Ring1][Ring1][C][Branch1][Ring1][C][C][O],CCC(O)C(C)CC#N,2.5817904688307007,4.227569580078125,0.3155387043952942,39.22280502319336,44.62594223022461,44.02,,1.2589737674692774,mols/page_0156.png,19
3788,[N][#C][C][C][C][Branch1][C][C][O][C][Branch1][Ring1][C][O],CC(CCC#N)OCCO,2.079668362047822,4.866305351257324,0.3040266931056976,37.28596878051758,53.224727630615234,53.25,,1.2536572565397606,mols/page_0190.png,8
3333,[N][#C][C][Branch1][C][C][Branch1][Ring1][C][Branch1][O][C][Branch1][Ring2][C][C][C][O][C][Ring1],CCCC(CC(C)C#N)OC,2.6380915038517307,4.223255157470703,0.3073085844516754,41.05197525024414,30.739267349243164,33.02,,1.2532286638479095,mols/page_0167.png,13
3506,[N][#C][C][C][Branch1][Ring1][C][C][Ring1][Branch1][C][Branch1][Branch1][C][C][C][O],CCC(CC#N)CCCCO,2.138091503851731,3.886738777160645,0.3119201362133026,40.59336471557617,46.75139999389648,44.02,,1.2525281921568527,mols/page_0176.png,6
4531,[N][#C][C][C][C][Branch1][C][O][C][C][Ring1][Branch1][C][C][O],N#CCC1C(O)CC1CCO,3.0580915038517307,5.177324771881104,0.301011323928833,35.71165084838867,62.087039947509766,64.25,,1.250583329142903,mols/page_0227.png,11
2431,[N][#C][C][C][C][Branch1][C][C][Ring1][Branch1][C][Branch1][Branch1][C][O][C][Branch1],COCCC(C)CCC#N,2.099668362047822,4.827178955078125,0.3036428391933441,38.92399597167969,32.90378952026367,33.02,,1.247437598244139,mols/page_0122.png,11
1507,[N][#C][C][C][C][Branch1][Ring1][C][C][O][C][C][Ring1][Ring1],CCOC(CC)CCC#N,2.099668362047822,4.625855445861816,0.306469053030014,39.34478378295898,32.846656799316406,33.02,,1.2448636178500685,mols/page_0076.png,7
3677,[N][#C][C][C][Branch1][Ring1][C][Branch1][C][C][Ring1][Branch1][C][Branch1][Ring2][C][C][C][O],CCCC(O)C(CC)CC#N,2.6380915038517307,3.696367263793945,0.3106266856193542,41.26828384399414,46.74421310424805,44.02,,1.2423243604317449,mols/page_0184.png,17
2757,[N][#C][C][Branch1][C][C][Branch1][Ring1][C][C][C][O][C][C][Ring1][Ring1][C],CCCOCC(C)(C#N)CC,2.138091503851731,4.009614944458008,0.3107207119464874,41.17448043823242,32.5970344543457,33.02,,1.2421942994182176,mols/page_0138.png,17
2983,[N][#C][C][Branch1][C][C][C][Branch1][Ring1][C][Branch1][Branch1][C][Branch1][=Branch1][C][C][O],CC(C#N)CCCCCO,2.099668362047822,4.0917792320251465,0.3146461844444275,39.49959182739258,44.9033317565918,44.02,,1.2406226408041952,mols/page_0150.png,3
4282,[N][#C][C][C][C][Branch1][Ring1][C][C][O][C][Branch1][C][O],CCC(CCC#N)OCO,2.079668362047822,4.6666340827941895,0.3019513189792633,37.83903503417969,53.498661041259766,53.25,,1.2302145660241812,mols/page_0215.png,2
4058,[N][#C][#C][C][Branch1][Branch1][Branch1][C][O][C][C][C][Branch1][Ring1][C][C][Ring1][=Branch1][O],CCC1(O)CC1(CC#N)COC,2.597024615544936,4.515230178833008,0.2932309508323669,39.17028427124024,55.14035415649414,53.25,,1.2301855249892966,mols/page_0203.png,18
3801,[N][#C][C][Branch1][C][C][C][Branch1][Ring1][C][O][C][C][Ring1][Branch1][O],CC(C#N)C1(CO)CC1O,3.0196683620478217,4.898303985595703,0.3029776513576507,36.180912017822266,62.49710464477539,64.25,,1.2299933582069165,mols/page_0191.png,1
4057,[N][#C][C][C][C][Branch1][Ring1][C][Branch1][C][C][Ring1][Branch1][C][O][C][Branch1][Ring2][C][Branch1],CCOCC(CC)CCC#N,2.138091503851731,4.179470539093018,0.3102048337459564,40.32868957519531,32.732566833496094,33.02,,1.2263721239368393,mols/page_0203.png,17
4035,[N][#C][#C][C][Branch1][C][C][C][Branch1][Ring1][C][C][O][C][Branch1][O][C],CCOC(CC)C(C)CC#N,2.6380915038517307,4.040555000305176,0.3100000321865082,40.8917350769043,31.767072677612305,33.02,,1.223413886128235,mols/page_0202.png,15
3721,[N][#C][C][Branch1][C][C][C][Branch1][Branch1][C][O][C][C][Ring1][Branch1][C][Branch1],CCOCC(C)C(C)C#N,2.5996683620478214,4.434849262237549,0.3067146241664886,39.64672470092773,33.018550872802734,33.02,,1.2221211300238328,mols/page_0187.png,1
2864,[N][#C][C][C][C][Branch1][C][O][C][Branch1][Ring1][C][C],CCCC(O)CCC#N,2.081790468830701,4.14870548248291,0.318429172039032,38.56633377075195,44.43526458740234,44.02,,1.2178897479009236,mols/page_0144.png,4
3303,[N][#C][C][C][C][Branch1][C][C][Ring1][Branch1][C][Branch1][Ring1][C][Branch1][Branch1][C][N][C][Ring1],C=NCCCC(C)CCC#N,2.138091503851731,4.350207328796387,0.3175992965698242,38.64259719848633,33.130950927734375,36.15,,1.2102176806860798,mols/page_0166.png,3
4157,[N][#C][C][C][C][Branch1][Ring1][C][Branch1][C][C][Ring1][Branch1][C][N][C][Branch1][Branch1][C],CCNCC(CC)CCC#N,2.138091503851731,4.5516791343688965,0.2859535813331604,40.82901763916016,36.39938735961914,35.82,,1.20644028701569,mols/page_0208.png,17
4000,[N][#C][C][Branch1][Ring1][C][C][Branch1][C][C][O][C][Branch1][Branch1][C][N][C][Branch1][Ring2][O],CCC(C)(C#N)OCCNCO,2.137024615544936,3.883779525756836,0.2860051393508911,40.588172912597656,71.91883087158203,65.28,,1.2063859934918713,mols/page_0201.png,0
3821,[N][#C][C][C][C][Branch1][Ring1][C][O][C][Branch1][C][O][N][Branch1][C][C][Ring1][Ring1][Ring1],CN=C(O)C(CO)CCC#N,2.098091503851731,4.813394546508789,0.2838518023490906,37.06159973144531,75.50689697265625,76.61000000000001,,1.205261233095746,mols/page_0192.png,1
2134,[N][#C][C][C][C][Ring1][Branch1][C][Branch1][C][C][Branch1][Ring1][C][C][O][C][Ring1],CCC(C)(CCCC#N)OC,2.138091503851731,4.10058069229126,0.3016439974308014,41.289207458496094,30.96352195739746,33.02,,1.2050653759861916,mols/page_0107.png,14
4466,[N][C][C][C][Branch1][C][C][O][C][Branch1][Branch1][C][Branch1][Ring1][C][O][O][C][C][Ring1],C=COC(CCO)OC(C)CCN,2.6764374998423635,2.183500051498413,0.3092691004276275,44.09248352050781,77.07555389404297,64.71,,1.204329224868902,mols/page_0224.png,6
4125,[N][#C][#C][C][C][Branch1][Ring1][C][Branch1][C][C][C][Ring1][Branch1][C][Branch1][Ring2][C][C][O],CCC1C(CC#N)C1CCCO,3.117024615544936,4.125065803527832,0.3058516085147857,39.65016555786133,45.195899963378906,44.02,,1.2033557610094727,mols/page_0207.png,5
4489,[N][#C][C][C][C][Branch1][Ring1][C][C][Ring1][Branch1][C][C][N][C][Ring1],C=NCCC(CC)CCC#N,2.138091503851731,4.222196578979492,0.3202302455902099,39.1272087097168,27.52166175842285,36.15,,1.2009711815839972,mols/page_0225.png,9
4132,[N][#C][C][C][C][Branch1][C][C][N][C][C][Ring1][Ring1][C][Branch1][Ring1][C][N],CC(CCC#N)N1CC1CCN,3.097024615544936,5.023031234741211,0.2762387096881866,38.32501220703125,58.07002258300781,52.81999999999999,,1.200815202274257,mols/page_0207.png,12
4371,[N][#C][C][Branch1][C][C][Branch1][Ring1][C][C][C][Ring1][Branch1][C][Branch1][Branch1][C][O][C],CCC(C)(C#N)CCCOC,2.138091503851731,4.03014087677002,0.305138885974884,40.94051742553711,32.767303466796875,33.02,,1.19805240487663,mols/page_0219.png,11
2312,[N][#C][C][C][Branch1][Ring1][C][C][O][C][C][Ring1][Branch1][C][C][C],CCCC1COC(CC#N)C1C,3.117024615544936,4.955946445465088,0.3010502755641937,37.96520614624024,31.49454116821289,33.02,,1.1948826718243926,mols/page_0116.png,12
2854,[N][#C][C][C][C][Branch1][Ring1][C][O][C][Branch1][Ring2][C][Ring1][Branch1],N#CCCC1(CO)CC1,1.521790468830701,5.03487491607666,0.3121712207794189,35.581520080566406,43.71735000610352,44.02,,1.193986422879816,mols/page_0143.png,14
3864,[N][#C][C][C][C][Ring1][Branch1][C][C][Branch1][Ring1][C][C][O][C],CCC(CCCCC#N)OC,2.138091503851731,4.470621109008789,0.3016600906848907,39.64925384521485,31.97657966613769,33.02,,1.193642430940189,mols/page_0194.png,4
4074,[N][#C][C][Branch1][Ring1][C][Branch1][C][O][C][C][C][Branch1][Branch1][C][C][O],N#CC(CO)CCCCCO,2.118091503851731,3.910922288894653,0.3040506839752197,38.917762756347656,65.3653564453125,64.25,,1.1928776965683263,mols/page_0204.png,14
3531,[C][Branch1][C][C][C][Branch1][Ring1][C][C][N][C][Branch1][Branch1][C][Branch1][Ring2][C][C][O][C],CCC(CC)NC(C)CCCO,2.177024615544936,1.73479962348938,0.328552633523941,46.89997482299805,32.45548629760742,32.26,,1.186197697454039,mols/page_0177.png,11
4456,[N][#C][C][C][Branch1][C][O][C][Branch1][Ring1][C][Branch1][Branch1][C][C][C][Ring1][Branch1][C][Branch1],CC1(C(O)CC#N)CCCC1,2.078091503851731,4.489612579345703,0.3152537941932678,37.01968383789063,45.24140930175781,44.02,,1.1844231715145082,mols/page_0223.png,16
3091,[N][#C][C][Branch1][Ring1][C][C][C][Branch1][C][C][Ring1][Branch1][C][Branch1][Branch1][C][O][C][Ring1],CCC(C#N)C(C)CCOC,2.6380915038517307,4.107874870300293,0.304799884557724,40.45304107666016,32.39280700683594,33.02,,1.1819283353832148,mols/page_0155.png,11
4341,[N][#C][C][C][C][Branch1][Ring1][C][O][C][Branch1][C][C][Ring1][Ring1][C],CC1(C)C(O)C1CCC#N,2.5396683620478213,4.798943996429443,0.2969877421855926,37.77353286743164,43.61175155639648,44.02,,1.178568589591244,mols/page_0218.png,1
2280,[N][#C][C][C][C][Branch1][C][C][Ring1][Branch1][C][O][C][Ring1][Ring1],CC(CCC#N)C1CO1,2.5217904688307007,5.281854152679443,0.3123225271701813,34.979957580566406,35.87632369995117,36.32,,1.177498446284884,mols/page_0115.png,0
4370,[N][#C][C][C][C][Ring1][Ring2][C][Branch1][C][C][Branch1][Ring1][C][O][C][Ring1][Ring1][O],CC1(CCCC#N)C(O)C1O,2.5580915038517307,4.989471912384033,0.2822235822677612,36.964622497558594,64.0431137084961,64.25,,1.175322689423396,mols/page_0219.png,10
3591,[N][#C][C][Branch1][Ring1][C][Branch1][C][C][C][Branch1][Ring2][C][Branch1][O][C][Branch1][Branch1][C][O],CCC(C#N)CCCCO,2.099668362047822,3.976496696472168,0.3103616833686828,39.25530624389648,45.28373336791992,44.02,,1.1739655904611956,mols/page_0180.png,11
3427,[N][C][Branch1][Ring1][C][C][Branch1][C][O][C][Branch1][Branch1][C][C][O][O][C],CCC(N)(O)C(C)CCOO,2.5980915038517307,2.546785593032837,0.3025762438774109,43.02695846557617,75.75450134277344,75.71000000000001,,1.1733689630815745,mols/page_0172.png,7
2928,[N][C][C][C][Branch1][C][C][O][C][C][Ring1][Ring1][C][O],CC(CCN)OCCCO,2.079668362047822,3.1704251766204834,0.3115254044532776,41.19919967651367,56.95690155029297,55.48,,1.171535047848716,mols/page_0147.png,8
2955,[N][#C][C][C][O][C][Branch1][C][C][Branch1][Ring1][C][C][C][Ring1][Branch1],CCC(C)(C)OCCC#N,1.5996683620478216,4.052480220794678,0.3060987293720245,40.38173294067383,31.88657188415528,33.02,,1.170688479160075,mols/page_0148.png,15
3829,[N][#C][C][C][Branch1][Ring1][C][C][O][C][Branch1][C][C][Ring1][Ring2][C][C][C],CCCC1(C)OC(CC#N)C1C,3.117024615544936,4.46397590637207,0.2997147738933563,39.63647079467773,30.093505859375,33.02,,1.1701909972878817,mols/page_0192.png,9
1188,[O][C][C][C][Branch1][C][C][O][C][Branch1][Branch1][C][Branch1][O][C][Ring1][Ring2][O],CC(CCO)OCCCO,2.079668362047822,3.040541410446167,0.3220385611057281,41.04217147827149,50.92131423950195,49.69,,1.170130417367946,mols/page_0060.png,8
4545,[N][#C][C][Branch1][C][O][C][Branch1][Ring1][C][O][Branch1][C][C][Branch1][Branch1][C][N][C][Branch1],CNCC(C)(CO)C(O)C#N,2.5980915038517307,4.4116973876953125,0.269687294960022,39.28611755371094,76.92878723144531,76.28,,1.167555945886254,mols/page_0228.png,5
4402,[N][#C][C][Branch1][Ring1][C][C][C][Ring1][Branch1][C][Branch1][C][C][Branch1][Branch1][C][O][C][Ring1],CCC(C#N)CC(C)COC,2.6380915038517307,3.954299926757813,0.3078692257404327,40.42154693603516,32.58681106567383,33.02,,1.1651584623443938,mols/page_0221.png,2
4153,[N][#C][C][Branch1][C][C][Branch1][Ring1][C][O][C][Branch1][Branch1][C][Branch1][Ring2][C][C][O],CC(C#N)(CO)CCCCO,2.118091503851731,3.4856464862823486,0.3059026300907135,39.85058975219727,65.44063568115234,64.25,,1.1650686575357254,mols/page_0208.png,13
2614,[N][#C][C][C][Branch1][C][C][C][Ring1][Ring2][C][Branch1][Ring1][C][O][C][Branch1][Ring2][C][C],CCCC(CO)C1C(C)C1C#N,3.6170246155449353,3.811973571777344,0.3044339418411255,40.21831893920898,46.54212188720703,44.02,,1.1641017068427968,mols/page_0131.png,14
3307,[N][#C][C][C][C][Branch1][C][C][Ring1][Ring1][C][Branch1][Branch1][C][O][C][C][O],CCOCC(O)C1(C)CC1C#N,3.097024615544936,4.372116088867188,0.2973772287368774,38.348575592041016,52.4049072265625,53.25,,1.1601890179543273,mols/page_0166.png,7
3794,[N][#C][C][C][C][Ring1][Branch1][C][Ring1][Ring1][C][C][O],N#CCC1CC1CCO,2.5217904688307007,4.836734294891357,0.3146653473377228,35.452518463134766,43.57669448852539,44.02,,1.1558170994802808,mols/page_0190.png,14
3344,[N][#C][C][Branch1][C][C][C][Branch1][Branch1][C][O][C][Branch1][Ring1][C][Branch1],CCOCCC(C)C#N,2.081790468830701,4.781172275543213,0.2974324524402618,38.20174026489258,33.39673614501953,33.02,,1.1555811335914716,mols/page_0168.png,4
3881,[N][#C][C][Branch1][C][C][Branch1][Ring1][C][Branch1][Branch1][C][Branch1][=Branch1][C][C][C][Ring1][Ring2][C],CC(C)(C#N)CC1CCC1,1.5596683620478216,4.032961845397949,0.3381449282169342,37.54015350341797,23.694324493408203,23.79,,1.1551126916453571,mols/page_0195.png,1
3890,[N][#C][C][Branch1][C][C][Branch1][Ring1][C][Branch1][Branch1][C][O][C][Branch1][=Branch1][C][C],CCCOCCC(C)C#N,2.099668362047822,4.490053653717041,0.3009699881076813,38.95686340332031,32.27412414550781,33.02,,1.1525212728811818,mols/page_0195.png,10
4105,[N][#C][C][Branch1][C][C][Branch1][Branch1][C][O][C][Branch1][Ring2][C][C][O],CC(C#N)COCCCO,2.079668362047822,4.318659782409668,0.3029078543186188,37.63328552246094,55.19227600097656,53.25,,1.151981909589982,mols/page_0206.png,5
1605,[N][C][C][C][O][C][Branch1][Branch1][C][C][Branch1][Ring1][O][C][O][=O],COCCC(OO)OCCCN,2.117024615544936,2.833518743515014,0.3030683994293213,41.09473419189453,81.0881576538086,73.94,,1.148250172635645,mols/page_0081.png,5
4184,[N][#C][C][Branch1][C][C][Branch1][Ring1][C][C][C][Ring1][Ring1][C][Branch1][=Branch1][C],CCC1C(C)C1(C)C#N,3.0417904688307007,4.455504417419434,0.3142206370830536,38.33621597290039,23.381193161010746,23.79,,1.148222018180285,mols/page_0210.png,4
2869,[N][#C][C][C][C][Branch1][C][O][C][Ring1][Branch1][C][Branch1][Ring1][C][C][O],CCC(O)C1C(O)CC1C#N,3.558091503851731,4.700300216674805,0.2946221530437469,36.36080932617188,63.58054733276367,64.25,,1.148129577030135,mols/page_0144.png,9
4344,[N][#C][C][C][C][Ring1][Branch1][C][Branch1][C][C][Branch1][Ring1][C][O][C][Ring1][Ring1],CC1(CCCC#N)CC1O,2.5396683620478213,4.488058567047119,0.3094196319580078,37.06038665771485,44.043724060058594,44.02,,1.1441022386536592,mols/page_0218.png,4
3025,[N][#C][C][C][C][Branch1][C][C][Ring1][Ring1][C][C][O],CC1(CCO)CC1C#N,2.5217904688307007,4.814721584320068,0.3016712069511413,36.60916519165039,43.65362548828125,44.02,,1.1402879903874217,mols/page_0152.png,5
2148,[C][C][Branch1][C][C][C][O][C][Branch1][Ring1][C][O][N][Ring1][Branch1][C][O],CC(C)COC(CO)NCO,2.098091503851731,2.9320735931396484,0.3096934556961059,41.38003158569336,61.89746475219727,61.72,,1.1398418706813085,mols/page_0108.png,8
3483,[C][C][Branch1][C][C][Branch1][C][C][C][Branch1][C][C][Branch1][C][O][C][#N],CC(C)(C)C(C)(O)C#N,2.081790468830701,3.3318233489990234,0.3080587685108185,41.32632064819336,44.85734558105469,44.02,,1.1374311150586158,mols/page_0175.png,3
1327,[C][C][C][C][Branch1][C][C][Branch1][Ring1][C][#N][C][Ring1][#Branch1][C],CC1CC(C)(C#N)C1C,3.0417904688307007,4.143654823303223,0.3332997262477875,37.36182022094727,23.382022857666016,23.79,,1.1373944834380976,mols/page_0067.png,7
3807,[N][#C][C][C][Branch1][Ring1][C][C][O][C][Branch1][C][O][N][Branch1][Ring2],CCC(CC#N)OC(N)O,2.5596683620478213,4.337446212768555,0.2846851348876953,37.60226821899414,75.95539093017578,79.27,,1.137056197324115,mols/page_0191.png,7
3808,[C][C][Branch1][C][O][C][Branch1][Ring1][C][O][Branch1][C][C][C][Ring1][Branch1][C][Branch1][=Branch1][C],CCCC(C)(CO)C(C)O,2.5996683620478214,2.1934335231781006,0.3208241164684295,44.392520904541016,41.551002502441406,40.46,,1.13080101297132,mols/page_0191.png,8
1938,[N][#C][C][C][Branch1][Ring1][C][C][C][O][C][C][Ring1][Ring1],CCOCC(CC)CC#N,2.099668362047822,4.316476345062256,0.3030212819576263,38.99878692626953,32.7467155456543,33.02,,1.130578986985019,mols/page_0097.png,18
4152,[N][#C][C][C][C][Branch1][Ring1][C][O][C][Branch1][C][O][O][C][Ring1][=Branch1],N#CCCC1C(O)COC1O,3.0380915038517307,5.421108722686768,0.2854818701744079,33.99781799316406,67.97795867919922,73.48,,1.130555438067573,mols/page_0208.png,12
2822,[N][#C][C][Branch1][C][C][Branch1][Ring1][C][Branch1][=Branch1][C][C][C][Ring1][Ring2][C],CC(C)(C#N)C1CCC1,1.541790468830701,4.088028430938721,0.3406715393066406,36.64688491821289,24.056781768798828,23.79,,1.1303928103189715,mols/page_0142.png,2
3495,[N][#C][C][Branch1][Ring1][C][C][Branch1][C][C][C][Ring1][Branch1][C][Ring1][Ring1][C],CCC1(C#N)CC(C)C1,1.541790468830701,4.195155620574951,0.3379242718219757,36.55748748779297,22.89122009277344,23.79,,1.126560733762803,mols/page_0175.png,15
3210,[N][#C][C][C][C][Branch1][Ring1][C][C][Ring1][Ring1][C][Branch1][Branch1][C][C],CCCC1(CC)CC1C#N,2.5596683620478213,4.232038021087647,0.3166113793849945,38.572391510009766,23.140117645263672,23.79,,1.125607995128327,mols/page_0161.png,10
2410,[N][#C][C][C][Branch1][C][C][O][C][C][Ring1][Branch1][C][N],CC1(CC#N)OCC1CN,2.5196683620478213,5.530527591705322,0.2774287462234497,35.00672149658203,58.79039764404297,59.03999999999999,,1.12357885328095,mols/page_0121.png,10
4179,[N][#C][C][C][C][Branch1][Ring1][C][C][Ring1][Branch1][C][Branch1][C][O][C][Ring1][Ring1],C=C(O)C(CC)CCC#N,2.099668362047822,4.303832054138184,0.3027315139770508,38.10765838623047,43.18404769897461,44.02,,1.120147179572468,mols/page_0209.png,19
3429,[N][#C][C][#C][C][C][C][Ring1][Branch1][C][Branch1][C][C][Branch1][Ring1][C][O],CC(CO)CCCC#CC#N,2.138091503851731,5.77577018737793,0.251204639673233,37.84428405761719,43.39192199707031,44.02,,1.1162455119090615,mols/page_0172.png,9
4017,[N][#C][C][C][C][Branch1][C][C][Ring1][Branch1][C][Branch1][Ring1][C][O][C][Ring1][Ring1][C],CC(CCC#N)C1C(C)C1O,3.578091503851731,4.517892360687256,0.2982365190982818,37.636817932128906,44.10127258300781,44.02,,1.1160668123493227,mols/page_0201.png,17
3773,[N][#C][C][Branch1][C][O][C][Branch1][Ring1][C][Branch1][Branch1][C][C][Branch1][Ring2][C][C][O],N#CC(O)CCCCCCO,2.118091503851731,3.768324613571167,0.3002426922321319,38.66099548339844,64.09883117675781,64.25,,1.1144618074998534,mols/page_0189.png,13
4299,[N][#C][C][Branch1][C][C][C][Branch1][Ring1][C][C][Ring1][Branch1][C][Branch1][Branch1][C][O][C],CCC(CCOC)C(C)C#N,2.6380915038517307,3.633150815963745,0.3056607842445373,40.98788070678711,32.76667404174805,33.02,,1.1134673599146818,mols/page_0215.png,19
3200,[N][#C][C][C][C][Branch1][Ring1][C][Branch1][C][C][Ring1][Branch1][C][Branch1][Ring2][C][Ring1][Ring2][C],CC1CC(C)C1CCC#N,2.5596683620478213,4.195301532745361,0.3309847414493561,37.05973815917969,22.814697265625,23.79,,1.1133306213457923,mols/page_0161.png,0
45,[N][#C][C][C][C][O][C][C][N][C][C],CCNCCOCCCC#N,1.618091503851731,5.147627353668213,0.271636962890625,37.799076080322266,46.09884643554688,45.05,,1.1115440596416155,mols/page_0003.png,5
4097,[N][#C][C][Branch1][C][O][C][Branch1][Ring1][C][Branch1][Branch1][C][C][C][Branch1][=Branch1][C][Branch1][Ring2],CCCCCCC(O)C#N,2.099668362047822,3.736898183822632,0.3099641799926758,39.18326187133789,44.87769317626953,44.02,,1.1103150381262574,mols/page_0205.png,17
4230,[O][C][Branch1][C][C][Branch1][Ring1][C][C][C][Ring1][Branch1][C][Branch1][Branch1][C][O][C][O],CCC(C)(O)CCCOCO,2.118091503851731,2.456867218017578,0.3197638988494873,42.49827575683594,50.4620246887207,49.69,,1.109728924449293,mols/page_0212.png,10
3952,[N][#C][C][Branch1][C][C][C][O][C][C][Branch1][Ring1][C][O][Ring1][Ring2][C][Branch1][Branch1][C],CCC1(CO)COC1C(C)C#N,3.097024615544936,4.262847423553467,0.2907644510269165,38.39047622680664,55.00501251220703,53.25,,1.1082680377889602,mols/page_0198.png,12
3083,[N][#C][C][C][C][Ring1][Branch1][C][Branch1][C][C][Branch1][Ring1][C][N][C][Ring1][Ring1],CC1(CCCC#N)CC1N,2.5396683620478213,4.613601207733154,0.2874130010604858,37.84928894042969,49.31418991088867,49.81,,1.107235816745833,mols/page_0155.png,3
3843,[N][#C][C][C][C][Ring1][Branch1][C][Ring1][Ring2][C][Branch1][Ring1][C][Branch1][C][C][Branch1][=Branch1][C],CCC(C)C1CCC1C#N,3.0596683620478218,4.119008541107178,0.3315986394882202,37.12212371826172,23.2542781829834,23.79,,1.1056663918770042,mols/page_0193.png,3
4039,[N][#C][C][C][C][Branch1][C][C][O][C][Branch1][Ring1][C][C][Ring1][Ring2][O][Ring1][Branch1],CCC1(O)OC1(C)CCC#N,2.5580915038517307,4.363290786743164,0.2937279343605041,37.4542350769043,57.536720275878906,56.55,,1.10425012364815,mols/page_0202.png,19
1885,[N][#C][C][C][Branch1][C][C][C][O][C][O],CC(CC#N)COCO,2.061790468830701,4.810936450958252,0.2948355376720428,36.09660720825195,51.79881286621094,53.25,,1.10306377410483,mols/page_0095.png,5
3111,[N][#C][C][C][C][Branch1][C][C][Ring1][Ring1][C][Branch1][Ring1][C][O][C][Ring1][=Branch1],CC(CO)C1(C)CC1C#N,3.0396683620478218,4.118841648101807,0.3062170147895813,38.01453399658203,44.93391036987305,44.02,,1.1023506953026478,mols/page_0156.png,11
3349,[N][#C][C][Branch1][C][C][C][Branch1][Ring1][C][Branch1][Branch1][C][Branch1][O][C][C][Ring1][Branch1][C],CC(C#N)C1CCCC1C,3.0596683620478218,4.049336910247803,0.341434121131897,36.30663299560547,23.10745429992676,23.79,,1.100951166962446,mols/page_0168.png,9
3294,[N][#C][C][C][C][Ring1][Ring2][C][Branch1][Ring1][C][C][O][C][Ring1][Ring1][C][Branch1][C][O],N#CCCCC1CCC(CO)O1,2.597024615544936,4.881209850311279,0.3019215166568756,35.18024063110352,50.343841552734375,53.25,,1.1006302812765314,mols/page_0165.png,14
3819,[N][#C][C][C][C][Ring1][Branch1][C][Branch1][C][C][Branch1][Ring1][C][Branch1][Ring2][C][Ring1][=Branch1][C],CC1(C)CCC(CC#N)C1,2.0596683620478218,4.143253803253174,0.3365277051925659,36.46413040161133,22.989864349365234,23.79,,1.1005930395479544,mols/page_0191.png,19
3607,[N][#C][C][Branch1][Ring1][C][Branch1][C][C][Branch1][Branch1][C][O][C][C][Ring1][Branch1][C][Ring1][Ring2],CCOCC(C#N)CC,2.081790468830701,4.294746398925781,0.3058824837207794,38.21224212646485,33.78498458862305,33.02,,1.1001568407190927,mols/page_0181.png,7
1700,[N][C][C][Branch1][C][C][C][N][C][Branch1][Branch1][C][O][C][Branch1][Ring1][C][N][Branch1][C],CC(CN)CNCCOCCN,2.137024615544936,2.4402780532836914,0.293992668390274,42.54423522949219,82.92034912109375,73.3,,1.0988433029846896,mols/page_0086.png,0
4509,[N][#C][C][C][C][Branch1][C][O][C][C][Ring1][Ring1][C][Branch1][Ring1][C][C][O],CCC(O)C1CC(CCC#N)O1,3.097024615544936,4.29193925857544,0.2971847355365753,37.39208221435547,55.25591659545898,53.25,,1.095195257814932,mols/page_0226.png,9
4221,[N][#C][C][C][C][Branch1][Ring1][C][Branch1][C][C][Ring1][Ring1][C][Ring1][Ring2][C][Branch1],CCC1(CC)CC1C#N,2.041790468830701,4.308842658996582,0.3162319660186767,37.79024124145508,23.502178192138672,23.79,,1.094349253830364,mols/page_0212.png,1
3605,[N][#C][C][Branch1][C][C][Branch1][Ring1][C][Branch1][Branch1][C][Branch1][#Branch1][C][C][C][Ring1][Ring1][C],CC(C#N)CCC1CC1C,3.0596683620478218,4.1598100662231445,0.3210220038890838,37.88224029541016,23.096511840820312,23.79,,1.0942585055462488,mols/page_0181.png,5
909,[N][#C][C][Branch1][Ring1][C][N][O][C][Branch1][C][N][=O],N#CC(CN)OC(N)=O,2.021790468830701,5.238139629364014,0.2679047882556915,33.54414749145508,98.6192855834961,102.13,,1.0940514317665166,mols/page_0046.png,9
1186,[N][C][Branch1][C][C][C][Branch1][Branch1][O][C][C][O][C][Branch1][Ring2][C][Branch1][Ring1][Branch1][O],CC(N)C(CCO)OCCO,2.5980915038517307,2.1537511348724365,0.3160072565078735,41.81929397583008,75.5655517578125,75.71000000000001,,1.09306797636803,mols/page_0060.png,6
3692,[O][C][C][C][Branch1][C][C][Ring1][Ring1][C][Branch1][Ring1][C][O][C][Branch1][Ring2][O],CC1(C(CO)CO)CC1O,2.5196683620478213,3.3467111587524414,0.308950275182724,39.255706787109375,60.379913330078125,60.69,,1.0921053982515914,mols/page_0185.png,12
61,[C][N][C][=C][C][=Branch1][C][=O][C][=N][O][C][=C][N][C][=O],CNC=CC(=O)C=NOC=CNC=O,1.6763039679725398,6.815681457519531,0.1734096556901931,38.03072738647461,89.51119232177734,79.78999999999999,,1.0914874132129735,mols/page_0004.png,1
4374,[N][#C][C][C][Branch1][C][C][C][O][C][Branch1][Ring1][C][O],CC(CC#N)COCCO,2.079668362047822,4.2768144607543945,0.2990086078643799,37.21839904785156,54.80068206787109,53.25,,1.09041977001909,mols/page_0219.png,14
4342,[N][#C][C][C][C][Branch1][C][C][N][C][Branch1][Ring1][C][O][C][C][Ring1][Ring2],CC(CCC#N)NC1CCC1O,3.097024615544936,4.8322434425354,0.2766790390014648,37.51231384277344,53.29625701904297,56.05,,1.0874790429418315,mols/page_0218.png,2
4209,[N][#C][C][Branch1][Ring1][C][C][C][Branch1][C][C][Ring1][Ring1][C][Branch1][Ring2][O],CC1C(C#N)C1(C)CO,3.0217904688307007,4.450944900512695,0.3005383312702179,37.243309020996094,43.28863143920898,44.02,,1.087246654152847,mols/page_0211.png,9
2378,[N][#C][C][C][C][Branch1][C][C][Ring1][Branch1][C][Branch1][Ring1][C][Branch1],CCC(C)CCC#N,2.084499695052122,4.195237159729004,0.3492635786533355,34.74816131591797,22.96967506408692,23.79,,1.087192797704952,mols/page_0119.png,18
3718,[N][#C][C][Branch1][C][C][C][Branch1][Ring1][C][Branch1][Ring2][C][C][Ring1][Ring2][C][Branch1],CC(C#N)C1(C)CCC1,2.041790468830701,4.083652019500732,0.3328086733818054,36.78847503662109,23.73516845703125,23.79,,1.0869507676659358,mols/page_0186.png,18
4368,[N][#C][C][Branch1][C][O][C][C][Branch1][Ring1][C][Branch1][Branch1][C][C][C][Ring1][Ring1][C][C],CCC(CC(O)C#N)CC1CC1,2.617024615544936,3.7418484687805176,0.304706871509552,39.215518951416016,46.20561599731445,44.02,,1.0864918052679609,mols/page_0219.png,8
2765,[N][#C][C][C][C][Ring1][Branch1][C][C][O][C][Ring1],COCCCCCC#N,1.581790468830701,4.73314905166626,0.2945368587970733,37.60275268554688,32.69804763793945,33.02,,1.0861675535347262,mols/page_0139.png,5
3072,[N][#C][C][Branch1][C][C][Branch1][Ring1][C][O][C][C][C][Ring1][Branch1][C][O],CC1(C#N)CCC(CO)C1O,3.0580915038517307,4.384715080261231,0.2990329563617706,36.05573654174805,63.712989807128906,64.25,,1.085651447120001,mols/page_0154.png,12
4469,[N][#C][C][Branch1][C][C][Branch1][Branch1][C][O][C][C][C][Ring1][Ring2][O],CCOCC(C)(C#N)CO,2.079668362047822,3.759617805480957,0.3026131987571716,38.60650634765625,55.858489990234375,53.25,,1.0852957184791276,mols/page_0224.png,9
3507,[N][#C][C][C][C][Branch1][Ring1][C][C][O][C][Ring1][Branch1][O],CCC1(CCC#N)OC1O,2.5196683620478213,4.712399959564209,0.3010284900665283,35.33097076416016,54.41033172607422,56.55,,1.0848022924088982,mols/page_0176.png,7
3366,[N][#C][C][Branch1][C][C][C][Branch1][Ring1][C][Branch1][Branch1][C][Branch1][N][C][C][O][C][Ring1],COCCCCCC(C)C#N,2.138091503851731,3.930293560028076,0.301448255777359,39.8841438293457,32.11035919189453,33.02,,1.0838166971556822,mols/page_0169.png,6
3631,[N][#C][C][Branch1][Ring1][C][O][C][Branch1][C][C][Branch1][Ring2][C][Branch1][Branch1][C][O][Ring1][Ring1],CC(C(C#N)CO)C1CO1,3.0196683620478217,4.594861507415772,0.307288110256195,34.992427825927734,55.882694244384766,56.55,,1.083536896011637,mols/page_0182.png,11
3719,[N][#C][C][C][C][Branch1][C][C][O][C][Ring1][Ring1][C][C][Ring1][Ring2][C][Ring1][Branch1][C],CCCCC1CC(CCC#N)O1,2.617024615544936,4.272562026977539,0.3040047287940979,38.19824600219727,33.212894439697266,33.02,,1.0796742946468854,mols/page_0186.png,19
4518,[N][#C][C][C][C][Branch1][C][C][O][C][C][Ring1][Branch1][C][Branch1][Ring1][C][Ring1][Ring1][O],CC1(CCC#N)OCC12CC2O,3.3570246155449355,5.042564868927002,0.2864052951335907,35.81160354614258,50.57812881469727,53.25,,1.079529905671164,mols/page_0226.png,18
103,[N][#C][C][C][C][=Branch1][C][N][C][=Branch1][=O][N],N#CCCC(N)CN,2.0444996950521226,5.138128757476807,0.2780147790908813,34.31855010986328,76.69113159179688,75.83,,1.0794464257419605,mols/page_0006.png,3
2350,[N][#C][C][C][C][Ring1][Ring1][C][Ring1][Branch1][C][Branch1][C][C][Branch1][Ring1][C][Branch1][=Branch1][C],CCC(C)CC1CC1C#N,3.0596683620478218,4.09500789642334,0.3198932707309723,37.93170928955078,23.52511978149414,23.79,,1.0773739464096728,mols/page_0118.png,10
2473,[N][#C][C][O][C][Ring1][Branch1][C][Branch1][C][C][Branch1][Ring1][C][C][O],CCC(C)(O)COCC#N,2.079668362047822,4.245250701904297,0.2811740338802337,38.94466018676758,54.90620040893555,53.25,,1.077335345515241,mols/page_0124.png,13
4006,[N][#C][C][C][C][Branch1][Ring1][C][C][Ring1][Ring1][C][Branch1][Branch1][C][C][N][C][Ring1][Ring2],CCC1(CCCNC)CC1C#N,2.617024615544936,4.620770454406738,0.27495077252388,39.91378784179688,31.516277313232425,35.82,,1.073470140534872,mols/page_0201.png,6
3724,[N][#C][C][Branch1][C][C][Branch1][Branch1][C][Branch1][Ring2][C][C][C][Ring1][Branch1][C][Ring1][Ring1][C],CCCCC(C)C#N,2.084499695052122,4.186542987823486,0.3475134372711181,34.740360260009766,22.90958595275879,23.79,,1.0733923571604709,mols/page_0187.png,4
3644,[N][#C][C][Branch1][C][C][C][Ring1][Branch1][C][Branch1][Ring1][C][Ring1][Ring1][C][Branch1][Branch1][C],CCC1CC1C(C)C#N,3.0417904688307007,4.154211521148682,0.324819415807724,37.03239059448242,24.14044189453125,23.79,,1.0695671091110823,mols/page_0183.png,4
2426,[N][#C][C][Branch1][Ring1][C][Branch1][C][C][Branch1][Branch1][C][O][C][Branch1][Ring2][C][Branch1][=Branch1][C],CCCOCC(C#N)CC,2.099668362047822,3.993968963623047,0.3056757152080536,38.93294906616211,32.50807189941406,33.02,,1.0684048453109347,mols/page_0122.png,6
4426,[N][#C][C][C][C][Branch1][C][O][C][Branch1][Ring1][C][O][Branch1][Branch1][C][C][Ring1][Ring2],N#CCCC(O)C1CCC1O,3.0580915038517307,4.423614025115967,0.303167313337326,35.28636169433594,62.25621032714844,64.25,,1.066445360674041,mols/page_0222.png,6
3785,[N][#C][C][C][Branch1][Ring1][C][C][C][Ring1][Ring2][O][C][Branch1][Branch1][C][C][O],CCC(=COCCCO)CC#N,1.6570246155449355,4.040616035461426,0.279635488986969,39.30414581298828,59.73677444458008,53.25,,1.065682052467303,mols/page_0190.png,5
4124,[N][#C][C][Branch1][Ring1][C][O][C][Branch1][C][C][C][Branch1][Ring2][C][C],CCCC(C)C(C#N)CO,2.5996683620478214,3.321990489959717,0.3100514709949493,39.89525985717773,45.12623596191406,44.02,,1.0609623141767723,mols/page_0207.png,4
2724,[N][#C][C][Branch1][C][C][Branch1][Branch1][C][O][C][Branch1][Ring1][C][O][O][C],COC(C)(C#N)COCCO,2.098091503851731,4.006810188293457,0.2888040840625763,38.08549880981445,63.91916275024414,62.48,,1.060526832431938,mols/page_0137.png,4
2511,[N][#C][C][Branch1][C][C][C][O][C][Branch1][Ring1][C][O],CC(C#N)COCCO,2.061790468830701,4.206133365631104,0.3004458248615265,36.9684944152832,53.04941940307617,53.25,,1.0597064605023925,mols/page_0126.png,11
35,[O][C][C][Branch1][C][C][C][O][C][O],CC(CO)COCO,2.0444996950521226,3.372600078582764,0.324335902929306,37.97205352783203,48.15771484375,49.69,,1.0586354378945946,mols/page_0002.png,15
4143,[C][Branch1][C][O][C][Branch1][Branch1][C][Branch1][Ring1][C][O][O][C][C][C],CCCOC(CO)CCO,2.079668362047822,2.7225875854492188,0.3214149475097656,40.55656814575195,49.74879837036133,49.69,,1.0580746292115095,mols/page_0208.png,3
3976,[N][#C][C][C][Branch1][Ring1][C][C][C][Ring1][Ring1][C][Branch1][Branch1][C][C][O],CC1C(CC#N)C1CCCO,3.0780915038517307,4.012595653533936,0.3056344389915466,37.73857116699219,44.95480346679688,44.02,,1.0574900782505323,mols/page_0199.png,16
4457,[N][C][C][Branch1][C][C][C][O][C][C][Ring1][Ring1][C][Branch1][Ring1][C][C][N],CCC(N)CCOCC(C)CN,2.657024615544936,1.8489726781845093,0.3043759167194366,44.54945755004883,62.661468505859375,61.27,,1.0572051868377923,mols/page_0223.png,17
2878,[C][C][Branch1][C][C][O][C][Branch1][Ring1][C][Branch1][Branch1][C][O][Branch1][C][N][C][C][C],CCCNC(CCOC)OC(C)C,2.196437499842364,0.6941707730293274,0.3324009776115417,48.72368621826172,26.54878616333008,30.49,,1.0569282211700102,mols/page_0144.png,18
3949,[N][#C][C][C][C][Branch1][Ring1][C][Branch1][C][C][O][C][Ring1][Branch1][C][Ring1][=Branch1],CCC1(CCC#N)OC1C,2.5396683620478213,4.475178718566895,0.30734783411026,36.57243347167969,34.79713439941406,36.32,,1.0545247451127495,mols/page_0198.png,9
3094,[N][#C][C][C][C][Ring1][Ring1][C][Branch1][Ring1][C][C][Branch1][C][C][=Branch1],CCC(C)C1CC1C#N,3.0417904688307007,4.213449478149414,0.3179334700107574,37.29883193969727,23.75960731506348,23.79,,1.0542457534360057,mols/page_0155.png,14
1030,[N][#C][C][C][C][Branch1][Ring1][C][O][C][O],N#CCCC(CO)CO,1.561790468830701,4.279796123504639,0.2911945581436157,36.79165267944336,62.99263381958008,64.25,,1.054067200982261,mols/page_0052.png,10
2958,[C][Branch1][C][O][C][Branch1][Ring1][C][C][Branch1][Branch1][C][C][C][O],CCC(CO)CCCO,2.081790468830701,2.2076988220214844,0.333272635936737,41.84618377685547,40.438907623291016,40.46,,1.0507207631946969,mols/page_0148.png,18
4084,[N][#C][C][C][C][Branch1][Ring1][C][C][Ring1][Branch1][C][Branch1][Branch1][C][O][C][Ring1][Ring1],CCC(CCC#N)CC1CO1,2.5780915038517307,4.284270286560059,0.3130296468734741,36.63556289672852,34.741294860839844,36.32,,1.050357057650552,mols/page_0205.png,4
4234,[N][#C][C][C][C][Branch1][C][C][O][C][Branch1][Ring1][C][O][N][Ring1][Ring1],CC(CCC#N)OC1NC1O,3.0380915038517307,4.725664615631104,0.2843161821365356,35.185333251953125,70.69908142089844,75.19,,1.050034934126832,mols/page_0212.png,14
3350,[C][C][C][Branch1][C][O][Branch1][Ring1][C][#N][C][C][O],CCC(O)(C#N)CCO,2.061790468830701,3.739945411682129,0.2928787171840668,38.44057083129883,64.509521484375,64.25,,1.049848859722175,mols/page_0168.png,10
3621,[N][#C][C][Branch1][C][C][Branch1][Ring1][C][C][C][Ring1][Branch1][C][Branch1][O][C][Ring1][Ring2],CC1(C#N)CCCCC1,1.541790468830701,4.114226818084717,0.3499572873115539,34.37520217895508,22.31650924682617,23.79,,1.0470192792651134,mols/page_0182.png,1
2717,[N][#C][C][C][N][C][Branch1][C][C][C][Branch1][Ring1][C][C][Ring1][Branch1][C],CCC1(C)C(C)NC1CC#N,3.0780915038517307,4.42941427230835,0.2862001359462738,38.43954849243164,39.122337341308594,35.82,,1.0458059798104484,mols/page_0136.png,17
3927,[N][#C][C][C][C][Branch1][Ring1][C][C][N][C][Branch1][C][C][Ring1][Ring2][C],CC1C(CCC#N)NC1(C)C,2.5780915038517307,4.544895648956299,0.2823105454444885,38.723907470703125,34.91253662109375,35.82,,1.0453440603720543,mols/page_0197.png,7
2001,[C][C][C][Branch1][C][C][N][Branch1][C][O][C][Branch1][Ring1][C][O][Branch1][C][N][C][Branch1],CCC(C)N(O)C(C)(N)CO,2.5980915038517307,2.196740865707397,0.2902214825153351,44.05620574951172,68.2137222290039,69.72,,1.0431588090796375,mols/page_0101.png,1
2463,[C][N][C][Branch1][C][C][Branch1][Ring1][C][C][C][O][C][Branch1][Branch1][C][O],CCC(C)(COCCO)NC,2.118091503851731,2.6239187717437744,0.3068151473999023,42.77819061279297,41.883262634277344,41.49,,1.043029662941757,mols/page_0124.png,3
231,[C][C][Branch1][C][NH3+1][C][C][Ring1][Ring2][Branch1][C][O][C][=Branch1][C][=O][O-1],CC1([NH3+])CC1(O)C(=O)[O-],2.4817904688307006,5.017219543457031,0.2644834220409393,34.90620803833008,84.80271911621094,88.0,,1.0407121824809535,mols/page_0012.png,11
1021,[C][O][C][C][Branch1][C][C][C][Ring1][Branch1][C][Branch1][Branch1][C][O],COCC(C)CCCO,2.081790468830701,2.4018542766571045,0.3332217037677765,41.71755599975586,30.61871719360352,29.46,,1.0406632347217393,mols/page_0052.png,1
3331,[N][#C][C][C][C][Branch1][C][C][O][C][Branch1][Ring1][C][Ring1][Branch1][C][O],CC1(CCC#N)CC(CO)O1,2.5580915038517307,4.609524250030518,0.2941747605800628,35.6402587890625,55.166385650634766,53.25,,1.0405970017960928,mols/page_0167.png,11
2813,[N][#C][C][C][C][Ring1][Branch1][C][Branch1][C][C][Branch1][Ring1][C][Branch1][O][C][Ring1][Ring2],CC1(CCCC#N)CC1,1.541790468830701,4.15185546875,0.3208692371845245,36.9791145324707,23.810760498046875,23.79,,1.0392592312938331,mols/page_0141.png,13
3983,[N][#C][C][Branch1][C][C][Branch1][Branch1][C][Branch1][Ring1][C][C][C][O][C][Ring1][Ring1][O],CCCC(C)(C#N)C1OC1O,3.0580915038517307,3.945920467376709,0.2984837889671325,37.50442123413086,56.62139892578125,56.55,,1.0376026136815126,mols/page_0200.png,3
3359,[N][#C][C][C][C][Branch1][C][C][Ring1][Branch1][C][O][C][Branch1][Branch1][C],CCOCC(C)CCC#N,2.099668362047822,3.8636980056762695,0.3038094937801361,39.00480651855469,33.489627838134766,33.02,,1.035872075910793,mols/page_0168.png,19
2529,[C][C][C][Branch1][#Branch1][C][Branch1][C][O][C][O][C][N][Ring1][#Branch1],CCC1(C(O)CO)CN1,2.5017904688307007,3.52337908744812,0.3053002059459686,38.086544036865234,59.893985748291016,62.400000000000006,,1.0352288681362216,mols/page_0127.png,9
3477,[N][#C][C][C][Branch1][C][C][O][C][Branch1][Branch1][C][Ring1][Ring1][C][O],CCC(O)OC(C)CC#N,2.5796683620478214,3.925088882446289,0.2974338829517364,37.78323745727539,54.83491516113281,53.25,,1.0349591657927315,mols/page_0174.png,17
4033,[N][#C][C][C][C][Ring1][Branch1][C][C][O],N#CCCCCCO,1.5644996950521224,4.989520072937012,0.311154842376709,33.211788177490234,43.923927307128906,44.02,,1.0323381949417758,mols/page_0202.png,13
3022,[C][O][C][C][Branch1][C][C][Ring1][Ring1][C][C][C][=Branch1][C][Branch1][Ring1][C][N][C][C],CCC(CN)CCC(C)COC,2.677024615544936,1.1980650424957275,0.336258202791214,45.66584396362305,31.634716033935547,35.25,,1.0322833149113968,mols/page_0152.png,2
2393,[N][C][Branch1][Ring1][C][C][C][Branch1][C][C][O][C][Branch1][Branch1][C][Branch1][=Branch1][C][O][=C],CCC(N)C(C)OCCCOC,2.657024615544936,1.9377052783966064,0.3179988861083984,44.17993927001953,39.50870513916016,44.48,,1.031784197906967,mols/page_0120.png,13
350,[C][C][N][C][C][Branch1][Ring1][C][#N][C][N][Ring1][Branch1],CCNCC1(C#N)CN1,2.001790468830701,5.554237365722656,0.2620168924331665,35.1258659362793,56.54736328125,57.760000000000005,,1.028475648112065,mols/page_0018.png,10
3074,[O][C][Branch1][C][C][C][Branch1][Ring1][C][O][C][C][Ring1][Branch1][O],CC(O)C1(CO)CC1O,3.0017904688307007,3.346414089202881,0.3080611526966095,38.45220947265625,58.515533447265625,60.69,,1.0282019869097898,mols/page_0154.png,14
3076,[N][#C][C][C][C][Branch1][C][O][C][Branch1][Ring1][C][Branch1][Branch1][C][C][N][Ring1][=Branch1][C],CC1CCCNOC1CCC#N,2.597024615544936,4.498639583587647,0.299809455871582,36.54793548583984,37.793983459472656,45.05,,1.0248967928078996,mols/page_0154.png,16
2563,[N][#C][C][C][C][Branch1][C][C][Ring1][Ring1][C][C][O][C][C],CCOCCC1(C)CC1C#N,2.5780915038517307,4.235822677612305,0.3001426756381988,37.99104309082031,31.11496925354004,33.02,,1.024263653809038,mols/page_0129.png,3
3256,[N][#C][C][C][C][Ring1][Branch1][C][C][Branch1][C][N][C][Ring1][Ring2][C],CC1C(N)C1CCCC#N,3.0396683620478218,4.659051418304443,0.2797996699810028,37.14645385742188,48.835426330566406,49.81,,1.02405962312108,mols/page_0163.png,16
4166,[N][C][C][C][Branch1][C][C][O][C][Branch1][Branch1][C][O],CC(CCN)OCCO,2.061790468830701,2.6479196548461914,0.3157704472541809,40.37325286865234,55.93952178955078,55.48,,1.023221348689406,mols/page_0209.png,6
3984,[N][#C][C][C][C][Ring1][Ring1][C][C][O][C][C][Branch1][C][C],CCCOCCC1CC1C#N,2.5780915038517307,4.645499706268311,0.2987347841262817,36.5106315612793,31.88043785095215,33.02,,1.0215682364801109,mols/page_0200.png,4
2998,[C][C][Branch1][C][C][C][O][C][Branch1][Ring1][C][Branch1][O][C][C][Ring1][Branch1][C][O],CC(C)COCCCCCO,1.638091503851731,1.9019546508789065,0.3334217965602875,43.29573059082031,29.813156127929688,29.46,,1.0209270710581708,mols/page_0150.png,18
3716,[N][#C][C][Branch1][Ring1][C][C][Branch1][C][O][C][Branch1][Branch1][C][Branch1][Ring2][C][C][C][Ring1],CCCCC1OC1(C#N)CC,2.5780915038517307,4.061606407165527,0.3024020493030548,37.99057769775391,35.56544876098633,36.32,,1.019604282682132,mols/page_0186.png,16
3259,[N][#C][C][C][C][Branch1][C][C][N][C][C][Ring1][Ring1][C][O],CC(CCC#N)N1CC1CO,3.0580915038517307,4.973653316497803,0.2748419046401977,36.51444625854492,47.164947509765625,47.03,,1.017953093967371,mols/page_0163.png,19
3120,[N][#C][C][C][Branch1][Ring1][C][Branch1][C][C][C][Ring1][Branch1][C][Branch1][=Branch1][C],CCC1C(C#N)C1CC,2.5417904688307007,4.163136005401611,0.3152141869068146,37.21588897705078,23.190961837768555,23.79,,1.017790542312466,mols/page_0157.png,0
4060,[N][#C][C][C][C][Branch1][C][C][O][C][Ring1][Ring1][C][Branch1][Ring1][C][O],N#CCCC1CC(CCO)O1,2.5580915038517307,4.420314788818359,0.2989258766174316,35.45050430297852,55.58587646484375,53.25,,1.017617228454755,mols/page_0204.png,0
1776,[C][C][C][C][N][C][=Branch1][C][=O][O][C][Ring1][#Branch1],CCC1CNC(=O)OC1,2.001790468830701,5.410418510437012,0.3041239380836487,32.67451095581055,36.73607635498047,38.33,,1.01731265402366,mols/page_0089.png,16
4398,[N][#C][C][Branch1][C][O][C][Branch1][Ring1][C][Branch1][Ring2][C][Branch1][Branch1][C][Branch1][=Branch1][C][Branch1],CCCCCC(O)C#N,2.081790468830701,3.6321284770965576,0.3061420321464538,38.468692779541016,44.53680038452149,44.02,,1.01664527518174,mols/page_0220.png,18
3912,[N][#C][C][C][Branch1][C][C][O][C][C][C][Ring1][Ring2],CCCOC(C)CC#N,2.081790468830701,3.9806957244873047,0.3026237785816192,38.43284606933594,32.540775299072266,33.02,,1.0154794889383918,mols/page_0196.png,12
2276,[N][#C][C][Branch1][C][C][C][Branch1][Ring1][C][Branch1][Ring2][C][C][Ring1][Branch1][C],CC1CCCCC1C#N,2.5417904688307007,4.147014141082764,0.3465675413608551,34.03308868408203,22.997936248779297,23.79,,1.0152713697798383,mols/page_0114.png,16
2666,[C][C][Branch1][C][C][C][O][C][Branch1][Ring1][C][C][Ring1][Ring1][C][Branch1][Ring2][C][C][N],CCC1(CCCN)OC1C(C)C,2.617024615544936,1.7932404279708862,0.3335514068603515,43.46683883666992,31.46159744262696,38.55,,1.015171461242616,mols/page_0134.png,6
1895,[O][C][Branch1][Ring1][C][O][C][C][Branch1][C][C][O],CC(O)CC(O)CO,2.544499695052122,4.381679058074951,0.3008937537670135,35.04299545288086,59.5842399597168,60.69,,1.0149476271957485,mols/page_0095.png,15
4534,[N][#C][C][C][C][Ring1][Branch1][C][Branch1][C][C][Branch1][Branch1][C][O][C][Ring1][Ring1][C][Branch1],CC(C)(CCCC#N)C1CO1,2.078091503851731,3.994261980056762,0.3057348430156708,37.937767028808594,33.95218276977539,36.32,,1.0143999604268696,mols/page_0227.png,14
4042,[C][#C][C][C][C][Ring1][Ring2][C][Branch1][C][C][Branch1][Ring1][C][O][C][C][O],C#CCCCC(C)(CO)CCO,2.177024615544936,1.7435075044631958,0.3216463625431061,43.94108581542969,43.14463806152344,40.46,,1.012814297342897,mols/page_0203.png,2
2593,[C][C][C][Branch1][C][C][O][C][Branch1][Ring1][C][O][Branch1][Ring1][Branch1][C][O],CCC(C)OC(C)(O)CO,2.5796683620478214,2.3249266147613525,0.3107727169990539,42.36568832397461,49.931373596191406,49.69,,1.0121329456277737,mols/page_0130.png,13
3922,[N][#C][C][C][C][Branch1][C][C][Ring1][Branch1][C][N][C][C],CCNCC(C)CCC#N,2.099668362047822,4.230446815490723,0.2790691554546356,39.54171752929688,36.50205993652344,35.82,,1.0107749088650844,mols/page_0197.png,2
4494,[N][#C][C][C][C][Branch1][Ring1][C][C][O][C][C][Ring1][Branch1],CC1CCOC1CCC#N,2.5396683620478213,5.133724212646484,0.2995541393756866,34.30889892578125,33.01100158691406,33.02,,1.0082269570593665,mols/page_0225.png,14
4004,[N][#C][C][Branch1][C][C][Branch1][Ring1][C][C][C][Ring1][Ring2][C][Branch1][Branch1][C][O][C][Ring1],CCC1(C#N)CC1CCOC,2.5780915038517307,4.272665500640869,0.3015610873699188,37.32094192504883,32.6800651550293,33.02,,1.0077739549154952,mols/page_0201.png,4
2501,[N][#C][C][Branch1][C][C][Branch1][Ring1][C][C][O][C][C][C][Ring1][Ring2],CCCOC(C)(C#N)CC,2.099668362047822,3.3862428665161133,0.3025216460227966,40.43378448486328,33.67803192138672,33.02,,1.0073723225990878,mols/page_0126.png,1
2737,[N][#C][C][C][C][Branch1][C][C][O][C],COC(C)CCC#N,2.0644996950521226,5.01776647567749,0.3108202517032623,33.48511505126953,33.497310638427734,33.02,,1.0044279066180786,mols/page_0137.png,17
3696,[C][Branch1][Ring1][C][C][Branch1][C][C][O][C][C][C][Ring1][Ring2][C][Branch1][Branch1][C][O],CCC(C)OCCCCCO,2.138091503851731,1.710781812667847,0.3344405591487884,43.62272262573242,29.63361549377441,29.46,,1.002915278743441,mols/page_0185.png,16
4186,[N][#C][C][C][C][O][C][C][Ring1][Ring1][O],N#CCCCOCCO,1.561790468830701,4.161304950714111,0.3023612797260284,35.96500396728516,53.69089126586914,53.25,,1.0028125322977606,mols/page_0210.png,6
3771,[N][#C][C][C][Branch1][Ring1][C][Branch1][C][O][C][C][C][O][Ring1][Ring2],N#CCC(CO)C1CCO1,2.5196683620478213,5.105816841125488,0.2885373830795288,33.979583740234375,51.82014846801758,53.25,,1.0005614585507,mols/page_0189.png,11
3191,[N][#C][C][C][C][Ring1][Branch1][C][C][Branch1][C][N][C][Ring1][Ring1],C=C(N)CCCCC#N,1.581790468830701,4.860007762908936,0.2717428505420685,36.15250015258789,57.68556594848633,49.81,,0.9996438638638828,mols/page_0160.png,11
2685,[C][C][C][Branch1][Ring1][C][Branch1][Branch1][C][C][O][C][Branch1][C][O][O][C][Ring1][Branch1][C],CCOC(O)(CC)CCCOC,2.157024615544936,1.660618543624878,0.3199909627437591,44.41987991333008,40.23081588745117,38.69,,0.9991557262700476,mols/page_0135.png,5
955,[N][C][C][Branch1][Branch1][C][C][C][O][C][C],CCC(CN)CCCO,2.081790468830701,2.3833446502685547,0.3176537156105041,41.78797912597656,42.60963821411133,46.25,,0.998919799236844,mols/page_0048.png,15
3551,[N][#C][C][C][C][Ring1][Branch1][C][C][Branch1][C][O][C][Ring1][=Branch1][C],CC1C(O)CCC1CC#N,3.0396683620478218,4.175737380981445,0.3128887414932251,35.46983337402344,44.23736572265625,44.02,,0.997606097716691,mols/page_0178.png,11
1265,[O][C][C][Branch1][Ring1][C][C][C][O][C][Branch1][Ring2][C][Branch1][C][C],CCCOCC(CC)CO,2.099668362047822,2.0301177501678467,0.3316907584667206,42.58665466308594,30.12010383605957,29.46,,0.9971183149934434,mols/page_0064.png,5
2533,[C][C][C][O][C][Branch1][Ring1][C][O][Branch1][C][C][Branch1][C][N],CCCOC(C)(CN)CO,2.079668362047822,2.4482433795928955,0.3016752600669861,42.09780883789063,56.26886367797852,55.48,,0.9962460548352218,mols/page_0127.png,13
3552,[N][C][C][C][Branch1][Ring1][C][O][C][C][O],NCCC(CO)CCO,2.061790468830701,2.202512741088867,0.3178820013999939,40.87186813354492,62.27633666992188,66.48,,0.9951993949965996,mols/page_0178.png,12
1614,[C][C][Branch1][Ring1][C][C][C][O][C][C][Ring1][Ring1][C][O],CCC(C)COCCCO,2.099668362047822,2.0837290287017822,0.3298172354698181,42.5723762512207,29.730260848999023,29.46,,0.9948374286790166,mols/page_0081.png,14
4008,[N][#C][C][C][C][Ring1][Branch1][C][Branch1][C][C][Branch1][Ring1][C][C][O][C][Ring1][Ring1],CC1(CCCC#N)CCCO1,2.078091503851731,4.8593950271606445,0.2913983762264251,36.0443000793457,31.71518898010254,33.02,,0.9946937022024368,mols/page_0201.png,8
4418,[O][C][C][C][Branch1][C][C][O][C][Branch1][Ring1][C][O][Branch1][C][O],CC(CCO)OC(O)CO,2.5596683620478213,2.4597926139831543,0.3149135708808899,39.82554626464844,67.31619262695312,69.92,,0.994631646427693,mols/page_0221.png,18
2444,[C][Branch1][Ring1][C][C][Branch1][C][C][C][O][C][Branch1][Branch1][C][O],CCC(C)COCCO,2.081790468830701,2.289569616317749,0.3352805972099304,41.173770904541016,30.592164993286133,29.46,,0.9943930956843652,mols/page_0123.png,4
4443,[N][C][Branch1][C][C][Branch1][Ring1][C][C][C][Ring1][Branch1][C][Branch1][Branch1][C][O][C][Branch1][N],CCC(C)(N)CCCOC,2.099668362047822,2.141780376434326,0.315728098154068,43.67009735107422,31.220367431640625,35.25,,0.9937315304456044,mols/page_0223.png,3
4177,[C][C][Branch1][Ring1][C][C][C][N][C][Branch1][C][C][O][C][Branch1][Branch1][C][O],CCC(C)CNC(C)OCCO,2.657024615544936,1.6259205341339111,0.3240029811859131,44.22701644897461,37.74064636230469,41.49,,0.9929594769079108,mols/page_0209.png,17
4462,[N][#C][C][Branch1][C][C][C][Branch1][Ring1][C][Branch1][Branch1][C][O][C][Branch1][Ring2][C][Ring1][Ring1],CCOCCCC(C)C#N,2.099668362047822,3.736816167831421,0.3026556670665741,38.9128532409668,33.007747650146484,33.02,,0.9916427876667356,mols/page_0224.png,2
3314,[N][#C][C][C][C][Branch1][Ring1][C][Branch1][C][C][O][C][Ring1][Ring2][C],CC1OC(CCC#N)C1C,3.0396683620478218,4.75858211517334,0.2964171171188354,35.81010055541992,32.227394104003906,33.02,,0.9913211262316453,mols/page_0166.png,14
2876,[N][#C][C][C][C][Ring1][Ring1][C][Branch1][Ring1][C][C][Branch1][C][C][O][C][Ring1][=Branch1],CCC(C)(OC)C1CC1C#N,3.0780915038517307,4.046123504638672,0.2942188382148742,38.6889877319336,31.85990333557129,33.02,,0.989937762366305,mols/page_0144.png,16
1130,[C][C][C][Branch1][Ring1][C][C][O][C][C][Ring1][Ring1][C][O],CCC(CC)OCCCO,1.5996683620478216,2.066594123840332,0.3275964260101318,42.79116439819336,29.61769676208496,29.46,,0.9898322223560512,mols/page_0057.png,10
2944,[N][#C][C][C][C][Branch1][Ring1][C][O][C][C][Ring1][Ring2][C],CC1CC(CCC#N)C1O,3.0396683620478218,4.373270988464356,0.299901396036148,36.011329650878906,43.29252243041992,44.02,,0.9896648388496132,mols/page_0148.png,4
2519,[C][C][Branch1][C][C][C][O][C][C][Ring1][Ring1][C][Branch1][Ring1][C][O][O],CC(C)COCCC(O)CO,2.118091503851731,2.1781721115112305,0.3157142102718353,41.77384185791016,53.35478591918945,49.69,,0.9894596302449044,mols/page_0126.png,19
4187,[N][#C][C][Branch1][Ring1][C][Branch1][C][C][Branch1][Branch1][C][Branch1][=Branch1][C][C][C][Ring1][Ring1],CCC(C#N)CC1CC1,2.041790468830701,3.940509557723999,0.3269999921321869,36.27381134033203,23.932641983032227,23.79,,0.9867996615937658,mols/page_0210.png,7
2395,[N][#C][N][Branch1][C][C][C][N][C][Branch1][Ring1][C][C][O][C][=O],CCC(NCN(C)C#N)OC=O,2.117024615544936,4.871669769287109,0.2553421258926391,36.80230331420898,67.86434936523438,65.36000000000001,,0.986668160923134,mols/page_0120.png,15
1586,[N][#C][C][C][C][Branch1][C][C][Ring1][Branch1][C][Branch1][Ring1][C][C][O][C][Ring1][Ring2],CC(CCC#N)C1OCC1C,3.0780915038517307,4.758852005004883,0.2914268970489502,36.34610748291016,30.8371696472168,33.02,,0.9863196797009212,mols/page_0080.png,6
3599,[N][#C][C][C][C][Ring1][Ring1][C][C][O][C][Ring1],COCCC1CC1C#N,2.5217904688307007,5.171731948852539,0.2885195016860962,34.90632247924805,33.15634536743164,33.02,,0.9847033806250786,mols/page_0180.png,19
4304,[N][#C][C][C][C][Branch1][Ring1][C][C][O][C][Branch1][C][C][Ring1][Ring1][C],CC1(C)CCC(CCC#N)O1,2.078091503851731,4.373103141784668,0.3025323748588562,36.485130310058594,32.48387908935547,33.02,,0.9845175242648472,mols/page_0216.png,4
605,[C][O][C][C][C][Ring1][Ring1][C][Branch1][C][C][C][#N],COC1CC1C(C)C#N,3.0217904688307007,4.79577112197876,0.2950929701328277,35.58523941040039,33.52103042602539,33.02,,0.9837179149305738,mols/page_0031.png,5
3117,[N][#C][C][Branch1][C][C][Branch1][Branch1][C][Branch1][Ring1][C][O][C][C][C][Ring1][=Branch1],CC1(C#N)CCCC1CO,2.5396683620478213,4.062260627746582,0.3131940364837646,35.59587860107422,44.48677062988281,44.02,,0.9825120328715456,mols/page_0156.png,17
2024,[C][C][Branch1][C][C][C][O][C][Branch1][Branch1][C][O][Ring1][Ring2][C][Ring1][Branch1][C],CCC(CO)OCC(C)C,2.099668362047822,2.0414865016937256,0.3256368041038513,42.9126091003418,30.172033309936523,29.46,,0.9818012869311624,mols/page_0102.png,4
1737,[O][C][C][Branch1][Branch1][C][C][O][C][Branch1][Ring1][C][C][C][N][Ring1][=Branch1],CCC(CN)(CO)CCOC,2.118091503851731,1.7424641847610474,0.3111451268196106,43.43393325805664,56.99111175537109,55.48,,0.9802439496423608,mols/page_0087.png,17
4264,[C][O][C][Branch1][C][C][Branch1][Ring1][C][O][N][C][Branch1][Branch1][C][Branch1][#Branch1][C][O],COC(C)(CO)NCCCO,2.098091503851731,2.105999708175659,0.3090306222438812,41.76987075805664,63.061561584472656,61.72,,0.9762037713785646,mols/page_0214.png,4
3162,[N][#C][C][C][C][Branch1][Ring1][C][C][O][C][Ring1][Branch1],CCC1(CCC#N)CO1,2.021790468830701,4.427673816680908,0.3093258142471313,35.17198181152344,36.01955032348633,36.32,,0.975719307983644,mols/page_0159.png,2
4151,[N][#C][C][Branch1][C][C][Branch1][Branch1][C][O][C][Branch1][Ring1][C][N][Ring1][=Branch1],CC(C#N)COCCN,2.061790468830701,4.089550971984863,0.288455605506897,36.71138000488281,60.105587005615234,59.03999999999999,,0.9747370103481884,mols/page_0208.png,11
3420,[C][C][Branch1][C][O][C][C][C][Ring1][Ring1][C][C][O],CC(O)C1CC1CCO,3.0217904688307007,2.6106278896331787,0.3279910087585449,39.60734939575195,41.01458358764648,40.46,,0.974459987151199,mols/page_0172.png,0
3745,[=Branch1][C][N][C][Branch1][C][C][Branch1][Branch1][C][Branch1][O][C][O][C][C][C][O],CNC(C)CCOCCCO,2.118091503851731,2.6549017429351807,0.3071509301662445,41.60956573486328,40.5425033569336,41.49,,0.974008254496418,mols/page_0188.png,5
3368,[C][C][C][Branch1][C][C][O][C][Branch1][Ring1][C][O][O][C][O],CCC(C)OC(CO)OCO,2.5980915038517307,2.1518232822418213,0.3209211230278015,40.6978874206543,58.35073852539063,58.92,,0.9736091609695822,mols/page_0169.png,8
2576,[C][O][C][C][Ring1][Ring1][C][Branch1][C][C][C][Branch1][Ring1][C][O][Ring1][=Branch1],COCCC(C)CCO,2.081790468830701,2.341359853744507,0.3268137872219085,41.51886367797852,30.46174430847168,29.46,,0.9734068117223672,mols/page_0129.png,16
3370,[N][#C][C][C][C][Branch1][Ring1][C][O][C][Ring1][Branch1][C][Branch1][C][C][Ring1][Ring2],CC1C(O)C2C(CC#N)C12,3.979668362047821,5.248039722442627,0.2913117408752441,33.38459014892578,42.762882232666016,44.02,,0.9713552009204672,mols/page_0169.png,10
4308,[C][Branch1][C][C][Branch1][Ring1][C][Branch1][Ring2][C][C][C][Ring1][Ring2][C][Branch1][Branch1][C][O],CCCCC(C)CCO,2.101790468830701,1.4477941989898682,0.3469490110874176,43.44693756103516,21.206472396850582,20.23,,0.9712553304652763,mols/page_0216.png,8
1343,[C][C][C][Branch1][C][C][O][C][Branch1][Ring1][C][O][O],CCC(C)OC(O)CO,2.5617904688307007,2.751748323440552,0.3087801337242126,40.35596466064453,49.380332946777344,49.69,,0.970896958039026,mols/page_0068.png,3
2449,[N][#C][C][C][Branch1][Ring1][C][Branch1][C][C][C][Ring1][Ring1][C][Ring1][Ring2][O],CC12C(O)C1C2CC#N,3.461790468830701,5.304497718811035,0.2868514955043793,33.5865478515625,43.24502182006836,44.02,,0.970806008254292,mols/page_0123.png,9
1444,[N][C][Branch1][Ring1][C][Branch1][C][O][C][C][C][Branch1][Branch1][C][C][N][C][Ring1][Ring1][C],CNCCC1(C)CC1C(N)CO,3.097024615544936,2.481391429901123,0.2939172387123108,41.79190826416016,63.65508270263672,58.28,,0.9707904205483628,mols/page_0073.png,4
3262,[N][#C][C][Branch1][C][C][C][Branch1][Ring1][C][Branch1][Branch1][C][O][C][C][Ring1][Ring1][C][O],CCOCCC(CO)=C(C)C#N,1.6570246155449355,4.905901908874512,0.2299084812402725,40.11711120605469,53.45225524902344,53.25,,0.9700792913351391,mols/page_0164.png,2
3853,[N][#C][C][C][Branch1][C][C][Ring1][C][O][C][Branch1][Ring1][C][Branch1][Branch1][C][O][O][C],COOCCCOC(C)=CC#N,1.6370246155449355,5.576755046844482,0.2416632920503616,37.094974517822266,44.20940399169922,51.48,,0.9682293495610972,mols/page_0193.png,13
4137,[N][#C][C][Branch1][Ring1][C][C][C][Ring1][Branch1][C][Branch1][C][C][Branch1][Branch1][C][N][C][Ring1],C=NCC(C)CC(C#N)CC,2.6380915038517307,3.69646430015564,0.3017133474349975,38.81706619262695,32.30828094482422,36.15,,0.9672781147538498,mols/page_0207.png,17
3577,[N][#C][C][C][C][Ring1][Ring1][C][Branch1][C][C][Branch1][Ring1][C][O][C][Ring1][Branch1],CC(C)(CO)C1CC1C#N,2.5396683620478213,3.715242862701416,0.2996531128883362,37.98384094238281,44.98634719848633,44.02,,0.9669656979772516,mols/page_0179.png,17
4510,[N][#C][C][C][Branch1][Ring1][C][C][C][Ring1][Ring1][C][Branch1][C][C][N][C][Ring1][Ring2][C],CC1C(CC#N)C1C1(C)NC1C,4.057024615544935,4.28719425201416,0.2806677222251892,38.07111740112305,41.39390182495117,45.73,,0.9663717860174325,mols/page_0226.png,10
4020,[N][#C][C][Branch1][C][C][C][Branch1][Ring1][C][O][C][Branch1][Branch1][C][N][C][Ring1][Ring1],CC(C#N)C(CO)CC1CN1,3.0580915038517307,4.15466833114624,0.2808391749858856,36.6489486694336,65.97429656982422,65.96,,0.965326621414828,mols/page_0202.png,0
3006,[C][C][Branch1][C][C][C][O][C][C][Ring1][Ring1][C][O],CC(C)COCCCO,1.581790468830701,2.2478020191192627,0.3277116119861603,41.6497688293457,30.212879180908203,29.46,,0.9645627403766348,mols/page_0151.png,6
2749,[O][C][C][C][Branch1][C][C][O][C][Branch1][Branch1][C][O][Ring1][Ring2][C][Branch1][O],CC(CO)OC(C)CCO,2.5796683620478214,2.0436182022094727,0.3217409551143646,41.45710372924805,50.41695785522461,49.69,,0.9634156303449956,mols/page_0138.png,9
3613,[N][#C][C][Branch1][Ring1][C][C][Branch1][C][O][C][C][Ring1][Branch1][C][Branch1][Ring2][O],CC1C(CO)CC1(O)C#N,3.0196683620478217,3.949686288833618,0.2972626090049743,35.76799392700195,64.53793334960938,64.25,,0.9611591543624244,mols/page_0181.png,13
3052,[N][C][Branch1][C][C][Branch1][Ring1][C][C][C][O][C][Branch1][Ring2][C][C][Ring1][Branch1][C][O],CCC(C)(N)C1CCC(CO)O1,3.097024615544936,2.5152268409729004,0.3091819882392883,40.70620727539063,53.47220993041992,55.48,,0.960155614907976,mols/page_0153.png,12
4501,[C][Branch1][C][C][Branch1][Branch1][C][O][C][Branch1][Ring1][C][C][C][O],CCCOCC(C)CO,2.081790468830701,2.198050022125244,0.3291275799274444,41.6147575378418,30.11060905456543,29.46,,0.9594879357783423,mols/page_0226.png,1
2868,[C][C][Branch1][C][C][C][O][C][Branch1][Ring1][C][Branch1][Branch1][C][Branch1][Ring2][C][O][N][C],CC(C)COC(C)CCCON,2.157024615544936,1.4940584897994995,0.3231014609336853,44.545745849609375,33.93498611450195,44.48,,0.958812094692933,mols/page_0144.png,8
2620,[C][C][Branch1][C][O][C][C][Branch1][C][C][C][Branch1][C][N][=O],CC(O)CC(C)C(N)=O,2.5617904688307007,3.4013359546661377,0.2743763923645019,40.148193359375,64.04570770263672,63.32,,0.958500476105188,mols/page_0132.png,0
2804,[N][#C][C][Branch1][Ring1][C][C][C][Branch1][C][C][Ring1][Branch1][C][O][C][Ring1][Ring1],CCC(C#N)C(C)C1CO1,3.0396683620478218,4.159037590026856,0.3065687417984009,36.28068161010742,34.3431396484375,36.32,,0.9572134711215606,mols/page_0141.png,4
4543,[N][#C][C][C][C][Branch1][C][C][O][C][C][Ring1][Ring1][C][Ring1][Branch1],N#CCCC1CCCCO1,2.0396683620478218,4.978109836578369,0.3039012551307678,33.594268798828125,33.019771575927734,33.02,,0.9561461545428124,mols/page_0228.png,3
7,[C][C][C][C][Branch1][Ring1][C][O][C][Branch1][C][N][=O],CCCC(CO)C(N)=O,2.061790468830701,3.57520604133606,0.2736915946006775,39.63219833374024,62.7513427734375,63.32,,0.9560947840168256,mols/page_0001.png,7
140,[C][C][Branch1][C][Branch1][N][=C][N][NH2+1][O][NH2+1][=C][C-1],[C-]C[NH2+]O[NH2+]NC=NCC,1.5396683620478215,4.689690589904785,0.2415513545274734,38.51796340942383,66.10347747802734,66.84,,0.9552759670611414,mols/page_0008.png,0
2346,[C][O][C][Branch1][C][C][Branch1][Branch1][C][Branch1][Ring1][C][Branch1][Ring2][C][Ring1][Branch1][C][O],CCCC(C)(CO)OC,2.081790468830701,2.349084615707397,0.3137059211730957,42.54767608642578,30.338428497314453,29.46,,0.955151306510872,mols/page_0118.png,6
3861,[N][#C][C][C][C][Branch1][C][C][Ring1][Ring1][C][C][N][C][C],CCNCCC1(C)CC1C#N,2.5780915038517307,4.585105419158936,0.2696865499019623,38.38449096679688,34.999446868896484,35.82,,0.9543626284972409,mols/page_0194.png,1
1620,[N][#C][C][N][C][Branch1][Ring1][C][N][Branch1][Branch1][C][C][Branch1][C][O][C][N][Ring1][=Branch1],N#CCNC1(CCO)CNNC1,1.5570246155449354,4.278326511383057,0.2669115662574768,36.32410430908203,80.52763366699219,80.11,,0.9541900918234024,mols/page_0082.png,0
1965,[C][Branch1][C][C][C][Branch1][Ring1][C][Branch1][Branch1][C][O][C][Branch1][Ring2][C][C][O][Branch1][Ring2],CCCCCOCCCO,1.5996683620478216,2.177741765975952,0.3286825120449066,41.66707229614258,29.67686653137207,29.46,,0.9532113615637522,mols/page_0099.png,5
3790,[N][#C][C][Branch1][C][C][C][Ring1][Branch1][C][Branch1][Ring1][C][O][C][Ring1][=Branch1],N#CC1CCC(CO)C1,2.5217904688307007,4.497210502624512,0.3139242529869079,33.47414779663086,43.60066986083984,44.02,,0.9518548649393824,mols/page_0190.png,10
4332,[N][#C][C][C][C][Branch1][C][O][C][C][Ring1][Ring2][C][Ring1][Ring1][C],CC1C2C1C2(O)CCC#N,2.4796683620478213,4.7112226486206055,0.2949919998645782,34.62657928466797,43.26144790649414,44.02,,0.9505973310727972,mols/page_0217.png,12
4243,[C][C][C][Branch1][Ring1][C][Branch1][Branch1][C][C][O][C][Branch1][C][O],CCC(O)CCCOC,2.081790468830701,2.459406614303589,0.31947723031044,41.44321823120117,30.496665954589844,29.46,,0.9495954390871872,mols/page_0213.png,3
1452,[C][C][C][Branch1][C][C][O][C][C][Ring1][Ring1][C][O],CCC(C)OCCCO,2.081790468830701,2.23386549949646,0.3247033655643463,41.71366500854492,30.285629272460938,29.46,,0.9466580366067144,mols/page_0073.png,12
3734,[N][#C][C][C][C][Ring1][Ring1][C][C][Branch1][Ring1][C][Branch1][C][C][O][C],CCC(CC1CC1C#N)OC,3.0780915038517307,4.18403959274292,0.2963499724864959,37.25961685180664,31.711084365844727,33.02,,0.9462709611501072,mols/page_0187.png,14
1999,[C][O][C][Branch1][Branch1][C][C][C][Branch1][Ring1][C][O][O][C][C],CCOC(CCCCO)OC,2.118091503851731,1.9969040155410769,0.3262735307216644,41.72801971435547,39.37451934814453,38.69,,0.9460426968352776,mols/page_0100.png,19
2168,[C][#C][C][Branch1][C][O][C][Branch1][Ring1][C][C][Branch1][Ring2][C][Branch1][N][C][C][C][O],C#CC(O)C(CC)CCCCO,2.677024615544936,1.9293036460876465,0.3065528571605682,43.90225982666016,40.67255401611328,40.46,,0.9459905949684264,mols/page_0109.png,8
4324,[N][#C][C][C][Branch1][Ring1][C][O][C][C][C][Ring1][Branch1][C][O],N#CCC1CCC(CO)C1O,3.0580915038517307,3.993924140930176,0.3004047572612762,35.18467712402344,62.49811935424805,64.25,,0.9456154637229328,mols/page_0217.png,4
2584,[C][O][C][C][Branch1][C][C][O][O][C][Ring1][Ring1][C][Branch1][Ring1][C][O],COCC(C)OOCCCO,2.098091503851731,2.437308549880981,0.322572648525238,40.16767501831055,43.105594635009766,47.92,,0.944938437420413,mols/page_0130.png,4
4027,[N][#C][C][Branch1][C][C][C][Branch1][Ring1][C][C][O][C][Branch1][Ring2][C][Ring1][Branch1][C],CC1CC(C)C(C(C)C#N)O1,3.578091503851731,4.055846214294434,0.3017123937606811,37.16280746459961,31.59661674499512,33.02,,0.9443113422175036,mols/page_0202.png,7
1981,[N][#C][C][#C][C][Branch1][C][C][Branch1][Branch1][C][Ring1][Ring2][C][C][Ring1][=Branch1],CCC(C)(C)C#CC#N,1.601790468830701,5.55670690536499,0.2460499256849289,37.87822341918945,23.902807235717773,23.79,,0.9439556197645234,mols/page_0100.png,1
3082,[O][C][C][C][Branch1][Ring1][C][O][C][Branch1][Branch1][C][C][O],OCCCC(CO)CCO,2.079668362047822,1.5255417823791504,0.3301855325698852,41.367431640625,61.13276672363281,60.69,,0.9431657153300071,mols/page_0155.png,2
1756,[C][C][C][Ring1][Ring2][C][C][Branch1][Ring1][C][O][C][Branch1][Branch1][C][C][O],OCCCC(CO)CC1CC1,2.078091503851731,2.0404820442199707,0.3348794281482696,40.43709182739258,41.704872131347656,40.46,,0.9418670503757528,mols/page_0088.png,16
2193,[C][C][C][Branch1][C][C][O][C][Branch1][Branch1][C][Branch1][Ring1][C][O][Ring1][Branch1][C][O][N],CC1OC(CCO)(CON)C1C,3.077024615544936,2.1690847873687744,0.3107919692993164,40.417388916015625,67.85748291015625,64.71,,0.9410951464627516,mols/page_0110.png,13
3426,[C][C][C][Ring1][Ring1][C][Branch1][C][C][Branch1][Branch1][C][Branch1][Ring1][C][C][O][C][C][N],CCCC(C)(OCCN)C1CC1,2.117024615544936,1.458221197128296,0.334424763917923,43.53646087646485,29.771955490112305,35.25,,0.9403976078387944,mols/page_0172.png,6
3075,[O][C][Branch1][C][C][C][Branch1][Branch1][C][Branch1][Ring1][C][C][O][C][C],CCCC(OCC)C(C)O,2.5996683620478214,1.5686709880828855,0.3279652893543243,43.769134521484375,30.007110595703125,29.46,,0.9403022809598864,mols/page_0154.png,15
2672,[N+1][C][#C][C][Branch1][C][C][Branch1][Ring1][C][Branch1][Branch1][C][O][C][C][C],CCOCCC(C)(C)C#C[N+],1.638091503851731,3.448599100112915,0.2913275361061096,40.66437149047852,28.39448547363281,31.53,,0.9402818243850432,mols/page_0134.png,12
4238,[O][C][C][C][Ring1][Ring1][C][Branch1][C][O][C][Branch1][Ring1][C][C][Branch1][Ring2][O],CCC(O)C(O)C1CC1O,3.5196683620478213,2.748870611190796,0.3079802989959717,39.08677291870117,60.60274505615234,60.69,,0.939908262028884,mols/page_0212.png,18
3835,[C][C][Branch1][#Branch2][C][Branch1][Ring1][C][#N][C][N][Ring1][Branch1][C][C][Ring1][Branch2],CC1(C2(C#N)CN2)CC1,1.961790468830701,4.99169397354126,0.2890233397483825,33.829376220703125,45.73610305786133,45.73,,0.9396482454142976,mols/page_0192.png,15
4505,[N][#C][C][C][C][Branch1][Ring1][C][Branch1][C][O][C][C][Ring1][Branch1][C][Branch1][=Branch1][C][Ring1],C=CC1CC1(CO)CCC#N,2.5780915038517307,5.200198650360107,0.26422318816185,35.68592071533203,44.433868408203125,44.02,,0.9388829230128972,mols/page_0226.png,5
3334,[N][#C][C][C][Branch1][Ring1][C][Branch1][C][C][C][O][C][Ring1][Ring1][C][O],CCC(CC#N)C1OC1CO,3.0580915038517307,3.738470315933228,0.3005602955818176,36.31279754638672,58.51423645019531,56.55,,0.9388464749359708,mols/page_0167.png,14
3409,[C][C][Branch1][C][C][C][N][C][Branch1][Ring1][C][O][C][C],CCC(CO)NCC(C)C,2.099668362047822,2.3590986728668213,0.3018167614936828,43.195411682128906,33.853981018066406,32.26,,0.9387904747633274,mols/page_0171.png,9
1721,[C][C][C][Branch1][Ring1][C][C][N][C][Branch1][C][C][=Branch1][C][Branch1][Branch1][C][O][C][C],CCOCC(C)NC(CC)CC,2.177024615544936,1.4191211462020874,0.3161849677562713,46.297977447509766,19.68685340881348,21.26,,0.9387727223929448,mols/page_0087.png,1
2541,[N][#C][C][C][C][Branch1][Ring1][C][Branch1][Branch1][C][C][N][C][Ring1][Ring1][C],CNCCCC1(C)CC1C#N,2.5780915038517307,4.575568675994873,0.2703672647476196,38.12287902832031,34.564056396484375,35.82,,0.938330376886038,mols/page_0128.png,1
2028,[N][#C][C][C][Branch1][Ring1][C][O][C][Branch1][C][C][C][Ring1][Branch1][C],CC1C(C)C(CC#N)C1O,3.5396683620478213,3.884076833724976,0.3038828372955322,36.506874084472656,44.21440887451172,44.02,,0.937756812672426,mols/page_0102.png,8
3475,[N][#C][C][Branch1][C][C][Branch1][Ring1][C][Branch1][Branch1][C][O][C][C][C][Ring1][Branch1][C],CCOC1CC(C)(C#N)C1C,3.0780915038517307,3.83202600479126,0.3008970916271209,37.84247970581055,33.23419189453125,33.02,,0.9375108958049996,mols/page_0174.png,15
1967,[O][C][C][C][Branch1][C][C][O][C][Ring1][Ring2][C][Ring1][Ring1][C][Branch1][Branch1][C][O][N],CC1(CCO)OC1CCCON,2.577024615544936,2.049825429916382,0.3188707232475281,39.84683227539063,69.4579086303711,68.00999999999999,,0.9372457952332588,mols/page_0099.png,7
4339,[C][O][C][Branch1][C][C][C][Branch1][Ring1][C][O][Ring1][Branch1][C][Branch1][Branch1][C][O],CC1OCC1(CO)CCO,2.5196683620478213,3.3203439712524414,0.3072852492332458,37.85016632080078,49.28377532958984,49.69,,0.936838066071197,mols/page_0217.png,19
4396,[N][#C][C][Branch1][C][O][C][Branch1][Ring1][C][C][Branch1][O][C][C][C][Ring1][Ring1][C],CCC(C(O)C#N)C1CC1C,3.578091503851731,3.546007871627808,0.2939613759517669,38.538360595703125,47.03282165527344,44.02,,0.9360854011078226,mols/page_0220.png,16
3501,[N][#C][C][C][C][Branch1][Ring1][C][Branch1][C][C][O][C][Ring1][Ring2],CC1COC1CCC#N,2.5217904688307007,4.944796085357666,0.2979541718959808,33.93989181518555,33.32566833496094,33.02,,0.933690755221777,mols/page_0176.png,1
3987,[C][C][C][Branch1][Ring1][C][C][O][C][Branch1][C][C][N][C][Ring1][Branch1][O],CCC(CC)OC(C)NCO,2.118091503851731,1.810407876968384,0.3193405866622925,43.15597915649414,36.1108512878418,41.49,,0.9321344931595076,mols/page_0200.png,7
4537,[N][#C][C][C][Branch1][C][O][C][Branch1][Ring1][C][Branch1][O][C][Ring1][Branch1][C][C][O],N#CCC1(O)CCC1CCO,2.5580915038517307,3.611027717590332,0.2999349534511566,36.25778198242188,64.21332550048828,64.25,,0.9291924103059936,mols/page_0227.png,17
3575,[N][#C][C][Branch1][Ring1][C][C][C][Branch1][C][C][O][C][Ring1][Ring1][C][O],CCC(C#N)C1CC(CO)O1,3.0580915038517307,4.227206230163574,0.2955053746700287,35.20494079589844,53.79934310913086,53.25,,0.9283376218014476,mols/page_0179.png,15
3257,[C][O][C][Branch1][Ring1][C][C][C][Ring1][Branch1][C][Branch1][Branch1][C][C][Branch1][C][O],CCC(CCCCO)OC,2.099668362047822,1.724544882774353,0.3299233019351959,42.77778625488281,30.071516036987305,29.46,,0.927608639873194,mols/page_0163.png,17
4519,[N][#C][C][Branch1][C][O][C][Branch1][Ring1][C][Branch1][O][C][O][Branch1][C][C][Branch1][Ring2][C],CCCOCCCC(O)C#N,2.118091503851731,3.3665218353271484,0.2874921858310699,39.06180953979492,55.74464797973633,53.25,,0.9274141922653728,mols/page_0226.png,19
3736,[C][#C][C][C][C][Branch1][C][C][O][C][Branch1][Ring1][C][Branch1][Branch1][C][O][Ring1][Branch1][C],C#CCCC(C)OC(C)CCO,2.677024615544936,1.7910254001617432,0.3210900127887726,43.52083587646485,28.786256790161133,29.46,,0.9267224125247876,mols/page_0187.png,16
2883,[C][C][N][C][Ring1][Ring1][C][Branch1][C][O][C][Branch1][C][N][=O],CC1NC1C(O)C(N)=O,2.9817904688307006,4.505586624145508,0.264586865901947,35.12434768676758,82.36161041259766,85.25999999999999,,0.9262885439284751,mols/page_0145.png,3
1251,[C][C][C][Branch1][Ring1][C][C][O][C][Branch1][Ring2][C][Branch1][C][O],CCC(CC)OCCO,1.581790468830701,2.1235127449035645,0.3273032307624817,41.4990348815918,30.140016555786133,29.46,,0.9239405327524326,mols/page_0063.png,11
4155,[C][C][Branch1][C][O][C][Branch1][Ring1][C][C][C][Ring1][Ring1][C][Branch1][Branch1][C][C][N],CC(O)C1C(C)C1CCCN,3.578091503851731,2.240572214126587,0.3140308260917663,41.195743560791016,46.12604141235352,46.25,,0.9235014065908188,mols/page_0208.png,15
3247,[N][#C][C][C][C][Branch1][Ring1][C][Branch1][C][C][O][C][Ring1][Ring1],N#CCCC1CCCO1,2.021790468830701,5.272688865661621,0.2996229827404022,32.35542297363281,33.612491607666016,33.02,,0.9230588394703638,mols/page_0163.png,7
3713,[N][#C][C][C][C][Branch1][Ring1][C][C][Ring1][Branch1][C][C][O][C][Ring1][Ring1][C][Ring1][Ring2],CCC(CCC#N)CC12CC1O2,3.057024615544936,4.380463123321533,0.3006837666034698,35.51817321777344,33.85415267944336,36.32,,0.9214741258240476,mols/page_0186.png,13
4075,[O][C][C][Branch1][Ring1][C][C][C][O][C][Ring1][Ring1][C][O],CCC(CO)C1OC1CO,3.0196683620478217,2.71389102935791,0.3199789822101593,38.28721237182617,52.69348907470703,52.99,,0.9212265581582094,mols/page_0204.png,15
4420,[C][Branch1][C][O][C][C][C][Branch1][Branch1][C][C][Ring1][Ring1][C][Branch1][Ring1][C][C][O],CCC(O)C1(CCCO)CC1,2.078091503851731,1.7579283714294434,0.3307197988033294,41.554630279541016,41.984405517578125,40.46,,0.9210740930413268,mols/page_0222.png,0
3059,[N][#C][C][Branch1][C][C][C][O][C][Branch1][Branch1][C][Branch1][Ring1][C][O][Ring1][Branch1][C][O],CC1(C#N)COC1(CO)CCO,2.577024615544936,3.4022305011749268,0.2872895300388336,37.342411041259766,75.26870727539062,73.48,,0.9203909679326674,mols/page_0153.png,19
3993,[C][C][Branch1][C][C][C][O][C][Branch1][Ring1][C][O][Ring1][Ring1][C][C][Ring1][Branch1][C][Branch1],CCCC1(CO)OC1C(C)C,2.5780915038517307,1.7672466039657593,0.3369607925415039,41.65567398071289,31.50385093688965,32.76,,0.9194925424141742,mols/page_0200.png,13
2515,[C][C][C][Ring1][Ring2][C][Branch1][Ring1][C][C][Branch1][C][C][O][C][Branch1][Branch1][C][O],CCC(C)(OCCO)C1CC1,2.078091503851731,1.970263719558716,0.3337002098560333,41.311302185058594,29.677595138549805,29.46,,0.915548998565852,mols/page_0126.png,15
3337,[O][C][Branch1][C][C][C][Branch1][Ring1][C][Branch1][Branch1][C][Branch1][Ring2][C][C][O][C][Ring1][Branch1],CC(O)C1CC(CCO)C1,2.0396683620478218,2.304066896438598,0.3310016393661499,39.455196380615234,41.29817581176758,40.46,,0.915327977668513,mols/page_0167.png,17
2205,[C][C][C][Branch1][C][C][O][C][Branch1][Ring1][C][O][Ring1][Ring2][C][Ring1][Branch1][C][O],CCC1(C)OC1(CO)CCO,2.5580915038517307,1.928930401802063,0.3252194821834564,40.38557434082031,55.11296463012695,52.99,,0.9153106710800089,mols/page_0111.png,5
4295,[C][C][Branch1][Branch1][C][C][C][#N][C][C][O][Ring1][Branch2],CC1(CCC#N)CCO1,2.021790468830701,4.801145553588867,0.2956786751747131,34.44374465942383,32.76480865478516,33.02,,0.9148386520949544,mols/page_0215.png,15
3000,[O][C][C][Branch1][Ring1][C][Branch1][C][C][O][C][Branch1][Ring2][C][O],CCC(CO)OCCO,2.061790468830701,2.290360927581787,0.3241216540336609,39.62855911254883,48.77071380615234,49.69,,0.9145998783949912,mols/page_0151.png,0
1214,[C][C][C][Branch1][C][C][O][C][C][Branch1][C][C][O],CCC(C)OCC(C)O,2.5817904688307007,1.8434454202651973,0.3264728486537933,42.4876823425293,29.948223114013672,29.46,,0.9145843710489286,mols/page_0061.png,14
3980,[C][C][Branch1][Ring1][C][C][C][O][C][Branch1][Branch1][C][C][Ring1][Ring2][O],CCC(C)COC(O)CC,2.5996683620478214,1.5932395458221436,0.3285470902919769,43.19550323486328,30.05348396301269,29.46,,0.914511711536572,mols/page_0200.png,0
3515,[N][#C][C][C][Branch1][C][C][C][Ring1][Branch1][C][O][C],COCCC(C)CC#N,2.081790468830701,3.8803203105926514,0.2946228682994842,37.91582489013672,33.41154098510742,33.02,,0.9142931211484177,mols/page_0176.png,15
3964,[N][#C][C][C][C][Branch1][C][C][O][C][Ring1][Ring1][C],CC1CC(CCC#N)O1,2.5217904688307007,4.828504085540772,0.2989444732666015,33.9539680480957,33.189266204833984,33.02,,0.913571025035924,mols/page_0199.png,4
4444,[N][#C][C][C][Branch1][Ring1][C][C][C][Ring1][Ring1][C][Branch1][C][O][C][Ring1][Ring2],CC1C(CC#N)C12CC2O,3.7996683620478215,4.522499561309815,0.295557826757431,34.68391418457031,42.57105255126953,44.02,,0.911287215774103,mols/page_0223.png,4
3735,[N][#C][C][Branch1][C][O][C][C][C][Branch1][Ring1][C][N][C][Ring1][=Branch1],N#CC(O)C1CC(CN)C1,2.0196683620478217,4.438666343688965,0.2731701731681824,35.33815002441406,67.85407257080078,70.03999999999999,,0.910042994710775,mols/page_0187.png,15
3626,[C][C][Branch1][C][O][C][Branch1][Ring1][C][Branch1][Ring2][C][O][Branch1][Ring1][O][C][O],OCCC1(CO)CC1O,2.5017904688307007,2.651944398880005,0.3138518035411834,38.42665481567383,59.52396011352539,60.69,,0.9091088704114751,mols/page_0182.png,6
1297,[C][C][C][O][C][C][Ring1][Ring1][C][C][Branch1][Ring1][C][N][Ring1][Branch1][C],CCCOCCCC(C)CN,2.138091503851731,1.5594725608825684,0.3264834880828857,43.3570556640625,31.141725540161133,35.25,,0.908825209254994,mols/page_0065.png,17
3962,[N][#C][C][C][C][Ring1][Ring1][C][Branch1][Ring1][C][C][Branch1][C][C][O][C][Ring1][Branch1],CC1COC1(C)C1CC1C#N,3.518091503851731,4.942510604858398,0.2887612581253052,34.666893005371094,30.92722511291504,33.02,,0.9085799437284484,mols/page_0199.png,2
2618,[N][#C][C][C][Branch1][Ring1][C][C][O][C][Branch1][C][O],CCC(CC#N)OCO,2.061790468830701,3.70638108253479,0.297063410282135,36.70669937133789,53.12974166870117,53.25,,0.9083262809181232,mols/page_0131.png,18
4283,[O][C][C][C][Branch1][C][O][C][Branch1][Branch1][C][C][Ring1][Branch1][C][Branch1][Ring1][C][C][O],CCC(O)C1CCC1(O)CCO,3.097024615544936,1.971394658088684,0.3161818981170654,40.77164077758789,58.3958854675293,60.69,,0.9071761738890955,mols/page_0215.png,3
4175,[C][C][C][Branch1][C][C][C][O][C][=Branch1][C][=N][O][Ring1][#Branch1],CCC1(C)COC(=N)O1,2.001790468830701,4.336452484130859,0.3078191876411438,34.04549026489258,42.61759185791016,42.31,,0.9070789189564716,mols/page_0209.png,15
3446,[N][#C][C][Branch1][C][C][C][Branch1][Ring1][C][C][Ring1][Branch1][C][O][C][Ring1][Ring1],CCC(C(C)C#N)C1CO1,3.0396683620478218,3.802213191986084,0.3076162338256836,36.65800094604492,34.69060516357422,36.32,,0.9070762432666332,mols/page_0173.png,6
894,[#C][C][C][C][Branch1][Ring1][C][O][O][C][O],CCCC(CO)OCO,2.061790468830701,2.4342286586761475,0.3152171075344085,39.89688873291016,48.07353973388672,49.69,,0.904516516235196,mols/page_0045.png,14
2315,[C][C][C][C][Branch1][Ring1][C][#N][C][N][Ring1][Branch1][C],CCCC1(C#N)CN1C,2.5217904688307007,4.848401546478272,0.2742720544338226,36.747833251953125,26.82376480102539,26.8,,0.9043266814195128,mols/page_0116.png,15
292,[C][C][C][C][C][Ring1][Ring1][Branch1][Ring1][C][#N][C][O],CCC1CC1(C#N)CO,2.5217904688307007,3.792994260787964,0.3043519258499145,36.160587310791016,44.94658279418945,44.02,,0.9020238780923916,mols/page_0015.png,12
3875,[N][#C][C][C][C][Branch1][Ring1][C][Branch1][C][C][O][C][Branch1][Branch1][C][O][Ring1][Branch1][C],CC1COCCC(CCC#N)O1,2.597024615544936,4.295365810394287,0.3010903596878052,35.17349624633789,37.46876525878906,42.25,,0.9003821959657725,mols/page_0194.png,15
1194,[C][C][N][C][Ring1][Ring1][Branch1][Ring1][C][#N][C][C][C][Ring1][Ring1],CC1NC1(C#N)C1CC1,2.4617904688307006,5.026442050933838,0.2865331470966339,33.3632698059082,45.09324264526367,45.73,,0.9001640657150403,mols/page_0060.png,14
3623,[N][#C][C][C][Branch1][C][C][C][Ring1][Branch1][C][N][C][C],CCNCCC(C)CC#N,2.099668362047822,3.9512338638305664,0.2751122713088989,39.20211410522461,35.83292007446289,35.82,,0.8978893191550985,mols/page_0182.png,3
3328,[C][C][Branch1][C][C][C][O][C][Branch1][Ring1][C][C][N][C][Ring1][Branch1][C][O],CCC1(OCC(C)C)NC1CO,2.597024615544936,1.6416428089141846,0.3176198005676269,42.32169723510742,50.230224609375,51.400000000000006,,0.8977930816982647,mols/page_0167.png,8
4159,[N][#C][C][C][Branch1][C][C][C][O][C][C][Ring1][Ring2],CC(CC#N)C1CCO1,2.5217904688307007,4.858177185058594,0.2945899963378906,34.03584671020508,32.86117172241211,33.02,,0.8963605338636543,mols/page_0208.png,19
1109,[C][C][Branch1][Ring1][C][C][C][O][C][Branch1][C][C][Ring1][Ring1][C][O],CCC(C)C1OC1(C)CO,3.0396683620478218,1.9985976219177248,0.3335055112838745,40.719268798828125,32.16241455078125,32.76,,0.896062623607933,mols/page_0056.png,9
1858,[C][C][Branch1][C][C][O][C][C][C][Ring1][Ring1][C][Branch1][Ring1][C][O][O],CC(C)OC1CC1C(O)CO,3.0580915038517307,2.746577739715576,0.3054520487785339,39.28669738769531,52.13643264770508,49.69,,0.8958744493265828,mols/page_0093.png,18
1503,[C][C][C][O][C][Branch1][C][C][Branch1][Ring1][C][O][O],CCCOC(C)(O)CO,2.061790468830701,2.2736849784851074,0.309092104434967,40.92398452758789,48.58576583862305,49.69,,0.8947487854133654,mols/page_0076.png,3
3330,[C][C][Branch1][C][C][C][O][C][Branch1][Branch1][C][Branch1][Ring1][C][O][N][C][C][Ring1],C=CNC(CCO)OCC(C)C,2.157024615544936,2.0759992599487305,0.3043775558471679,42.50591278076172,43.69551467895508,41.49,,0.8941056913770535,mols/page_0167.png,10
3003,[C][Branch1][C][C][C][Branch1][Ring1][C][C][O][C][Branch1][Branch1][C][N][C][C],CCNCCOC(CC)CC,1.638091503851731,1.705567479133606,0.3197139799594879,43.74778747558594,24.5169734954834,21.26,,0.8923617149313446,mols/page_0151.png,3
2706,[C][C][Branch1][Ring1][C][O][C][C][C][O],CC(CO)CCCO,2.0644996950521226,2.664336681365967,0.3375446498394012,37.134056091308594,40.41001510620117,40.46,,0.8920082097338211,mols/page_0136.png,6
4079,[O][C][C][Branch1][Ring1][C][C][C][Ring1][Branch1][C][C][O],CCC1C(O)C1CCO,3.0217904688307007,3.2906641960144043,0.2995902895927429,38.70270156860352,40.063270568847656,40.46,,0.8905329709516308,mols/page_0204.png,19
1769,[C][C][C][N][Branch1][Ring1][C][C][O][C][Ring1][Branch1][C][O],CCCN(CC)OCCO,1.5796683620478216,1.9861398935317995,0.3172923326492309,42.61692810058594,28.298885345458984,32.7,,0.889449464402446,mols/page_0089.png,9
3043,[O][C][C][C][Branch1][Ring1][C][Branch1][C][O][C][Branch1][=Branch1][C][Branch1][O][C],CCCC(CO)CCO,2.081790468830701,1.4048311710357666,0.3335733115673065,42.10848236083984,41.19655990600586,40.46,,0.8887109831994738,mols/page_0153.png,3
3701,[C][O][C][Branch1][C][O][Branch1][C][C][C][Branch1][Ring1][C][C][Ring1][Ring2][C][C],CCC(CC)C(C)(O)OC,2.099668362047822,1.3852514028549194,0.3189629912376404,44.5176010131836,30.22214698791504,29.46,,0.8885921157730278,mols/page_0186.png,1
4515,[N][#C][C][C][Branch1][Ring1][C][Branch1][C][C][O][C][C][C][Ring1][=Branch1],CC1CCCOC1CC#N,2.5396683620478213,4.559442043304443,0.3015069365501404,34.37724685668945,31.712053298950195,33.02,,0.8873090611500145,mols/page_0226.png,15
1906,[C][C][C][Branch1][Ring1][C][C][O][C][Branch1][C][C][Ring1][Branch1][C][O][Branch1][C][N][C],CCC1(CC)OC1(C)COCNC,2.136437499842364,1.2923692464828491,0.3241033554077148,44.69967651367188,25.14542961120605,33.79,,0.8871112464513617,mols/page_0096.png,6
2055,[N][#C][C][#C][C][Branch1][Ring1][C][C][Branch1][C][C][C][Ring1][Branch1][C],CCC(C)(C#CC#N)CC,1.6196683620478216,5.077113628387451,0.2455365657806396,38.83455276489258,22.97275924682617,23.79,,0.8855055051840417,mols/page_0103.png,15
2248,[C][C][Branch1][C][C][O][C][Branch1][Ring1][C][C][C][Ring1][Branch1][C][O],CCC(CCO)OC(C)C,2.099668362047822,1.3625469207763672,0.3265354633331299,43.73733139038086,30.54883575439453,29.46,,0.8847275232575971,mols/page_0113.png,8
3939,[N][#C][C][Branch1][C][C][C][Branch1][Ring1][C][C][Ring1][Branch1][C][O][C][Ring1][=Branch1],CCC1(C(C)C#N)COC1,2.0396683620478218,4.295877456665039,0.2928573191165924,36.16024017333984,31.7510986328125,33.02,,0.8823317870053398,mols/page_0197.png,19
1192,[C][C][C][O][C][Branch1][C][C][Branch1][Ring1][C][C][N][C][O],CCCOC(C)(CC)NCO,2.118091503851731,1.4527177810668943,0.3151154220104217,43.95110702514648,38.086387634277344,41.49,,0.8818863164441495,mols/page_0060.png,12
1476,[C][C][C][Branch1][C][C][Ring1][Ring1][C][Branch1][Branch1][C][O][C][Branch1][Ring2][C][C][O],CC1(CCOCCCO)CC1,1.578091503851731,2.219933032989502,0.3320779800415039,39.8935661315918,30.924654006958008,29.46,,0.8810304564553095,mols/page_0074.png,16
2628,[C][#C][C][C][C][Branch1][Ring1][C][Branch1][C][C][N][C][Branch1][Ring2][C][Branch1][Branch1][C][O],C#CCCC(CC)NCCCO,2.177024615544936,1.8713217973709104,0.3094415664672851,43.33076095581055,33.24159622192383,32.26,,0.8808203165352408,mols/page_0132.png,8
4273,[N][#C][C][Branch1][Ring1][C][C][Branch1][C][C][C][Ring1][Ring1][C][Branch1][Branch1][C][Ring1][Branch1][C],CC1CC2C1CC2(C)C#N,3.4996683620478213,4.181860446929932,0.3217868208885193,34.23324203491211,23.29481315612793,23.79,,0.8805072003502136,mols/page_0214.png,13
2613,[N][#C][C][C][Branch1][Ring1][C][Branch1][Branch1][C][C][C][Ring1][Branch1][C][O],N#CCC1(CO)CCCC1,1.5396683620478215,4.240986347198486,0.2978710234165191,34.85361862182617,44.2191276550293,44.02,,0.8797099826927101,mols/page_0131.png,13
2335,[C][C][C][Branch1][Ring1][C][C][Ring1][Ring1][C][Branch1][C][C][O][C][Branch1][Branch1][C][O],CCC1(C(C)OCCO)CC1,2.078091503851731,1.788325309753418,0.3381752073764801,40.94792938232422,29.570077896118164,29.46,,0.8793239455507541,mols/page_0117.png,15
777,[C][C][Branch1][C][O][C][C][Branch1][C][O][C][Ring1][=Branch1][C][O][Ring1][Ring1],CC1(O)CC(O)C12CO2,3.261790468830701,3.7940635681152335,0.3031167984008789,35.247371673583984,53.32805633544922,52.99,,0.8777238683130347,mols/page_0039.png,17
4181,[O][C][C][C][Branch1][C][O][C][Branch1][Ring2][C][C][O],OCCCC(O)CCO,2.061790468830701,1.4440594911575315,0.3286520540714264,40.76545715332031,60.77608871459961,60.69,,0.876125521805579,mols/page_0210.png,1
3440,[C][C][C][O][C][C][Branch1][Ring1][C][C][N][C][Branch1][C][C][Ring1][Ring1][C][O],CCCOCC1CCC(C)(CO)N1,2.6364374998423634,1.6533153057098389,0.3269205093383789,41.96383666992188,37.23934173583984,41.49,,0.8760101564863408,mols/page_0173.png,0
3569,[C][C][C][Branch1][C][C][Ring1][Ring1][C][Branch1][Ring1][C][O][C][C][O],CC1(C(CO)CCO)CC1,2.0396683620478218,1.8138234615325928,0.3315214812755584,40.58027648925781,41.3425407409668,40.46,,0.875936429928002,mols/page_0179.png,9
2953,[C][C][Branch1][C][O][C][Branch1][Branch1][C][Branch1][Ring2][C][O][N][Ring1][Branch1][C],CC1(CCON)CC1O,2.5017904688307007,2.934237480163574,0.3036133944988251,38.37654113769531,52.88346862792969,55.48,,0.8746903614332161,mols/page_0148.png,13
3860,[N][#C][C][C][C][Branch1][C][O][C][Branch1][Ring1][C][O][Ring1][Branch1][C][Ring1][Ring2][O],N#CC1CC(O)C1(CO)CO,2.5380915038517307,3.939305543899536,0.2744111120700836,35.47187042236328,80.98059844970703,84.48,,0.8736892364807705,mols/page_0194.png,0
2225,[N][#C][C][C][C][Branch1][Ring1][C][C][Ring1][Ring1][C][O][C][Ring1][=Branch1],CCC1(COC)CC1C#N,2.5396683620478213,3.9434547424316406,0.298453539609909,36.65744018554688,33.02683639526367,33.02,,0.873665461025768,mols/page_0112.png,5
4257,[N][#C][C][C][C][Branch1][Ring1][C][Branch1][C][O][C][Ring1][Ring1][C][Ring1][Branch1][C],CC1C2C(O)C12CCC#N,3.4796683620478213,4.255881309509277,0.2971981167793274,34.822452545166016,43.36972427368164,44.02,,0.8729521176549329,mols/page_0213.png,17
1110,[N][#C][=C][C][C][O][C][Branch1][C][C][C][Ring1][Ring1],C=C(C)OCCCC#N,1.581790468830701,4.792972564697266,0.2827532291412353,34.78099822998047,37.182559967041016,33.02,,0.8729159162198241,mols/page_0056.png,10
3389,[C][C][Branch1][C][O][C][C][C][Ring1][Branch1][C][Branch1][Ring1][C][Branch1][Branch1][C][C][O],CC1(O)CCC1CCCCO,2.5780915038517307,1.86942195892334,0.3305240273475647,40.55581665039063,39.652320861816406,40.46,,0.8728934693957238,mols/page_0170.png,9
2430,[C][C][Branch1][Branch1][C][C][C][Ring1][Ring2][C][Branch1][Ring1][C][O][C][Branch1][C][O],CC1(C(CO)CO)CCC1,1.5396683620478215,2.149526596069336,0.3263852894306183,39.84970474243164,40.80610275268555,40.46,,0.8728016837477883,mols/page_0122.png,10
4067,[N][C][C][Branch1][Ring1][C][C][C][O][C][Branch1][C][O],CCC(CN)COCO,2.061790468830701,2.286332607269287,0.3046653866767883,40.37093734741211,56.21717834472656,55.48,,0.8715811718190808,mols/page_0204.png,7
3369,[C][Branch1][Ring1][C][C][C][Branch1][C][C][O][C][C][Ring1][Branch1][C][Branch1][Branch1][C][O],CCCC1(C)OCC1CCO,2.5780915038517307,2.186988115310669,0.3247432708740234,40.71445846557617,29.53330612182617,29.46,,0.8711576203188438,mols/page_0169.png,9
3744,[N][#C][C][C][Branch1][Ring1][C][C][C][Ring1][Ring1][C][Branch1][C][O][C][Ring1][=Branch1],CC12CC(O)C1C2CC#N,3.4796683620478213,4.574191093444824,0.2973371744155884,33.63105392456055,42.780460357666016,44.02,,0.8705362221131347,mols/page_0188.png,4
3278,[C][C][C][Branch1][C][C][O][C][Branch1][Ring1][C][O][Ring1][Branch1][C][N][Ring1][Branch1],CC1OC(CN)(CO)C1C,3.0196683620478217,2.912837266921997,0.301123559474945,38.54590225219727,54.13191604614258,55.48,,0.8703758345384717,mols/page_0164.png,18
1869,[C][C][C][O][C][Branch1][C][C][Branch1][Ring1][C][C][=O][C][O],CCCOC(C)(CC)OCO,2.118091503851731,1.1454392671585083,0.330342561006546,43.49704360961914,35.9366340637207,38.69,,0.8696836447016034,mols/page_0094.png,9
1341,[C][C][Branch1][C][O][Branch1][Ring1][C][#N][C][Branch1][C][C][C][O][Ring1][Ring2],CC(O)(C#N)C1(C)CO1,2.5017904688307007,4.016561985015869,0.2860354483127594,35.77183151245117,56.741493225097656,56.55,,0.8691114267889564,mols/page_0068.png,1
27,[C][C][C][O][C][C][Branch1][Ring1][C][O][N][C][C][Ring1][C][C],CC=CNC(CO)COCCC,2.157024615544936,2.735666513442993,0.2867262959480285,41.57139205932617,42.10747528076172,41.49,,0.8685494317691481,mols/page_0002.png,7
2443,[C][C][C][Branch1][Ring1][C][C][O][C][Branch1][C][C][Ring1][Branch1][C][O],CCC1(CC)OC1(C)CO,2.0396683620478218,1.855679988861084,0.3300061225891113,41.11055374145508,32.813663482666016,32.76,,0.8684294089944689,mols/page_0123.png,3
4455,[N][#C][C][C][C][Branch1][C][C][Ring1][Branch1][C][Branch1][Ring1][C][O][C][Ring1][Ring2],C=C(CO)C(C)CCC#N,2.099668362047822,4.677113056182861,0.2549952864646911,37.39591598510742,44.639251708984375,44.02,,0.8671929952083228,mols/page_0223.png,15
2288,[N][#C][C][#C][C][C][Branch1][Ring1][C][Branch1][C][C][Ring1][Ring1][C],CCC(C)CC#CC#N,2.101790468830701,5.489935874938965,0.2451631128787994,36.96137619018555,23.94808387756348,23.79,,0.8668775007454043,mols/page_0115.png,8
1148,[N][#C][C][Branch1][Branch1][C][C][Branch1][Ring1][C][O][C][C][C][Ring1][=Branch1],N#CC1CCCC(CO)C1,2.5396683620478213,3.817786931991577,0.3156292140483856,34.337520599365234,44.84423828125,44.02,,0.8662192333694102,mols/page_0058.png,8
284,[N][#C][=C][C][C][C][N][C],CNCCCCC#N,1.5644996950521224,4.501740455627441,0.2711861729621887,36.74324417114258,39.44880294799805,35.82,,0.8647068891116025,mols/page_0015.png,4
2835,[C][C][C][Branch1][C][C][N][C][Branch1][Ring1][C][O][C][Branch1][Branch1][C][O][Ring1][Ring1][C],CCC(C)NC(CO)C1(C)CO1,3.097024615544936,2.149951219558716,0.3093752264976501,41.46921157836914,40.60161972045898,44.79,,0.8642096489960852,mols/page_0142.png,15
152,[C][C][Branch1][C][C][Branch1][Ring1][C][O][N][C][=O],CC(C)(CO)NC=O,1.5444996950521224,4.730860710144043,0.2784211635589599,34.33793258666992,49.6501350402832,49.33,,0.8627803904275811,mols/page_0008.png,12
2302,[C][C][Branch1][Ring1][C][C][C][O][C][Ring1][Ring1][C][Branch1][Branch1][C][C][Ring1][Branch1][C][Branch1],CCC(C)C1OC1C(C)CC,3.598091503851731,1.59275484085083,0.3385314345359802,42.89959716796875,9.468351364135742,12.53,,0.8623308613165487,mols/page_0116.png,2
1263,[C][C][C][O][C][C][Branch1][C][O][Branch1][C][C][N][C],CCCOCC(C)(O)NC,2.079668362047822,2.222128629684448,0.3032498657703399,41.93018341064453,38.79207229614258,41.49,,0.8618956246205248,mols/page_0064.png,3
2554,[C][C][Branch1][C][C][C][O][C][Branch1][Ring1][C][C][Ring1][Ring1][C][Ring1][Branch1],CCC1(C)OC1C(C)C,2.5417904688307007,1.763634204864502,0.3401715457439422,41.81937789916992,12.940937042236328,12.53,,0.861635253610831,mols/page_0128.png,14
1835,[C][C][Branch1][C][C][C][O][C][Branch1][Ring1][C][O][N][C][Branch1],CNC(CO)OCC(C)C,2.079668362047822,2.2289133071899414,0.3070271909236908,41.55289840698242,38.179962158203125,41.49,,0.861195682075024,mols/page_0092.png,15
1642,[O][C][C][C][Branch1][Ring1][C][O][C][Branch1][C][C][O],CC(O)C(CO)CCO,2.5617904688307007,1.338219165802002,0.3250040709972381,41.320098876953125,60.27988815307617,60.69,,0.8606855502612842,mols/page_0083.png,2
3291,[C][C][Branch1][C][C][C][Ring1][Ring2][C][Branch1][Ring1][C][C][O][C][Branch1][Branch1][C][O],CCC(OCCO)C1CC1C,3.0780915038517307,1.8196477890014648,0.3349281549453735,40.86099243164063,29.38957595825196,29.46,,0.8597881280755867,mols/page_0165.png,11
4161,[O][=C][C][C][C][Branch1][Ring1][C][O][C][O][Ring1][Branch2],O=C1CCC(CO)CO1,2.001790468830701,5.589571475982666,0.2712999284267425,32.167022705078125,45.16282653808594,46.53,,0.8594914521988177,mols/page_0209.png,1
1958,[C][C][Branch1][Branch1][C][C][C][N][C][Branch1][C][O][C][Ring1][Ring1][C][Branch1][Ring1][C][O],CC(CCCN)C(O)=CCCO,2.157024615544936,2.232489109039306,0.2713697850704193,42.62864303588867,71.39653778076172,66.48,,0.8594485449656916,mols/page_0098.png,18
1369,[C][C][Branch1][Ring1][C][O][C][C][Ring1][Branch1][C][C][O],CC1(CO)CC1CCO,2.5217904688307007,1.8377739191055296,0.3321676254272461,40.23181915283203,40.13919448852539,40.46,,0.8583852864817738,mols/page_0069.png,9
3968,[N][#C][C][C][Branch1][Ring1][C][Branch1][C][C][C][Ring1][Ring1][C][Ring1][Branch1][C][Branch1][Branch1][C],CCC1C2C(C)C12CC#N,3.4996683620478213,4.172002792358398,0.3021052777767181,35.995025634765625,22.35600852966309,23.79,,0.8579968741817429,mols/page_0199.png,8
285,[O][=C][Branch1][C][O-1][C][C][C][Branch1][Ring1][C][O][NH2+1][Ring1][=Branch1],O=C([O-])C1CC(CO)[NH2+]1,2.4817904688307006,5.212003231048584,0.2664107978343963,31.82912826538086,74.11044311523438,76.97,,0.8577379204324135,mols/page_0015.png,5
2521,[C][C][Branch1][Ring1][C][C][C][O][C][C][Ring1][Ring2][C][Branch1][=Branch1][C][C][N],CCC(C)C1OCC1CCCN,3.117024615544936,1.9425567388534544,0.3174526989459991,42.07139587402344,30.57086944580078,35.25,,0.8576171041847381,mols/page_0127.png,1
1786,[C][C][C][Branch1][Branch1][C][C][N][Branch1][C][Branch1][C][N][C][O][C][=Branch1],CCC(CCN)CNCOC,2.118091503851731,1.8280353546142576,0.31193408370018,42.02827453613281,43.97224044799805,47.28,,0.8570120722166736,mols/page_0090.png,6
4495,[N][C][C][C][Branch1][Ring1][C][Branch1][C][O][C][C][Ring1][Branch1][C][Branch1][Ring2][C][Branch1][=Branch1],CCC1CC1(CO)CCN,2.5396683620478213,2.2472128868103027,0.3136306703090668,40.395355224609375,42.54679870605469,46.25,,0.856391103273658,mols/page_0225.png,15
4514,[N][C][Branch1][C][C][C][Ring1][Ring2][C][C][Branch1][Ring1][C][Branch1][Ring2][C][Branch1][Branch1][C][O],CC1NC1CCCCCO,2.5396683620478213,2.2656400203704834,0.3217782080173492,39.47304153442383,42.68149566650391,42.17,,0.8559189054039991,mols/page_0226.png,14
1689,[O][C][C][C][Branch1][Ring1][C][C][O][C][Branch1][C][C][Ring1][Branch1][C][Branch1][Ring2][C][O],CCC1(CCO)OC1(C)CCO,2.597024615544936,1.132467269897461,0.3297457695007324,42.23576736450195,50.73542404174805,52.99,,0.8549894098568336,mols/page_0085.png,9
3873,[N][#C][C][Branch1][C][C][Branch1][Branch1][C][Branch1][Ring1][C][C][C][Ring1][Branch1][C][Ring1][Ring2][C],CC1CC2(C#N)CC2C1C,3.4996683620478213,4.51595401763916,0.3039475679397583,34.47733688354492,22.26727294921875,23.79,,0.8544745840670425,mols/page_0194.png,13
2063,[=N][#C][C][C][Branch1][C][C][C][O][C][Branch1][Ring1],COCC(C)CC#N,2.0644996950521226,4.644355773925781,0.3035483956336975,33.1957893371582,33.21029281616211,33.02,,0.8539635558909271,mols/page_0104.png,3
3400,[=Ring1][N][C][C][C][Branch1][C][C][N][C][Branch1][Ring1][C][C][O][C][Ring1][Branch1],CCC1(NC(C)CCN)CO1,2.5580915038517307,2.480353593826294,0.3010211586952209,40.10904312133789,51.24382019042969,50.58,,0.8534203045022819,mols/page_0171.png,0
4126,[C][C][C][Branch1][C][C][Ring1][Ring2][C][Branch1][Ring1][C][O][C][Branch1][Ring2][O],CC1(C(CO)CO)CC1,1.521790468830701,2.3375561237335205,0.3221104741096496,39.25508880615234,40.94416809082031,40.46,,0.8528735891470346,mols/page_0207.png,6
2926,[C][C][C][Branch1][C][C][Ring1][Ring1][C][Branch1][Ring1][C][O][C][Branch1][=Branch1][C][C],CCCC(CO)C1(C)CC1,2.0596683620478218,1.4599435329437256,0.3406022489070892,42.15691757202149,20.75244331359864,20.23,,0.8524410353891361,mols/page_0147.png,6
2116,[C][C][C][Branch1][C][C][Ring1][Ring1][C][C][O][C][Ring1][=Branch1][C][O],CC1(CCOCCO)CC1,1.5396683620478215,2.1999928951263428,0.337150901556015,38.97882461547852,30.768428802490234,29.46,,0.8514692880409831,mols/page_0106.png,16
4135,[N][#C][C][Branch1][Ring1][C][C][Branch1][C][C][C][Ring1][Ring1][C][Branch1][Ring2][C][Ring1][Branch1][C],CC1CC2CC(C)(C#N)C12,3.4996683620478213,4.045526027679443,0.3232642412185669,34.10917282104492,23.347553253173828,23.79,,0.8512680398089804,mols/page_0207.png,15
628,[C][C][Branch1][C][O][C][O][C][C][C][Ring1][Ring1][O],CC(O)COC1CC1O,3.0017904688307007,3.210906982421875,0.3021072745323181,37.39446258544922,49.289817810058594,49.69,,0.8511045242784225,mols/page_0032.png,8
4055,[C][C][Branch1][=Branch1][C][C][O][Ring1][Ring1][N][C][Ring1][=Branch1][C][O],CC1(C2CO2)NC1CO,2.9417904688307006,3.288300037384033,0.3203985691070556,34.871585845947266,53.95404815673828,54.7,,0.8509817491740319,mols/page_0203.png,15
3012,[C][#C][C][C][C][Branch1][C][C][O][C][Branch1][Ring1][C][O][Branch1][C][O][O],C#CCCC(C)OC(O)(O)CO,2.137024615544936,1.952717542648316,0.2977400720119476,40.55220413208008,74.95292663574219,69.92,,0.8509060727135987,mols/page_0151.png,12
2662,[C][C][C][Ring1][Ring2][C][Branch1][Ring1][C][O][C][Branch1][C][C][Branch1][Branch1][C][N][C][C],CCNCC(C)C(CO)C1CC1,2.617024615544936,1.7891722917556765,0.3149809241294861,42.64742660522461,32.26516342163086,32.26,,0.8503564806927968,mols/page_0134.png,2
3925,[N][#C][C][C][C][Branch1][C][C][Ring1][Branch1][C][Branch1][Ring1][C][O][C][Ring1][Ring2][C][Ring1],C=C=C(CO)C(C)CCC#N,2.138091503851731,4.779877662658691,0.2492314279079437,37.273685455322266,45.33536911010742,44.02,,0.8500609611452841,mols/page_0197.png,5
2244,[C][C][C][Branch1][Ring1][C][C][O][C][Branch1][Branch1][C][C][Ring1][Ring2][O],CCC(O)OC(CC)CC,2.099668362047822,1.3392776250839231,0.3240569531917572,43.47916412353516,30.884502410888672,29.46,,0.8494508458147515,mols/page_0113.png,4
3431,[C][C][Branch1][C][C][C][O][C][Branch1][Ring1][C][Branch1][Branch1][C][O][Branch1][C][Branch1][Ring2][C],COCCC(C)OCC(C)C,2.138091503851731,1.3225429058074951,0.3334718644618988,43.63703155517578,16.973594665527344,18.46,,0.8492990662951497,mols/page_0172.png,11
3276,[N][#C][C][Branch1][C][C][Branch1][Ring1][C][C][C][Ring1][Ring2][C][Branch1][Ring2][C][Ring1][Branch1][C],CC1CC(C)C2(C#N)CC12,3.4996683620478213,4.477639675140381,0.3059587776660919,34.33248519897461,22.08921813964844,23.79,,0.8486573133754537,mols/page_0164.png,16
3960,[N][#C][C][Branch1][C][C][C][Branch1][Ring1][C][C][O][C][Branch1][Ring2][C][Ring1][#Branch1],CCC1OCCCC1C#N,2.5396683620478213,4.526320934295654,0.2989023327827453,34.107818603515625,31.98725128173828,33.02,,0.8480055877206021,mols/page_0199.png,0
4131,[C][C][Branch1][Ring2][C][C][#N][C][C][C][Ring1][#Branch1][C][Ring1][Ring2],CC1(CC#N)C2CC1C2,2.2217904688307013,4.031240463256836,0.3388154804706573,32.48918533325195,23.19105529785156,23.79,,0.8457513608487587,mols/page_0207.png,11
1466,[C][C][C][N][C][Branch1][C][C][O][C][Branch1][Ring1][C][C][Ring1][Ring2][C],CCCNC1(C)OC1(C)CC,2.5780915038517307,1.8948551416397093,0.3168695867061615,42.78340911865234,21.69536781311035,24.56,,0.8450659925034085,mols/page_0074.png,6
2964,[N][C][Branch1][C][C][C][Branch1][Branch1][C][O][C][Branch1][Ring1][C][C][Ring1][Ring2][C][C][O],CCCOCC1(CCO)NC1C,2.597024615544936,1.639637112617493,0.3170299232006073,41.48674392700195,50.8303337097168,51.400000000000006,,0.8450527273757211,mols/page_0149.png,4
2872,[C][C][C][Branch1][Ring1][C][C][O][C][Branch1][C][C][N][C][Branch1][Branch1][C],CCNC(C)OC(CC)CC,2.138091503851731,1.3947656154632568,0.3174187839031219,44.72605514526367,19.81913375854492,21.26,,0.8448799869224757,mols/page_0144.png,12
3792,[C][C][C][Branch1][C][C][O][C][Branch1][Ring1][C][C][Ring1][Ring2][C][C],CCC1(C)OC1(CC)CC,2.0596683620478218,1.6420804262161257,0.3342960476875305,42.63674545288086,12.18871021270752,12.53,,0.8435014368074069,mols/page_0190.png,12
2000,[C][C][Branch1][C][C][C][O][C][Branch1][Ring1][C][Branch1][Branch1][C][O][N][C][Branch1][=Branch1][C],CNOCCC(C)OCC(C)C,2.157024615544936,1.1830275058746338,0.3234013319015503,44.89772033691406,19.49580764770508,30.49,,0.8432673166026446,mols/page_0101.png,0
3347,[C][C][C][Branch1][Ring1][C][C][O][C][Branch1][C][C][Ring1][Branch1][C][Branch1][Branch1][C][O],CCC1(CC)OC1(C)CCO,2.078091503851731,1.328583598136902,0.3334486782550812,42.39696502685547,31.581647872924805,32.76,,0.8429818077783263,mols/page_0168.png,7
3813,[N][#C][C][Branch1][Ring1][C][C][Branch1][C][O][C][Ring1][Ring1][C][Branch1][Branch1][C][Branch1][Ring2][C],CCCC1CCC1(O)C#N,2.5396683620478213,3.469984531402588,0.3013885617256164,36.71153259277344,44.54610824584961,44.02,,0.8414625494023956,mols/page_0191.png,13
2445,[C][Branch1][C][C][C][O][C][Branch1][Ring1][C][O][N][Ring1][Branch1][C][Ring1][Branch1],CCCOC1(CO)CN1,2.001790468830701,3.115708351135254,0.3054902851581573,37.239253997802734,49.20246124267578,51.400000000000006,,0.8407279661566511,mols/page_0123.png,5
4459,[C][C][C][Branch1][C][O][C][C][O][N][C][C][Ring1][Branch1][C],CCC(O)CC1ONCC1C,3.0580915038517307,2.74045467376709,0.3057045042514801,39.66593551635742,35.28648376464844,41.49,,0.8400930684446851,mols/page_0223.png,19
2121,[N][#C][C][Branch1][C][C][Branch1][Ring1][C][Branch1][Ring2][C][O][C][Ring1][Ring2][C],COCCC(C)C#N,2.0644996950521226,4.643364429473877,0.3009749054908752,33.25678634643555,32.96246719360352,33.02,,0.8400767984962495,mols/page_0107.png,1
1226,[C][C][C][Branch1][C][C][O][C][Branch1][Ring1][C][O][Ring1][Branch1][C][Ring1][Ring2][C],CCC1(CO)OC(C)C1C,3.0396683620478218,2.336645603179932,0.3216937482357025,39.92150115966797,30.080665588378903,29.46,,0.8399102753038055,mols/page_0062.png,6
1262,[C][Branch1][Branch1][C][C][Branch1][C][O][C][Branch1][Ring1][C][C][O],CCC(O)CCCO,2.0644996950521226,2.731685161590576,0.3281731605529785,36.96341323852539,40.80776596069336,40.46,,0.8396167726507805,mols/page_0064.png,2
2514,[C][C][Branch1][C][C][C][O][C][Branch1][Branch1][C][O][N][Ring1][Ring1][C][Branch1][Ring1][C][O],CC(C)COC(CCO)C1NO1,2.577024615544936,1.9202550649642944,0.3200368583202362,40.09023284912109,50.17531204223633,63.93000000000001,,0.839190520262716,mols/page_0126.png,14
489,[N][#C][C][C][C][O][C][C],CCOCCCC#N,1.5644996950521224,4.694965839385986,0.3022820949554443,32.90922546386719,32.572052001953125,33.02,,0.836904450618402,mols/page_0025.png,9
2755,[C][C][C][Branch1][Ring1][C][C][Ring1][Ring1][C][O][C][C][O],CCC1(COCCO)CC1,1.5396683620478215,2.147914171218872,0.3347799777984619,39.21622085571289,30.280044555664062,29.46,,0.8369008459838166,mols/page_0138.png,15
3102,[C][C][Branch1][C][O][C][Branch1][Branch1][C][Branch1][Ring1][C][Branch1][Ring2][C][C][C][Ring1][Ring2][C],CCCCCC1(C)CC1O,2.5596683620478213,1.371690273284912,0.3406204879283905,42.25848388671875,20.318323135375977,20.23,,0.836579546707856,mols/page_0156.png,2
4319,[O][C][C][C][Branch1][C][C][Ring1][Branch1][C][Branch1][Branch1][C][O][C][Branch1][Ring1][C][O][O],CC1(C(O)COCCO)CCO1,2.577024615544936,2.2924721240997314,0.3170264065265655,38.11834335327149,61.2979736328125,58.92,,0.8363168221045196,mols/page_0216.png,19
2889,[N][#C][C][C][Branch1][C][C][C][O][C][Branch1][Ring1][C][C][Ring1][Ring1],CCC1OC1C(C)CC#N,3.0396683620478218,3.574376583099365,0.3077899515628814,36.269493103027344,35.4901237487793,36.32,,0.8359216216712113,mols/page_0145.png,9
3566,[N][#C][C][C][C][Branch1][C][C][O][C][Ring1][Ring1][C][O],N#CCCC1CC(CO)O1,2.5196683620478213,4.522797584533691,0.2891241908073425,33.36268997192383,52.334869384765625,53.25,,0.8353892663588136,mols/page_0179.png,6
3468,[C][O][C][C][C][Ring1][Ring1][C][Branch1][Ring1][C][C][Branch1][C][C][O],CCC(C)(O)C1CC1OC,3.0396683620478218,2.252045154571533,0.312790185213089,41.05155944824219,30.17636489868164,29.46,,0.8343445084989531,mols/page_0174.png,8
4500,[N][C][C][C][Branch1][C][O][C][Ring1][Branch1][C][Branch1][Ring1][C][O],NC1CC(O)C1CCO,3.0017904688307007,2.6129372119903564,0.3059665262699127,37.80234146118164,64.17118072509766,66.48,,0.8338605875833552,mols/page_0226.png,0
2699,[#C][O][=C][C][Branch1][Branch1][C][C][C][O][C][Branch1][C][O][Ring1][#Branch1][C][C][Branch1],CCC1(O)C(CCCO)C1OC,3.097024615544936,1.7210075855255127,0.3113064169883728,41.56505584716797,50.89616012573242,49.69,,0.8326570307293417,mols/page_0135.png,19
2852,[C][C][C][Ring1][Ring1][C][Branch1][Ring1][C][O][C][Branch1][C][C][Branch1][Branch1][C][Branch1][Ring2][C],CCC(C)C(CO)C1CC1,2.5596683620478213,1.471881866455078,0.3408701717853546,41.78705978393555,20.438007354736328,20.23,,0.8326220350873452,mols/page_0143.png,12
1744,[C][C][Branch1][C][C][C][O][C][C][N][C][Ring1][Ring1],CC(C)COCC1CN1,2.021790468830701,2.5941085815429688,0.3221808075904846,38.67396545410156,31.572248458862305,31.17,,0.8321156830663162,mols/page_0088.png,4
3664,[C][C][C][O][C][Branch1][C][C][Branch1][Ring2][C][Branch1][Branch1][C][O][O][C][C][Ring1][Ring2],CCCOC(C)(C)CCOOC,1.6570246155449355,1.0165255069732666,0.3315823674201965,44.64106369018555,17.596406936645508,27.69,,0.8321027211394458,mols/page_0184.png,4
1777,[O][C][C][C][Ring1][Ring2][C][Branch1][Ring1][C][O][C][Branch1][C][O],OCC(CO)C1CCO1,2.001790468830701,3.552917003631592,0.3053476214408874,35.51646423339844,48.47991180419922,49.69,,0.8303969436062846,mols/page_0089.png,17
3423,[C][#C][C][Branch1][C][C][C][Branch1][Ring1][C][Branch1][Branch1][C][O][C][Branch1][N][C][C][O],C#CC(C)CCCOCCCO,2.177024615544936,1.815593838691712,0.3167628645896911,42.275840759277344,29.18410873413086,29.46,,0.8302794046061286,mols/page_0172.png,3
4333,[N][#C][C][Branch1][Ring1][C][C][C][Ring1][Ring1][C][Branch1][C][C][Branch1][Ring2][C][Ring1][Branch1][C],CC1(C)CCC2C(C#N)C21,2.9996683620478217,4.271458625793457,0.3090202808380127,34.44382858276367,22.61554527282715,23.79,,0.8301612768682353,mols/page_0217.png,13
1423,[C][C][C][O][C][C][Branch1][Ring1][C][C][N][C][C],CCCOCC(CC)NCC,2.138091503851731,1.3577269315719604,0.3221751153469085,43.98869323730469,21.47844886779785,21.26,,0.8288711984740064,mols/page_0072.png,3
1911,[C][C][Branch1][C][C][C][O][C][Branch1][Ring1][C][C][Ring1][Ring1][C][O],CCC1(CO)OC1C(C)C,2.5396683620478213,1.7637884616851809,0.3322944343090057,40.61713409423828,32.23447799682617,32.76,,0.8287697654355175,mols/page_0096.png,11
3658,[O][C][Branch1][Ring1][C][C][C][Branch1][C][C][N][C][Branch1][=Branch1][C][C],CCCNC(C)C(O)CC,2.5996683620478214,1.9830652475357056,0.2976288497447967,43.31629943847656,32.70566177368164,32.26,,0.8283862056278645,mols/page_0183.png,18
4211,[O][C][C][C][Branch1][Ring1][C][O][C][Branch1][C][O][Branch1][C][C][Ring1][Branch1][C][Ring1][Ring2],CC1(O)C(CO)C1CO,2.5017904688307007,2.4674808979034424,0.3009126484394073,39.06163024902344,60.30646896362305,60.69,,0.8279923490379111,mols/page_0211.png,11
1816,[C][C][C][Branch1][C][C][N][Branch1][Ring1][C][C][O][C][Branch1][Ring1][Branch1][C][O][Branch1][C],CCC(C)N(CC)OC(C)OC,2.657024615544936,1.3361302614212036,0.3147502839565277,45.727783203125,9.525015830993652,21.700000000000003,,0.8278139974655792,mols/page_0091.png,16
4403,[O][C][C][Branch1][Ring1][C][C][C][O][C][Ring1][Branch1][C][Branch1][C][O],CC1C(CO)COC1CO,3.0196683620478217,3.083834886550904,0.3089610636234283,36.74087905883789,49.84693908691406,49.69,,0.8277145806192667,mols/page_0221.png,3
4437,[N][#C][C][C][C][Branch1][C][O][C][Ring1][Ring1][C][Ring1][Ring2][O],N#CCCC(O)=CCO,1.561790468830701,4.630506992340088,0.2579760253429413,35.09218215942383,64.52864837646484,64.25,,0.8272022770840074,mols/page_0222.png,17
3062,[C][C][C][O][C][C][Ring1][Ring1][C][Ring1][Branch1][C][Branch1][C][C][Branch1][Ring1][C][C][N],CCC1OCCC1C(C)(N)CC,3.117024615544936,1.534853458404541,0.3192332088947296,42.96192169189453,29.86299133300781,35.25,,0.8270863997392651,mols/page_0154.png,2
4251,[C][Branch1][C][O][C][C][C][Branch1][Branch1][C][C][Ring1][Branch1][C][Branch1][Ring1][C][O][O],OCC1CCC(C(O)CO)C1,3.0580915038517307,2.64671277999878,0.3154439926147461,37.1299057006836,56.99740219116211,60.69,,0.8262710366341985,mols/page_0213.png,11
2568,[N][#C][C][Branch1][Ring1][C][O][C][Branch1][C][C][C][O],CC(CO)C(C#N)CO,2.5617904688307007,2.6277687549591064,0.3042135536670685,37.8202018737793,63.945106506347656,64.25,,0.8262204978161214,mols/page_0129.png,8
1638,[C][C][C][Branch1][C][C][N][Branch1][Ring1][C][C][=Branch1][C][=O][C][O],CCC(C)N(C=O)CC,2.081790468830701,3.827792167663574,0.270191490650177,40.10999298095703,21.242414474487305,20.31,,0.8257842531761332,mols/page_0082.png,18
2091,[C][C][C][Branch1][C][C][O][C][Branch1][Branch1][C][N][Branch1][Ring1][C][C][=Branch1][C][=O],CCNCC(O)OC(C)CC,2.6180915038517307,2.1081883907318115,0.2953783869743347,42.44860458374024,40.37600326538086,41.49,,0.82550120997401,mols/page_0105.png,11
2677,[C][C][C][Branch1][C][C][Ring1][Branch1][C][O][C][Branch1][Ring1][C][O],CC1(COCCO)CC1,1.521790468830701,2.294304370880127,0.336053192615509,38.32392120361328,30.70083999633789,29.46,,0.8254878426582027,mols/page_0134.png,17
3836,[N][C][C][Branch1][C][O][C][C][C][Ring1][Branch1][C][Branch1][Branch1][C][C][O][Ring1][Ring1],NCC1(O)CCC1CC1CO1,2.9980915038517306,2.818545341491699,0.3084123432636261,36.90704345703125,60.65960311889648,58.78,,0.8246994974367711,mols/page_0192.png,16
823,[C][C][C][Branch1][C][C][O][C][C][N][Ring1][Ring2],CCC(C)OCCN,2.0644996950521226,2.065745115280152,0.3150854706764221,40.62324905395508,39.64299011230469,35.25,,0.8244301314454173,mols/page_0042.png,3
3144,[C][C][Branch1][C][C][C][O][C][Branch1][Ring1][C][C][Ring1][Ring1][C][Ring1][Ring2][C],CCC1(CC)OC1C(C)C,2.0596683620478218,1.6425594091415403,0.3352248668670654,42.30533218383789,11.12449836730957,12.53,,0.8240707607935374,mols/page_0158.png,4
2898,[N][C][Branch1][C][C][C][Branch1][Ring1][C][O][C][C][Ring1][Branch1][C][Branch1][Ring2][C][Branch1][Branch1],CCC1CC1(CO)C(C)N,3.0396683620478218,2.031904458999634,0.3075045049190521,41.25450134277344,43.05750274658203,46.25,,0.8237486892431496,mols/page_0145.png,18
3152,[N][#C][C][Branch1][C][C][Branch1][Ring1][C][C][C][Ring1][Ring1][O],CC1C(O)C1(C)C#N,3.0044996950521226,4.553600311279297,0.3054912984371185,32.09092330932617,42.9661750793457,44.02,,0.8234024317220443,mols/page_0158.png,12
1103,[C][C][C][O][C][C][Branch1][Ring1][C][O][O][C],CCCOCC(CO)OC,2.079668362047822,1.97750210762024,0.3247087001800537,39.99547576904297,38.89341735839844,38.69,,0.8228424411636508,mols/page_0056.png,3
3854,[C][C][Branch1][C][C][C][Ring1][C][C][O][C][C][=Branch1][C][O],CC1CC1COCCO,2.5217904688307007,2.33217453956604,0.3378183245658874,37.96504592895508,30.502710342407227,29.46,,0.822275099415375,mols/page_0193.png,14
4392,[N][#C][C][C][C][Ring1][Ring1][C][Branch1][C][C][O][C][Branch1][Ring1][C],CCOC(C)C1CC1C#N,3.0396683620478218,3.788679361343384,0.2965238094329834,36.67498397827149,31.9696102142334,33.02,,0.822188597999531,mols/page_0220.png,12
4254,[N][C][C][C][Branch1][Branch1][C][C][Ring1][Branch1][C][O][C][C][O],NC1CCC(COCCO)C1,2.5580915038517307,2.415280103683472,0.3190304934978485,37.57283401489258,56.71201705932617,55.48,,0.8218991292310773,mols/page_0213.png,14
1456,[C][C][C][O][C][C][Branch1][C][O][O][C][=O][C],CCCOCC(O)OC=O,2.0596683620478218,3.879588842391968,0.2754150331020355,36.69018173217773,55.47868728637695,55.76,,0.8213061862693354,mols/page_0073.png,16
3892,[O][C][Branch1][Ring1][C][O][C][C][C][Branch1][C][O],OCCCC(O)CO,2.0444996950521226,3.0976696014404297,0.3151356875896454,35.17569732666016,59.97039413452149,60.69,,0.8211921228779739,mols/page_0195.png,12
14,[N][#C][C][=Branch1][C][=O][N-1][C][C][C][NH2+1][Ring1][Ring1],N#CC(=O)[N-]CC1C[NH2+]1,1.981790468830701,6.607614040374756,0.2251353859901428,30.50324249267578,71.16816711425781,71.57,,0.8208869622936144,mols/page_0001.png,14
2468,[N][C][C][Branch1][C][O][C][Branch1][Branch1][C][C][O],NCC(O)CCCO,2.0444996950521226,2.896012783050537,0.3129404783248901,35.88783264160156,63.29443740844727,66.48,,0.8206846437355684,mols/page_0124.png,8
2656,[C][C][C][O][C][Branch1][Ring1][C][C][Branch1][Branch1][C][O][O][C][C][Ring1][Ring1],CCCOC(C)(CC)COOC,2.157024615544936,0.9712792634963988,0.3308909237384796,44.7037467956543,17.423837661743164,27.69,,0.8204347845635652,mols/page_0133.png,16
3410,[C][N][C][Branch1][C][C][C][Branch1][Ring1][C][C][O][C][Ring1][Branch1][C][Branch1][Branch1][C][N],CCC1(C(C)NC)OC1CCN,3.097024615544936,2.003429889678955,0.3001576960086822,41.88562774658203,44.991355895996094,50.58,,0.8187955519056677,mols/page_0171.png,10
3618,[N][#C][C][C][Branch1][C][O][C][Branch1][Ring1][C][O][Branch1][Ring1][N][C][C][C][Ring1][Branch1],CNC1(C(O)CC#N)CCOC1,2.577024615544936,3.775843858718872,0.2808479070663452,35.73551177978516,65.17765808105469,65.28,,0.8187826532987534,mols/page_0181.png,18
1863,[C][Branch1][Branch1][C][C][C][Branch1][C][O][C][Branch1][Ring1][C][C][N][Branch1][C][Branch1][=Branch1][C],CCC(CCCCO)NC,2.099668362047822,1.530831217765808,0.3162469267845154,42.964622497558594,32.048789978027344,32.26,,0.8177679870708333,mols/page_0094.png,3
3055,[C][#C][C][Branch1][C][C][Branch1][Ring1][C][O][C][Branch1][Ring2][C][O],C#CC(C)(CO)CCO,2.081790468830701,2.3232743740081787,0.3061718344688415,40.33203887939453,41.46343612670898,40.46,,0.8177006585083892,mols/page_0153.png,15
3380,[N][#C][C][Branch1][C][C][Branch1][Branch1][C][Branch1][Ring1][C][Branch1][=Branch1][C][O][C][Ring1][Branch1][C],CC(C)(C#N)C1CCOC1,2.0396683620478218,4.109263896942139,0.2958064675331116,35.52600860595703,31.41839027404785,33.02,,0.8176759918526271,mols/page_0170.png,0
2493,[C][O][C][Branch1][Ring1][C][Branch1][Branch1][C][O][Branch1][Ring1][Branch1][C][C][C][Branch1][C][Branch1][O],COC(CCO)CCCO,2.079668362047822,1.2817047834396362,0.3279286921024322,41.365333557128906,49.32485580444336,49.69,,0.8174429989409736,mols/page_0125.png,13
1961,[C][C][C][Branch1][Ring1][C][O][C][C][Ring1][Ring2][C][C][O],CCC1CC(CCO)C1O,3.0396683620478218,2.215196132659912,0.3194535672664642,39.38521957397461,41.160194396972656,40.46,,0.8171409572384856,mols/page_0099.png,1
2345,[C][C][C][Branch1][C][C][N][C][Branch1][Ring1][C][C][O][C][C][Ring1][Ring1],CCOC(CC)NC(C)CC,2.6380915038517307,1.3553348779678345,0.3141548037528991,44.688026428222656,20.639863967895508,21.26,,0.8167786073516333,mols/page_0118.png,5
4018,[C][C][C][O][C][C][Branch1][C][C][Ring1][Ring2][C][Branch1][Branch1][C][Branch1][Ring1][C][O],CCC1OCC1(C)CCCO,2.5780915038517307,1.9143208265304563,0.3281802833080292,40.499698638916016,29.34567070007324,29.46,,0.8163981423069109,mols/page_0201.png,18
2218,[C][C][C][Branch1][C][C][Ring1][Ring1][C][Branch1][Branch1][C][O][C][Branch1][Ring1][C][C][O],CCCOCC(O)C1(C)CC1,2.078091503851731,1.7232649326324463,0.3319869935512543,40.78945159912109,29.713211059570312,29.46,,0.8162977070643435,mols/page_0111.png,18
1730,[C][C][C][Branch1][C][C][O][C][Branch1][Ring1][C][O][Ring1][Ring1][C][C][Ring1][Branch1],CCC1CC(CC)(CO)O1,2.5396683620478213,2.3836562633514404,0.322308212518692,39.27845001220703,30.3566837310791,29.46,,0.8162673335930122,mols/page_0087.png,10
1674,[O][=C][N][C][Branch1][Ring1][C][Branch1][Branch1][C][C][C][O][C],CC(CCCCO)NC=O,2.079668362047822,2.898207664489746,0.28427255153656,39.69843292236328,50.72448348999024,49.33,,0.8155314452074561,mols/page_0084.png,14
930,[C][O][C][C][C][Branch1][C][C][O][Branch1][C][O],COCCC(C)OCO,2.061790468830701,2.073493242263794,0.3214354515075683,39.92331314086914,37.98479461669922,38.69,,0.8154128972193039,mols/page_0047.png,10
4454,[N][#C][C][C][C][Branch1][C][C][Ring1][Ring2][C][C][N][C][Ring1][=Branch1],CC1(CCC#N)CCNC1,2.0396683620478218,4.47600793838501,0.2805509269237518,35.34416198730469,35.761531829833984,35.82,,0.8144900778557912,mols/page_0223.png,14
1424,[C][C][C][O][C][C][Branch1][Ring1][C][C][N][Branch1][Ring1][O],CCCOCC(CC)NO,2.079668362047822,1.6853009462356567,0.3208678364753723,42.00886154174805,29.80165100097656,41.49,,0.8128744421048477,mols/page_0072.png,4
1280,[C][C][C][O][C][C][Branch1][Ring1][C][O][Ring1][Ring2][C][Branch1][Branch1][C][C][Ring1][=Branch1],CCCC1(CO)COC1CC,2.5780915038517307,2.114389181137085,0.3195830583572387,40.59400939941406,29.09213256835937,29.46,,0.8124873137482505,mols/page_0065.png,0
3516,[N][#C][C][C][Branch1][Ring1][C][Branch1][C][C][Ring1][Branch1][C][Branch1][Branch1][C][N][C][Ring1][Ring1],CCC(CC#N)CC1CN1,2.5396683620478213,3.7494945526123047,0.2857781648635864,36.695106506347656,45.88662338256836,45.73,,0.8121323366109117,mols/page_0176.png,16
3847,[N][#C][C][Branch1][C][C][Branch1][Branch1][C][O][C][Branch1][Ring1][C][C][C][Ring1][Ring1],CC1COCC(C)(C#N)C1,2.5396683620478213,4.065400123596191,0.3001902401447296,35.11555480957031,31.60005760192871,33.02,,0.8109165667791234,mols/page_0193.png,7
2648,[N][#C][C][C][Branch1][C][C][C][O][C][C][Ring1][Branch1][C],CC1COCC(CC#N)C1,2.5396683620478213,4.456076622009277,0.2962367236614227,34.01265335083008,32.18065643310547,33.02,,0.8101658805018831,mols/page_0133.png,8
1371,[C][C][Branch1][C][C][C][O][C][Ring1][Ring1][C][Branch1][Ring1][C][C],CCCC1OC1C(C)C,2.5417904688307007,1.7912296056747437,0.3421652913093567,40.655704498291016,13.201454162597656,12.53,,0.8101482587504003,mols/page_0069.png,11
2940,[O][C][Branch1][Ring1][C][Branch1][C][C][Branch1][Branch1][C][Branch1][=Branch1][C][C][Ring1][Ring1][C][C][C],CCC(O)(CC)C1CC1C,2.5596683620478213,1.3722466230392456,0.326992005109787,43.25961685180664,19.84259986877441,20.23,,0.8100356600259179,mols/page_0148.png,0
4014,[N][#C][C][C][Branch1][C][C][C][O][C][Ring1][Ring1][C][O],CC(CC#N)C1OC1CO,3.0196683620478217,3.557536125183105,0.303157091140747,34.849273681640625,55.47676467895508,56.55,,0.8094997771319364,mols/page_0201.png,14
674,[N][C][C][C][Branch1][C][C][O][C][C],CCOC(C)CCN,2.0644996950521226,2.24349331855774,0.3143569827079773,40.29096221923828,33.002010345458984,35.25,,0.8087742177552089,mols/page_0034.png,14
2084,[C][O][C][C][Branch1][Ring1][C][C][C][Ring1][Branch1][C][C][O],CCC1C(CCO)C1OC,3.0396683620478218,2.499025583267212,0.3141846060752868,39.5782585144043,30.04939651489257,29.46,,0.8083690753769887,mols/page_0105.png,4
1629,[C][C][C][Branch1][Ring1][C][C][O][C][Branch1][C][C][=Branch1][C][O],CCC(CC)OC(C)O,2.081790468830701,1.5738459825515747,0.3182833790779114,42.55072784423828,30.48235511779785,29.46,,0.8076182730707105,mols/page_0082.png,9
2081,[C][C][C][O][C][C][Branch1][Ring1][C][O][Ring1][Branch1][C][O],CC1COCC1(CO)CO,2.0196683620478217,3.500594139099121,0.2954830527305603,36.29165267944336,49.209228515625,49.69,,0.807290007639828,mols/page_0105.png,1
4440,[N][C][Branch1][Ring1][C][C][C][Branch1][Branch1][C][C][Ring1][Ring2][C][Branch1][C][O][C][C],CCC(O)C1CCCCC1N,3.0780915038517307,2.117931365966797,0.3128858804702759,39.90109252929688,45.71958160400391,46.25,,0.8066401401259315,mols/page_0223.png,0
1239,[C][C][C][Branch1][C][C][N][C][Branch1][Ring1][C][O][C][Ring1][Ring2],C=C(CO)NC(C)CC,2.081790468830701,2.593825101852417,0.2961741387844085,40.54783630371094,36.505470275878906,32.26,,0.8063999661009923,mols/page_0062.png,19
4547,[N][#C][C][C][C][Branch1][Ring1][C][Branch1][C][C][Ring1][Ring1][C][Ring1][Branch1][C][Ring1][Ring2][O],CC1C(O)C2C3C(C#N)C123,4.739668362047822,5.017406463623047,0.2795345485210418,32.72758102416992,43.16522979736328,44.02,,0.8057184519377715,mols/page_0228.png,7
1347,[N][#C][C][Branch1][C][C][Branch1][Ring1][C][C][C][O][C][Ring1][Ring2],CC1(C#N)CCCOC1,2.021790468830701,4.540701866149902,0.3005678057670593,33.08349609375,33.16013717651367,33.02,,0.8042940168902375,mols/page_0068.png,7
1377,[N][#C][C][Branch1][C][C][C][O][C][O],CC(C#N)COCO,2.0444996950521226,3.675464868545532,0.3048155605792999,34.21378326416016,54.65623474121094,53.25,,0.8039707508905884,mols/page_0069.png,17
892,[N][=C][C][C][C][N][C][C][Branch1][C][O][C][C],CCC(O)CNCCCC=N,2.118091503851731,3.080640316009521,0.2650712728500366,40.33018112182617,56.2578010559082,56.11,,0.8009529342330983,mols/page_0045.png,12
3855,[N][#C][C][C][Branch1][C][O][C][Branch1][Ring1][C][Branch1][Ring2][C][O][Ring1][Branch1],N#CCC1CCCOO1,2.001790468830701,5.1786274909973145,0.2968151569366455,30.719871520996094,37.27720260620117,42.25,,0.8004197568754389,mols/page_0193.png,15
3796,[N][#C][C][Branch1][C][C][Branch1][Ring1][C][C][C][O][C][Branch1][Ring2][C][Ring1][Branch1][C],CC1CCCC(C)(C#N)CO1,2.5780915038517307,3.98068118095398,0.2985041439533233,35.38043594360352,32.21874237060547,33.02,,0.8001092051714987,mols/page_0190.png,16
4541,[N][C][C][C][Branch1][Ring1][C][C][O][C][Ring1][Ring1][C][Branch1][C][O],NCCC1CCC(CO)O1,2.5196683620478213,3.0498247146606445,0.3049142956733703,36.54249954223633,53.63497924804688,55.48,,0.8000102128791652,mols/page_0228.png,1
2939,[N][#C][C][Branch1][C][C][Branch1][Ring1][C][C][C][Ring1][Ring1][C][Ring1][=Branch1][C][Ring1][Branch1],CC1(C#N)C2CCC21C,2.9817904688307006,4.234445571899414,0.3030498325824737,34.641239166259766,23.40508079528809,23.79,,0.7998679643305168,mols/page_0147.png,19
2527,[N][C][C][C][Branch1][Ring1][C][C][N][C][Ring1][Branch1][C][O][C],CCC1(CCN)NC1COC,2.5580915038517307,1.9967269897460933,0.3025323450565338,40.29658508300781,58.86691284179688,57.19,,0.7997785402869779,mols/page_0127.png,7
1034,[C][C][C][Branch1][C][C][O][C][C][N][C][Ring1][Ring1],CCC(C)OCC1CN1,2.5217904688307007,2.459343910217285,0.3188241422176361,39.010440826416016,31.19451713562012,31.17,,0.7990317560940015,mols/page_0052.png,14
2595,[C][C][Branch1][C][C][O][C][Branch1][Branch1][C][N][C][C][Ring1][Ring2][C][Ring1][=Branch1],CCNCC1(C)OC1(C)C,2.0396683620478218,2.2041237354278564,0.3055935800075531,41.834503173828125,24.381879806518555,24.56,,0.7988575102281734,mols/page_0130.png,15
3956,[N][C][Branch1][Ring1][C][C][C][Branch1][C][C][N][C][C][Ring1][Branch1][C][Branch1][#Branch1][C][Branch1],CCC(N)C1(C)NCC1CC,3.0780915038517307,1.7609803676605225,0.3024187684059143,42.09724044799805,46.521705627441406,38.05,,0.7978479776735437,mols/page_0198.png,16
3869,[N][#C][C][C][Branch1][Ring1][C][Branch1][C][C][C][O][C][Ring1][=Branch1],CCC1(CC#N)COC1,1.521790468830701,4.68666410446167,0.2849158048629761,34.0590705871582,32.921592712402344,33.02,,0.7977729504303601,mols/page_0194.png,9
170,[N][=C][O][C][C][C][N][Ring1][Branch1][C],CNCCCOC=N,1.5444996950521224,4.267157077789307,0.2642286419868469,36.64691162109375,47.09462356567383,45.11,,0.7971933596488749,mols/page_0009.png,10
4219,[N][C][Branch1][Ring1][C][C][Branch1][C][C][O][C][Branch1][Branch1][C][Branch1][Ring2][C][Branch1][O][C],CCCCOC(C)(N)CC,2.099668362047822,1.2599425315856934,0.3147160112857818,43.75453567504883,32.48453903198242,35.25,,0.79681221570357,mols/page_0211.png,19
3466,[N][#C][C][Branch1][Ring1][C][C][C][Branch1][Branch1][C][C][Ring1][Ring2][C][Ring1][Ring1][C][Branch1][C],CC1C2CCCC(C#N)C12,3.4996683620478213,4.124114990234375,0.3243699073791504,32.851318359375,22.85218620300293,23.79,,0.796482792261931,mols/page_0174.png,6
973,[N][C][C][C][Branch1][C][C][O][C][Ring1][Ring2][C][Ring1][Branch1][C],CCC1OC1(C)CCN,2.5217904688307007,1.921560406684876,0.3244869709014892,40.07715606689453,35.23638916015625,38.55,,0.7964615956356838,mols/page_0049.png,13
3253,[N][#C][C][Branch1][C][C][Branch1][Branch1][C][Branch1][Ring1][C][Branch1][Ring2][C][C][C][O][Ring1][Branch1],CCCC1CC(C)(C#N)O1,2.5396683620478213,3.934114694595337,0.2919692695140838,36.12454605102539,32.70560073852539,33.02,,0.7962863341719357,mols/page_0163.png,13
2586,[N][#C][C][Branch1][C][C][Branch1][Branch1][C][N][C][C][Ring1][Branch1][C][Ring1][Ring1][C],CCNCC(C)C#N,2.0644996950521226,4.779346942901611,0.2779226899147033,34.14596176147461,36.313133239746094,35.82,,0.7961310919483132,mols/page_0130.png,6
3318,[C][C][C][O][C][Branch1][Ring1][C][C][Ring1][Ring1][C][Branch1][C][C][Branch1][Branch1][C][O],CCC1OC1(CC)C(C)CO,3.0780915038517307,1.139743447303772,0.3355242908000946,42.025787353515625,32.506446838378906,32.76,,0.7944090979788111,mols/page_0166.png,18
3397,[N][#C][C][C][C][Branch1][C][C][Ring1][Ring1][C][Ring1][Branch1][C],CC1C2(C)CC12C#N,2.9644996950521225,4.716574192047119,0.2853777110576629,34.435035705566406,25.201066970825195,23.79,,0.7943255322904805,mols/page_0170.png,17
2115,[C][#C][C][Branch1][C][C][C][Branch1][Ring1][C][O][C][O],C#CC(C)C(CO)CO,2.081790468830701,2.6354317665100098,0.2977926433086395,39.6829948425293,40.805606842041016,40.46,,0.7931527159593713,mols/page_0106.png,15
3731,[N][#C][C][Branch1][C][C][Branch1][Ring1][C][Branch1][Branch1][C][Branch1][=Branch1][C][O][C][C][Ring1][#Branch1],N#CC1CCCOCCC1,1.5396683620478215,4.407893657684326,0.3053896725177765,32.939796447753906,32.65348052978516,33.02,,0.7931346790661196,mols/page_0187.png,11
2336,[C][C][Branch1][C][C][C][Ring1][Branch1][C][Branch1][Ring1][C][O][C][C][O],CC1CC1C(CO)CCO,3.0396683620478218,1.66013765335083,0.3290530741214752,40.08332061767578,40.94485092163086,40.46,,0.7927505057962667,mols/page_0117.png,16
2718,[NH2+1][=C][C][=C][Branch1][C][O-1][C][Branch1][C][F][=C][NH1][Ring1][Branch2],[NH2+]=c1cc([O-])c(F)c[nH]1,1.381790468830701,7.589108943939209,0.2020108550786972,29.498607635498047,61.52638244628906,64.44,,0.7921545056858091,mols/page_0136.png,18
3374,[C][Branch1][C][C][C][Branch1][Ring1][C][C][O][C][Branch1][Branch1][C][Ring1][Ring1][C][Branch1][Ring2][C],CCC(C)OC(CC)CC,2.119668362047822,0.9982678890228271,0.3296631872653961,44.91114807128906,8.955964088439941,9.23,,0.7917609586312275,mols/page_0169.png,14
2650,[N][#C][C][C][C][Ring1][Branch1][C][Branch1][Ring1][C][C][Branch1][C][C][O][C][Ring1][#Branch1],CCC1(C)OCC1CCC#N,2.5780915038517307,3.4767091274261475,0.2932293713092804,37.56988143920898,33.31541442871094,33.02,,0.7914480970683859,mols/page_0133.png,10
1191,[C-1][N][#C][C][N][C][Branch1][C][C][C][O][C][Branch1][Ring1][C][O],[C-]N=CCNC(C)COCCO,2.137024615544936,4.928867816925049,0.2099586129188537,38.4963264465332,62.30196380615234,53.85000000000001,,0.7912960158766406,mols/page_0060.png,11
1662,[C][C][C][Branch1][Ring1][C][Branch1][Branch1][C][C][#C][C][Branch1][C][O][C][Branch1][Ring2][C][Branch1],CC#CCCC(O)(CC)CC,1.658091503851731,1.4234414100646973,0.3092584609985351,44.6433219909668,19.03175163269043,20.23,,0.7911220168766866,mols/page_0084.png,2
2560,[C][C][C][Branch1][Ring1][C][O][C][Branch1][C][C][O][O],CCC(CO)C(C)OO,2.5617904688307007,1.849914789199829,0.3110122978687286,40.92663192749024,44.35976409912109,49.69,,0.790226344451636,mols/page_0129.png,0
2629,[O][C][Branch1][C][O][C][C][Branch1][Branch1][C][C][C][O][Ring1][Ring1][C][O],OCCCC1(CO)CC(O)O1,2.5380915038517307,2.035848617553711,0.3174746036529541,37.98770904541016,64.9823989868164,69.92,,0.7897600955949174,mols/page_0132.png,9
2112,[N][#C][C][#C][C][Branch1][Ring1][C][Branch1][Branch1][C][C][Branch1][C][O][C][Ring1][Ring1][C],CC1C(O)CCC1C#CC#N,3.0780915038517307,5.828500747680664,0.2371876090764999,33.91860580444336,41.58033752441406,44.02,,0.7897012972883201,mols/page_0106.png,12
2178,[C][C][Branch1][C][C][C][O][C][Branch1][Ring1][C][C][Ring1][Branch1][C][O],CCC1(CO)OCC1(C)C,2.0396683620478218,2.32711148262024,0.3150398135185241,39.80787658691406,30.242280960083008,29.46,,0.7894898852093255,mols/page_0109.png,18
3888,[C][Branch1][C][C][C][Branch1][Branch1][C][Branch1][Ring2][C][Branch1][Ring1][C][C][O][C][Branch1][#Branch1][C],CCCCC(CC)OCC,2.119668362047822,0.9753145575523376,0.3371060192584991,44.2019157409668,8.796257972717285,9.23,,0.7891031051669681,mols/page_0195.png,8
3246,[N][#C][C][Branch1][Ring1][C][Branch1][C][C][C][Branch1][Branch1][C][Ring1][Ring1][C][Ring1][Branch1],CC1CCC(C#N)C1,2.524499695052122,4.332237720489502,0.349738597869873,29.409826278686523,22.09798812866211,23.79,,0.7889042835573352,mols/page_0163.png,6
1482,[C][C][C][O][C][C][Branch1][C][C][Ring1][Ring1][C][Ring1][Ring2][C][Branch1][Branch1][C][O],CCCOC1C(C)C1CCO,3.0780915038517307,1.830809593200684,0.3238270282745361,40.799346923828125,29.46542358398437,29.46,,0.7888194666300951,mols/page_0075.png,2
1227,[N][#C][C][Branch1][C][C][C][Ring1][Branch1][C][Branch1][Ring2][C][O],CC(C#N)CCCO,2.0644996950521226,3.675311803817749,0.3147770762443542,33.66290283203125,45.1259994506836,44.02,,0.7880662145821751,mols/page_0062.png,7
4527,[O][C][C][C][Ring1][Ring1][C][Branch1][Ring1][C][C][Branch1][C][O][C][Ring1][Ring2][O],CC1C(O)C1(O)C1CC1O,3.959668362047821,3.365874528884888,0.2804495990276336,37.25414657592773,59.20931243896485,60.69,,0.7878703791401833,mols/page_0227.png,7
3496,[N][#C][C][Branch1][C][C][Branch1][Ring1][C][O][C][Ring1][Branch1][C][Ring1][Ring2],CC1(C#N)CCC1O,2.504499695052122,4.720734596252441,0.3089962601661682,30.51547813415528,43.07514190673828,44.02,,0.7873153401029132,mols/page_0175.png,16
3728,[C][C][C][Ring1][Branch1][C][C][Branch1][Ring1][C][Branch1][C][O][C][Branch1][Ring2][C][Branch1][Branch1][C],CCCC(CO)CC1CC1,2.0596683620478218,1.4573872089385986,0.3412129282951355,41.03653335571289,20.81433486938477,20.23,,0.7870556681428771,mols/page_0187.png,8
970,[C][O][C][C][C][Branch1][C][O][C][Branch1][C][O][C][Ring1][#Branch1],COC1CC(O)C(O)C1,2.5017904688307007,3.429337501525879,0.3054184317588806,35.23812484741211,48.79769134521485,49.69,,0.786948371088892,mols/page_0049.png,10
1951,[C][C][C][O][C][C][Ring1][Ring1][C][Branch1][Ring1][C][C][Branch1][Ring2][C],CCCOCCC(C)CC,2.119668362047822,0.937899649143219,0.3404413759708404,43.966426849365234,8.739577293395996,9.23,,0.7868448505012224,mols/page_0098.png,11
2490,[N][#C][C][Branch1][C][C][Branch1][Branch1][C][Branch1][Ring1][C][C][C][O][C][Ring1][=Branch1],CCC1COCC1(C)C#N,2.5396683620478213,3.886807203292847,0.2977775931358337,35.587337493896484,32.06792449951172,33.02,,0.7860759182780335,mols/page_0125.png,10
676,[N-1][C][C][C][Branch1][C][C][O][C][C],CCOC(C)CC[N-],2.0644996950521226,3.792479515075684,0.3085435032844543,34.98841857910156,29.89319610595703,31.53,,0.7853782030933365,mols/page_0034.png,16
1552,[C][C][C][Branch1][Ring1][C][C][O][C][C][N][C][Ring1][Ring1],CCC(CC)OCC1CN1,2.0396683620478218,2.0683016777038574,0.3205593526363373,40.12459564208984,30.372838973999023,31.17,,0.7852517207761479,mols/page_0078.png,12
3891,[O][C][Branch1][Ring1][C][Branch1][C][O][C][C][C][Branch1][Ring2][C][Ring1][Ring2][C][Branch1][=Branch1],CC1CC(C(O)CO)C1,2.021790468830701,2.4051942825317383,0.3191897571086883,38.22453689575195,40.53731918334961,40.46,,0.7845687714418236,mols/page_0195.png,11
3114,[N][#C][C][Branch1][C][C][C][Branch1][Ring1][C][Branch1][Ring2][C][C][Ring1][Ring1][C][Ring1][Ring2],CC(C#N)C1CC12CC2,2.801790468830701,4.190143585205078,0.3051389753818512,34.33549499511719,23.32805061340332,23.79,,0.7837476747232712,mols/page_0156.png,14
2502,[C][Branch1][C][C][C][O][C][Branch1][Branch1][C][Branch1][Ring1][C][C][Branch1][Ring2][C][Branch1][N][C],CCCOC(CC)CCC,2.119668362047822,0.9390627145767212,0.3373973369598388,44.23442077636719,8.472893714904785,9.23,,0.7831297339980346,mols/page_0126.png,2
2901,[N][#C][C][C][Branch1][Ring1][C][O][C][Branch1][C][C][C][Ring1][Ring1],C=C(C)C(CO)CC#N,2.081790468830701,5.013276100158691,0.2415148466825485,35.81275177001953,49.21729278564453,44.02,,0.7830897681363796,mols/page_0146.png,1
1040,[C][C][C][Branch1][C][C][O][C][Branch1][Ring1][C][C][N][C][Branch1][Branch1][C],CCNC(CC)OC(C)CC,2.6380915038517307,1.3127862215042114,0.3122324049472809,44.68077850341797,18.1498966217041,21.26,,0.782744711309851,mols/page_0053.png,0
3135,[N][#C][C][C][Branch1][Ring1][C][O][C][C][C][Ring1][Ring1][Ring1][=Branch1],N#CCC1(CO)C2CC21,2.4617904688307006,4.688648700714111,0.289750874042511,32.54093170166016,42.96396255493164,44.02,,0.7825966611045744,mols/page_0157.png,15
1518,[C][C][C][Branch1][C][C][N][C][Branch1][Ring1][C][C][O],CCC(C)NC(O)CC,2.5817904688307007,2.0280838012695312,0.2973339259624481,42.53042221069336,31.33293342590332,32.26,,0.7819963719390779,mols/page_0076.png,18
4399,[N][#C][C][C][Branch1][C][C][C][Ring1][Branch1][C][Branch1][Ring1][C][O][C][Ring1][Ring2],C=C(CO)CC(C)CC#N,2.099668362047822,4.404879570007324,0.2574711441993713,36.77404022216797,44.56354141235352,44.02,,0.7819379416971307,mols/page_0220.png,19
3098,[C][C][C][Branch1][Ring1][C][C][Ring1][Ring1][C][Branch1][C][C][N][C][C][O],CCC1(C(C)NCCO)CC1,2.078091503851731,1.7765601873397827,0.3216426968574524,40.87667465209961,32.52445602416992,32.26,,0.7817798460990477,mols/page_0155.png,18
465,[O][C][C][C][O][C][Branch1][C][O],OCCCOCO,1.5278467081635287,3.5014188289642334,0.3238251805305481,32.826297760009766,51.01206588745117,49.69,,0.781642107837106,mols/page_0024.png,5
2675,[C][O][C][Branch1][C][C][C][Branch1][Ring1][C][Branch1][Branch1][C][Branch1][#Branch1][C][Branch1][O][C][C],CCCCCCC(C)OC,2.119668362047822,1.087956428527832,0.3373590111732483,43.53314971923828,9.983302116394045,9.23,,0.7808936813701788,mols/page_0134.png,15
2329,[C][#C][C][Branch1][C][C][C][Branch1][Ring1][C][O][C][C][O],C#CC(C)C(CO)CCO,2.5996683620478214,1.9782673120498653,0.3073707520961761,40.90614700317383,41.24711227416992,40.46,,0.7806785011700693,mols/page_0117.png,9
4467,[O][C][C][Branch1][C][O][C][Branch1][Ring1][C][C][C][Ring1][Branch1][C][C][O],CCC1C(CO)OC1CCO,3.0580915038517307,2.1508877277374268,0.3174867928028106,38.46616744995117,51.02638626098633,49.69,,0.7798993558942331,mols/page_0224.png,7
3772,[N][C][C][Branch1][C][C][C][O][C][C][Ring1][Ring1][C],CCCOCC(C)CN,2.081790468830701,1.9441542625427248,0.3108046948909759,41.440765380859375,31.11631774902344,35.25,,0.7797705777920949,mols/page_0189.png,12
3320,[N][#C][C][C][Branch1][C][C][C][O][C][Ring1][Branch1][C][Ring1][Ring1][C][Ring1][Ring2],CCC1OCC1(C)CC#N,2.5396683620478213,3.786455631256104,0.2924034297466278,36.36415863037109,32.60807800292969,33.02,,0.7795441800010937,mols/page_0167.png,0
3714,[O][C][C][Branch1][C][C][C][Ring1][Ring2][C][Branch1][Ring1][C][Branch1][=Branch1][C][C][O][C][Ring1],COCCCCC1C(C)C1O,3.0780915038517307,2.2663753032684326,0.3123884797096252,40.11791229248047,30.55915069580078,29.46,,0.7794316744986486,mols/page_0186.png,14
803,[C][C][C][C][Ring1][Ring1][Branch1][Ring1][C][#N][C][C][C][Ring1][Ring1],CC1CC1(C#N)C1CC1,2.4817904688307006,4.080435752868652,0.3052679598331451,34.59423828125,24.15576171875,23.79,,0.7792906750573815,mols/page_0041.png,3
754,[C-1][#C][C][C][C][Branch1][C][C][O][C][=O],[C-]#CCCC(C)OC=O,2.081790468830701,4.803253173828125,0.2673016488552093,34.87818145751953,36.17540740966797,26.3,,0.7789564857367707,mols/page_0038.png,14
1391,[C][C][C][Branch1][C][C][O][C][Branch1][Ring2][C][C][N][C][Branch1][Ring1][C][C][Ring1][#Branch1],CCC1CC(CC)C(CCN)O1,3.117024615544936,1.467494010925293,0.3257665336132049,41.71725082397461,30.35424995422364,35.25,,0.7786445446363532,mols/page_0070.png,11
163,[C][C][C][C][Branch1][C][C][N][Ring1][Branch1][C][Branch1][C][N][=O],CC1CC(C)N1C(N)=O,2.5017904688307007,3.6797432899475098,0.2843798696994781,36.60523986816406,45.16779708862305,46.33,,0.7784385178010891,mols/page_0009.png,3
1067,[C][C][Branch1][C][C][C][O][C][Branch1][Ring1][C][Ring1][Ring1][Ring1][C][O],CC(C)COC(C)O,2.0644996950521226,1.724002242088318,0.3212114572525024,41.260440826416016,29.919612884521484,29.46,,0.7783929076564826,mols/page_0054.png,7
3462,[N][#C][C][N][C][C][Branch1][C][C][O][C][C][Ring1][Branch1],CC1(CNCC#N)CCO1,2.0196683620478217,4.760944843292236,0.2669021189212799,34.41075897216797,44.73561096191406,45.05,,0.7782863882524612,mols/page_0174.png,2
2089,[C][C][C][Branch1][C][C][O][C][C][Ring1][Branch1][C][Branch1][Ring1][C][O],CCC1(C)OCC1CCO,2.5396683620478213,2.226107120513916,0.319144994020462,39.60424423217773,29.84903907775879,29.46,,0.7779250718196927,mols/page_0105.png,9
2156,[C][N][C][Branch1][Ring1][C][#N][C][Branch1][C][N][C][Ring1][=Branch1][O],CNC1(C#N)C(N)C1O,2.9817904688307006,4.071626663208008,0.2574294805526733,35.24856948852539,79.86817169189453,82.07000000000001,,0.7777629690285826,mols/page_0108.png,16
3217,[N][#C][C][C][Branch1][Ring1][C][Branch1][C][C][C][Ring1][Branch1][C][Branch1][Branch1][C][Ring1][Ring2][C],CC1CCC2C(C#N)C2C1,3.4996683620478213,4.282159328460693,0.3158302307128906,32.810211181640625,23.09051513671875,23.79,,0.7773061063116181,mols/page_0161.png,17
3084,[C][C][C][Branch1][Ring1][C][C][N][C][Branch1][C][C][O][C][Ring1][Ring2],CCC(CC)NC1(C)CO1,2.0396683620478218,1.9538203477859497,0.3204537332057953,41.05145263671875,22.23603630065918,24.56,,0.7771409902719585,mols/page_0155.png,4
2530,[C][C][C][Branch1][C][C][N][C][Branch1][Ring1][C][O][C][Branch1],CCC(C)NC(C)CO,2.5817904688307007,2.2793161869049072,0.2897957563400268,42.12674331665039,33.45615768432617,32.26,,0.7770144932620728,mols/page_0127.png,10
4365,[C][C][Branch1][C][C][C][O][C][Branch1][Ring1][C][Branch1][Branch1][C][Branch1][=Branch1][C][Branch1][#Branch1][C],CCCCCOCC(C)C,1.6196683620478216,0.9929465651512146,0.3400420844554901,43.589630126953125,9.36678409576416,9.23,,0.7766777663744364,mols/page_0219.png,5
3702,[N][#C][C][Branch1][C][C][Branch1][Ring1][C][C][O][C][C][C][Ring1][Ring1],CCC(C)(C#N)OC1CC1,2.0396683620478218,3.452514171600342,0.2912195026874542,37.65126037597656,32.96036529541016,33.02,,0.7765625679953475,mols/page_0186.png,2
2478,[N][#C][C][C][Branch1][C][C][C][Ring1][Branch1][C][Ring1][Ring2][C][Ring1][#Branch1],CC1CC1(C)CC#N,2.524499695052122,4.148536205291748,0.3211928308010101,32.72333526611328,23.31427955627441,23.79,,0.7763091910418749,mols/page_0124.png,18
1563,[C][C][C][Branch1][Ring1][C][O][C][Branch1][C][C][O][O][C],CCC(CO)C(C)OOC,2.5796683620478214,1.463502287864685,0.3268505930900574,41.489532470703125,31.56910514831543,38.69,,0.7762803777584747,mols/page_0079.png,3
3895,[N][#C][C][C][Branch1][Ring1][C][O][C][Branch1][C][C][C][Ring1][Ring2],CC1COCC1CC#N,2.5217904688307007,4.66781759262085,0.2909442782402038,33.174705505371094,32.73152160644531,33.02,,0.7762046087650122,mols/page_0195.png,15
1898,[C][C][C][Branch1][C][C][O][C][Branch1][Ring1][C][O][Branch1][C][O][Ring1][Branch1][C],CC1OC(O)(CO)C1C,3.0017904688307007,2.617039442062378,0.3077216148376465,37.84305191040039,48.793190002441406,49.69,,0.7760001327191497,mols/page_0095.png,18
2700,[C][C][C][Branch1][Ring2][C][C][O][C][Ring1][=Branch1][Branch1][C][C][O],CC1C(CCO)C1(C)O,3.0217904688307007,1.660088300704956,0.3207355141639709,40.66468048095703,40.90805435180664,40.46,,0.7758311206699111,mols/page_0136.png,0
3589,[N][#C][C][C][Branch1][Ring1][C][C][O][C][Ring1][Branch1][C][Ring1][Ring1][C][Branch1][C][O][Ring1],CCC1(CC#N)OC1C=CO,2.5580915038517307,5.079006195068359,0.2425724267959594,34.930503845214844,54.532447814941406,56.55,,0.7755247856315455,mols/page_0180.png,9
3678,[C][Branch1][Ring1][C][C][C][Branch1][C][C][O][C][Branch1][=Branch1][C][Branch1][Ring2][C][Branch1][Branch1][C],CCCCOC(C)CCC,2.119668362047822,0.9528378844261168,0.3380023241043091,43.97410583496094,8.730264663696289,9.23,,0.775291477694968,mols/page_0184.png,18
3879,[C][O][C][Branch1][C][O][Ring1][Branch1][C][C][C][Branch1][Ring1][C][C][O],CCC(O)CCC1(O)CO1,2.5196683620478213,2.049668073654175,0.3226696252822876,38.19825744628906,51.392539978027344,52.99,,0.7747077392556863,mols/page_0194.png,19
3235,[N][#C][C][C][C][Branch1][C][C][O][C][Branch1][Ring1][C][C][Ring1][=Branch1],CCC1OC(C)CC1C#N,3.0396683620478218,3.952456951141357,0.2984935045242309,35.09682846069336,31.892364501953125,33.02,,0.7745979308121236,mols/page_0162.png,15
4007,[C][C][Branch1][C][C][O][C][C][C][Ring1][Ring1][C][Branch1][Ring1][C][O],CC(C)OC1CC1CCO,2.5396683620478213,2.058661699295044,0.3203224241733551,40.04040145874024,29.867042541503903,29.46,,0.7739892311756779,mols/page_0201.png,7
4364,[N][#C][#C][C][C][Branch1][Ring1][C][Branch1][C][O][C][C][C][Ring1][Branch1][C][Ring1][=Branch1],N#CCCC1CCC2CC12O,3.01809150385173,4.001415252685547,0.3020367622375488,33.47121810913086,45.8096809387207,44.02,,0.7736346421934458,mols/page_0219.png,4
3268,[C][C][C][Branch1][C][O][C][O][C][=N],CCC(O)COC=N,2.0444996950521226,4.33715295791626,0.2827482521533966,33.58768844604492,53.764305114746094,53.31,,0.7732536601518999,mols/page_0164.png,8
3033,[C][C][Branch1][Ring1][C][C][C][O][C][Branch1][C][C][Ring1][Branch1][C][O],CC1COC(C)(CO)C1C,3.0396683620478218,2.3828938007354736,0.3167207539081573,39.1836166381836,29.935606002807617,29.46,,0.7729996620413064,mols/page_0152.png,13
3358,[C][C][Branch1][C][C][C][O][C][C][Ring1][Ring1][C][C][N],CC(C)COCCCCN,1.5996683620478216,1.532825231552124,0.3175694644451141,42.144561767578125,31.251678466796875,35.25,,0.7723557693659819,mols/page_0168.png,18
2433,[#Branch2][N][#C][C][Branch1][C][O][C][Branch1][Ring1][C][C][O],CCC(O)C(O)C#N,2.544499695052122,3.997981548309326,0.2914834320545196,33.23883056640625,62.79786682128906,64.25,,0.7718855880416671,mols/page_0122.png,13
3277,[N][#C][C][C][C][Branch1][C][C][N][C][Ring1][Ring2][C],CC1NC1(C)CCC#N,2.5217904688307007,3.279987573623657,0.2908594906330108,37.204872131347656,46.64799880981445,45.73,,0.7717903069028467,mols/page_0164.png,17
4241,[N][C][C][Branch1][C][C][C][O][C][Ring1][Branch1][C][O],CC1(CN)COC1CO,2.5017904688307007,3.1639833450317383,0.2936254143714905,36.77963638305664,54.12571334838867,55.48,,0.7717512652826073,mols/page_0213.png,1
3391,[C][C][C][Ring1][Branch1][C][Branch1][Ring1][C][Branch1][C][C][N][C][C][O],CCC(NCCO)C1CC1,2.0396683620478218,2.140631914138794,0.3207580149173736,39.50569152832031,31.771427154541016,32.26,,0.771544219099431,mols/page_0170.png,11
3693,[C][C][C][Branch1][C][O][C][C][O][N][Ring1][Ring1][C][C][Ring1][Ring2],CCC(O)CC1ON1CC,3.0196683620478217,2.262638807296753,0.313175767660141,40.02753448486328,29.121183395385746,35.77,,0.7712172296937965,mols/page_0185.png,13
114,[C][C][C][N][C][C][O][C][C][Ring1][Ring1][C][C],CCCCOCCNCCC,1.638091503851731,1.632940649986267,0.313018262386322,42.65412139892578,25.460962295532227,21.26,,0.7706199684942684,mols/page_0006.png,14
3207,[C][C][C][Branch1][C][C][O][C][Branch1][Ring1][C][Branch1][N][C][Branch1][Ring2][C][O],CCC(C)OCCCCO,2.099668362047822,1.0492264032363892,0.3293829262256622,42.79489517211914,29.89903450012207,29.46,,0.7699926556877444,mols/page_0161.png,7
3338,[C][#C][C][C][C][Branch1][Ring1][C][C][Ring1][Ring2][C][Branch1][C][C][N],C#CCCC(CC)C(C)N,2.6196683620478214,1.8260306119918823,0.3070280849933624,42.71711730957031,23.146345138549805,26.02,,0.7699436568759168,mols/page_0167.png,18
3054,[C][C][C][N][C][Ring1][Ring2][C][Ring1][Ring1][Branch1][C][C][C][#N],CC1CN2C1C2(C)C#N,3.461790468830701,5.272405624389648,0.2746079862117767,32.96250915527344,26.488920211791992,26.8,,0.768895662510654,mols/page_0153.png,14
1537,[N][#C][C][C][C][Ring1][Ring1][C][C][C][C][Ring1][Branch1],N#CC1CC12CCCC2,2.301790468830701,4.332499027252197,0.3175751864910126,32.327911376953125,22.81134986877441,23.79,,0.7688408951809139,mols/page_0077.png,17
931,[N][#C][C][#C][C][C][C][O][C][Ring1][=Branch1],COCCCC#CC#N,1.581790468830701,5.894206523895264,0.2332119345664978,34.47319412231445,32.019775390625,33.02,,0.7687558169812775,mols/page_0047.png,11
3697,[C][Branch1][C][C][C][O][C][Branch1][Ring1][C][O][Branch1][C][O][N][Ring1][Branch1][C][Ring1][#Branch1],CCCOC(O)(CO)NC,2.0596683620478218,2.0268242359161377,0.2941547632217407,40.45383071899414,59.95326232910156,61.72,,0.7685617893911664,mols/page_0185.png,17
1301,[C][C][N][C][Ring1][Ring1][C][Branch1][Ring1][C][#N][C][C][Ring1][Branch1],CC1NC1C1(C#N)CC1,2.4617904688307006,4.564375877380371,0.2797697484493255,33.60886764526367,45.40824508666992,45.73,,0.7683866838093414,mols/page_0066.png,1
4478,[C][C][C][O][C][Branch1][C][C][Branch1][Ring2][C][O][Ring1][Ring2][C][Ring1][Ring2],CCCOC1(CO)CC1,1.521790468830701,2.0554418563842773,0.3310307562351227,38.83971786499024,30.154375076293945,29.46,,0.768321253518608,mols/page_0224.png,18
2441,[C][C][C][Branch1][Ring1][C][Branch1][C][C][O][C][C][Ring1][Ring1][C][C][N][Ring1][Ring1],CCC(CC)OCCC1CN1,2.078091503851731,1.646059274673462,0.325359970331192,40.90068435668945,30.62864875793457,31.17,,0.7679564988826174,mols/page_0123.png,1
3540,[N][#C][C][C][C][Branch1][Ring1][C][Branch1][C][O][C][Ring1][Branch1][C][C][Ring1][#Branch1],N#CCC12CCC1C2CO,2.9796683620478217,4.419020175933838,0.2919490337371826,33.080291748046875,42.940860748291016,44.02,,0.7678932341358371,mols/page_0178.png,0
3830,[N][#C][C][C][C][Branch1][C][C][Ring1][Ring1][C][C][O][Ring1][Ring1],CC1(C2CO2)CC1C#N,2.9617904688307006,4.364859104156494,0.3043533265590668,32.561283111572266,35.69273376464844,36.32,,0.7677623155914955,mols/page_0192.png,10
2513,[C][#C][C][C][C][Branch1][C][C][O][C][Ring1][Ring2][C][Branch1][Ring1][C][N][C],C#CCCC1(C)OC1C(C)CN,3.117024615544936,2.0030770301818848,0.3112720549106598,40.95307159423828,31.369291305541992,38.55,,0.7673753077568196,mols/page_0126.png,13
3421,[C][C][C][Branch1][C][C][O][C][C][Ring1][Branch1][C][Branch1][Ring1][C][O][O],CCC1(C)OCC1C(O)CO,3.0580915038517307,2.2134499549865723,0.3047951757907867,39.32103729248047,51.14459609985352,49.69,,0.7672456823175866,mols/page_0172.png,1
3596,[C][Branch1][C][C][C][Branch1][Ring1][C][C][O][C][Branch1][Ring2][C][Branch1][O][C][Ring1][Ring2][C],CCCCOC(CC)CC,1.6196683620478216,0.9630430936813354,0.3354653418064117,44.03487777709961,8.861480712890625,9.23,,0.7659661604363632,mols/page_0180.png,16
2230,[=C][O][=C][C][Branch1][C][C][Branch1][Ring1][C][N][=O][C][=C][Ring1][#Branch1],C=COC(C)(CN)COC,2.079668362047822,2.4751808643341064,0.2903443872928619,39.89394378662109,50.02776336669922,44.48,,0.7658705975462327,mols/page_0112.png,10
3921,[N][#C][C][C][Branch1][Ring1][C][O][C][C][C][Ring1][Ring2][C][Branch1],CC1CCC(CC#N)CO1,2.5396683620478213,4.126068592071533,0.2993814945220947,34.17464065551758,32.337249755859375,33.02,,0.7652525339758813,mols/page_0197.png,1
1699,[C][O][C][C][C][Branch1][C][C][Ring1][Ring2][C][Ring1][Branch1][C][O],COC1CC(C)C1CO,3.0217904688307007,2.7787156105041504,0.3147633671760559,37.7647590637207,30.17813301086425,29.46,,0.7649929109326131,mols/page_0085.png,19
2661,[C][Branch1][C][C][C][Branch1][Ring1][C][C][O][C][C][Ring1][Branch1][C][Branch1][Ring2][C][C][N],CCC1OCC(CCCN)C1C,3.117024615544936,1.7187377214431765,0.3176541328430176,41.38188934326172,30.5075740814209,35.25,,0.7649718189512638,mols/page_0134.png,1
2945,[C][C][Branch1][Branch2][C][N][C][Ring1][Ring1][C][#N][C][C][Ring1][Branch2],CC1(C2NC2C#N)CC1,2.4617904688307006,4.6969895362854,0.2764073610305786,33.32592010498047,46.31990814208984,45.73,,0.7643665370793791,mols/page_0148.png,5
3045,[C][C][C][Branch1][C][C][O][C][C][Ring1][Ring1][C][Branch1][Ring1][C][O][O][C][Ring1][Branch1],CCC(C)OCCC1(CO)CO1,2.597024615544936,1.4438127279281616,0.334097683429718,40.31595993041992,35.59973907470703,41.99,,0.7642820474179186,mols/page_0153.png,5
4303,[N][#C][C][Branch1][C][O][C][Branch1][Ring1][C][C][C][Branch1][Branch1][C][C][Ring1][Ring2],N#CC(O)C1CCCCC1,2.0396683620478218,3.569430589675904,0.3050104975700378,34.625736236572266,45.70133209228516,44.02,,0.764151819962252,mols/page_0216.png,3
4431,[N][#C][C][C][C][Branch1][Ring1][C][C][O][C][Branch1][C][C][Ring1][Ring1][Branch1][Ring1][Branch1][C],CC12CCC1(CCC#N)O2,2.4796683620478213,4.3559393882751465,0.2984816431999206,33.24870681762695,34.13134765625,36.32,,0.763606657191653,mols/page_0222.png,11
2538,[N][#C][C][C][Branch1][Ring1][C][C][C][Ring1][Ring1][C],CC1C(C)C1CC#N,2.524499695052122,4.228272914886475,0.3223372101783752,32.093170166015625,23.43874168395996,23.79,,0.7635758361667992,mols/page_0127.png,18
767,[C][C][C][Branch1][C][C][O][C][C][N][C][C],CCNCCOC(C)CC,2.099668362047822,1.605363368988037,0.3130478262901306,42.67242431640625,24.99443817138672,21.26,,0.7634300993004987,mols/page_0039.png,7
4377,[N][#C][C][C][C][Branch1][C][C][O][C][Branch1][Ring1][C][Branch1][Ring2][C][Ring1][#Branch1],CC1OCCCC1CC#N,2.5396683620478213,4.185586452484131,0.2973428666591644,34.13125228881836,32.095115661621094,33.02,,0.7621839925434731,mols/page_0219.png,17
410,[C][C][Branch1][C][C][Branch1][Ring1][C][O][C][Branch1][C][N][C][#N],CC(C)(CO)C(N)C#N,2.061790468830701,2.230400800704956,0.2881309688091278,39.47836685180664,69.49259185791016,70.03999999999999,,0.7619622479773401,mols/page_0021.png,10
3199,[C][Branch1][Ring1][C][C][C][Branch1][C][C][O][C][Branch1][Branch1][C][N][C],CCCC(C)OCCNC,2.099668362047822,1.6193026304244995,0.3153640925884247,42.33415603637695,25.16459274291992,21.26,,0.7612254855907278,mols/page_0160.png,19
4164,[O][C][C][C][Branch1][C][C][O][C][Ring1][Branch1][C][Branch1][Ring1][C][O][O],CC1OC(C(O)CO)C1CO,3.538091503851731,2.294745445251465,0.304314911365509,37.64861297607422,68.4235610961914,69.92,,0.7612186164668052,mols/page_0209.png,4
3270,[N][#C][C][Branch1][C][C][Branch1][Ring1][C][Branch1][O][C][C][C][Ring1][Ring1],CC(C#N)CC1CC1,2.0244996950521226,4.222104072570801,0.3270924389362335,31.617780685424805,23.07342338562012,23.79,,0.761211610938122,mols/page_0164.png,10
4277,[O][C][C][Branch1][C][O][C][Branch1][Ring1][C][C][C][Ring1][Ring1][C][Ring1][Ring2][O],CC12C(O)C1C2C(O)CO,3.959668362047821,3.162753105163574,0.2927538156509399,36.45631790161133,57.05617904663086,60.69,,0.7598642321945975,mols/page_0214.png,17
4379,[N][C][C][Branch1][C][O][C][C][C][Ring1][Branch1][C][C][O],NCC1(O)CCC1CCO,2.5196683620478213,2.1040635108947754,0.3030423521995544,38.76166915893555,64.47086334228516,66.48,,0.7594667045516892,mols/page_0219.png,19
1250,[C][C][C][Branch1][Branch1][C][C][O][C][Branch1][Ring1][C][O],CCC(CO)CCOC,2.081790468830701,1.4208499193191528,0.3256524801254272,41.61734390258789,29.97584724426269,29.46,,0.759327651553247,mols/page_0063.png,10
2902,[C][C][Branch1][Ring1][C][Branch1][C][C][C][O][C][Branch1][Ring2][C][Branch1][Branch1][C][Branch1][#Branch1][C],CCCCOCC(C)CC,2.119668362047822,0.9433916211128236,0.3381305038928985,43.728851318359375,8.72899055480957,9.23,,0.7588416084352642,mols/page_0146.png,2
3652,[C][O][C][C][Branch1][C][C][C][N][C][=O],COCC(C)CNC=O,2.061790468830701,3.3868885040283203,0.2802715599536896,38.15890884399414,40.345062255859375,38.33,,0.7584363636065254,mols/page_0183.png,12
3141,[N][#C][C][Branch1][Ring1][C][C][C][Ring1][Ring1][C][Ring1][Branch1][Ring1][Branch1][C],CC1C2C(C)C12C#N,2.464499695052122,4.534727573394775,0.2900510132312774,34.02269744873047,25.52790260314941,23.79,,0.7584046405300927,mols/page_0158.png,1
2865,[C][Branch1][C][C][Branch1][Ring1][C][Branch1][Branch1][C][Branch1][O][C][C][C][Ring1][Ring1][C][O],CCCCC1CC1CO,2.5417904688307007,1.4272949695587158,0.3428411781787872,40.4923095703125,21.11746597290039,20.23,,0.7583889887672397,mols/page_0144.png,5
2195,[C][#C][C][C][C][Branch1][C][C][O][C][Branch1][Ring1][C][O],C#CCCC(C)OCCO,2.099668362047822,2.201578617095948,0.3140976428985595,39.90245819091797,29.594358444213867,29.46,,0.7576029867616928,mols/page_0110.png,15
4275,[N][#C][C][C][Branch1][C][C][C][Ring1][Branch1][C][O][C][Ring1][#Branch1],CC1CCOCC1C#N,2.5217904688307007,4.50615119934082,0.297383189201355,32.7681770324707,33.267635345458984,33.02,,0.7573883625586807,mols/page_0214.png,15
3127,[C][C][Branch1][Ring1][C][C][O][C][C][C][Ring1][Ring2][C][Branch1][C][C],CCCCCOC(C)CC,2.119668362047822,0.990769386291504,0.336961954832077,43.60551834106445,9.290728569030762,9.23,,0.7573538075984801,mols/page_0157.png,7
3158,[O][C][Branch1][C][C][C][Branch1][Ring1][C][C][O][C][Ring1][Branch1][C][Ring1][Ring1][C][Ring1][Ring2],CCC1OC1(CC)C(C)O,3.0396683620478218,1.5181193351745603,0.3258867263793945,41.019718170166016,31.99589729309082,32.76,,0.7557830748307599,mols/page_0158.png,18
2903,[C][C][C][Ring1][Ring2][C][Branch1][C][C][Branch1][Ring1][C][Branch1][Branch1][C][Branch1][Ring2][C][C][O],CC(CCCCO)C1CC1,2.0596683620478218,1.3105549812316897,0.3430622220039367,40.9199333190918,20.338468551635746,20.23,,0.755734898596921,mols/page_0146.png,3
4415,[N][#C][C][Branch1][Ring1][C][C][Branch1][C][C][C][O][C][Ring1][Ring2][C][C],CCC1CC(C#N)(CC)CO1,2.5780915038517307,3.514735698699951,0.2965060472488403,36.41671371459961,34.45219039916992,33.02,,0.7552173075556431,mols/page_0221.png,15
3097,[C][#C][C][C][C][Branch1][C][C][Ring1][Ring2][C][C][O],C#CCCC(C)CCO,2.101790468830701,1.9742807149887085,0.3163318932056427,41.09695816040039,21.51541519165039,20.23,,0.7552062562757397,mols/page_0155.png,17
1985,[C][C][C][Branch1][Branch1][C][C][N][C][O][C][C],CCOC(CC)CCNC,2.099668362047822,1.857097744941712,0.3049914538860321,42.46078872680664,24.553220748901367,21.26,,0.755038784018886,mols/page_0100.png,5
342,[#C][N][C][C][C][Branch1][Branch1][C][C][O][C],CNCCCCCOC,1.581790468830701,2.0306591987609863,0.3144424855709076,40.61962127685547,27.50649642944336,21.26,,0.7549967945107453,mols/page_0018.png,2
2397,[N][#C][C][Branch1][Ring1][C][O][C][C][Branch1][C][C][C][Ring1][Branch1][C][Ring1][=Branch1],CC1CC(C#N)COC1C,3.0396683620478218,3.960383892059326,0.2987360954284668,34.701263427734375,32.14939880371094,33.02,,0.754809509861767,mols/page_0120.png,17
3553,[N][#C][C][C][Branch1][C][C][C][O][C][C][Ring1][Branch1],N#CCC1CCCOC1,2.021790468830701,4.862034320831299,0.2922101616859436,31.952390670776367,33.01736831665039,33.02,,0.7547392035383499,mols/page_0178.png,13
1644,[O][C][C][C][Branch1][Ring1][C][C][O][C][O],CCC(CCO)OCO,2.061790468830701,1.5028356313705444,0.3204181492328644,40.35242462158203,48.50511169433594,49.69,,0.7544072517080922,mols/page_0083.png,4
4210,[N][#C][C][Branch1][Ring1][C][Branch1][C][O][C][Branch1][Branch1][C][C][Branch1][Ring2][C][C][Ring1][Branch1],N#CC(CO)C1CCCC1,2.0396683620478218,3.404911518096924,0.3083557486534118,34.729496002197266,45.76847457885742,44.02,,0.7543471946109506,mols/page_0211.png,10
189,[N][#C][C][C][C][Ring1][Branch1][C][C],CCCCCC#N,1.5678467081635288,4.239313125610352,0.3483207821846008,29.24526023864746,23.31207847595215,23.79,,0.7542888000993695,mols/page_0010.png,9
1000,[C][C][C][O][C][Branch1][C][C][Branch1][Ring2][C][C][Ring1][Ring2][C],CCCOC(C)(C)CC,1.601790468830701,0.9655792117118835,0.3272112011909485,44.65948867797852,9.084234237670898,9.23,,0.7539217936510714,mols/page_0051.png,0
1078,[N][=C][C][C][C][N][C][Branch1][C][C][Branch1][Branch1][C][O],CC(CO)NCCCC=N,2.079668362047822,3.0696732997894287,0.2643178403377533,39.59858703613281,57.31409454345703,56.11,,0.7536384513504086,mols/page_0054.png,18
2775,[C][C][O][C][Ring1][Ring1][C][Branch1][Ring1][C][#N][C][Ring1][#Branch1][N],CC12OC1C(C#N)C2N,3.441790468830701,4.683114051818848,0.2712866067886352,32.58070755004883,61.3045768737793,62.34,,0.7535375690186132,mols/page_0139.png,15
2922,[C][C][C][Branch1][C][C][O][C][Branch1][Ring1][C][C][Ring1][Branch1][C][Branch1][Branch1][C][N][C],CCC1(CCNC)OC(C)C1C,3.117024615544936,1.6773396730422974,0.3111515045166015,42.95912170410156,18.17759132385254,21.26,,0.7534751893635564,mols/page_0147.png,2
4024,[C][C][C][Branch1][C][C][N][C][C][Ring1][Ring1][C][Branch1][Ring1][C][O][C][Ring1][Branch1][O],CCC(C)N1CC12C(O)C2CO,4.357024615544936,2.507767915725708,0.2929689288139343,39.74560546875,44.16717147827149,43.47,,0.7531783220244324,mols/page_0202.png,4
2635,[C][C][C][Branch1][Ring1][C][C][Ring1][Ring1][C][Branch1][C][O][C][Branch1][Ring2][C][C][O][Ring1],CCC1(C2OC2CCO)CC1,2.51809150385173,1.9060773849487305,0.3367222547531128,38.41822052001953,32.06946563720703,32.76,,0.753169501216178,mols/page_0132.png,15
3898,[C][Branch1][C][C][C][Branch1][Ring1][C][Branch1][Ring2][C][C][O][C][Ring1][Branch1][C][Branch1][Branch1][C],CCC1C(CC)C1CCO,2.5596683620478213,1.3612560033798218,0.3346338272094726,41.54829406738281,20.416580200195312,20.23,,0.7531556641638891,mols/page_0195.png,18
2118,[C][C][C][Branch1][C][C][N][C][Branch1][Ring1][C][C][Ring1][Ring2][C][C],CCC1(C)NC1(CC)CC,2.0596683620478218,1.732392430305481,0.306607037782669,42.888519287109375,22.44564819335937,21.94,,0.7531201354360002,mols/page_0106.png,18
3266,[N][C][Branch1][Ring1][C][C][C][Branch1][C][C][N][C][C][Ring1][Ring2][O],CCC(N)C1CC(O)CN1,3.0196683620478217,2.4983513355255127,0.2952768206596374,38.33075714111328,59.96670150756836,58.28,,0.7528951566192645,mols/page_0164.png,6
1893,[N][C][#C][C][O][C][Branch1][Branch1][C][C][Branch1][Ring1][C][C][O],CCCCC(O)OCC#CN,2.118091503851731,2.116274833679199,0.2905689179897308,40.435791015625,57.24174880981445,55.48,,0.7525073631132275,mols/page_0095.png,13
1438,[C][C][Branch1][C][C][C][O][C][C][N][C][C],CCNCCOCC(C)C,1.5996683620478216,1.7464772462844849,0.309265524148941,42.39422225952149,24.50415229797364,21.26,,0.7523959529020694,mols/page_0072.png,18
3665,[O][C][C][Branch1][Ring1][C][C][C][O][C][Ring1][Branch1][C][Branch1][C][C][Ring1][Ring1][C][Branch1],CC(C)C1OCC(CO)C1C,3.0780915038517307,1.8963812589645384,0.3218975067138672,40.146114349365234,29.52296638488769,29.46,,0.7517055554828087,mols/page_0184.png,5
3998,[N][#C][C][Branch1][C][C][C][Ring1][Branch1][C][Ring1][Ring1][C][C][O],N#CC1CC(CCO)C1,1.521790468830701,3.557546138763428,0.3074442744255066,34.27539825439453,44.545536041259766,44.02,,0.7497991804199471,mols/page_0200.png,18
3901,[C][C][Branch1][Ring1][C][C][C][Ring1][Branch1][C][Branch1][C][C][N][C][C][O],CCC1CC1C(C)NCCO,3.0780915038517307,1.868194341659546,0.3168096244335174,40.50067138671875,32.52279281616211,32.26,,0.7490771998824016,mols/page_0196.png,1
4421,[C][Branch1][C][O][C][Branch1][Ring1][C][Branch1][Branch1][C][C][Branch1][Ring2][C][Ring1][Ring2][C][C][C],CCCC(CO)C1CCC1,2.0596683620478218,1.4333637952804563,0.3431641757488251,40.33271408081055,20.487096786499023,20.23,,0.7490275919291991,mols/page_0222.png,1
3063,[C][C][Branch1][C][C][C][C][C][C][Ring1][Ring1][Ring1][=Branch1][C][#N],CC1(C)CC2CC21C#N,2.4817904688307006,4.341160774230957,0.2912908494472503,34.617149353027344,23.4193058013916,23.79,,0.7486202169668581,mols/page_0154.png,3
2002,[#C][C][C][Branch1][C][C][O][C][Branch1][Branch1][C][O][Ring1][Ring1][C][O],CCC(C)OC1(CO)CO1,2.5196683620478213,2.078763961791992,0.3270526230335235,38.09185409545898,39.80815505981445,41.99,,0.747957401892294,mols/page_0101.png,2
2624,[N][C][C][Branch1][C][O][C][Branch1][Ring1][C][C][C][O][Ring1][Ring2],CC1OCC1C(O)CN,3.0017904688307007,3.015291690826416,0.2939279079437256,37.02828598022461,52.48000717163086,55.48,,0.747210524215261,mols/page_0132.png,4
4320,[O][C][C][Ring1][Ring1][C][C][Branch1][Ring1][C][O][C][Ring1][Branch1][C][C][C],CCCC1C(CO)C1C1CO1,3.518091503851731,2.485419988632202,0.3227424919605255,37.65105819702149,31.32908821105957,32.76,,0.7467112970717678,mols/page_0217.png,0
4037,[C][C][C][Branch1][C][C][O][C][C][Ring1][Ring1][C][Branch1][Ring1][C][C][N][Ring1][Ring1],CCC(C)OCCC1NC1C,3.0780915038517307,1.7887922525405884,0.3191549479961395,40.64058303833008,30.76732063293457,31.17,,0.7460716879745712,mols/page_0202.png,17
4098,[N][#C][C][Branch1][C][C][C][Branch1][Ring1][C][C][Ring1][Ring2][C][Ring1][Branch1][O],CCC1C(O)CC1C#N,3.0217904688307007,3.379002571105957,0.3058349788188934,35.06456756591797,44.13312149047852,44.02,,0.7454298226197347,mols/page_0205.png,18
4223,[C][C][Branch1][C][C][O][C][Branch1][Ring1][C][O][N][C][Ring1][Ring2][O],CC(C)OC1NC(O)C1O,2.9996683620478217,2.485879421234131,0.3034090101718902,37.46345138549805,59.36042404174805,61.72,,0.7451568121884758,mols/page_0212.png,3
1750,[C][C][C][Branch1][C][C][O][C][C][N][C][C][Ring1][Branch1][C][O],CCC(C)OC1CNCC1CO,3.097024615544936,2.0467529296875,0.3066927790641784,40.29590606689453,39.159324645996094,41.49,,0.7446799959968621,mols/page_0088.png,10
943,[C][C][C][Branch1][C][C][O][C][C][N][C],CCC(C)OCCNC,2.081790468830701,1.7788009643554688,0.3111823797225952,41.74160003662109,26.989295959472656,21.26,,0.7434258719861655,mols/page_0048.png,3
4096,[C][Branch1][C][C][C][Branch1][Ring1][C][Branch1][Branch1][C][Branch1][=Branch1][C][C][O][C][Branch1][Ring2][C],CCCCCCCOCC,1.6196683620478216,0.9701605439186096,0.3407280147075653,43.02302932739258,9.458972930908203,9.23,,0.741362902215329,mols/page_0205.png,16
3233,[C][C][C][Branch1][C][C][N][C][Ring1][Ring2][C][Branch1][Ring1][C][C][Ring1][Branch1][C][Branch1][Ring2],CCC(C)C1NC1(C)CC,3.0596683620478218,1.403638482093811,0.3160273134708404,42.98515701293945,21.83066368103028,21.94,,0.7404593798457585,mols/page_0162.png,13
3258,[C][C][C][Branch1][Ring1][C][C][Ring1][Branch1][C][Branch1][Branch1][C][C][O],CCC1(CCCO)CC1,1.541790468830701,1.397126078605652,0.3403100371360779,40.57723236083984,21.05301284790039,20.23,,0.7404321928036638,mols/page_0163.png,18
4114,[N][C][C][Branch1][C][O][C][Branch1][Ring1][C][Branch1][Branch1][C][Branch1][Ring2][C][O][Ring1][Branch1][C],CC1(C(O)CN)CCCO1,2.5196683620478213,2.5168561935424805,0.3017880618572235,37.729740142822266,55.51216506958008,55.48,,0.7402810577474646,mols/page_0206.png,14
4382,[O][C][Branch1][C][C][Branch1][Branch1][C][Branch1][Ring1][C][C][C][Ring1][Ring1][C][Branch1][O][C][C],CCCC1C(C)CC1(C)O,3.0596683620478218,1.284699559211731,0.3287311494350433,42.25519561767578,19.99078941345215,20.23,,0.7398797058301506,mols/page_0220.png,2
2615,[C][C][C][Branch1][Ring1][C][C][O][C][Branch1][C][O][Ring1][Branch1][C][Ring1][Ring2][O],CCC1(CC)OC1(O)CO,2.0196683620478217,1.820981502532959,0.3120938837528229,39.75775146484375,48.793418884277344,52.99,,0.7393750458005781,mols/page_0131.png,15
3456,[C][C][Branch1][C][C][O][C][C][C][Ring1][Ring2][C][C],CCCCCOC(C)C,1.601790468830701,0.9657288789749146,0.3366174399852752,43.421871185302734,9.527767181396484,9.23,,0.7392662713333302,mols/page_0173.png,16
3177,[N][#C][C][C][C][Ring1][Ring1][C][Branch1][Ring1][C][C][Branch1][C],CCCC1CC1C#N,2.524499695052122,4.277618885040283,0.3190110921859741,31.829540252685547,23.22180557250977,23.79,,0.7366178024771189,mols/page_0159.png,17
2673,[N][#C][C][C][Branch1][Ring1][C][C][C][O][C][Ring1][Ring1][C][Ring1][Ring2],CCC(CC#N)C12CC1O2,2.9796683620478217,4.245491981506348,0.2935667634010315,33.8176155090332,32.85908126831055,36.32,,0.7363397716963904,mols/page_0134.png,13
3746,[N][C][Branch1][C][C][Branch1][Ring1][C][C][C][O][C][Branch1][=Branch1][C][C][Ring1][Ring1][C][Branch1],CCC(C)(N)COC1CC1C,3.0780915038517307,1.5890008211135864,0.3139392137527466,41.77582931518555,30.54240798950196,35.25,,0.7362542487201617,mols/page_0188.png,6
2646,[C][C][Branch1][C][C][C][N][C][Branch1][Ring1][C][C][O][C][Branch1],CCC(NCC(C)C)OC,2.099668362047822,1.3023759126663208,0.3103824257850647,43.4503059387207,27.31808280944824,21.26,,0.7361169161560523,mols/page_0133.png,6
4170,[C][C][C][Branch1][Branch1][C][O][C][C][N][C][C][Ring1][Branch1][C][C][O],CCC1COC(C)C(CCO)CN1,3.136437499842364,1.5007611513137815,0.3212429881095886,41.04357147216797,34.515281677246094,41.49,,0.7358226047094616,mols/page_0209.png,10
1934,[C][C][C][Branch1][C][C][N][C][Branch1][Ring1][C][Branch1][Branch1][C][O][C][C][Ring1][Branch1][O],CCOCCC1(O)NC(C)C1C,3.097024615544936,1.619972586631775,0.3102717995643616,41.54481506347656,36.86740493774414,41.49,,0.7357393966683025,mols/page_0097.png,14
3186,[N][#C][C][C][Branch1][Ring1][C][C][C][O][C][Ring1][Branch1][C],CC1OCC(CC#N)C1C,3.0396683620478218,4.031394004821777,0.2899085879325866,35.062068939208984,31.74116516113281,33.02,,0.7356009016827783,mols/page_0160.png,6
2359,[C][C][C][Branch1][Ring1][C][C][Ring1][Branch1][C][C][O][C][Ring1][Ring1][C][O],CCC1(CC2OC2CO)CC1,2.51809150385173,2.0636849403381348,0.3323160111904144,38.01479721069336,31.860076904296875,32.76,,0.7355845090220612,mols/page_0118.png,19
1741,[C][C][C][Branch1][C][C][N][C][C][Ring1][Ring2][C][Branch1][Ring1][C][O][C][Branch1][=Branch1][C],CCC1CC(C(CC)CO)CN1,3.117024615544936,1.6928404569625854,0.3179223239421844,40.93771743774414,30.95418357849121,32.26,,0.7355105271828922,mols/page_0088.png,1
2767,[C][O][C][C][C][Branch1][Ring1][C][C][Ring1][Ring2][C][C],CCC(CC)CCOC,1.601790468830701,1.0479954481124878,0.3349975645542145,43.20446395874024,9.684221267700195,9.23,,0.7352112629369865,mols/page_0139.png,7
4307,[N][#C][C][Branch1][C][C][C][Branch1][Ring1][C][Branch1][Branch1][C][O][C][Ring1][Ring1][C][C][Ring1],C=CC(CC1CO1)C(C)C#N,3.0780915038517307,4.720200538635254,0.260647565126419,35.36118698120117,33.3681640625,36.32,,0.734463112706259,mols/page_0216.png,7
1681,[C][C][C][Branch1][C][C][O][C][Ring1][Branch1][C][O][N][Branch1],CC1OC(CON)C1C,3.0017904688307007,2.792491912841797,0.3042270541191101,37.06914520263672,46.14692306518555,44.48,,0.7339823755200761,mols/page_0085.png,1
1206,[C][C][C][O][C][C][Ring1][Ring2][C][Branch1][Ring1][C][C][Branch1][C][C][N][C],CCC1OCC1C(C)(CC)NC,3.117024615544936,1.5192269086837769,0.3099667131900787,43.28840255737305,18.98947525024414,21.26,,0.7339200327709849,mols/page_0061.png,6
4427,[N][#C][C][C][C][Branch1][C][C][O][C][C][Ring1][Ring2][C][Ring1][Ring1][C],CC1C2CC(CCC#N)OC12,3.518091503851731,4.370950698852539,0.299827516078949,32.70499801635742,32.394718170166016,33.02,,0.733902956260541,mols/page_0222.png,7
4297,[C][C][C][Branch1][C][C][N][C][C][Ring1][Branch1][C][Branch1][Ring1][C][C][O],CCC(O)C1CNC1(C)CC,3.0780915038517307,2.0453665256500244,0.3008843064308166,41.10024642944336,34.133384704589844,32.26,,0.7335335413133823,mols/page_0215.png,17
3810,[C][O][C][Branch1][Ring1][C][O][N][C][Ring1][Branch1][C][C][O],COC1(CO)NC1CCO,2.4996683620478213,2.194276094436645,0.3049159049987793,37.65790557861328,66.42457580566406,71.63000000000001,,0.7331981362592959,mols/page_0191.png,10
3418,[N][#C][C][C][C][Branch1][C][C][O][C][Ring1][Branch1][C][Ring1],C=C1OC(C)C1CC#N,2.5217904688307007,4.634305953979492,0.2853391468524933,33.014381408691406,34.77267837524414,33.02,,0.7328951386609927,mols/page_0171.png,18
1240,[C][C][C][Branch1][Ring1][C][Branch1][Branch1][C][C][O][C][Branch1][Ring2][C],CCC(C)CCCOC,2.101790468830701,1.0466939210891724,0.3364763259887695,42.99222183227539,9.561656951904297,9.23,,0.7306113662038076,mols/page_0063.png,0
4077,[#C][C][#C][C][Branch1][C][C][C][Branch1][Ring2][C][Branch1][Branch1][C][N][C][C][O][C][Ring1],CC#CC(C)C(CCNCC)OC,2.7164374998423635,1.1186476945877075,0.2951215803623199,46.28706359863281,18.451175689697266,21.26,,0.7305868917424789,mols/page_0204.png,17
1841,[C][C][C][O][C][Branch1][C][C][Ring1][Branch1][C][Ring1][Ring1][C][Branch1][Ring1][C][O],CC1(CCCO)CCCO1,2.0396683620478218,2.4984917640686035,0.3191799819469452,37.77340316772461,30.41448974609375,29.46,,0.7304335899538813,mols/page_0093.png,1
1439,[C][C][Branch1][C][C][O][C][C][C][N][C][Ring1][Branch1][C][O],CC(C)OC1CCNC1CO,2.5580915038517307,2.6738078594207764,0.3001912832260132,38.166160583496094,42.18282318115234,41.49,,0.730210589666646,mols/page_0072.png,19
1302,[N][#C][C][C][C][Branch1][Ring1][C][C][N][C][Branch1][C][O][C][Ring1][Ring2][Ring1][=Branch1],CC1C(CCC#N)N2C(O)C12,3.998091503851731,4.213160991668701,0.2847815752029419,33.62751388549805,47.23366928100586,47.03,,0.7294447322708293,mols/page_0066.png,2
4502,[O][C][Branch1][C][C][Branch1][Ring1][C][C][C][Ring1][Ring1][C][Branch1][Branch1][C][Branch1][Ring2][C][Branch1],CCCC1C(C)C1(C)O,3.0417904688307007,1.3968091011047363,0.3193107843399048,42.52750396728516,21.40094757080078,20.23,,0.7294408000212139,mols/page_0226.png,2
4108,[O][C][C][Branch1][Ring1][C][C][C][O][C][Branch1][C][C][Ring1][Branch1][C][Ring1][Ring2],CC1C(CO)COC1(C)C,2.5396683620478213,2.213164091110229,0.3116035461425781,39.60542297363281,30.116432189941406,29.46,,0.7286847167332208,mols/page_0206.png,8
3467,[C][O][C][Branch1][Ring1][C][C][C][Ring1][Branch1][C][C][O],CCC(CCCO)OC,2.081790468830701,1.2805532217025757,0.3251148760318756,41.64337539672852,30.56226348876953,29.46,,0.7282099424494043,mols/page_0174.png,7
506,[C][C][C][Branch1][C][O][C][Branch1][C][C][O][C][Ring1][=Branch1][C],CCC1(O)C(C)OC1C,2.5217904688307007,2.359529733657837,0.3058333098888397,39.64120101928711,30.148311614990234,29.46,,0.7280811168425332,mols/page_0026.png,6
838,[C][C][C][O][C][Branch1][C][O][N][C][O],CCCOC(O)NCO,2.041790468830701,2.081243991851806,0.3019911646842956,38.92627334594727,58.112823486328125,61.72,,0.7278136653800379,mols/page_0042.png,18
2083,[O][C][Branch1][C][C][Branch1][Branch1][C][Branch1][Ring1][C][Branch1][N][C][C][O][C][Ring1][Ring2][C],CC(O)CCC1COC1C,3.0396683620478218,2.2873311042785645,0.3157069683074951,38.8885383605957,30.18515014648437,29.46,,0.7277598730664676,mols/page_0105.png,3
2457,[N][#C][C][Branch1][C][C][C][O][C][Branch1][Ring1][C][Branch1][O][C][Ring1][Branch1][C][O],CC(C#N)C1OCCC1CO,3.0580915038517307,3.365135431289673,0.2930497527122497,35.22712326049805,55.95566940307617,53.25,,0.7271937674238264,mols/page_0123.png,17
4493,[C][O][C][Branch1][C][C][Branch1][Ring1][C][#N][C][C][C][Ring1][Ring1],COC(C)(C#N)C1CC1,2.021790468830701,3.2718095779418945,0.3001161217689514,36.5386848449707,33.797607421875,33.02,,0.7268764341756777,mols/page_0225.png,13
2978,[O][C][C][C][Branch1][C][C][O][C][Ring1][Branch1][C][O],CC1OC(CO)C1CO,3.0017904688307007,2.857757806777954,0.3043300211429596,36.43717193603516,49.459285736083984,49.69,,0.7262589923796173,mols/page_0149.png,18
1656,[N][#C][C][C][O][C][Ring1][Branch1][C][C][Ring1][Ring1][C][O],N#CCCOC1CC1CO,2.5196683620478213,3.5653672218322754,0.2940958738327026,34.559078216552734,53.3233528137207,53.25,,0.7260900410283341,mols/page_0083.png,16
3525,[N][#C][C][Branch1][Ring1][C][Branch1][C][C][Branch1][Branch1][C][Branch1][Ring2][C][Branch1][O][C][Ring1][Branch1],CC1CCCC1C#N,2.524499695052122,4.090882778167725,0.3453496694564819,29.66396713256836,22.830537796020508,23.79,,0.7250854660879164,mols/page_0177.png,5
23,[O][C][=C][C][C][C][O][C][C][Ring1][Ring1][C][C][Branch1][C][C],CCCCCOCCCC=CO,1.6792796155449357,1.7545390129089355,0.2979286909103393,42.8212776184082,27.89576911926269,29.46,,0.7249118011918071,mols/page_0002.png,3
3065,[C][C][Branch1][Ring1][C][C][O][C][C][C][Ring1][Branch1][C][Branch1][Ring2][C][Branch1][C][C][N],CCC(N)C1CCOC(C)CC1,3.117024615544936,1.6083966493606567,0.3245705068111419,40.43281173706055,30.37813186645508,35.25,,0.724387273139159,mols/page_0154.png,5
4270,[N][#C][C][Branch1][C][C][C][Branch1][Ring1][C][C][O][C][Ring1][Branch1][C],CCC1(C(C)C#N)OC1C,3.0396683620478218,2.833689451217652,0.3036311566829681,37.622371673583984,35.656517028808594,36.32,,0.7243088239457068,mols/page_0214.png,10
2188,[C][C][C][Branch1][C][C][O][C][Branch1][Ring1][C][C][N][C],CCC(C)OC(CC)NC,2.5996683620478214,1.445749282836914,0.3067143261432647,43.62213897705078,20.457321166992188,21.26,,0.7240293959227266,mols/page_0110.png,8
1922,[C][#C][C][C][Branch1][C][C][O][C][C][C][Ring1][Ring2][O],C#CCC(C)OCCCO,2.099668362047822,2.191816091537476,0.3078016936779022,40.04207611083984,29.43832015991211,29.46,,0.7234795540935309,mols/page_0097.png,2
4380,[O][C][Branch1][Ring1][C][Branch1][C][C][C][Branch1][Branch1][C][O][C][C][Ring1][Ring1][O],CCOCC1(O)C(C)C1O,3.0196683620478217,2.0358614921569824,0.3058446049690246,39.2053108215332,50.47663879394531,49.69,,0.722990755561246,mols/page_0220.png,0
806,[N][O][=C][C][C][C][O][C][Branch1][C][C][Branch1][Ring2][C][C],CCC(C)OCCCCON,2.118091503851731,1.160250544548035,0.3201830983161926,42.25611877441406,33.8729362487793,44.48,,0.722851953324696,mols/page_0041.png,6
4539,[N][C][Branch1][C][O][C][Branch1][Ring1][C][C][C][Branch1][Branch1][C][C][Ring1][Branch1][C],CC1CCC(C)C1C(N)O,3.0396683620478218,2.111382246017456,0.3050813376903534,39.49139022827149,44.03031539916992,46.25,,0.722705804562674,mols/page_0227.png,19
689,[C][C][C][O][C][C][Branch1][C][C][N][C][C],CCCOCC(C)NCC,2.099668362047822,1.563276767730713,0.3099255263805389,42.58454895019531,23.20186424255371,21.26,,0.7202474308307235,mols/page_0035.png,9
2040,[N][#C][C][C][C][O][C][Branch1][C][C][Ring1][Branch1][C][O],CC1(CO)OCCC1C#N,2.5196683620478213,3.7527883052825928,0.2937483489513397,33.79570007324219,53.40610504150391,53.25,,0.7201711305900884,mols/page_0103.png,0
2297,[N][#C][C][Branch1][C][C][Branch1][Branch1][C][O][C][C][C][Ring1][Branch1],CCOC1CC1(C)C#N,2.5217904688307007,3.5725154876708984,0.2936128377914428,36.0139045715332,33.288787841796875,33.02,,0.719901178844775,mols/page_0115.png,17
2906,[N][#C][C][Branch1][C][C][C][Branch1][Ring1][C][Branch1][Branch1][C][O][C][C][Ring1][Branch1][C][Ring1],CC(C#N)C1CCCOCC1,2.5780915038517307,3.665859699249268,0.3010859489440918,34.988365173339844,31.832218170166016,33.02,,0.7184621430478055,mols/page_0146.png,6
2181,[C][C][C][Branch1][Ring1][C][C][O][C][Branch1][C][C][Ring1][Ring2][C][Branch1][Ring2][C][C],CCCC1(C)OC(CC)C1C,3.0980915038517307,1.3900887966156006,0.3268811106681824,42.67829513549805,7.265369415283203,9.23,,0.7184409030021173,mols/page_0110.png,1
1434,[C][#C][C][Branch1][C][C][Branch1][C][C][C][C][Branch1][C][C][O],C#CC(C)(C)CC(C)O,2.101790468830701,1.443435788154602,0.3147591650485992,42.63629913330078,21.454740524291992,20.23,,0.7183169424478766,mols/page_0072.png,14
3444,[C][C][C][O][C][Branch1][C][C][Branch1][Ring1][C][O][C][Ring1][Branch2],CC1COC(C)(CO)C1,2.5217904688307007,2.699064254760742,0.3168912231922149,37.10909652709961,29.845687866210938,29.46,,0.7182967142102501,mols/page_0173.png,4
624,[C][C][C][O][C][C][C][Ring1][Ring1][C][#N],CCCOC1CC1C#N,2.5217904688307007,3.919767141342163,0.2898434102535248,35.1254997253418,32.742313385009766,33.02,,0.7182762247670947,mols/page_0032.png,4
3173,[N][#C][C][C][Branch1][Ring1][C][C][C][Ring1][Ring1][C][Branch1][Branch1][C][C][N][C][Ring1],CNCCC=C1C(C)C1CC#N,2.617024615544936,4.522733211517334,0.239587053656578,37.65243911743164,37.80462646484375,35.82,,0.7182250405077216,mols/page_0159.png,13
3153,[N][C][Branch1][C][C][C][Branch1][Branch1][C][O][C][C][Ring1][Ring2][C][Branch1][Ring2][C][Ring1][Branch1],CCOCC1(CC)NC1C,2.5396683620478213,1.6706682443618774,0.3181491792201996,40.67007446289063,31.417028427124023,31.17,,0.7175800454401221,mols/page_0158.png,13
2914,[C][C][C][Branch1][C][C][N][C][C][Ring1][Branch1][C][Branch1][Ring2][C][C][O],CCC1(C)NCC1CCCO,2.5780915038517307,1.816436052322388,0.3092859983444214,40.65412902832031,36.28175735473633,32.26,,0.7168782690768247,mols/page_0146.png,14
4134,[C][C][C][Branch1][C][C][Ring1][Ring1][C][Branch1][Branch1][C][Branch1][Ring1][C][C][O][C][C],CCCC(OCC)C1(C)CC1,2.098091503851731,0.8468138575553894,0.3430299460887909,43.028568267822266,7.013798236846924,9.23,,0.716517692962682,mols/page_0207.png,14
3375,[N][#C][C][C][C][Branch1][C][C][Ring1][Branch1][C][Ring1][Ring1][C][Branch1][Ring2][C],CCC=C(C)CCC#N,1.601790468830701,4.330939292907715,0.2585259079933166,37.44097900390625,23.90852165222168,23.79,,0.7155063179818141,mols/page_0169.png,15
4278,[N][#C][C][C][C][Branch1][C][C][Ring1][Branch1][C][O][C][Ring1][Ring2][C],CC1CC(CCC#N)CO1,2.5396683620478213,3.97950291633606,0.2939086556434631,34.45690155029297,32.51630783081055,33.02,,0.7153941726762756,mols/page_0214.png,18
3039,[C][C][Branch1][C][C][C][O][C][Branch1][Branch1][C][Branch1][Ring2][C][Branch1][Ring1][C][O][Branch1][C],CC(C)COCCCCO,1.5996683620478216,0.8725606799125671,0.3307749629020691,42.36700439453125,30.60221290588379,29.46,,0.7153553731888573,mols/page_0152.png,19
3953,[C][C][C][Branch1][C][C][O][C][C][Ring1][Branch1][C][N][C][Ring1][Ring1][C][O],CCC1(C)OCC1C1NC1CO,3.537024615544935,2.2696235179901123,0.304840087890625,38.5196418762207,47.77748107910156,51.400000000000006,,0.7152099176308481,mols/page_0198.png,13
4481,[C][C][C][Ring1][Branch1][C][C][Branch1][Ring1][C][O][C][C],CCC(CO)CC1CC1,2.041790468830701,1.472580909729004,0.3368296027183532,40.22535705566406,21.281612396240234,20.23,,0.7151376085427688,mols/page_0225.png,1
1116,[C][C][C][O][C][C][Branch1][Ring1][C][C][Ring1][Ring1][C],CCCOCC(C)CC,2.101790468830701,0.9436175227165222,0.3364376425743103,43.15951919555664,9.08247184753418,9.23,,0.7148333653895327,mols/page_0056.png,16
1677,[C][C][C][Ring1][Ring1][C][Branch1][Ring1][C][C][Branch1][Branch1][C][C][O],CCC(CCO)C1CC1,2.041790468830701,1.3618087768554688,0.3388898968696594,40.45524978637695,20.79279136657715,20.23,,0.7146577805683842,mols/page_0084.png,17
4117,[N][#C][C][Branch1][C][C][C][Branch1][Branch1][C][O][C][Branch1][Ring2][C][Ring1][Branch1][C][Branch1],CC(C#N)C1(C)CCOC1,2.5396683620478213,3.694560050964356,0.297726422548294,35.10342025756836,32.57427978515625,33.02,,0.7143894894802036,mols/page_0206.png,17
2355,[N][#C][C][C][Branch1][Ring1][C][C][C][Ring1][Ring1][C][Branch1][Branch1][C][O][C][Ring1][Ring2],CC1C(CC#N)C1C1COC1,3.01809150385173,4.325536727905273,0.2903005480766296,33.65290069580078,30.821870803833008,33.02,,0.7142998384225473,mols/page_0118.png,15
3340,[C][C][C][Branch1][Ring1][C][C][O][C][Branch1][C][C][Ring1][Ring1][C][O][Ring1][Ring2][C],CCC1CCC(C)(CO)O1,2.5396683620478213,2.1100659370422363,0.3235009014606476,38.5054817199707,30.44173049926757,29.46,,0.7140595205050703,mols/page_0168.png,0
3878,[#C][C][C][Branch1][C][C][O][C][Branch1][Ring1][C][C][C][Ring1][Branch1],CCC(C)OC(C)CC,2.6017904688307008,1.038487195968628,0.3231724500656128,44.03373718261719,10.473139762878418,9.23,,0.7131273915172439,mols/page_0194.png,18
1959,[C][#C][C][Branch1][C][C][C][Branch1][Ring1][C][O][C][Branch1][Ring2][C][C],C#CC(C)C(CO)CCC,2.6196683620478214,1.567654728889465,0.3113636374473572,42.46797180175781,20.98541641235352,20.23,,0.7127210081244303,mols/page_0098.png,19
1203,[C][C][C][O][C][Branch1][C][C][Branch1][Ring1][C][C][=O],CCCOC(C)(O)CC,2.081790468830701,1.103102207183838,0.3167714774608612,42.925514221191406,30.24687957763672,29.46,,0.7123696577471381,mols/page_0061.png,3
1058,[#C][C][C][C][O][C][Branch1][Branch1][C][O],CCCCOCCO,1.5644996950521224,2.307260274887085,0.3428339958190918,35.767311096191406,30.243621826171875,29.46,,0.7117764458031162,mols/page_0053.png,18
1533,[C][C][C][O][C][C][Ring1][Ring1][C][C][Branch1][C][C],CCCCCOCCC,1.601790468830701,1.006415843963623,0.3393323123455047,42.51989364624024,9.761950492858888,9.23,,0.7113065913089128,mols/page_0077.png,13
1254,[C][C][Branch1][C][C][C][Ring1][Branch1][C][Branch1][Branch1][C][O][C][Ring1][Ring2][C][O],CC1CC1C1(CO)COC1,2.4796683620478213,3.304178237915039,0.3057500422000885,35.9710807800293,28.50712776184082,29.46,,0.710015608292635,mols/page_0063.png,14
66,[C][C][Branch1][C][C][C][O][C][C][Ring1][Ring1][C][C],CCCCOCC(C)C,1.601790468830701,0.9449461102485656,0.3367440402507782,43.03129959106445,9.238234519958496,9.23,,0.7099142487773645,mols/page_0004.png,6
46,[C][C][C][Branch1][C][C][O][C][C][Ring1][Ring1][C][C],CCCCOC(C)CC,2.101790468830701,0.9684310555458068,0.3335705101490021,43.25334167480469,9.344330787658691,9.23,,0.709413474218677,mols/page_0003.png,6
1252,[C][C][C][Branch1][Ring1][C][C][Ring1][Ring1][C][Branch1][C][C][O][C][Ring1][Ring2][C][Ring1][Branch1],CCC1(C2(C)OC2C)CC1,2.4996683620478213,1.69266676902771,0.3421259820461273,39.56037139892578,10.894439697265623,12.53,,0.7090937785266394,mols/page_0063.png,12
959,[C][C][C][C][C][Ring1][Ring1][O][C][Branch1][C][N][=O],CCC1CC1OC(N)=O,2.5017904688307007,2.4162728786468506,0.3167686462402344,36.33252334594727,51.86658477783203,52.32,,0.708711329655185,mols/page_0048.png,19
3537,[C][C][C][Branch1][Ring1][C][C][O][C][Branch1][C][C][Ring1][Ring2][C][Branch1][Branch1][C][O],CCC1OC(C)(CCO)C1C,3.0780915038517307,1.2409718036651611,0.3250788152217865,41.511173248291016,30.11581802368164,29.46,,0.7086929773282056,mols/page_0177.png,17
3809,[N][#C][C][Branch1][C][C][C][Branch1][Ring1][C][O][C][Branch1][Ring2][C][Branch1][O][C][C][Ring1],C=CCCC(CO)C(C)C#N,2.6380915038517307,3.54114317893982,0.256999671459198,38.58221435546875,47.8672981262207,44.02,,0.7082490280374879,mols/page_0191.png,9
2976,[C][N][C][Branch1][C][C][C][Branch1][Ring1][C][Branch1][Branch1][C][O][C][Ring1][Ring1][O],CNC(C)C(O)CC1CO1,3.0196683620478217,2.9961929321289062,0.2868397831916809,37.9997444152832,41.76475143432617,44.79,,0.7074390651827843,mols/page_0149.png,16
3975,[C][Branch1][C][C][Branch1][Ring1][C][O][C][Branch1][Branch1][C][O][Ring1][Branch1][C][Branch1][=Branch1][C][O],CC1C(CCO)COC1O,3.0196683620478217,2.49231481552124,0.3107562661170959,36.833045959472656,49.38684844970703,49.69,,0.7072737396752623,mols/page_0199.png,15
94,[C][C][C][N][C][C][Branch1][C][O][C][C],CCCNCC(O)CC,2.081790468830701,1.998751163482666,0.2933843731880188,41.78169631958008,31.94262313842773,32.26,,0.7071471506394463,mols/page_0005.png,14
3378,[C][C][C][Branch1][C][C][O][C][Branch1][Ring1][C][C][N][C][C][Ring1][Ring1][O],CCC(C)OC(CC)N1CC1O,3.5970246155449352,1.6147663593292236,0.3065800070762634,41.97992706298828,30.251033782958984,32.47,,0.7068744276400873,mols/page_0169.png,18
3695,[O][C][Branch1][C][O][C][C][Branch1][Ring1][C][Branch1][Ring2][C][C][C][Ring1][Branch1][C][Branch1][Branch1],CCCCC1(C)CC(O)O1,2.5396683620478213,1.7541165351867676,0.3232815265655517,39.81421661376953,29.36453628540039,29.46,,0.7067369030046466,mols/page_0185.png,15
3936,[C][N][C][C][C][Branch1][C][C][O][C][Ring1][Ring2][C][Ring1][Ring1],CNCCC1(C)OC1C,2.5217904688307007,1.9867022037506104,0.3175545036792755,39.3870964050293,31.29203414916992,24.56,,0.7065609914783799,mols/page_0197.png,16
2992,[N][#C][C][Branch1][Ring1][C][C][C][Branch1][Branch1][C][C][O][C][Ring1][Ring1][C][Ring1][Branch1],COCC1CC12C(C)C2C#N,3.8380915038517305,3.954567193984986,0.2877126634120941,35.05188751220703,32.37810134887695,33.02,,0.7065385715794914,mols/page_0150.png,12
4068,[N][#C][C][Branch1][C][C][C][Branch1][Ring1][C][Branch1][Branch1][C][O][C][C][Ring1][Ring1][C],CCOCCC(C)=C(C)C#N,1.638091503851731,4.519874095916748,0.2295039296150207,39.07944869995117,30.27718162536621,33.02,,0.7062985232500191,mols/page_0204.png,8
3893,[N][#C][C][C][Branch1][Ring1][C][C][C][O][C][Ring1][Ring1][C][Ring1][Branch1][C],CC1CCC(CC#N)C2OC12,3.518091503851731,4.024089336395264,0.3073424994945526,32.6400260925293,34.03274154663086,36.32,,0.7057319558858342,mols/page_0195.png,13
2306,[C][#C][C][Branch1][C][C][Branch1][Ring1][C][C][C][Ring1][Branch1][C][O],C#CC(C)(CC)CCO,2.101790468830701,1.5765233039855957,0.3142040967941284,42.03855514526367,20.8398380279541,20.23,,0.7055707683175164,mols/page_0116.png,6
164,[N][=C][N][C][Branch1][C][O][C][C][C][Branch1][Ring1][C][O],N=CNC(O)CCCCO,2.0596683620478218,2.1859469413757324,0.2859755754470825,38.63839721679688,73.34072875976562,76.34,,0.7046102095883886,mols/page_0009.png,4
2460,[C][C][C][Ring1][Ring2][C][Branch1][Ring1][C][C][O][C][Ring1][Branch1][C][C][Branch1][C][O],CCC1(C2CC2)OC1CCO,2.51809150385173,1.7181575298309326,0.3344732522964477,38.62223815917969,31.205211639404297,32.76,,0.7044805889357236,mols/page_0124.png,0
1510,[C][C][C][Branch1][Ring1][C][C][O][C][O][O][Ring1],CCC(CC)OCOO,1.561790468830701,1.7905479669570925,0.3129328191280365,40.63721084594727,30.20347595214844,38.69,,0.7043294942485994,mols/page_0076.png,10
3544,[N][#C][C][C][C][Branch1][Ring1][C][=O][C][Ring1][Branch1][C],CC1C(C=O)C1CC#N,3.0217904688307007,6.006958961486816,0.2222902625799179,33.48304748535156,40.3807487487793,40.86,,0.7040129055954268,mols/page_0178.png,4
1625,[N][C][C][O][C][Ring1][Ring1][C][C][C][Branch1][Ring1][C][O],NCC1OC1CCCCO,2.5196683620478213,1.8498656749725344,0.3165818154811859,37.9575309753418,57.39006805419922,58.78,,0.7039950355690451,mols/page_0082.png,5
3503,[C][Branch1][C][O][C][C][C][Ring1][Branch1][C][C][Branch1][Ring1][C][Branch1][O][C][Branch1][Branch1][C],CCCCCC1CCC1O,2.5596683620478213,1.3957418203353882,0.3364191353321075,40.43526840209961,20.338268280029297,20.23,,0.7034505259899706,mols/page_0176.png,3
3684,[C][C][Branch1][C][O][C][Branch1][Ring1][C][Branch1][Branch1][C][C][C][Ring1][Branch1][C][Branch1][O][C],CCC1(C(C)O)CCCC1,2.0596683620478218,1.370024800300598,0.3346143066883087,40.76022720336914,19.66315650939941,20.23,,0.7029945341966696,mols/page_0185.png,4
2235,[C][C][C][Branch1][C][C][N][C][Ring1][Ring1][C][Branch1][Ring1][C][C][O],CCC1CC(C(O)CC)N1,3.0396683620478218,2.0837464332580566,0.3100782334804535,39.56969451904297,33.39631271362305,32.26,,0.702696847214214,mols/page_0112.png,15
4346,[C][N][C][C][C][Ring1][Ring2][C][Branch1][C][O][C][Branch1][Ring2][C][C][O],CN1CCC1C(O)CCCO,2.5580915038517307,2.456566095352173,0.2949253022670746,38.8388557434082,45.10545349121094,43.7,,0.7024355537061042,mols/page_0218.png,6
1915,[C][C][O][C][C][Ring1][Ring1][C][Branch1][Ring1][C][Ring1][Branch1][C][C][N][Ring1][Ring1],CCOCCC(C)C1CN1,2.5396683620478213,1.9365154504776,0.3192548751831054,39.34549331665039,31.09477806091309,31.17,,0.7023295307313011,mols/page_0096.png,15
2791,[C][C][Branch1][Ring1][C][C][C][O][C][Branch1][C][C][N][C],CCC(C)COC(C)NC,2.5996683620478214,1.2843427658081057,0.3110843896865845,43.24745178222656,22.68536376953125,21.26,,0.7021347307236947,mols/page_0140.png,11
896,[C][C][C][C][C][C][Ring1][Ring1][O][C][=O],CCCC1CC1OC=O,2.5217904688307007,4.051080703735352,0.2804883122444153,35.76197814941406,27.0647029876709,26.3,,0.7016898556398058,mols/page_0045.png,16
3442,[C][Branch1][C][C][Branch1][Ring2][C][C][C][O][C][Ring1][Ring1][C][O],CC1CCCC(CO)O1,2.5217904688307007,2.6173720359802246,0.3288225531578064,35.864139556884766,30.506391525268555,29.46,,0.701436165900326,mols/page_0173.png,2
1856,[C][C][C][Branch1][C][C][O][C][Branch1][Branch1][C][O][O][C][C][Ring1][#Branch1],CCC(C)OC(C)COOC,2.6180915038517307,1.492451548576355,0.3143539130687713,42.29230117797852,20.40027236938477,27.69,,0.7008356518767151,mols/page_0093.png,16
1320,[C][C][Branch1][C][C][C][O][C][Branch1][Ring1][C][O],CC(C)COCCO,1.5644996950521224,2.163464069366455,0.3394964337348938,36.45885467529297,30.33212661743164,29.46,,0.7007927742482387,mols/page_0067.png,0
1631,[O][C][C][O][C][Branch1][Ring1][Branch1][O][C][N][C],CNCC(O)OCCO,2.041790468830701,2.526689052581787,0.2893965542316437,37.9644889831543,60.14912033081055,61.72,,0.7005709198366576,mols/page_0082.png,11
2503,[O][C][Branch1][C][C][C][Branch1][Ring1][C][C][Ring1][Branch1][C][Branch1][Branch1][C][O][C][C],CCOCCC1(CC)OC1C,2.5780915038517307,1.2242121696472168,0.3385811448097229,40.83951187133789,19.81634330749512,21.76,,0.7002911766134688,mols/page_0126.png,3
3118,[N][#C][C][Branch1][C][C][C][Branch1][Ring1][C][O][C][Branch1][Branch1][C][N][Ring1][=Branch1],CC(C#N)C1(CO)CCN1,2.5196683620478213,4.085154056549072,0.2690395712852478,34.65861892700195,54.88345336914063,56.05,,0.7002463910349922,mols/page_0156.png,18
2109,[C][C][Branch1][Ring1][C][C][C][O][C][Branch1][C][C][N][Branch1][Ring1],CCC(C)COC(C)N,2.5817904688307007,1.375748872756958,0.3095726370811462,42.36677932739258,31.343191146850582,35.25,,0.7000518191744898,mols/page_0106.png,9
4448,[O][C][Branch1][Ring1][C][Branch1][C][C][C][Branch1][Branch1][C][Branch1][O][C][C][Ring1][Ring2][C][C],CCC(O)C1CCC1CC,3.0596683620478218,1.3197128772735596,0.3332286775112152,41.00196838378906,20.00297737121582,20.23,,0.6992163745366038,mols/page_0223.png,8
2651,[C][C][Branch1][C][C][C][O][C][C][N][C][Ring1][Branch1],CNCCOCC(C)C,1.581790468830701,1.6528853178024292,0.3105161488056183,41.59804916381836,26.353412628173828,21.26,,0.6985957267917852,mols/page_0133.png,11
4237,[C][Branch1][Branch1][C][C][C][Branch1][C][O][C][C][Ring1][Ring1][C][Branch1][Ring1][C][O][N][C],CNC(CO)C1CCCCCO1,2.597024615544936,2.4948160648345947,0.3028538227081299,38.42451858520508,37.20341491699219,41.49,,0.6985455707671898,mols/page_0212.png,17
4235,[C][C][C][Branch1][C][C][Ring1][Branch1][C][Branch1][Ring1][C][C][O][C][Branch1][Ring2][C][C],CCCOC(CC)C1(C)CC1,2.098091503851731,0.8531522750854492,0.3425023555755615,42.74428939819336,7.237304210662842,9.23,,0.6981942230467929,mols/page_0212.png,15
242,[C][#C][C][Branch1][C][O][Branch1][Ring1][C][C][C][Branch1][C][C][O],C#CC(O)(CC)C(C)O,2.5817904688307007,2.0379445552825928,0.2927229404449463,40.85200500488281,40.944923400878906,40.46,,0.6970963698780497,mols/page_0013.png,2
2588,[N][C][Branch1][C][C][C][Branch1][Ring1][C][Branch1][Branch1][C][O][C][Branch1][Ring2][C][Ring1][Ring2][C],CC(N)C(C)CC1CCO1,3.0396683620478218,2.0974934101104736,0.3124125599861145,39.21479415893555,32.916114807128906,35.25,,0.6964775395594333,mols/page_0130.png,8
3909,[O][C][C][C][Ring1][Ring1][C][Branch1][C][C][Branch1][Ring1][C][O][C][Ring1][Ring2][O],OCC1(C2CC2O)CC1O,3.459668362047821,2.5727758407592773,0.3041077256202698,36.3043327331543,58.98173904418945,60.69,,0.6963276167257028,mols/page_0196.png,9
4468,[N][C][Branch1][Ring1][C][Branch1][C][C][Branch1][Branch1][C][Branch1][O][C][C][C][Ring1][Ring1][C][C],CCC(N)CC1CC1CC,3.0596683620478218,1.378993272781372,0.3223052322864532,41.66571044921875,22.47616958618164,26.02,,0.6962982342111333,mols/page_0224.png,8
1705,[O][=C][C][N][=C][NH1][C][=Ring1][Branch1][C][O],O=Cc1nc[nH]c1CO,1.381790468830701,7.115559101104736,0.2019965946674347,29.497371673583984,63.81039047241211,65.98,,0.6944383485529276,mols/page_0086.png,5
3691,[O][C][Branch1][C][C][Branch1][Branch1][C][Branch1][Ring1][C][C][O][C][C][Ring1][Ring1],CCCC(C)(O)OCC,2.081790468830701,1.018947958946228,0.3169592320919037,42.90288925170898,30.55785179138184,29.46,,0.6943803498831137,mols/page_0185.png,11
3628,[C][C][C][Ring1][Ring1][C][Branch1][Ring1][C][O][C][Branch1][Branch1][C][C][Branch1][C][O][Ring1][Branch1],OCCC1C(CO)C12CC2,2.799668362047821,2.359052419662476,0.3125793039798736,37.573760986328125,40.99314498901367,40.46,,0.6943797263704213,mols/page_0182.png,8
1212,[C][C][Branch1][C][C][C][N][Branch1][Ring1][C][O][C][C][Ring1][Branch1],CCN(CO)CC(C)C,1.581790468830701,1.939883589744568,0.2921438217163086,42.49005126953125,24.49313735961914,23.47,,0.6943789056776983,mols/page_0061.png,12
3181,[N][C][C][C][Branch1][C][C][N][C][Branch1][Ring1][C][O][C][C][Ring1][=Branch1],CC(CCN)N1CCC1CO,2.5580915038517307,2.738372802734375,0.282071977853775,38.62431335449219,49.66420364379883,49.49,,0.6939931804929136,mols/page_0160.png,1
4310,[N][#C][C][C][C][Branch1][C][C][O][C][Ring1][Branch1][C][Ring1][Ring2][O],N#CCC1C2CC(O)C1O2,4.199668362047822,4.395387649536133,0.3016265630722046,30.291349411010746,51.8035774230957,53.25,,0.6936734535924796,mols/page_0216.png,10
4163,[C][Branch1][C][O][C][C][C][Branch1][Branch1][C][C][O][Ring1][Branch1][C][Branch1][Ring1][C][O],OCCC1CCOC1CCO,2.5580915038517307,1.991915225982666,0.3193629384040832,37.5623779296875,49.599884033203125,49.69,,0.6930540259139224,mols/page_0209.png,3
621,[N][#C][C][C][O][C][C][C],CCCOCCC#N,1.5644996950521224,3.999880790710449,0.3069784045219421,32.624515533447266,33.018192291259766,33.02,,0.6921668188361391,mols/page_0032.png,1
1771,[C][C][Branch1][C][C][C][O][C][Branch1][Branch1][C][N][C][Branch1][Ring1][C][C][N][Ring1][Ring2],CCC1NCC(OCC(C)C)N1,2.597024615544936,1.7642511129379272,0.3086603283882141,40.5970344543457,35.01854705810547,33.29,,0.6915340317134865,mols/page_0089.png,11
4347,[N][#C][C][C][C][Branch1][Ring1][C][Branch1][C][O][C][Branch1][Ring2][C][C][Ring1][Ring2],N#CCCC1CCCOC1,2.0396683620478218,3.99485182762146,0.2989878058433532,33.46110534667969,32.84580993652344,33.02,,0.6912412258693732,mols/page_0218.png,7
1261,[C][C][C][Branch1][C][C][Ring1][Ring1][C][C][O][C][O],CC1(CCOCO)CC1,1.521790468830701,1.9085692167282104,0.3283455371856689,38.43339157104492,29.676382064819336,29.46,,0.690523979871893,mols/page_0064.png,1
2610,[C][C][C][Branch1][C][C][O][C][C][Ring1][Branch1][C][O][Ring1][Branch1],CCC1(C)OCC1CO,2.5217904688307007,2.321638584136963,0.3097912967205047,38.763431549072266,30.06305694580078,29.46,,0.6899849158405975,mols/page_0131.png,10
2900,[C][#C][C][C][C][Branch1][Ring1][C][O][C][Ring1][Ring1][C][Branch1][C][O],C#CCCC1C(O)C1CO,3.0396683620478218,3.0449538230896,0.2925727665424347,36.97003936767578,41.42240524291992,40.46,,0.6898061731520451,mols/page_0146.png,0
3116,[#C][C][C][C][Branch1][Ring1][C][Branch1][C][C][N][C][Branch1][Branch1][C][O][C][Ring1][Ring2],CCCC(CC)NC1COC1,2.078091503851731,2.0243375301361084,0.3113554418087005,40.28771209716797,22.442033767700195,21.26,,0.6897977197795616,mols/page_0156.png,16
2657,[N][#C][C][Branch1][C][C][C][Branch1][Ring1][C][C][O][C][Ring1][=Branch1],CCC1OCCC1C#N,2.5217904688307007,4.089208602905273,0.2970067858695984,33.28605270385742,32.80128860473633,33.02,,0.6893317054835066,mols/page_0133.png,17
1555,[C][C][C][O][C][C][Ring1][Ring2][C][Branch1][C][C][Branch1][Ring1][C][O],CCC1OCC1C(C)CO,3.0396683620478218,2.099616289138794,0.3167047500610351,38.88106536865234,29.89389419555664,29.46,,0.689297942990676,mols/page_0078.png,15
3740,[C][C][C][Branch1][Ring1][C][C][N][C][Branch1][C][C][O][C][Ring1][Branch1][C][Branch1][Ring2][C],CCC(CC)N1C(C)OC1CC,2.617024615544936,1.4140836000442505,0.3152461051940918,43.21796798706055,8.377130508422852,12.47,,0.6889172699392168,mols/page_0188.png,0
1585,[C][C][Branch1][C][C][C][Ring1][Branch1][C][N][C][C][O],CC1CC1CNCCO,2.5217904688307007,2.4578306674957275,0.304595023393631,38.48723602294922,33.78504943847656,32.26,,0.6888490348194575,mols/page_0080.png,5
2654,[C][C][C][O][C][C][Ring1][Ring1][C][Branch1][Ring1][C][O][Ring1][Ring2][C],CCCOCCC(C)CO,2.099668362047822,0.6379631757736206,0.3306795954704284,42.79781723022461,30.84589385986328,29.46,,0.688759662673924,mols/page_0133.png,14
4127,[N][#C][C][C][Branch1][C][C][Ring1][Ring1][C][C][C][N][C][Ring1][=Branch1],N#CCC1CCCNCC1,2.0396683620478218,4.496371269226074,0.2702922523021698,34.249351501464844,36.07145309448242,35.82,,0.6884661800890214,mols/page_0207.png,7
4167,[C][O][C][Branch1][Ring1][C][C][C][Ring1][Ring1][C][Branch1][C][C][Branch1][Branch1][C][O],COC1C(C)C1C(C)CO,3.5396683620478213,1.6326541900634766,0.3174545168876648,40.55906677246094,29.458999633789062,29.46,,0.6884528393707897,mols/page_0209.png,7
1520,[C][C][C][Branch1][Ring1][C][C][O][C][Branch1][C][O][O][C][Ring1][Ring2],CCC(CC)OC1(O)CO1,2.0196683620478217,1.7689441442489624,0.3226100206375122,39.104373931884766,34.66405487060547,41.99,,0.6871503386457745,mols/page_0077.png,0
2799,[C][C][Branch1][Ring1][C][C][C][Ring1][Ring1][C][O][C][Branch1][Branch1][C][C][N][Ring1][Branch1],CC1C(C)C1COCCCN,2.5780915038517307,1.628918170928955,0.3164767920970917,40.54203796386719,30.81416130065918,35.25,,0.6867565577077328,mols/page_0140.png,19
418,[#C][C][C][C][Branch1][C][=O][O][N][=O],CCCC(O)ON=O,2.0244996950521226,3.0084824562072754,0.2822798788547516,37.07477951049805,54.90249252319336,58.89,,0.6863795477199538,mols/page_0021.png,18
1150,[C][C][C][Branch1][C][C][O][C][Branch1][Branch1][C][O],CCC(C)OCCO,2.0644996950521226,2.2637815475463867,0.3323392271995544,36.56917572021485,30.4885196685791,29.46,,0.6860749875317438,mols/page_0058.png,10
1420,[C][C][=Branch1][C][=O][O][C][C][Branch1][C][O][C][O],CC(=O)OCC(O)CO,2.041790468830701,4.008281707763672,0.2528519332408905,35.507755279541016,66.15052032470703,66.76,,0.6857574990890878,mols/page_0072.png,0
3610,[C][C][C][Branch1][C][C][O][C][Branch1][Branch1][C][O][Ring1][Ring2][C][Ring1][Branch1][C][Ring1][Ring2],CCC(C)OC1CCC1O,3.0396683620478218,1.996466875076294,0.3145194053649902,39.47123718261719,29.346656799316406,29.46,,0.6856537217996272,mols/page_0181.png,10
3690,[N][#C][C][Branch1][C][C][C][Branch1][Ring1][C][O][C][C][Ring1][Ring1][C],CC1CC(C(C)C#N)CO1,3.0396683620478218,3.757948875427246,0.2934572696685791,34.91779327392578,31.535400390625,33.02,,0.685620732091725,mols/page_0185.png,10
1606,[N][#C][C][Branch1][Ring1][C][N][C][=C][C][O][Ring1][#Branch1],N#CC1(CN)C=CCO1,2.001790468830701,5.545505046844482,0.2373014092445373,31.950138092041016,58.74529266357422,59.040000000000006,,0.6853564013211567,mols/page_0081.png,6
3526,[N][#C][C][C][Branch1][C][O][C][Branch1][Ring1][C][Branch1][Ring2][C][Branch1][Branch1][C][C][O][Ring1],N#CCC(O)CCCCC=O,2.118091503851731,4.47029447555542,0.2306591868400573,36.63734817504883,58.52711486816406,61.09,,0.684941081675354,mols/page_0177.png,6
1728,[C][#C][C][Branch1][Ring1][C][O][N][C][Branch1][C][N][=O],C#CC(CO)NC(N)=O,2.041790468830701,2.88011121749878,0.2868202328681946,35.685081481933594,72.8922348022461,75.35,,0.6848427197262248,mols/page_0087.png,8
3428,[C][C][C][Branch1][C][C][O][C][Branch1][Branch1][C][Branch1][Ring2][C][C][N][C][C][Ring1],C=CC(CCCN)OC(C)CC,2.677024615544936,1.9599915742874143,0.2694887518882751,44.01788330078125,31.78624725341797,35.25,,0.6842994642791285,mols/page_0172.png,8
2923,[C][O][C][Branch1][C][C][C][Branch1][Branch1][C][O][O][C][C],COOCC(C)C(C)OC,2.5796683620478214,1.4450740814208984,0.3242223262786865,41.1634635925293,20.677377700805664,27.69,,0.6841393587734402,mols/page_0147.png,3
4227,[N][C][C][Branch1][C][C][C][O][C][Branch1][Ring1][C][Branch1][=Branch1][C][C][Ring1][Ring1][C],CC(CN)COCC1CC1C,3.0780915038517307,1.497771382331848,0.3226665258407593,40.39241409301758,30.137439727783203,35.25,,0.6834478765409526,mols/page_0212.png,7
551,[C][O][C][C][C][C][Branch1][C][C][O][C],COCCCC(C)OC,2.081790468830701,1.2412198781967163,0.3309671878814697,41.35087585449219,18.53394317626953,18.46,,0.6815442513266403,mols/page_0028.png,11
1211,[C][C][C][O][C][Branch1][Ring1][C][C][Ring1][Branch1][C][O],CCC1(CO)CCCO1,2.021790468830701,2.643016576766968,0.3185057938098907,36.5405158996582,29.998085021972656,29.46,,0.6813992566498713,mols/page_0061.png,11
239,[C][N][C][C][C][O][C][C],CCOCCCNC,1.5644996950521224,1.8865926265716555,0.3078285455703735,40.65281677246094,27.10394287109375,21.26,,0.6804409446138814,mols/page_0012.png,19
2663,[C][C][Branch1][C][C][C][O][C][Branch1][Ring1][C][C][Ring1][Ring2][C][C][N],CCC1(CCN)CC(C)CO1,2.5780915038517307,1.5898158550262451,0.3196220695972442,40.29972457885742,30.2802963256836,35.25,,0.6802462814670287,mols/page_0134.png,3
2936,[C][C][C][Branch1][Ring1][C][Branch1][C][C][O][C][Branch1][Ring2][C][C][Ring1][Branch1][C][O],CCC1CCCCC(CO)O1,2.5780915038517307,2.043666362762451,0.3302666246891022,37.4946517944336,30.59592056274414,29.46,,0.6801081730416093,mols/page_0147.png,16
2184,[C][C][C][Branch1][C][C][N][Ring1][Ring2][C][C][C][Ring1][Ring1][O],CC1C(C)N1C1CC1O,3.461790468830701,3.220893859863281,0.2948978543281555,37.25871276855469,23.817522048950195,23.24,,0.6796210468209065,mols/page_0110.png,4
1571,[C][C][C][Branch1][Ring1][C][C][O][C][C][Ring1][Branch1][C][C][N][Ring1][=Branch1],CCC1OCC(CCN)C1C,3.0780915038517307,1.9870140552520752,0.3119207322597503,39.55993270874024,30.84540557861328,35.25,,0.679598518453234,mols/page_0079.png,11
2946,[N][C][#C][C][Branch1][Ring1][C][C][C][Branch1][C][C][N][Branch1][C][O][C][Branch1],CCC(C#CN)C(C)N(C)O,2.6180915038517307,1.7633883953094482,0.2852490544319153,42.22260665893555,42.58211898803711,49.49,,0.6791723541133243,mols/page_0148.png,6
4138,[C][C][C][Branch1][C][C][Ring1][Branch1][C][Ring1][Ring2][C][Branch1][Ring1][C][O][C][C][O],CC12CC1C2C(CO)CCO,3.518091503851731,1.961071491241455,0.3182229995727539,38.152076721191406,41.94772338867188,40.46,,0.6790740463463028,mols/page_0207.png,18
2022,[C][C][C][Branch1][Ring1][C][C][N][Branch1][Ring1][Branch1][C][C][O][C],CCC(CC)N(C)COC,1.5996683620478216,1.5518851280212402,0.306728333234787,43.09404373168945,12.572064399719238,12.47,,0.6787766226341677,mols/page_0102.png,2
3812,[N][#C][C][C][Branch1][C][O][C][C][Ring1][Branch1][C][Branch1][Ring1][C][O][Ring1][Branch1],N#CC1C2CC1(O)C2CO,4.199668362047822,3.9028823375701904,0.2896425724029541,32.397830963134766,61.03548431396485,64.25,,0.678464554306788,mols/page_0191.png,12
1634,[N][#C][C][#C][C][N][C][Ring1][Branch1][C][O],N#CC#CCNCCO,1.561790468830701,5.928404331207275,0.2044341117143631,33.9235954284668,56.53219223022461,56.05,,0.676452075987002,mols/page_0082.png,14
3662,[N][#C][C][Branch1][C][O][C][Branch1][Branch1][C][C][C][Branch1][Ring1][C][O][N][C][Ring1][Branch1],N#CC(O)C1CCC(CO)CN1,3.077024615544936,3.4994144439697266,0.2771983742713928,34.032371520996094,75.48536682128906,76.28,,0.676231313013088,mols/page_0184.png,2
3367,[N][#C][C][C][C][Ring1][Ring1][C][Branch1][Ring1][C][C][O][C][Ring1][Branch1][C][Ring1][Ring2],N#CC1CC1C12CCCC1O2,3.458091503851731,4.680855751037598,0.2977337539196014,30.78706741333008,32.870849609375,36.32,,0.675773112950415,mols/page_0169.png,7
937,[O][C][C][C][O][C][Branch1][C][N][C],CC(N)OCCCO,2.0444996950521226,2.090993642807007,0.3063673079013824,37.83317947387695,55.00266647338867,55.48,,0.6757637546999846,mols/page_0047.png,17
1909,[C][C][C][Branch1][Ring1][C][C][N][C][Branch1][C][C][Ring1][Branch1][C],CCC1(CC)NC1(C)C,1.541790468830701,1.69465172290802,0.3008245527744293,42.369537353515625,22.376781463623047,21.94,,0.6757204029058527,mols/page_0096.png,9
2931,[C][C][Branch1][C][C][C][Ring1][Branch1][C][O][C][Branch1][Branch1][C][Ring1][Ring1][C][O],CCC(O)OCC1CC1C,3.0396683620478218,1.5568724870681765,0.3288678228855133,39.50433349609375,28.877256393432617,29.46,,0.6755315766785612,mols/page_0147.png,11
2348,[C][C][C][Branch1][C][C][O][C][C][Ring1][Ring1][C][Branch1][Ring1][C][C][#N][C][Ring1][Branch1],CCC(CCOC(C)CC)=NC,2.177024615544936,1.2443383932113647,0.301833301782608,44.71042251586914,12.094778060913086,21.59,,0.6747607733001435,mols/page_0118.png,8
4358,[C][C][Branch1][C][C][C][O][C][Branch1][Branch1][C][O][O][C][C],COOCC(C)OCC(C)C,2.118091503851731,1.1122490167617798,0.3241798281669616,42.31824493408203,19.680469512939453,27.69,,0.6741256970733378,mols/page_0218.png,18
3362,[C][C][C][Branch1][Ring1][C][C][O][C][C][Ring1][Ring1][C][Branch1][C][C][N][C][Ring1][Branch1],CCC(CC)OCC1CNC1C,2.617024615544936,1.3442171812057495,0.3180732131004333,42.04888916015625,19.780414581298828,21.26,,0.6725184613931715,mols/page_0169.png,2
4202,[N][#C][C][C][C][C][Ring1][Ring2][C][Ring1][Branch1][Branch1][C][O][C][Ring1][=Branch1],N#CC12C3CC1C2(O)C3,3.401790468830701,5.67016077041626,0.2724083364009857,28.79387855529785,44.08985137939453,44.02,,0.6722891098273206,mols/page_0211.png,2
1734,[C][C][C][Branch1][C][C][#C][C][Branch1][Ring1][C][C][O][C][Branch1][Branch1][C][O],CCC(C)=CC(CC)OCCO,2.177024615544936,2.1227011680603027,0.2696193754673004,43.3716049194336,29.58289337158203,29.46,,0.6721932257976406,mols/page_0087.png,14
2571,[C][C][C][Branch1][C][C][Ring1][Ring1][C][Branch1][Ring1][C][C][O][C][Ring1][Branch1][C],CCC1(C2(C)CC2)OC1C,2.4996683620478213,1.6344064474105835,0.3403334021568298,39.39925003051758,10.230840682983398,12.53,,0.6714137021953153,mols/page_0129.png,11
4269,[O][C][C][Branch1][Ring1][C][C][O][C][Ring1][Ring1][C][Branch1][C][O][O][C][Branch1],COC(O)C1CCC(CO)O1,3.0380915038517307,2.138453483581543,0.3208705484867096,35.97467803955078,56.50951766967773,58.92,,0.670903383692407,mols/page_0214.png,9
3954,[C][C][Branch1][C][O][C][C][Ring1][Branch1][C][C][C][=Branch1][C][O],OCCCC1CC(O)C1,1.521790468830701,1.722975730895996,0.3286075592041015,37.9325065612793,40.56749725341797,40.46,,0.6701734917073355,mols/page_0198.png,14
104,[C][N][=C][O][C][C][O][C][=O],CN=COCCOC=O,1.541790468830701,4.576580047607422,0.2627007663249969,33.620845794677734,46.66495513916016,47.89,,0.6700685983393969,mols/page_0006.png,4
3353,[N][C][C][C][Branch1][Ring1][C][C][N][C][Branch1][C][C][O][C][Ring1][Branch1],CCC(CCN)N1COC1C,2.5580915038517307,2.072020530700684,0.3051292598247528,39.48795318603516,34.68458938598633,38.49,,0.6698044019266877,mols/page_0168.png,13
4529,[N][C][C][C][Branch1][Ring1][C][O][C][C][O][Ring1][Ring2],NCCC1CCOOC1,2.001790468830701,3.133009910583496,0.3063268959522247,34.729713439941406,43.73017120361328,44.48,,0.6697735708278789,mols/page_0227.png,9
3640,[C][C][C][Branch1][Ring1][C][Branch1][C][C][O][C][C][Ring1][Branch1][C][O],CCC1OCC(CO)C1C,3.0396683620478218,2.1104936599731445,0.3166988492012024,38.5213623046875,29.88698005676269,29.46,,0.6695799887677781,mols/page_0183.png,0
3694,[N][#C][C][C][Branch1][Ring1][C][O][C][Branch1][C][O][Branch1][Branch1][C][C][Ring1][Branch1][C][Ring1],N#CCC1COC2CC1(O)C2,2.738091503851732,4.278529167175293,0.2864483892917633,31.720706939697266,53.92927169799805,53.25,,0.6690905693224924,mols/page_0185.png,14
4386,[C][Branch1][C][C][C][Branch1][Ring1][C][C][N][C][C][Ring1][Branch1][C][Branch1][Branch1][C][N][Branch1],CCC1NCC(CCN)C1C,3.0780915038517307,2.000974416732788,0.3000958561897278,39.91999816894531,39.03719711303711,38.05,,0.6688541753737395,mols/page_0220.png,6
678,[C][C][C][O][C][C][N][C][C],CCCOCCNCC,1.581790468830701,1.838381290435791,0.3052950203418731,41.07558059692383,24.508075714111328,21.26,,0.667217842120851,mols/page_0034.png,18
1956,[C][C][C][O][C][C][Branch1][Ring1][C][C][Ring1][Ring2][C][C][=Branch1][C],CCC1OCC1(CC)CC,2.0596683620478218,1.6783379316329956,0.3249664902687073,40.8138427734375,9.1298189163208,9.23,,0.666315153154253,mols/page_0098.png,16
2419,[C][C][Branch1][C][C][O][C][Branch1][Ring1][C][Branch1][Ring2][C][O],CC(C)OCCCO,1.5644996950521224,2.280031681060791,0.326497882604599,36.81888198852539,30.04261779785156,29.46,,0.666181060292389,mols/page_0121.png,19
3832,[C][#C][C][C][Branch1][Ring1][C][C][Ring1][Ring1][C][Branch1][C][C][C][O],C#CCC(CC)C(C)CO,2.6196683620478214,1.2835359573364258,0.315295547246933,42.43637847900391,20.010448455810547,20.23,,0.6660329370086143,mols/page_0192.png,12
3795,[N][#C][C][C][C][Branch1][C][O][C][C][Ring1][Branch1][C][Ring1][=Branch1],N#CCC12CC1CC2O,2.9617904688307006,4.061062812805176,0.2996178865432739,31.88298225402832,44.05611801147461,44.02,,0.6660122742963578,mols/page_0190.png,15
2787,[N][C][C][C][Ring1][Ring1][C][Branch1][C][C][Branch1][Branch1][C][Branch1][Ring1][C][O][C][Ring1][Branch1],NC1CC1C1(CCO)CC1,2.4796683620478213,2.140519142150879,0.3089608252048492,38.166263580322266,42.43771362304688,46.25,,0.664818272527494,mols/page_0140.png,7
2592,[C][C][C][Branch1][Ring1][C][C][O][C][Branch1][C][C][N][C][Ring1][Ring2],CCC(CC)OC1(C)CN1,2.0396683620478218,1.540291428565979,0.312857449054718,40.87339782714844,30.87337303161621,31.17,,0.664307908025162,mols/page_0130.png,12
3815,[N][#C][C][C][C][Ring1][Ring1][C][C][Branch1][Ring1][C][N][C][Branch1][C][O][C][Ring1][Ring2],N#CC1CC1CC1CNCC1O,3.537024615544935,3.784247636795044,0.2772054672241211,34.20722579956055,56.77350997924805,56.05,,0.6641009998302358,mols/page_0191.png,15
2716,[C][C][C][O][C][Branch1][Ring1][C][O][O],CCCOC(O)CO,2.0444996950521226,2.972907781600952,0.3091017603874206,34.642066955566406,47.62994384765625,49.69,,0.6636393252966052,mols/page_0136.png,16
2840,[C][C][C][Branch1][C][C][N][C][Branch1][Branch1][C][Branch1][Ring1][C][C][O][C][Ring1][Branch1],CCC(C)NC1OCC1CC,3.0780915038517307,1.9287341833114624,0.3096382617950439,40.527130126953125,20.57558822631836,21.26,,0.6630403464283021,mols/page_0143.png,0
3592,[N][#C][C][#C][C][C][N][C][=O],N#CC#CCCNC=O,1.561790468830701,5.967339515686035,0.2234080135822296,32.09214782714844,50.14243316650391,52.89,,0.6623622137990028,mols/page_0180.png,12
2013,[C][C][C][Branch1][Ring1][C][C][O][C][C][Ring1][Branch1][C][Branch1][C][C][=Branch1][C][=O],CCC1OCC(C(C)O)C1C,3.578091503851731,1.6691385507583618,0.317263126373291,40.010379791259766,29.52774429321289,29.46,,0.6621463765662132,mols/page_0101.png,13
958,[C][C][C][O][C][Branch1][C][C][Branch1][Ring1][C][O],CCCOC(C)CO,2.0644996950521226,2.239553451538086,0.330839455127716,36.43506622314453,30.21686744689941,29.46,,0.6615338536287637,mols/page_0048.png,18
3316,[C][C][C][Branch1][Ring1][C][C][Ring1][Branch1][C][C][O][C][Ring1][Ring2][C][C][N],CCC1(C2COC2CCN)CC1,2.557024615544936,1.88468074798584,0.3146742284297943,39.44319152832031,29.77012252807617,35.25,,0.6613330163684408,mols/page_0166.png,16
2374,[C][C][C][Branch1][C][C][O][C][Branch1][Ring1][C][C][Ring1][Branch1][C][Ring1][Ring2][C][Ring1][=Branch1],CCC1(CC)OC(C)C1C,2.5596683620478213,1.4962708950042725,0.3225615620613098,41.70293426513672,8.386889457702637,9.23,,0.6607102952648207,mols/page_0119.png,14
2174,[C][#C][C][Branch1][C][C][C][Branch1][Branch1][C][Branch1][Ring1][C][O][C][Branch1][Ring2][C][Branch1][O],C#CC(C)C(CC)CCO,2.6196683620478214,1.3501478433609009,0.311240017414093,42.47218704223633,20.57698631286621,20.23,,0.660533622716781,mols/page_0109.png,14
4410,[N][#C][C][C][Branch1][Ring1][C][C][C][Ring1][Branch1][C][Branch1][C][O][C][Ring1][Ring1][C][Branch1],CC=C(O)C1C(C#N)C1CC,3.0780915038517307,4.097648620605469,0.2486084401607513,36.81144714355469,45.001747131347656,44.02,,0.6600858775877037,mols/page_0221.png,10
4293,[N][C][C][C][Branch1][C][C][Ring1][Branch1][C][Branch1][Ring1][C][O][C][Branch1][Ring2][C][Branch1],CCC(CO)C1(C)CCN1,2.5396683620478213,1.7581192255020142,0.3090200126171112,40.1510124206543,33.97095489501953,32.26,,0.6600236335698927,mols/page_0215.png,13
3699,[N][#C][C][C][Branch1][C][C][C][Ring1][Ring1][C][Branch1][Ring1][C][C][O][C],CCC(C=C(C)CC#N)OC,2.138091503851731,3.6172707080841056,0.2537670731544494,39.091983795166016,31.53948783874512,33.02,,0.6597666629215506,mols/page_0185.png,19
1913,[C][C][Branch1][C][C][C][Ring1][Branch1][C][O][C][Ring1][Ring1][C][O],CC1CC1C1OC1CO,3.461790468830701,2.371399641036988,0.3316419720649719,35.71486282348633,31.758272171020508,32.76,,0.659688344681171,mols/page_0096.png,13
1308,[C][C][C][Branch1][Ring1][C][O][C][C][Ring1][Ring1][C][C][N],CCC1COC(CCN)C1,2.5396683620478213,2.2691500186920166,0.3127532005310058,38.0770263671875,31.13734245300293,35.25,,0.6594960659909253,mols/page_0066.png,8
3967,[C][C][C][Branch1][C][C][Ring1][Ring1][C][Branch1][Branch1][C][N][C][C][O],CCNCC(O)C1(C)CC1,2.0396683620478218,2.3035831451416016,0.2924404442310333,40.272586822509766,27.96470642089844,32.26,,0.659309592730949,mols/page_0199.png,7
2418,[N][#C][C][C][Branch1][C][C][C][O][C][Ring1][Ring2][C],CC1CC(CC#N)CO1,2.5217904688307007,4.200610637664795,0.2884563505649566,33.28848648071289,32.37151336669922,33.02,,0.6589546965894257,mols/page_0121.png,18
4538,[C][O][C][Branch1][C][C][Branch1][Ring1][C][Branch1][O][C][O][N][C][C][Ring1][Ring1][C][C],CCC1CN1OCCC(C)OC,3.097024615544936,1.4980396032333374,0.3240385353565216,41.459022521972656,9.023494720458984,21.47,,0.6584257695110917,mols/page_0227.png,18
2762,[C][C][C][Branch1][C][C][Ring1][Ring1][C][C][O][C][Branch1][Ring1][C][N],CC1(CCOCCN)CC1,1.5396683620478215,1.8894637823104856,0.3183699250221252,38.844573974609375,31.72405815124512,35.25,,0.6581177387156293,mols/page_0139.png,2
1875,[C][C][Branch1][Ring1][C][C][C][Ring1][Ring1][C][Branch1][C][C][=Branch1][C][C][O][C][Branch1][=Branch1],COC(C)(C)C1C(C)C1C,2.5596683620478213,1.103791117668152,0.3215414881706238,43.15791702270508,9.166330337524414,9.23,,0.6577172828136861,mols/page_0094.png,15
2303,[C][O][C][C][Branch1][C][O][O][C][Branch1][Ring1][C][Branch1][Branch1][C][C][C][Ring1][Ring1],COCC(O)OCCC1CC1,2.058091503851731,1.774594783782959,0.3273538649082184,37.96455383300781,36.582706451416016,38.69,,0.6572795430010201,mols/page_0116.png,3
1421,[C][C][C][Branch1][Ring1][C][O][C][Branch1][C][C][O][Branch1][C][N][C][Ring1][Branch1],CCC(CO)C1CCNCO1,2.5580915038517307,2.355482339859009,0.3078621029853821,37.7197494506836,37.64078903198242,41.49,,0.656986566918587,mols/page_0072.png,1
4160,[C][Branch1][Ring1][C][C][Branch1][C][O][C][C][Ring1][Branch1][C][C][C],CCCC1CC(O)C1C,3.0417904688307007,1.429806113243103,0.3303326964378357,40.12568283081055,20.95852470397949,20.23,,0.6566834305298198,mols/page_0209.png,0
662,[C][C][C][O][C][Branch1][Ring2][C][O][N],CCCOCCON,1.5444996950521224,1.6552984714508057,0.3139315545558929,39.22053146362305,43.823726654052734,44.48,,0.6566326571475406,mols/page_0034.png,2
547,[NH3+1][C][C][C][Branch1][C][C][O][C][C],CCOC(C)CC[NH3+],2.0644996950521226,2.7558388710021973,0.3011348843574524,36.53471374511719,42.60456085205078,36.870000000000005,,0.656515645232177,mols/page_0028.png,7
1566,[C][C][C][O][C][C][Branch1][C][C][N][C][Ring1][Ring2][C][Ring1][#Branch1],CCCOCC1(C)NC1C,2.5396683620478213,1.419905662536621,0.3201147019863128,40.392799377441406,31.56847381591797,31.17,,0.6562891389929006,mols/page_0079.png,6
2436,[C][Branch1][Ring1][C][C][C][O][C][C][Branch1][C][C][Ring1][Ring2][C][C],CCCC1OCC1(C)CC,2.5596683620478213,1.657616138458252,0.3234581351280212,40.874908447265625,9.079383850097656,9.23,,0.6555739036737397,mols/page_0122.png,16
1357,[C][C][C][Branch1][Branch1][C][C][O][C][C][N][Branch1][Ring1][C],CCC(CCOC)CNC,2.099668362047822,1.0476081371307373,0.3178617656230926,42.52107238769531,24.56768226623535,21.26,,0.6549404521201305,mols/page_0068.png,17
722,[C][C][C][Branch1][C][C][N][C][C][O][C],CCC(C)NCCOC,2.081790468830701,1.5195032358169556,0.3091925382614136,41.716529846191406,23.65806007385254,21.26,,0.6543390245137368,mols/page_0037.png,2
4198,[C][C][C][Branch1][Ring1][C][C][O][C][Branch1][C][C][Ring1][Ring2][C][Branch1][Branch1][C][Branch1][O],CCC1OC(C)(CC)C1C,3.0596683620478218,1.5048242807388306,0.3197252452373504,41.809200286865234,8.985766410827637,9.23,,0.6541183657503709,mols/page_0210.png,18
2057,[C][C][Branch1][Branch1][C][C][C][Ring1][Ring1][C][Branch1][Ring1][C][C][O][C][Ring1][Branch1],CCC1(C(C)C2CC2)CO1,2.4996683620478213,1.7245618104934692,0.343837708234787,38.33599472045898,11.126699447631836,12.53,,0.6529410041620702,mols/page_0103.png,17
1883,[C][#C][C][Branch1][C][C][C][Branch1][Ring1][C][Branch1][Branch1][C][O][C][Ring1][Ring1][O],C#CC(C)C(O)CC1CO1,3.0396683620478218,2.7767276763916016,0.3025791049003601,37.10610580444336,31.132543563842773,32.76,,0.6515748083330497,mols/page_0095.png,3
2239,[C][C][Branch1][C][C][C][O][C][Branch1][Branch1][C][O][O],CC(C)COCCOO,1.561790468830701,1.5488498210906982,0.3183245062828064,40.07716369628906,30.82613945007324,38.69,,0.6515585204278391,mols/page_0112.png,19
1556,[C][C][Branch1][C][C][O][C][Branch1][Branch1][C][O][Ring1][Ring2][C],CC(C)OC(C)CO,2.0644996950521226,2.3282675743103027,0.319083958864212,37.12326049804688,30.44646644592285,29.46,,0.6510383767873306,mols/page_0078.png,16
2155,[C][C][Branch1][C][C][C][N][C][Ring1][Branch1][C][Branch1][Ring1][C][Branch1][Branch1][C][O][C][Ring1],COCCCC1NCC1(C)C,2.078091503851731,1.5811195373535156,0.3170222342014313,40.28159713745117,28.173078536987305,21.26,,0.6508096468430979,mols/page_0108.png,15
4199,[C][Branch1][C][O][C][Branch1][Branch1][C][C][C][Branch1][Ring1][C][C][Ring1][Ring2][C][C][N],CCCCCC(=CO)CCN,1.638091503851731,2.053795099258423,0.2701027393341064,42.07841873168945,44.458717346191406,46.25,,0.6499250989635358,mols/page_0210.png,19
4525,[O][C][Branch1][C][C][C][Branch1][Ring1][C][C][O][C][C][Ring1][Ring2][C][C],CCC1CCC(C(C)O)OC1,3.0780915038517307,1.9908740520477293,0.3297118842601776,37.3368034362793,29.539905548095703,29.46,,0.6498477995676493,mols/page_0227.png,5
3377,[C][O][C][Branch1][C][C][C][Branch1][Ring1][C][Branch1][Branch1][C][O][O][C][Ring1][Ring2],COOCCCC(C)OC,2.079668362047822,1.4339025020599363,0.3260434865951538,40.45379257202149,20.703516006469727,27.69,,0.6495324534825172,mols/page_0169.png,17
4397,[N][#C][C][C][Branch1][Ring1][C][Branch1][C][C][C][Ring1][Ring1][C][C][O][C][Ring1][=Branch1],N#CCC1C2CCOCCC12,2.51809150385173,4.494784832000732,0.2892091274261474,32.0786247253418,30.82863426208496,33.02,,0.6492687042425243,mols/page_0220.png,17
3554,[C][N][C][C][Branch1][C][C][C][Ring1][Ring2][C][Branch1][Ring2][C][C][O],CNC1C(C)C1CCCO,3.0396683620478218,1.995175838470459,0.299692153930664,40.15234375,32.61751174926758,32.26,,0.6490601781248964,mols/page_0178.png,14
3752,[C][#C][C][Branch1][Ring1][C][C][Branch1][C][C][C][O][C][Ring1][Ring1][C][O],C#CC(C)(CC)C1OC1CO,3.0780915038517307,1.9571906328201287,0.3112989366054535,39.21713638305664,31.061426162719727,32.76,,0.6487737386559995,mols/page_0188.png,12
3780,[N][#C][C][C][Branch1][C][C][C][Ring1][Branch1][C][O][C][Ring1][Ring2][C][Ring1][#Branch1][O],CC1(CC#N)C(O)C2OCC21,3.498091503851731,4.121426105499268,0.2780032455921173,32.875587463378906,53.37489700317383,53.25,,0.6483052203853491,mols/page_0190.png,0
2809,[C][C][C][Branch1][Ring1][C][C][Ring1][Ring1][C][Branch1][C][C][O][C][Ring1][Ring2],CCC1(C2(C)CO2)CC1,1.981790468830701,1.750504732131958,0.3451951742172241,37.93356704711914,12.312707901000977,12.53,,0.6482617520658666,mols/page_0141.png,9
1332,[C][O][C][C][C][Ring1][Branch1][C][C][Branch1][Branch1][C][O],OCCCC1CCOC1,2.021790468830701,2.716977119445801,0.3161466121673584,35.936405181884766,30.39196014404297,29.46,,0.6480973436031695,mols/page_0067.png,12
2553,[O][C][O][C][C][C][Branch1][Ring1][C][C][O],CCC(O)CCOCO,2.061790468830701,1.193773865699768,0.3184408843517303,39.99665451049805,48.0736083984375,49.69,,0.6473168433342316,mols/page_0128.png,13
1891,[C][C][C][N][C][C][Branch1][C][C][O][C][C][Ring1][Ring1],CCCNCC(C)OCC,2.099668362047822,1.322927713394165,0.3050222098827362,42.71299743652344,24.236347198486328,21.26,,0.647097376621902,mols/page_0095.png,11
2544,[C][C][C][Branch1][Ring1][C][C][O][C][C][Ring1][Ring1][C][Ring1][Branch1][C][C][N],CCC1CCC(CCN)CCO1,2.617024615544936,1.715956687927246,0.3250344097614288,38.68570709228516,30.916748046875,35.25,,0.6469350086908126,mols/page_0128.png,4
4532,[N][#C][C][C][Branch1][C][C][C][Ring1][Ring1][C][Branch1][Ring1][C][C][O],CCC(O)C=C(C)CC#N,2.099668362047822,3.411072969436645,0.2566583752632141,38.241024017333984,46.04927444458008,44.02,,0.6467932412350668,mols/page_0227.png,12
2871,[N][#C][C][C][Branch1][C][C][C][Ring1][Ring1][C][C][O],CC(=CCCO)CC#N,1.581790468830701,3.910911083221436,0.2553892731666565,36.5430793762207,45.53924179077149,44.02,,0.6462033036197891,mols/page_0144.png,11
1725,[C][C][C][O][C][C][Branch1][C][C][Ring1][Ring2][C][Ring1][Ring1][C][C],CCCC1(C)COC1CC,2.5596683620478213,1.634867787361145,0.3241781890392303,40.75874328613281,8.66826343536377,9.23,,0.6458334216815623,mols/page_0087.png,5
2428,[N][#C][C][Branch1][C][C][C][Branch1][Ring1][C][C][N][C][Ring1][=Branch1],CCC1NCCC1C#N,2.5217904688307007,4.155454158782959,0.2756436467170715,34.2216796875,36.5546760559082,35.82,,0.6448550000176357,mols/page_0122.png,8
3948,[C][O][C][Ring1][Ring1][C][O][O][C][Branch1][Ring1][C][C][C][Ring1][Branch1][C],CCC(CC)OOCC1CO1,2.058091503851731,1.8040730953216555,0.3253902196884155,38.89920425415039,22.87076759338379,30.99,,0.6445995119491299,mols/page_0198.png,8
3859,[C][C][C][Branch1][C][C][O][C][C][Ring1][Branch1][C][O][Branch1][C],CCC1(C)OCC1COC,2.5396683620478213,1.8835549354553225,0.3233650326728821,39.16343688964844,18.235349655151367,18.46,,0.6444330960797632,mols/page_0193.png,19
3754,[O][C][Branch1][C][C][Branch1][Ring1][C][Branch1][Branch1][C][O][C][C][C][Ring1][Ring2][C][Ring1][Branch1],CCOCCC(C)(O)CC,2.099668362047822,0.4860107898712158,0.3192669153213501,43.795509338378906,31.008989334106445,29.46,,0.644121218683256,mols/page_0188.png,14
4458,[N][#C][C][C][C][Branch1][Ring1][C][C][Ring1][Ring1][C][Branch1][C][C][O][C][Ring1][=Branch1],CC1COC(C)C12CC2C#N,3.8380915038517305,3.86428427696228,0.288538783788681,34.318973541259766,31.91809463500977,33.02,,0.6438382654028533,mols/page_0223.png,18
4327,[C][#C][C][C][C][Branch1][C][C][Branch1][C][O][C][#N],C#CCCC(C)(O)C#N,2.081790468830701,2.906533718109131,0.2868641316890716,37.06137466430664,44.81654739379883,44.02,,0.6437060861209175,mols/page_0217.png,7
2603,[C][C][C][Branch1][C][C][O][C][C][Ring1][Branch1][C][Branch1][Ring1][C][Branch1][N][C][Branch1][#Branch1],CCCC1COC1(C)CC,2.5596683620478213,1.6513566970825195,0.3217967748641968,40.90446853637695,8.670851707458496,9.23,,0.6435498363805915,mols/page_0131.png,3
2442,[C][C][C][Branch1][Ring1][C][Branch1][C][C][O][C][C][Ring1][Branch1][C][Branch1][Branch1][C][O][N],CCC1OCC(CCON)C1C,3.097024615544936,1.5226141214370728,0.3184095621109009,39.87876892089844,32.87007522583008,44.48,,0.643507177090719,mols/page_0123.png,2
3028,[O][C][C][C][Ring1][Ring1][C][O][C][Branch1][C][C][O],CC(O)OCC1CC1O,3.0017904688307007,2.118123769760132,0.3125497996807098,37.05939102172852,48.64837646484375,49.69,,0.6434724020839583,mols/page_0152.png,8
1758,[C][C][Branch1][C][C][C][O][C][Branch1][Branch1][C][N][C][Ring1][Ring1][C][C][Ring1][=Branch1],CC(C)COC1(C2CN2)CC1,2.018091503851731,1.659641146659851,0.325976550579071,38.74884414672852,30.79550743103028,31.17,,0.6433183756330458,mols/page_0088.png,18
1392,[C][C][C][Branch1][C][C][Ring1][Branch1][C][O][C][Ring1][Ring1][C][O],CC1(C2OC2CO)CC1,2.4617904688307006,2.167412042617798,0.3338910043239593,35.93936920166016,32.09327697753906,32.76,,0.6426279717629572,mols/page_0070.png,12
857,[N][#C][C][Branch1][C][C][O][C][O][=N],CC(C#N)OCON,2.0244996950521226,3.3041369915008545,0.2755617797374725,34.918155670166016,68.33745574951172,68.27,,0.6421041233377079,mols/page_0043.png,17
888,[C][C][C][O][C][C][Branch1][C][C][N][C][Ring1][=Branch1],CCCOCC(C)NC,2.081790468830701,1.7049560546875,0.3024917244911194,41.50606918334961,23.7626895904541,21.26,,0.64198877026302,mols/page_0045.png,8
4362,[O][#C][C][C][C][Branch1][C][C][O][C][Branch1][Branch1][C][N][C][C],CCNCCOC(C)CCC=O,2.157024615544936,3.649630308151245,0.2206856310367584,41.42351913452149,39.97369384765625,38.33,,0.6414946701745039,mols/page_0219.png,2
2435,[C][C][C][O][C][Branch1][C][C][Branch1][Branch1][C][N][C][Ring1][Ring1][C][C][Ring1][=Branch1],CCCOC1(C2CN2)CCC1,2.018091503851731,2.1598541736602783,0.320096492767334,37.53473281860352,29.769243240356445,31.17,,0.6410485941663703,mols/page_0122.png,15
2728,[C][C][C][Branch1][C][C][Ring1][Ring1][C][Branch1][Ring1][C][C][O][C][Ring1][Branch1],CCC1(C2(C)CC2)CO1,1.981790468830701,1.724931001663208,0.3444283604621887,38.01259231567383,11.9613618850708,12.53,,0.6407812665499271,mols/page_0137.png,8
573,[C][NH2+1][C][Branch1][=Branch1][C][=Branch1][C][=O][O-1][C][C][Ring1][=Branch1],C[NH2+]C1(C(=O)[O-])CC1,1.4844996950521223,5.225035667419434,0.2649108171463012,29.858606338500977,55.0637092590332,56.74,,0.6403312851031143,mols/page_0029.png,13
2504,[C][C][Branch1][C][C][C][Ring1][Ring2][C][Branch1][Ring1][C][C][O][C][Ring1][Branch1][C][Ring1][Ring1],CCC1(C2CC2C)OC1C,3.4996683620478213,1.6660844087600708,0.3340847492218017,39.40842056274414,10.340222358703612,12.53,,0.6402880259607885,mols/page_0126.png,4
3663,[O][C][C][Branch1][C][C][O][C][Branch1][Ring1][C][C][C][Ring1][Ring2][C][O],CCC(=CCO)OC(C)CO,2.118091503851731,1.917492389678955,0.2804091870784759,40.72891616821289,52.83221435546875,49.69,,0.6401872871708514,mols/page_0184.png,3
764,[C][C][C][O][C][C][Branch1][Ring1][C][O],CCCOCCCO,1.5644996950521224,2.2096080780029297,0.3307888209819793,36.24940490722656,29.446590423583984,29.46,,0.6393145391679683,mols/page_0039.png,4
1169,[C][C][C][Branch1][C][C][Ring1][Branch1][C][N][C][C][O],CC1(CNCCO)CC1,1.521790468830701,2.1229088306427,0.3077847361564636,38.68476867675781,32.669246673583984,32.26,,0.6392938828683201,mols/page_0059.png,9
4414,[C][C][C][Branch1][C][C][C][C][Branch1][C][O][C][C][Ring1][Ring2],CCC(C)CC1(O)CC1,2.041790468830701,1.3667199611663818,0.31581711769104,41.59162521362305,20.472412109375,20.23,,0.638539052131734,mols/page_0221.png,14
3805,[O][C][Branch1][C][C][Branch1][Ring1][C][C][C][O][C][Ring1][Ring2][O],CC1(O)CCC(O)OC1,2.5017904688307007,2.6790647506713867,0.3060140311717987,35.538368225097656,48.9044075012207,49.69,,0.6381001225121621,mols/page_0191.png,5
2659,[C][O][C][Branch1][Ring1][C][Branch1][C][C][Branch1][Branch1][C][O][N][C][C][Ring1][Ring1][C][O],CCC1(OC)CON(C)C1CO,2.577024615544936,1.5826473236083984,0.3056124448776245,40.35834503173828,39.6527214050293,41.93000000000001,,0.6378833682434155,mols/page_0133.png,19
3193,[N][#C][C][C][C][Ring1][Branch1][C][C][O][Ring1][Branch1],N#CCC1CCCO1,2.0044996950521226,5.391869068145752,0.2993005812168121,27.38036155700684,32.665096282958984,33.02,,0.6376596290536515,mols/page_0160.png,13
3827,[N][#C][N][C][C][C][Branch1][Ring1][C][C][O][C][Ring1][Ring2][C][Ring1][Branch1],CC12CC1OC2CCNC#N,2.9980915038517306,4.334729671478272,0.2739566266536712,33.25771713256836,41.14849090576172,45.05,,0.637506377056846,mols/page_0192.png,7
1514,[C][C][C][Branch1][C][C][O][C][Branch1][Ring1][C][C][N][C][Branch1][Branch1][C][Ring1][Branch1][C],CCC(C)OC1NCC(C)C1C,3.6170246155449353,1.3094991445541382,0.3087129890918731,42.58857727050781,19.381725311279297,21.26,,0.6368198149592371,mols/page_0076.png,14
4490,[C][N][C][C][Branch1][Ring1][C][Branch1][C][C][C][Ring1][Branch1][C][Branch1][Branch1][C][O],CCC1C(CCO)C1NC,3.0396683620478218,1.8748427629470823,0.3004814684391022,40.31565856933594,32.66067123413086,32.26,,0.6367765723832185,mols/page_0225.png,10
3979,[N][#C][C][C][C][Ring1][Ring1][C][C][Branch1][C][C][O][C][Ring1][=Branch1],CC1CC2(CO1)CC2C#N,3.299668362047821,4.352010250091553,0.2874669432640075,32.490867614746094,31.94154167175293,33.02,,0.6362247333254087,mols/page_0199.png,19
404,[C][C][C][Branch1][C][C][N][C][C][C][Ring1][Ring2][=O],CCC(C)N1CCC1=O,2.021790468830701,3.7237532138824463,0.27686208486557,36.76398849487305,20.72012710571289,20.31,,0.635735414381651,mols/page_0021.png,4
3463,[N][#C][C][Branch1][Ring1][C][C][Branch1][C][C][C][O][C][Ring1][Ring2],CCC1(C#N)CCOC1,2.021790468830701,3.784610748291016,0.2971043288707733,33.53018569946289,32.75240707397461,33.02,,0.635079599766978,mols/page_0174.png,3
4149,[C][Branch1][C][C][Branch1][Branch1][C][O][C][C][C][Ring1][Ring2][O],CCOCC(C)CO,2.0644996950521226,2.200565814971924,0.3261884450912475,36.65741729736328,29.80546188354492,29.46,,0.6350009431708122,mols/page_0208.png,9
3863,[N][O][#C][C][C][C][Branch1][Ring1][C][C][N][Branch1][Ring1][Ring1][C][#N][C],CNN1CCC1CCCON,2.038091503851731,2.530856132507324,0.2850044667720794,38.069862365722656,50.49125671386719,50.52,,0.6348202980972866,mols/page_0194.png,3
3430,[#C][C][#C][C][C][C][Branch1][Ring1][C][C][Ring1][Branch1][C][O],CC#CCCC(CC)CO,2.119668362047822,1.5395801067352295,0.3077479898929596,41.68416213989258,20.866500854492188,20.23,,0.6346789644743193,mols/page_0172.png,10
3341,[N][C][#C][C][Branch1][C][C][Branch1][Ring1][C][Branch1][Branch1][C][Branch1][Ring2][C][Branch1][N][C][C],CCCCCC(C)C#CN,2.119668362047822,1.5351852178573608,0.3066697120666504,41.62937927246094,23.2096004486084,26.02,,0.6345240575270816,mols/page_0168.png,1
3727,[C][O][C][C][C][Ring1][Ring1][C][Branch1][C][C][Branch1][Ring1][C][C][O][Ring1][Ring2][C][Branch1],CCC1(C2CC2OC)CO1,2.9796683620478217,2.4546377658843994,0.3214289546012878,36.8452377319336,21.21498680114746,21.76,,0.6341819973844687,mols/page_0187.png,7
2423,[C][C][C][Branch1][C][O][C][O][Branch1][C][C][N][Branch1][C][N][Ring1][Branch1][C][Ring1][Branch1],CCC(O)C1OCCN1N,2.4996683620478213,2.4035239219665527,0.2950051724910736,36.95148086547852,57.60737991333008,58.72,,0.6335083178476086,mols/page_0122.png,3
1747,[N][C][C][Branch1][Ring1][C][Branch1][C][C][C][O][C][Ring1][Branch1][C][O][Ring1][Ring1],CC1C(CN)COC12CO2,3.279668362047821,3.158043622970581,0.3023897707462311,34.42817306518555,44.00778579711914,47.78,,0.6333927247048927,mols/page_0088.png,7
2740,[N][#C][C][C][Branch1][C][C][C][O][C][Ring1][Ring1],CC(CC#N)C1CO1,2.504499695052122,4.112673759460449,0.3157158493995666,30.09967994689941,36.32724380493164,36.32,,0.6333242806982835,mols/page_0138.png,0
2386,[C][O][C][Branch1][C][C][C][Branch1][Ring1][C][O][O][C][Ring1][Branch1],COC(C)C1(CO)CO1,2.5017904688307007,1.6681056022644043,0.3294032514095306,37.37361145019531,41.60316848754883,41.99,,0.6331291289862154,mols/page_0120.png,6
1792,[C][O][C][Branch1][C][C][Branch1][Ring1][C][Branch1][Branch1][C][N][C][C][Ring1][Ring1][C][O],CCNCCC1(C)CO1,2.021790468830701,1.987464904785156,0.3120987713336944,38.98429870605469,28.21594619750977,24.56,,0.6330247434917226,mols/page_0090.png,12
2682,[N][#C][C][Branch1][Ring1][C][O][C][Branch1][Branch1][C][C][Ring1][Branch1][C][Ring1][Ring1][C],CC1C2CC(O)C(C#N)C12,3.979668362047821,3.71740984916687,0.2983384430408478,32.69550704956055,44.777645111083984,44.02,,0.6327395807092735,mols/page_0135.png,2
3287,[O][C][C][C][Branch1][Ring1][C][C][Ring1][Ring1][C][Branch1][C][C][N][C][Ring1][Ring2],CCC1(C2(C)CN2)CC1O,2.9796683620478217,2.1414027214050293,0.2994424402713775,38.605751037597656,42.57797622680664,42.17,,0.6326337928935619,mols/page_0165.png,7
2880,[N][#C][C][Branch1][C][C][C][Branch1][Ring1][C][O][C][Ring1][Ring2][C][Branch1],CC=C(CO)C(C)C#N,2.081790468830701,3.61428427696228,0.2592683732509613,36.99496841430664,45.9172477722168,44.02,,0.6324427798916583,mols/page_0145.png,0
6,[C][C][Branch1][C][C][Branch1][=Branch1][C][C][O][Ring1][Ring1][C][C][O][Ring1][Ring1],CC(C)(C1CO1)C1CO1,2.4617904688307006,1.915694117546081,0.3449738323688507,36.32134246826172,22.273426055908203,25.06,,0.6323134799394896,mols/page_0001.png,6
2209,[C][C][C][Branch1][Ring1][C][Branch1][C][C][N][C][C][Ring1][Ring1][Branch1][Ring1][Branch1][C][O][C],CCC(CC)N1CC1(C)OC,2.5780915038517307,1.467751383781433,0.3126125037670135,42.25143432617188,9.90666389465332,12.24,,0.6322842671921793,mols/page_0111.png,9
2236,[C][C][Branch1][Ring1][C][C][C][O][C][C][Ring1][Branch1][C][Branch1][C][C][N][C][C],CCNC(C)C1CCC(C)COC1,3.156437499842364,1.1376725435256958,0.3139140009880066,42.96315002441406,14.816886901855469,21.26,,0.6319227590775107,mols/page_0112.png,16
2014,[C][C][Branch1][C][C][C][O][C][Branch1][Branch1][C][O][Ring1][Ring1][C],CC(C)COC1(C)CO1,2.021790468830701,1.397234559059143,0.3341878056526184,39.45027160644531,20.90765190124512,21.76,,0.6317691090963098,mols/page_0101.png,14
3508,[C][C][C][Branch1][Ring1][C][O][C][C][O][Ring1][Ring1],CCC(CO)C1CO1,2.504499695052122,2.9587228298187256,0.3298672437667846,33.184532165527344,32.751590728759766,32.76,,0.6317660636902591,mols/page_0176.png,8
2552,[C][C][C][Branch1][C][C][O][C][Ring1][Ring2][C][Ring1][Ring1][C][Ring1][Branch1][O],CCC12CC(O)CC1O2,2.9617904688307006,2.7730278968811035,0.3271615207195282,34.2128791809082,31.94939994812012,32.76,,0.631723216033071,mols/page_0128.png,12
3924,[N][#C][C][C][C][Branch1][C][O][C][Ring1][Ring1][C][Ring1][Ring2],CC=C(O)CCC#N,1.5644996950521224,4.984910488128662,0.2491921335458755,32.844417572021484,46.89693832397461,44.02,,0.6314809703450623,mols/page_0197.png,4
2466,[N][#C][C][#C][C][Branch1][C][C][C][Branch1][Ring1][C][Branch1][Branch1][C][O][C][C][O][Ring1],CC(C#CC#N)C1CCOCCO1,2.6364374998423634,5.09644079208374,0.2285360395908355,35.61497116088867,32.90553665161133,42.25,,0.6312195940631342,mols/page_0124.png,6
1393,[C][C][C][O][C][C][Branch1][Ring1][C][Branch1][Branch1][C][O],CCCOCCCCO,1.581790468830701,0.7473720908164978,0.3328781127929687,41.24159240722656,30.650615692138672,29.46,,0.6309735124771472,mols/page_0070.png,13
1465,[C][C][C][Branch1][C][C][O][C][Branch1][Ring1][C][Branch1][=Branch1][C][C][N][Ring1][Ring1],CCC(C)OCCC1CN1,2.5396683620478213,1.6115950345993042,0.3175293803215027,39.55475616455078,31.29545783996582,31.17,,0.6309490715818737,mols/page_0074.png,5
1359,[N][#C][=C][C][C][Branch1][Ring1][C][O][C][Ring1][=Branch1],N#CC1CC(CO)C1,1.5044996950521223,4.418178558349609,0.3065594434738159,29.343563079833984,43.074100494384766,44.02,,0.6306128453661494,mols/page_0068.png,19
4188,[C][C][Branch1][C][C][C][O][C][Branch1][Ring1][C][O][Branch1][Ring1][O][C][C][Ring1][Branch1],COC1(OCC(C)C)CC1O,2.5580915038517307,1.6111048460006714,0.3107285499572754,39.69078063964844,38.590518951416016,38.69,,0.6306100035102571,mols/page_0210.png,8
4445,[O][C][C][C][Ring1][Ring1][C][Branch1][Ring1][C][C][Branch1][C][C][N][C][Ring1][Branch1][C],CC1NC(C)(C2CC2O)C1C,4.018091503851731,2.146172523498535,0.3017729222774505,38.92597961425781,34.59917449951172,32.26,,0.6305879876722527,mols/page_0223.png,5
4048,[O][C][C][C][Branch1][Ring1][C][O][C][Branch1][C][O],OCCC(CO)CO,1.5444996950521224,2.183767795562744,0.3156656920909881,35.31553268432617,61.26760482788086,60.69,,0.6302400657885904,mols/page_0203.png,8
1558,[N][=C][C][C][Branch1][Ring1][C][C][O][C][Branch1][Ring2][O],CCC(CC=N)OCO,2.061790468830701,2.2508435249328613,0.2870464026927948,38.60799789428711,53.18285751342773,53.31,,0.6294585133329719,mols/page_0078.png,18
3056,[N][#C][C][C][C][Ring1][Ring1][C][Ring1][Branch1][C][C][Branch1][Ring1][C][Branch1][C][O][C][Ring1],N#CC1CC1CCC1COC1,2.51809150385173,4.091048717498779,0.2877704799175262,33.232173919677734,33.03736877441406,33.02,,0.6292365232223611,mols/page_0153.png,16
3008,[N][#C][C][C][Branch1][Ring1][C][O][C][Branch1][C][C][C][Ring1][Ring1][C][Branch1][Ring2][C][Ring1],C=CC=C(C)C(CO)CC#N,2.138091503851731,4.606914520263672,0.2246533185243606,36.72324752807617,46.91445541381836,44.02,,0.6288945288978975,mols/page_0151.png,8
4200,[O][C][C][C][Branch1][C][O][C][Ring1][Ring1][C][Branch1][Ring1][C][C][O],CCC(O)C=C(O)CCO,2.079668362047822,2.5490338802337646,0.2608028650283813,39.43050384521485,62.951148986816406,60.69,,0.6285670133676298,mols/page_0211.png,0
3282,[C][C][Branch1][Ring1][C][O][C][Branch1][C][C][C][Ring1][Ring2][C][Ring1][Branch1][C][O],CC1COC(CCO)C1C,3.0396683620478218,1.747521162033081,0.3213010728359222,38.74301528930664,29.56075096130371,29.46,,0.627728129228619,mols/page_0165.png,2
3384,[O][C][C][C][Branch1][C][C][N][C][Branch1][Ring1][C][Branch1][Branch1][C][Ring1][Ring1][C][Ring1][Ring2],CC1CC12NC2(C)CCO,3.299668362047821,1.9829185009002688,0.3028749525547027,38.71460723876953,43.0926628112793,42.17,,0.6271804689875392,mols/page_0170.png,4
1722,[C][C][C][Branch1][Ring1][C][O][C][Branch1][C][C][O],CCC(CO)C(C)O,2.564499695052122,1.8050050735473635,0.3224859833717346,37.52332305908203,40.985164642333984,40.46,,0.6270714216121671,mols/page_0087.png,2
3689,[C][O][C][C][C][Branch1][Ring1][C][Branch1][C][C][Ring1][Ring1][C][C][O][Ring1][=Branch1],CCC1(CCO)CC1OC,2.5396683620478213,1.2707782983779907,0.3204828798770904,40.58145904541016,29.616426467895508,29.46,,0.626929757920608,mols/page_0185.png,9
192,[O-1][=C][#C][N][C][=Ring1][=Branch1][N][=C],C=NCNC#C[O-],1.5278467081635287,7.906060218811035,0.1508742868900299,31.359338760375977,55.19014358520508,47.45,,0.626483709128349,mols/page_0010.png,12
3450,[O][C][C][C][Branch1][Ring1][C][C][Ring1][Ring1][C][Branch1][C][C][N][Ring1][Branch1][C][O],CC1N(CO)C(C)C12CC2O,3.318091503851731,2.446654319763184,0.3014603555202484,37.29884719848633,40.73548889160156,43.7,,0.6260862626232666,mols/page_0173.png,10
2753,[C][C][Branch1][Ring1][C][C][C][Ring1][Ring1][C][Branch1][C][C][N][C][Ring1][Ring2][O],CC1C(C)C1C1(C)NC1O,3.4796683620478213,2.254138469696045,0.2967365980148315,38.347801208496094,42.650726318359375,42.17,,0.6258021008945879,mols/page_0138.png,13
1617,[C][C][Branch1][C][C][C][O][C][Ring1][Ring1][C][Branch1][Ring1][C][Ring1][Branch1][O][C],COC1CC2(C(C)C)OC12,2.9796683620478217,2.416977882385254,0.3254231810569763,36.49553298950195,20.426069259643555,21.76,,0.6255519727399795,mols/page_0081.png,17
2948,[O][C][C][C][Branch1][Ring1][C][C][N][C][Ring1][Branch1][C][Ring1][=Branch1],CCC1(CCO)NC1C,2.5217904688307007,1.4753847122192385,0.3063325881958008,40.30058670043945,41.94981002807617,42.17,,0.6251568952168638,mols/page_0148.png,8
3160,[C][C][#C][C][C][Branch1][Ring1][C][O][O][C],CC#CCC(CO)OC,2.081790468830701,2.59536361694336,0.2906457185745239,38.60470962524414,30.73081588745117,29.46,,0.625089576064058,mols/page_0159.png,0
498,[N][C][C][C][O][C][O],NCCCOCO,1.5278467081635287,2.8579344749450684,0.3018662631511688,34.22107696533203,60.02569961547852,55.48,,0.6241045980693107,mols/page_0025.png,18
4030,[C][C][C][O][C][Branch1][C][C][Branch1][Ring1][C][C][N][C][Ring1][Branch1][C][O],CCCOC1(CC)CC(CO)N1,2.597024615544936,1.2997735738754272,0.3078140914440155,41.06121826171875,38.32590103149414,41.49,,0.6240986146009343,mols/page_0202.png,10
4276,[C][O][C][C][C][Branch1][C][O][N][Ring1][Ring1][C][Branch1][Ring1][C][O],COCCC(O)=NCCO,1.5596683620478216,2.900853157043457,0.2655994296073913,37.744876861572266,60.37834930419922,62.05,,0.6234680946763732,mols/page_0214.png,16
3946,[O][C][Branch1][Ring1][C][C][C][Branch1][C][C][O][C][Ring1][Ring1][C][O],CCC(O)C1CC(CO)O1,3.0196683620478217,1.920283794403076,0.3154550790786743,37.11671829223633,49.2179069519043,49.69,,0.6227769365536754,mols/page_0198.png,6
3520,[O][C][C][C][Ring1][Branch1][C][C][Branch1][C][O][C][Branch1][Ring1][C][C][O],CCC(O)C(O)CC1CCO1,3.0580915038517307,1.7339816093444824,0.3129978477954864,37.9106559753418,51.16693115234375,49.69,,0.6226886600106766,mols/page_0177.png,0
1309,[C][C][Branch1][C][C][C][O][C][C][N][Ring1][Ring2],CC(C)COCCN,1.5644996950521224,1.685251235961914,0.3159777820110321,39.25647735595703,31.933290481567383,35.25,,0.6226450114771486,mols/page_0066.png,9
3787,[C][C][Branch1][C][C][C][Ring1][Ring2][C][Branch1][Ring1][C][Branch1][Branch1][C][O][C][Ring1][Ring1][C],CC(CC1CO1)C1CC1C,3.4996683620478213,1.721434235572815,0.3444693088531494,37.73961639404297,11.417393684387209,12.53,,0.6208809134244726,mols/page_0190.png,7
3955,[N][#C][C][Branch1][Ring1][C][Branch1][C][O][C][C][C][Ring1][Branch1][C][Ring1][Ring2][O],N#CC1C(O)C2CC1C2O,4.699668362047822,3.914729118347168,0.295235127210617,30.835968017578125,60.971466064453125,64.25,,0.6200643934350307,mols/page_0198.png,15
1593,[C][O][C][Branch1][C][C][Branch1][Ring1][C][Branch1][Ring2][C][Branch1][O][C][C][C][Ring1][Ring1][C],COC(C)CCC1CC1C,3.0596683620478218,1.0459938049316406,0.3384166657924652,41.02161407470703,9.229304313659668,9.23,,0.6198673398393045,mols/page_0080.png,13
1462,[C][C][Branch1][Ring1][C][#N][N][C][C][Ring1][=Branch1][C][#N],CC1(C#N)NCC1C#N,2.5017904688307007,4.745325088500977,0.260943055152893,31.533002853393555,57.452293395996094,59.61,,0.6198557105624245,mols/page_0074.png,2
2094,[C][C][Branch1][C][C][C][Ring1][Branch1][C][Branch1][Ring1][C][Branch1][Branch1][C][O][C][C][O],CCOCCC(O)C1CC1C,3.0780915038517307,1.081338882446289,0.329523354768753,40.250736236572266,29.46483421325684,29.46,,0.6196142547690631,mols/page_0105.png,14
4463,[C][C][C][Branch1][Ring1][C][C][O][C][Branch1][C][C][Ring1][Ring1][C][Branch1][Branch1][C][O],CCC1CCC(C)(CCO)O1,2.5780915038517307,1.2655385732650757,0.3271296620368957,39.7862434387207,29.754833221435547,29.46,,0.6194091891808191,mols/page_0224.png,3
2913,[C][C][C][Branch1][C][C][Ring1][Ring1][C][Branch1][Ring1][C][C][O][C][C],CCOC(CC)C1(C)CC1,2.0596683620478218,0.9750006198883056,0.3334024548530578,41.84192657470703,8.547530174255371,9.23,,0.6192471544327152,mols/page_0146.png,13
1708,[C][C][C][Branch1][C][C][O][C][Ring1][Branch1][C][Ring1][Ring1][C][Branch1][Ring1][C][O][Ring1][Ring1],CC1OC2(CC2CO)C1C,3.7996683620478215,2.500051021575928,0.3067442178726196,37.32975769042969,29.18320655822754,29.46,,0.6191822361448244,mols/page_0086.png,8
2088,[C][C][Branch1][C][O][C][Branch1][Branch1][C][C][O][O][C][Ring1][Ring2],CC(O)C1CC(OO)C1,2.001790468830701,2.069566488265991,0.3092401623725891,37.39519500732422,45.868499755859375,49.69,,0.6190527846307825,mols/page_0105.png,8
2745,[N][#C][C][C][Branch1][C][C][C][O][C][Ring1][Ring1][C][Ring1][Ring2],CC(CC#N)C12CC1O2,2.9617904688307006,4.126862525939941,0.2912623882293701,32.423030853271484,34.975284576416016,36.32,,0.6188004494749185,mols/page_0138.png,5
3151,[N][#C][C][C][C][Branch1][C][C][O][C][Ring1][Ring1],N#CCCC1CCO1,2.0044996950521226,5.00510311126709,0.3000222742557525,28.41114044189453,32.98545455932617,33.02,,0.6187036295247486,mols/page_0158.png,11
3018,[C][C][Branch1][Ring1][C][C][C][Ring1][Branch1][C][O][C][Branch1][C][C][=Branch1][C][=O],CCC1CC1COC(C)O,3.0396683620478218,1.4651427268981934,0.3267223238945007,39.190208435058594,28.083301544189453,29.46,,0.6179396510649354,mols/page_0151.png,18
1276,[C][C][C][Branch1][C][C][O][C][Branch1][Ring1][C][O][N][C][Ring1][Ring1][C],CCC(C)OC1COC(C)N1,3.0580915038517307,1.784778118133545,0.3185125291347503,38.8463134765625,28.005050659179688,30.49,,0.6176780657771722,mols/page_0064.png,16
2949,[O][C][C][Branch1][C][C][C][O][C][Branch1][Ring1][C][Branch1][Ring2][C][Branch1][O][C][=O],CC(CO)COCCCC=O,2.118091503851731,3.695460081100464,0.2268348038196563,39.50781631469727,49.46015930175781,46.53,,0.6175597294763446,mols/page_0148.png,9
4025,[C][O][C][Branch1][Ring1][C][C][C][Ring1][Branch1][C][C][Branch1][C][N][Ring1][Branch1],COC1CCC(N)C1C,3.0217904688307007,2.124814748764038,0.3087917864322662,38.33650970458984,31.05743980407715,35.25,,0.6170692397042251,mols/page_0202.png,5
1253,[O][C][Branch1][Ring1][C][C][C][Branch1][C][C][Ring1][Branch1][C][Branch1][Branch1][C][O][C][Ring1][=Branch1],CCC1OC1(C)CCOC,2.5396683620478213,1.054901957511902,0.3385302126407623,40.05889129638672,20.55856132507324,21.76,,0.6167032784128571,mols/page_0063.png,13
2664,[C][C][C][Branch1][C][C][O][C][C][Ring1][Branch1][C][Branch1][Ring1][C][C][N][Ring1][Branch1][O],CCC1N(O)C12COC2(C)CC,3.857024615544936,1.5615414381027222,0.3153260350227356,40.38603210449219,22.69522857666016,32.47,,0.6162660667837209,mols/page_0134.png,4
3615,[C][C][C][Branch1][C][C][N][C][Branch1][Ring1][C][C][O][C][Ring1][Ring2],CCC(C)NC1OCC1C,3.0396683620478218,2.039080858230591,0.3060060739517212,39.70827865600586,20.84334754943848,21.26,,0.6162144872074664,mols/page_0181.png,15
775,[N][#C][C][#C][C][O][C][C][C][Branch1][Ring1],CCCOCC#CC#N,1.581790468830701,5.522885322570801,0.2235796749591827,34.375511169433594,31.759950637817383,33.02,,0.6157889190677818,mols/page_0039.png,15
2891,[C][C][C][Branch1][C][C][O][C][Ring1][Branch1][C][Branch1][Ring1][C][Branch1][Ring2][C][Branch1][=Branch1][C],CCCCC1OC(C)C1C,3.0596683620478218,1.6381210088729858,0.3249721527099609,40.13004302978516,9.248828887939451,9.23,,0.6156330298951086,mols/page_0145.png,11
1321,[C][N][C][=Branch1][C][=O][C][Branch1][Ring1][C][#N][C][C][Ring1][Branch2][Ring1][Branch1],CN1C(=O)C2(C#N)CC12,2.4417904688307006,5.965843677520752,0.2466182708740234,29.43858337402344,43.72942352294922,44.1,,0.615069373607628,mols/page_0067.png,1
3848,[C][C][C][Branch1][Ring1][C][O][C][C][C][C][Ring1][#Branch1],CCC1(CO)CCCC1,1.541790468830701,1.3619617223739624,0.3356594741344452,39.18672561645508,20.37014389038086,20.23,,0.6142448513006923,mols/page_0193.png,8
1684,[C][#C][C][C][C][Branch1][Ring1][C][C][O][C][C][Ring1][Ring1][C],C#CCCC(CC)OCCC,2.158091503851731,1.2088333368301392,0.3168784379959106,42.60453414916992,8.223234176635742,9.23,,0.6138073464692715,mols/page_0085.png,4
2196,[C][C][C][Branch1][C][C][O][C][C][Ring1][Ring1][C][Branch1][Ring1][C][O][Ring1][Branch1][C],CCC1CC(C)(CO)CCO1,2.5780915038517307,1.503504991531372,0.3241036832332611,39.16679000854492,29.157459259033203,29.46,,0.613795754547894,mols/page_0110.png,16
3245,[N][C][C][C][Branch1][C][C][Ring1][Branch1][C][Branch1][Branch1][C][O][C][C][O],CCOCC(O)C1(C)CCN1,2.5580915038517307,1.986730694770813,0.3036270439624786,38.60784530639648,40.42654800415039,41.49,,0.6136810392230961,mols/page_0163.png,5
2795,[C][C][C][O][C][C][Branch1][Ring1][C][O][Ring1][Ring2][C][Branch1][C][C][Ring1][Branch1][C][Branch1],CCC1OC2C(C)(C)C12CO,3.01809150385173,2.0760209560394287,0.3067265152931213,38.78632354736328,29.55256462097168,29.46,,0.6134691015317827,mols/page_0140.png,15
4325,[C][C][C][C][Branch1][Ring1][C][O][C][Ring1][Branch1][Branch1][C][C][O],CCC1C(CO)C1(C)O,3.0217904688307007,1.224996566772461,0.3079376816749573,40.95338439941406,40.84528350830078,40.46,,0.6130001179771134,mols/page_0217.png,5
3871,[C][C][C][Ring1][Ring2][C][Branch1][Ring1][C][Branch1][C][C][Branch1][Branch1][C][O][C][Branch1][Ring2][C],CCOCC(CC)C1CC1,2.0596683620478218,0.9966893196105956,0.3394602239131927,41.00289916992188,8.875273704528809,9.23,,0.6123615720626361,mols/page_0194.png,11
1928,[C][#C][C][O][C][Branch1][Ring1][C][C][C][Branch1][C][C][Ring1][Branch1][C][O],C#CCOC(CC)C(C)CO,2.6380915038517307,1.3415510654449463,0.3035150170326233,41.772457122802734,30.11563491821289,29.46,,0.6116350024878715,mols/page_0097.png,8
3674,[N][#C][C][Branch1][C][C][C][Branch1][Ring1][C][C][N][C][Branch1][Branch1][C][=O],CCC(NCC=O)C(C)C#N,2.6180915038517307,4.144344329833984,0.2184882313013076,38.35918045043945,52.53972625732422,52.89,,0.611334678847052,mols/page_0184.png,14
1694,[C][C][C][Branch1][Ring1][C][O][C][C][O],CCC(CO)CCO,2.0644996950521226,1.6317030191421509,0.3301796019077301,37.15126419067383,40.49885940551758,40.46,,0.610824141757102,mols/page_0085.png,14
2469,[C][C][C][C][Ring1][Ring1][Branch1][C][C][C][C][C][O][Ring1][Ring1],CC1CC1(C)CC1CO1,2.9817904688307006,1.7677401304244995,0.3401418924331665,37.72540664672852,12.95137882232666,12.53,,0.6104968130984499,mols/page_0124.png,9
2884,[N][#C][C][Branch1][C][C][C][Ring1][Ring1][C][Branch1][Ring1][C][O][C][Branch1][Ring2][C][Branch1][Branch1],CCC(C=C(C)C#N)CO,2.099668362047822,4.070059299468994,0.224543809890747,38.681766510009766,43.60453414916992,44.02,,0.6103700254207648,mols/page_0145.png,4
4461,[N][#C][C][Branch1][Ring1][C][C][Branch1][C][C][O][C][Branch1][Branch1][C][O][Ring1][Branch1][C][Branch1],CCC1(C#N)COCC(C)O1,2.5580915038517307,3.478472948074341,0.2840335071086883,34.77619934082031,43.47779846191406,42.25,,0.6097088830848719,mols/page_0224.png,1
1008,[N][C][C][Branch1][C][C][C][O][C][C][Ring1][Ring2][C],CC(CN)C1OCC1C,3.0217904688307007,2.130267858505249,0.3056463003158569,38.41350936889648,32.41679382324219,35.25,,0.6095949430194251,mols/page_0051.png,8
1924,[C][C][C][Branch1][Ring1][C][C][O][C][Branch1][C][C][N][C][Ring1][Ring1],CCC(CC)OC1CCN1,2.0396683620478218,1.770441651344299,0.3135406076908111,39.48713302612305,25.24393844604492,21.26,,0.6094489656067617,mols/page_0097.png,4
3069,[C][C][Branch1][C][C][C][O][C][C][Ring1][Ring2][C][Branch1][Ring1][C][C][N][Ring1][Ring1],CC(C)C1OCC1C1NC1C,3.518091503851731,2.14931869506836,0.312241643667221,37.89419174194336,29.29751968383789,31.17,,0.6089494700097915,mols/page_0154.png,9
2464,[N][#C][C][C][Branch1][C][C][C][Ring1][Ring1][C][Branch1][Branch1][C][O][C][C],CCOCCC=C(C)CC#N,1.638091503851731,3.4970827102661133,0.2568727731704712,38.269718170166016,33.10774612426758,33.02,,0.6086671741568404,mols/page_0124.png,4
2790,[N][C][C][Branch1][Ring1][C][C][C][Ring1][Ring1][C][Branch1][C][C][O][C][Ring1][Branch1],CC1OCC12C(C)C2CN,3.7996683620478215,2.44190001487732,0.3079136908054352,37.14205551147461,30.65066337585449,35.25,,0.6086226332100081,mols/page_0140.png,10
2009,[C][C][C][C][C][Branch1][Ring2][C][C][#N][N][Ring1][Branch2][Ring1][=Branch1],CC1CC2C(CC#N)N12,3.461790468830701,4.739558696746826,0.2727226912975311,32.46672058105469,27.33017539978028,26.8,,0.6085804633933706,mols/page_0101.png,9
4416,[C][O][C][C][C][Branch1][Ring1][C][C][O][O][C][Branch1][C][C][Ring1][Branch1][C][Ring1][Ring1],COCCC1OOC(C)(C)C1C,2.597024615544936,1.3291525840759275,0.3224050402641296,40.62908935546875,19.61319732666016,27.69,,0.6082609924329815,mols/page_0221.png,16
1013,[C][C][C][Branch1][C][O][Branch1][Ring1][C][C][C][O],CCC(O)(CC)CO,1.5644996950521224,1.9523786306381223,0.3129166960716247,37.74607467651367,39.68183898925781,40.46,,0.6079351417081437,mols/page_0051.png,13
1232,[C][C][C][Branch1][C][C][O][C][Ring1][Ring2][C][Branch1][Ring1][C][O],CCC1(C)OC1CCO,2.5217904688307007,0.9346457719802856,0.3321307003498077,40.04347610473633,33.114837646484375,32.76,,0.6069524715069827,mols/page_0062.png,12
4182,[C][C][C][Branch1][C][O][C][N][Ring1][Branch1][C][Ring1][=Branch1][C][O],CC12C(O)CN1C2CO,3.441790468830701,3.250870943069458,0.2859486937522888,35.35451126098633,43.772071838378906,43.47,,0.6067213839142876,mols/page_0210.png,2
1294,[C][C][C][Branch1][Ring1][C][C][N][C][Ring1][Branch1][C][O][C][Ring1],CCC1(CC)NC1COC,2.0396683620478218,1.3651081323623655,0.3110182285308838,40.73043441772461,31.400604248046875,31.17,,0.6063157480468823,mols/page_0065.png,14
1685,[N][C][=Branch1][C][=O][N][C][C][C][N][C][Ring1][Branch1][Ring1][Ring1],NC(=O)NC1CC2NC12,2.9217904688307006,3.547654390335083,0.2881310284137726,31.6590518951416,74.39707946777344,77.06,,0.6051103607515286,mols/page_0085.png,5
1481,[C][C][C][Branch1][C][C][O][C][Branch1][Ring1][C][C][N][Ring1][Branch1][C][Ring1][Branch1],CCC(C)OC1(CC)CN1,2.5396683620478213,1.345610737800598,0.3114580512046814,40.75360107421875,31.06078720092773,31.17,,0.6044595591852995,mols/page_0075.png,1
2543,[N][C][C][Branch1][Ring1][C][C][C][Ring1][Branch1][C][C][O][C][Ring1][Ring1],CCC1C(N)C1CC1CO1,3.4796683620478213,2.157118558883667,0.3148943781852722,37.22917175292969,33.090057373046875,38.55,,0.6044075734448758,mols/page_0128.png,3
2600,[C][O][C][Branch1][Ring1][C][Branch1][C][C][C][O][N][Ring1][Branch1][C][Branch1][Ring2][O],COC1CON(CO)C1C,2.4996683620478213,2.5365214347839355,0.3065591156482696,36.30977630615234,37.77370834350586,41.93000000000001,,0.6040212179921336,mols/page_0131.png,0
3997,[C][O][C][O][C][=Branch1][C][=O][NH1][C][=Ring1][=Branch1][N],COc1oc(=O)[nH]c1N,1.361790468830701,4.768288612365723,0.2419438809156417,31.508270263671875,78.75364685058594,81.25,,0.6039035547978198,mols/page_0200.png,17
4483,[C][C][C][Ring1][Branch1][C][Branch1][C][C][Branch1][Ring1][C][C][O][C][Ring1][Ring1][C][O],CC1(C2CC2)CCC(CO)O1,2.51809150385173,2.1780331134796143,0.323482483625412,36.52690124511719,29.52716827392578,29.46,,0.6034223839075877,mols/page_0225.png,3
2562,[C][C][C][Branch1][C][C][N][C][Branch1][Branch1][C][Branch1][=Branch1][C][O][C][Ring1][Ring2],CCC(C)NCC1COC1,2.0396683620478218,2.2318825721740723,0.307482361793518,38.2799186706543,25.33113670349121,21.26,,0.6028525534387441,mols/page_0129.png,2
1829,[C][C][C][Branch1][Ring1][C][C][O][C][C][Ring1][Ring2][C][Branch1][C][C][=Branch1][C][=O],CCC1CCC(C(C)O)CO1,3.0780915038517307,1.7166303396224976,0.3303163945674896,37.815059661865234,25.75677490234375,29.46,,0.6025689260652761,mols/page_0092.png,9
1132,[C][C][Branch1][C][C][C][O][C][C][Ring1][Branch1][C][O],CC1COCC(CO)C1,2.5217904688307007,2.517909288406372,0.3149042129516601,36.10776138305664,29.7919979095459,29.46,,0.6024479458403932,mols/page_0057.png,12
2474,[C][Branch1][Ring1][C][C][C][Branch1][Branch1][C][C][O][C][Branch1][Ring2][C][C][Ring1][Ring1][O],CCCC1(O)CCCOCC1,2.078091503851731,1.634950876235962,0.323122501373291,38.59468078613281,29.125808715820312,29.46,,0.6023068676763044,mols/page_0124.png,14
4516,[N][C][C][C][Branch1][Ring1][C][C][O][C][Ring1][Branch1][C][Branch1][Ring2][C][Ring1][Ring1],CCC1(CCN)OC12CC2,2.299668362047821,1.875160813331604,0.3189550042152405,37.86069488525391,32.63999938964844,38.55,,0.6023047151429973,mols/page_0226.png,16
1506,[C][C][C][Branch1][Ring1][C][C][Ring1][Ring1][C][Branch1][C][C][O][C][C],CCOC(C)C1(CC)CC1,2.0596683620478218,0.9382411241531372,0.3355297446250915,41.48882675170898,8.458229064941406,9.23,,0.6021206821814916,mols/page_0076.png,6
3388,[C][#C][C][Branch1][C][C][C][Branch1][Branch1][C][Branch1][Ring2][C][Branch1][Ring1][C][C][O][C][Branch1],C#CC(C)C(CCCC)OC,2.6580915038517308,1.2039886713027954,0.3109332025051117,43.04630661010742,8.08994197845459,9.23,,0.6017241827935156,mols/page_0170.png,8
1569,[C][C][C][Branch1][Ring1][C][C][O][C][Branch1][C][C][Ring1][Ring2][C][Ring1][Ring1],CCC1OC(C)(C)C1C,2.5417904688307007,1.642527461051941,0.3138516247272491,40.96674728393555,9.949254035949709,9.23,,0.6012204812211369,mols/page_0079.png,9
1931,[N][C][C][Branch1][Ring1][C][Branch1][C][C][C][Ring1][Branch1][C][O][C][Ring1][Ring1],CCC1C(N)C1C1CO1,3.461790468830701,2.3887693881988525,0.3098004460334778,36.77017593383789,33.935726165771484,38.55,,0.6009609821777561,mols/page_0097.png,11
1577,[N][#C][C][C][C][Branch1][Ring1][C][O][C][Ring1][Branch1][C][Ring1][Ring1],N#CCC1C2COCC12,2.4617904688307006,4.505202770233154,0.3009479641914367,29.78548622131348,34.0655517578125,33.02,,0.5998805787111282,mols/page_0079.png,17
3992,[N][#C][C][Branch1][Ring1][C][C][C][Branch1][C][C][Ring1][Ring2][C][Ring1][Ring1][C][Branch1][Ring2][C],CCCC(C)=C(C#N)CC,1.6214973620478217,4.180115699768066,0.2287579476833343,39.196102142333984,23.564027786254883,23.79,,0.5994660054442367,mols/page_0200.png,12
2273,[NH3+1][C][C][C][Ring1][Ring1][Branch1][C][O][C][=Branch1][C][=O][O-1],[NH3+]C1CC1(O)C(=O)[O-],2.464499695052122,4.753886222839356,0.2701583802700043,28.28016471862793,82.79559326171875,88.0,,0.5991070859342438,mols/page_0114.png,13
2725,[C][N][Branch1][Ring1][C][=O][C][=Branch1][C][=O][N][C][=O],CN(C=O)C(=O)NC=O,1.521790468830701,5.566195487976074,0.2204848378896713,31.63778686523437,66.05022430419922,66.48,,0.5990827546194343,mols/page_0137.png,5
2573,[C][C][C][Branch1][Ring1][C][C][O][C][Ring1][Branch1][C][C][Ring1][Ring1][O],CCC1(CC)OC12CC2O,2.799668362047821,1.7951854467391968,0.3161410987377167,38.4840087890625,31.32748985290528,32.76,,0.5984295002553485,mols/page_0129.png,13
2180,[C][C][C][Branch1][C][C][O][C][Branch1][Branch1][C][O][Ring1][Ring1][C],CCC(C)OC1(C)CO1,2.5217904688307007,1.367899775505066,0.3348013758659363,38.93049240112305,21.14995384216309,21.76,,0.598087654814813,mols/page_0110.png,0
3867,[O][C][C][Branch1][Ring1][C][C][C][O][C][Ring1][Ring2][C][O],OCC1CCC(CO)OC1,2.5196683620478213,2.8689701557159424,0.3167674243450165,33.44229507446289,44.12521362304688,49.69,,0.5979347289868018,mols/page_0194.png,7
3105,[N][#C][C][C][C][Branch1][C][C][O][C][Ring1][Ring1][C][Ring1][=Branch1],N#CCC1CC2CC1O2,3.701790468830701,4.795868873596191,0.2967422902584076,29.13652801513672,33.59089660644531,33.02,,0.5976337369300851,mols/page_0156.png,5
4384,[C][C][Branch1][C][C][C][C][C][C][=Branch1][C][=O][N][Ring1][Branch2],CC1(C)CCCC(=O)N1,1.521790468830701,3.894288063049317,0.26885986328125,35.6927490234375,29.01004219055176,29.1,,0.5973138681417702,mols/page_0220.png,4
4082,[C][O][C][C][C][Ring1][Ring1][C][C][Branch1][Ring1][C][Branch1][C][C][O],CCC(O)CC1CC1OC,3.0396683620478218,1.35133957862854,0.3194263577461242,39.86742401123047,30.06706619262696,29.46,,0.5968640634365832,mols/page_0205.png,2
2458,[C][O][C][C][C][Branch1][C][C][O][N][C],CNOC(C)CCOC,2.061790468830701,1.5578657388687134,0.305946409702301,40.73482894897461,26.67548561096192,30.49,,0.5964087748000442,mols/page_0123.png,18
1344,[C][C][C][Branch1][C][C][N][Branch1][C][O][C][C][O][Ring1][Ring1],CCC(C)N(O)C1CO1,2.5017904688307007,1.72049880027771,0.3224925696849823,38.04841232299805,31.60704803466797,36.0,,0.5959570703363032,mols/page_0068.png,4
2643,[C][O][C][Branch1][Ring1][C][C][C][Branch1][Branch1][C][C][Ring1][Ring1][C][Branch1][C][O][Branch1][C],CCC(OC)C1(CO)CC1,2.0396683620478218,0.9740810394287108,0.3260912895202636,40.566993713378906,30.07719993591309,29.46,,0.595761323974982,mols/page_0133.png,3
4034,[C][C][C][Branch1][C][C][O][C][Branch1][Branch1][C][O][O][C][Ring1][Branch1][C],COOCC1(C)OC(C)C1C,3.0580915038517307,1.704936981201172,0.3198881149291992,39.20188903808594,20.64189720153809,27.69,,0.595326262811079,mols/page_0202.png,14
4394,[O][C][Branch1][C][C][C][Branch1][Ring1][C][Branch1][O][C][C][O][C][Ring1][Branch1][C][Branch1][Ring2],CC(O)CC1CCOC1C,3.0396683620478218,1.9404486417770384,0.3115638494491577,38.49495697021485,29.36303329467773,29.46,,0.5941806805781542,mols/page_0220.png,14
1987,[N][C][C][Branch1][Ring1][C][C][Ring1][Ring2][C][Branch1][C][C][C][O][C][Ring1][Ring1],CCC1(C(C)C2CO2)CN1,2.9796683620478217,1.8723052740097048,0.3249005079269409,37.05390930175781,33.62334442138672,34.47,,0.5941671519618882,mols/page_0100.png,7
2394,[C][C][Branch1][C][C][C][Ring1][Branch1][C][Branch1][Ring1][C][C][O][C][C],CCOC(CC)C1CC1C,3.0596683620478218,0.9468836188316344,0.3339902758598327,41.48964309692383,8.344696998596191,9.23,,0.5938939304402483,mols/page_0120.png,14
3620,[C][Branch1][C][O][C][C][C][Ring1][Ring1][C][Branch1][Ring1][C][C][O],CCC(O)C1CC1CO,3.0217904688307007,0.9414756298065186,0.3263766765594482,39.76975631713867,41.09633255004883,40.46,,0.5929120520245622,mols/page_0182.png,0
1270,[C][C][C][Branch1][C][C][O][C][Branch1][Ring2][C][C][Ring1][Ring1][C][C],CCC(C)OC1(CC)CC1,2.0596683620478218,0.9667075872421264,0.3285415768623352,41.89623641967773,9.156356811523438,9.23,,0.5928702750949781,mols/page_0064.png,10
2286,[C][C][C][Branch1][Ring1][C][C][Ring1][Branch1][C][C][O][C][Ring1][Ring1],CCC1(CC2CO2)CC1,1.981790468830701,1.7966477870941162,0.3454506397247314,36.81742477416992,12.533326148986816,12.53,,0.5927795397248186,mols/page_0115.png,6
2403,[C][C][C][Branch1][C][C][O][C][C][Ring1][Ring1][C][C][N][C][Ring1],C=NCCCCOC(C)CC,2.138091503851731,1.433016061782837,0.3044366538524627,42.03787612915039,16.9525203704834,21.59,,0.5927463983634124,mols/page_0121.png,3
2849,[N][#C][C][C][C][Branch1][C][C][Ring1][Ring1][C][C][O][C][Ring1][Ring2],CC1(C2COC2)CC1C#N,2.4796683620478213,4.094378471374512,0.284153401851654,33.13919448852539,31.160934448242188,33.02,,0.5926080656179912,mols/page_0143.png,9
2408,[C][C][Branch1][C][C][C][O][C][C][Ring1][Ring1][C][C][N][Ring1][Ring1],CC(C)COCCC1CN1,2.0396683620478218,1.4735949039459229,0.3186817467212677,39.29304885864258,31.709003448486328,31.17,,0.5925049855913344,mols/page_0121.png,8
1818,[C][C][C][O][C][Branch1][Ring1][C][C][Branch1][C][C][N][C][C][Ring1][Branch1][C],CCCOC1(C)CCC(C)CN1,2.617024615544936,1.252971887588501,0.3198327124118805,40.908321380615234,19.69297409057617,21.26,,0.5921577771061818,mols/page_0091.png,18
3806,[N][C][Branch1][C][C][C][Branch1][Ring1][C][C][O][C][C][Ring1][Branch1][C],CC(N)C1OCC(C)C1C,3.5396683620478213,1.74467134475708,0.3041603565216064,39.63150405883789,33.50608444213867,35.25,,0.5921093832419151,mols/page_0191.png,6
2140,[C][C][Branch1][Ring1][C][C][C][Ring1][Ring1][C][Branch1][C][C][O][C][Ring1][Ring2],CC1C(C)C1C1(C)CO1,2.9817904688307006,1.902038216590881,0.3274334669113159,38.21727752685547,13.09467887878418,12.53,,0.5919224842469848,mols/page_0108.png,0
3565,[C][O][C][C][Branch1][Ring1][C][#N][C][O][C][Ring1][=Branch1],COCC1(C#N)COC1,1.5017904688307009,3.944031238555908,0.2875533998012543,32.45313262939453,42.60440826416016,42.25,,0.591333727235601,mols/page_0179.png,5
2087,[C][C][C][Branch1][C][C][N][C][C][Ring1][Branch1][C][O][C][C],CCOCC1CNC1(C)CC,2.5780915038517307,1.417674541473389,0.3084882497787475,40.61821746826172,30.47417259216309,21.26,,0.5910987170907379,mols/page_0105.png,7
3723,[C][C][C][Branch1][Ring1][C][C][N][C][Branch1][C][C][O][C][Ring1][Branch1][C],CCC(CC)N1C(C)OC1C,2.5780915038517307,1.6987178325653076,0.3064183592796325,41.23646545410156,11.471630096435549,12.47,,0.5909068284877745,mols/page_0187.png,3
4356,[O][C][C][C][Branch1][Ring1][C][Branch1][C][O][C][Branch1][Ring2][C][Ring1][Ring1][C][C][Ring1][Branch1],CCC1COCC1CCO,2.5396683620478213,1.7949724197387695,0.3216558396816253,37.96962738037109,29.042631149291992,29.46,,0.5907875798155373,mols/page_0218.png,16
1729,[C][Branch1][C][C][C][Branch1][Branch1][C][O][C][C][O][Ring1][Ring2][C][Branch1][Ring2][C][Ring1][Branch1],CCOCC(O)CC,2.0644996950521226,1.9754009246826167,0.3278104066848755,36.57610702514648,30.210702896118164,29.46,,0.5906493474948402,mols/page_0087.png,9
3642,[C][C][C][Branch1][Ring1][C][C][Ring1][Ring1][C][Branch1][C][C][O][C][Ring1][Branch1][C][O],CC1OC(CO)CCC12CC2,2.838091503851731,2.2229483127593994,0.3276578187942505,35.728355407714844,29.45875358581543,29.46,,0.590590810444571,mols/page_0183.png,2
202,[C][#C][C][Branch1][#Branch1][C][Branch1][C][O][C][#N][C][C][Ring1][#Branch1],C#CC1(C(O)C#N)CC1,2.021790468830701,3.833266258239746,0.2780223786830902,33.705833435058594,44.222015380859375,44.02,,0.5905337411417698,mols/page_0011.png,2
1714,[C][#C][C][C][C][Branch1][C][C][N][C][Branch1][Ring1][C][C][O][C][Ring1][Branch1],C#CCCC(C)NC1(CC)CO1,2.617024615544936,1.837957739830017,0.3066317737102508,39.8809928894043,21.99299430847168,24.56,,0.5902079148754639,mols/page_0086.png,14
3309,[C][C][C][N][C][Branch1][Ring1][C][C][O][C][Ring1][Ring2][C],CCCNC1OC(C)C1C,3.0396683620478218,2.035999298095703,0.3057035803794861,39.3426628112793,20.629669189453125,21.26,,0.5900945358882241,mols/page_0166.png,9
4203,[N][#C][C][Branch1][C][C][Branch1][Branch1][C][O][C][C][C][Ring1][Ring1][C][Ring1][Ring2],CC1(C#N)COC2(C)CC12,2.9796683620478217,3.953967809677124,0.2842802405357361,33.59137344360352,31.259775161743164,33.02,,0.5895888408423381,mols/page_0211.png,3
4281,[O][C][Branch1][C][C][C][Branch1][Ring1][C][Branch1][Branch1][C][Branch1][Ring2][C][Branch1][=Branch1][C][Branch1][O],CCCCCC(C)O,2.084499695052122,1.3229361772537231,0.3397848010063171,38.51482391357422,20.22721290588379,20.23,,0.5893431214206515,mols/page_0215.png,1
2726,[N][C][C][Branch1][C][C][O][C][C][C][Ring1][Branch1][C][Branch1][Ring1][C],CCC1CCOC(CN)C1,2.5396683620478213,2.162776470184326,0.3113778829574585,37.421043395996094,31.644350051879883,35.25,,0.5885034967642283,mols/page_0137.png,6
2341,[C][C][C][Branch1][C][C][N][C][Ring1][Ring2][C][Ring1][Branch1][C][O][C][Ring1][Ring1],CCC1(C)NC1CC1CO1,2.9796683620478217,1.740489482879639,0.3219993710517883,37.73014831542969,33.674957275390625,34.47,,0.5875632069719323,mols/page_0118.png,1
2590,[C][C][C][Branch1][Ring1][C][C][O][C][Ring1][Branch1][C][Branch1][Branch1][C][C][Ring1][Ring2][C][Branch1],CCC1(CC)OC12CCC2C,2.858091503851731,1.5061355829238892,0.3297091722488403,39.634674072265625,9.736226081848145,12.53,,0.5871637943970324,mols/page_0130.png,10
3557,[C][N][C][Branch1][C][C][Branch1][Ring1][C][C][C][Ring1][Ring2][C][Branch1][Ring2][C][C],CCCC1CC1(CC)NC,2.5596683620478213,1.1865172386169434,0.3088987171649933,42.49832534790039,15.551688194274902,12.03,,0.5862843547100134,mols/page_0178.png,17
4244,[C][C][C][Branch1][C][C][O][C][Branch1][Ring1][C][C][Ring1][Ring1][C][Ring1][Ring2][C][Ring1][Branch1],CCC1CC(CC)(CC)O1,2.0596683620478218,1.3033572435379028,0.3222949504852295,41.21040725708008,8.696462631225586,9.23,,0.5860552010672471,mols/page_0213.png,4
1451,[C][#C][C][O][C][C][Ring1][Ring1][C][C][C][O],C#CCOCCCCCO,1.5996683620478216,2.38940954208374,0.2878907918930053,39.12063980102539,29.332618713378903,29.46,,0.5857637321319118,mols/page_0073.png,11
1927,[C][C][C][Branch1][C][C][N][C][C][O][C][Ring1][Ring1],CCC(C)NCC1CO1,2.5217904688307007,1.946459412574768,0.3086584508419037,38.74322509765625,27.87027931213379,24.56,,0.5854644820637143,mols/page_0097.png,7
1539,[C][C][C][Branch1][C][C][=C][C][C][N][Branch1][C][O][C][Branch1][Ring1][C][O],CCC(C)=CCCN(O)CCO,1.6570246155449355,2.0149738788604736,0.2663527429103851,42.3528938293457,34.0852165222168,43.7,,0.5854346237080897,mols/page_0077.png,19
1588,[C][C][Branch1][Ring1][C][C][C][N][C][Ring1][Branch1][C][C][O][C][Ring1],COCCC1NCC(C)C1C,3.0780915038517307,1.5069785118103027,0.3160096704959869,39.61137008666992,27.804317474365234,21.26,,0.584480016466423,mols/page_0080.png,8
2796,[C][C][C][Branch1][Ring1][C][C][O][C][Branch1][C][C][N][C][C][Ring1][Ring1],CCC(CC)OC(C)N1CC1,2.078091503851731,1.3264024257659912,0.3224551975727081,41.0295295715332,9.3569974899292,12.24,,0.584315414155038,mols/page_0140.png,16
2448,[C][C][Branch1][C][O][C][Branch1][Ring1][C][C][O][O][C][Ring1][Branch1][C],CC(O)C1OOC(C)C1C,3.5196683620478213,2.010502815246582,0.3037781417369842,38.43781280517578,35.038265228271484,38.69,,0.5842453106565176,mols/page_0123.png,8
1973,[C][C][C][Branch1][C][C][O][C][Branch1][Branch1][C][O][Branch1][C][=O],CCC(C)OC(=O)COC,2.079668362047822,2.605093479156494,0.2804887592792511,38.54051208496094,35.88466262817383,35.53,,0.5834993765480341,mols/page_0099.png,13
771,[=C][N][#C][C][Branch1][C][C][C][O][C][=O],CN=CC(C)COC=O,2.061790468830701,4.002918243408203,0.2507941424846649,35.96308517456055,41.36304473876953,38.66,,0.5828851741524943,mols/page_0039.png,11
2491,[=NH1+1][#C][#C][C][Branch1][Ring2][C][C][C][Branch1][C][O][C][Ring1][Ring2][C][Branch1][Ring1][O],CC1CC(O)(CC#[NH+])C1CO,3.0580915038517307,2.322252035140991,0.2854662537574768,36.89551544189453,64.20729064941406,64.26,,0.58232111565321,mols/page_0125.png,11
1703,[C][C][C][Branch1][Ring1][C][C][Ring1][Branch1][C][C][O][C][C],CCOCCC1(CC)CC1,1.5596683620478216,0.9330967664718628,0.3381578624248504,40.952430725097656,7.988548755645752,9.23,,0.5823161392505306,mols/page_0086.png,3
3279,[C][C][C][Branch1][C][C][Ring1][Ring1][C][C][O][C][Ring1][Branch1][C][O],OCC1CC2(CCO1)CC2,2.299668362047821,2.682709217071533,0.3264937996864319,33.99110794067383,29.542295455932617,29.46,,0.5818739290666672,mols/page_0164.png,19
1824,[C][Branch1][C][C][Branch1][Branch1][C][O][C][Branch1][=Branch1][C][C][O][Ring1][Ring2][C][C][Ring1][#Branch1],CCC(C)COC1CCO1,2.5396683620478213,1.709945797920227,0.334881067276001,37.634124755859375,17.79904556274414,18.46,,0.5812666590717418,mols/page_0092.png,4
4262,[O][C][C][C][Branch1][Ring1][C][C][Ring1][Ring1][C][O][C][Branch1][C][O][Ring1][Ring2][C],CC1(O)CCC2(CO1)CC2O,3.318091503851731,2.055560827255249,0.3241774439811706,35.34792709350586,45.25151443481445,49.69,,0.5812620382550432,mols/page_0214.png,2
1717,[C][O][C][C][Branch1][Ring1][C][O][C][C][Ring1][Branch1],COCC1(CO)CC1,1.5044996950521223,2.9732553958892822,0.3212096989154815,33.44583511352539,29.464635848999023,29.46,,0.5810405941629931,mols/page_0086.png,17
4521,[C][Branch1][Ring1][C][C][C][Ring1][Ring1][C][O][C][Branch1][C][C][Branch1][Branch1][C][Branch1][Ring2][C],CCC(C)OCC1CC1C,3.0596683620478218,0.9401766061782836,0.3350136280059814,41.1626205444336,8.78711986541748,9.23,,0.5807785740936547,mols/page_0227.png,1
3800,[O][C][C][C][Branch1][C][C][O][C][Ring1][Ring2][C][Branch1][Ring1][C][C][Ring1][Branch1][C][Ring1],CC1(CCO)OC1C1CCC1,2.51809150385173,1.496096968650818,0.3316396176815033,37.705322265625,31.44771385192871,32.76,,0.5805209754455843,mols/page_0191.png,0
4390,[O][C][C][C][Ring1][Ring1][C][O][C][Ring1][Ring2][C][Ring1][Branch1][C][Branch1][C][O][Branch1][Ring1],OCCC1OCC12CC2O,3.279668362047821,2.515744209289551,0.3067686259746551,35.15196990966797,48.45051956176758,49.69,,0.5795976105870443,mols/page_0220.png,10
3419,[O][C][Branch1][C][C][Branch1][Ring1][C][Branch1][Ring2][C][Branch1][N][C][Branch1][Branch1][C][O][C][Ring1],COCCCCC(C)O,2.081790468830701,0.6469694375991821,0.3231727480888366,41.77616882324219,30.60688018798828,29.46,,0.5794300090188094,mols/page_0171.png,19
1174,[C][C][C][Branch1][C][C][N][C][Branch1][Ring1][C][C][Ring1][Ring1][C][O][C][Ring1][=Branch1],CCC1CC(CC)(COC)N1,2.5780915038517307,1.12280535697937,0.3168331682682037,41.00956726074219,25.90676498413086,21.26,,0.5789305911046864,mols/page_0059.png,14
1489,[C][C][C][Branch1][Ring1][C][C][N][C][C][Ring1][Branch1][C][O],CCC1NCC(CO)C1C,3.0396683620478218,1.919727563858032,0.3025186061859131,38.82299041748047,34.91660690307617,32.26,,0.5786640158820214,mols/page_0075.png,9
3242,[C][C][C][Branch1][C][C][O][C][C][Ring1][Branch1][C][Branch1][Ring1][C][O][Ring1][Ring1][C][C],CCC1(C)OC2C1C2(CC)CO,3.557024615544935,1.7024216651916504,0.3057207465171814,39.93817901611328,26.515026092529297,29.46,,0.5782636306526117,mols/page_0163.png,2
4196,[C][O][C][Branch1][C][O][N][C][C][Ring1][Branch1][C][Branch1][Ring1][C][O],COC1(O)NCC1CCO,2.4996683620478213,1.8676352500915527,0.3010781109333038,37.272403717041016,59.52581787109375,61.72,,0.5780702209544117,mols/page_0210.png,16
1155,[C][C][C][O][C][C][Branch1][Ring1][C][C][Ring1][Branch1][C][O],CCC1(CO)COCC1C,2.5396683620478213,1.7481703758239746,0.3150120973587036,38.56823348999024,29.573585510253903,29.46,,0.5774768924737057,mols/page_0058.png,15
1135,[C][C][C][Branch1][Ring1][C][C][O][C][Branch1][C][O],CCC(CC)OCO,1.5644996950521224,1.933306574821472,0.3231739401817322,37.08126831054688,29.03453254699707,29.46,,0.5773018877411159,mols/page_0057.png,15
2814,[C][C][C][Ring1][Branch1][C][Branch1][Ring1][C][Branch1][C][C][Branch1][=Branch1][C][Branch1][Branch1][C][O][C],CCC(CCOC)C1CC1,2.0596683620478218,0.9597437977790833,0.3386471569538116,40.66367721557617,8.719921112060547,9.23,,0.5771723207160044,mols/page_0141.png,14
906,[C][C][C][O][C][C][Branch1][Ring1][C][C][Ring1][Ring2][C],CCC1OCC1(C)CC,2.5417904688307007,1.6795727014541626,0.3183450400829315,40.00483703613281,9.572295188903809,9.23,,0.5770915610341172,mols/page_0046.png,6
1751,[C][C][C][Branch1][C][C][O][C][Ring1][Ring2][C][Ring1][Branch1][C][Ring1][Ring1][C][Ring1][#Branch1],CCC1(C)OC12CC2C,3.301790468830701,1.7724149227142334,0.32071453332901,39.206092834472656,12.30904769897461,12.53,,0.5770118145995704,mols/page_0088.png,11
1230,[C][C][C][Branch1][Ring1][C][C][Ring1][Ring2][C][Branch1][C][C][O][C][Ring1],CCC1(C(C)OC)CC1,2.041790468830701,1.0633313655853271,0.3320181965827942,40.84719467163086,10.13656234741211,9.23,,0.576973823213069,mols/page_0062.png,10
106,[C][C][C][Branch1][C][C][O][C][C][Ring1][Ring1][C][O][Ring1][Ring1],CCC(C)OCC1CO1,2.5217904688307007,1.4831769466400146,0.3322063982486725,38.3492546081543,22.056509017944336,21.76,,0.5765669776490796,mols/page_0006.png,6
1788,[C][C][Branch1][C][C][C][O][C][Ring1][Ring2][C][Branch1][Ring1][C][O][N][C],CNC(CO)C1CC(C)CO1,3.0580915038517307,2.2429020404815674,0.2996972799301147,37.59498977661133,38.59678649902344,41.49,,0.576514725447239,mols/page_0090.png,8
1896,[C][C][C][Branch1][Ring1][C][O][C][Branch1][C][C][O][N][C][Ring1][Ring2],CCC(CO)C1CCNO1,2.5196683620478213,2.019742965698242,0.3251281380653381,36.19341659545898,33.6064338684082,41.49,,0.5762897036385902,mols/page_0095.png,16
4287,[N][#C][C][C][C][Branch1][Ring1][C][O][C][Branch1][C][O][Ring1][=Branch1],N#CC1CC(CO)C1O,3.0017904688307007,3.097222089767456,0.2899889647960663,33.55630874633789,62.84281539916992,64.25,,0.5761956604447221,mols/page_0215.png,7
1936,[C][C][C][Branch1][Ring1][C][C][O][C][Ring1][Branch1][C][C][Ring1][Ring1],CCC1(CC)OC12CC2,1.8017904688307007,1.786879301071167,0.3276668787002563,38.391395568847656,12.73341178894043,12.53,,0.5760738091855411,mols/page_0097.png,16
3643,[C][C][C][Ring1][Ring2][C][Branch1][C][C][O][C][C][N][C][Ring1][Ring1],CC(OCC1CN1)C1CC1,2.4796683620478213,2.110167980194092,0.3175326883792877,36.88178634643555,30.34782600402832,31.17,,0.576040921872046,mols/page_0183.png,3
4189,[C][C][O][C][Branch1][C][C][C][Branch1][Ring1][C][C][N][C][Ring1][Branch1],CCOC(C)C1(CC)CN1,2.5396683620478213,1.1370705366134644,0.3172231316566467,40.45465469360352,31.30346298217773,31.17,,0.575908463957559,mols/page_0210.png,9
4474,[C][C][Branch1][C][O][C][Branch1][Branch1][C][C][C][O][N][C][C][Ring1][Ring2][C],CC1CNC(C(C)O)CCCO1,3.097024615544936,1.8704105615615845,0.3074453175067901,38.38142776489258,35.88731384277344,41.49,,0.5758847770597886,mols/page_0224.png,14
522,[C][C][C][C][Ring1][Ring1][C][C][Branch1][Ring1][C][#N][N][Ring1][Branch2],CC12CC1CC(C#N)N2,2.9617904688307006,4.675774574279785,0.2625152170658111,32.549293518066406,35.943111419677734,35.82,,0.5751727775961313,mols/page_0027.png,2
3026,[C][C][C][Branch1][C][C][Ring1][Branch1][C][Branch1][Branch1][C][O][C][Branch1][Ring1][C][Branch1][N][C],CCCOCCC1(C)CC1,1.5596683620478216,0.9608345627784728,0.3383761346340179,40.66447830200195,8.533575057983398,9.23,,0.5748828986669434,mols/page_0152.png,6
2416,[C][C][C][Branch1][C][C][O][C][C][Ring1][Ring2][C][C][N],CCC1CC(CCN)CO1,2.5396683620478213,2.005757570266724,0.3124480843544006,37.71310806274414,31.1162338256836,35.25,,0.5748373156039936,mols/page_0121.png,16
2328,[C][C][C][Ring1][Branch1][C][Branch1][C][C][Branch1][Branch1][C][O][C][Branch1][Ring1][C][Branch1][Ring2][C],CCCOCC(C)C1CC1,2.0596683620478218,0.9287737011909484,0.3418601751327514,40.45440673828125,8.144535064697266,9.23,,0.5747875430829347,mols/page_0117.png,8
1486,[C][C][C][N][C][C][Branch1][C][C][O][C][Ring1][Branch1],CCCNC1COC1C,2.5217904688307007,2.2857038974761963,0.3039345443248749,38.118934631347656,23.607162475585938,21.26,,0.5747414748157263,mols/page_0075.png,6
4085,[C][C][C][Branch1][C][C][O][C][C][Ring1][Branch1][C][Branch1][Ring1][C],CCC1COC1(C)CC,2.5417904688307007,1.679166555404663,0.3163849711418152,40.15038299560547,9.769404411315918,9.23,,0.5745087325292189,mols/page_0205.png,5
2120,[C][C][C][Branch1][Ring1][C][C][N][C][Ring1][Ring2][C][Branch1][Ring2][C][N][Ring1][Ring1],CCC1NC(C2CN2)C1C,3.4796683620478213,2.297431230545044,0.3048919439315796,37.0624885559082,35.43680953979492,33.97,,0.574137348567955,mols/page_0107.png,0
2888,[C][C][C][Branch1][C][C][Ring1][Branch1][C][Branch1][Ring1][C][Branch1][Branch1][C][O][C][Ring1][Ring2][O],CC1(C(O)C2COC2)CC1,1.9796683620478217,2.47146987915039,0.3091168701648712,36.48261642456055,28.78892135620117,29.46,,0.573636761912415,mols/page_0145.png,8
168,[C][C][O][C][Branch1][C][C][C][Branch1][Ring1][C][O],CCOC(C)CCO,2.0644996950521226,1.8263859748840328,0.3269228041172027,36.94480895996094,30.17273712158203,29.46,,0.5734767943100769,mols/page_0009.png,8
1074,[N][#C][C][C][C][Branch1][Branch1][C][O][C][Branch1][Ring1],COCCCCC#N,1.5644996950521224,3.7400755882263184,0.2965437769889831,32.707305908203125,33.29789733886719,33.02,,0.5732837945367505,mols/page_0054.png,14
2337,[N][C][Branch1][C][C][C][Branch1][Branch1][C][Branch1][Ring1][C][O][C][Ring1][Ring1][C][Ring1][Branch1],CC(N)C1C2CC1C2O,3.701790468830701,2.321964979171753,0.305893987417221,36.23141098022461,43.5470085144043,46.25,,0.5731054095589789,mols/page_0117.png,17
1197,[C][C][C][N][C][Branch1][C][C][O][C][Ring1][Ring2],CCCNC1(C)CO1,2.0044996950521226,2.1161017417907715,0.3170021176338196,37.22042465209961,25.67523956298828,24.56,,0.5728939230068477,mols/page_0060.png,17
355,[C][#C][C][C][Branch1][C][C][C][Branch1][C][O][C][#N],C#CCC(C)C(O)C#N,2.5817904688307007,2.8980376720428467,0.2806646227836609,36.54555130004883,45.12452697753906,44.02,,0.5723300076111898,mols/page_0018.png,15
1405,[C][C][C][O][C][C][Branch1][Ring1][C][C][N][Ring1][Ring1],CCCOCC1NC1C,2.5217904688307007,1.3723576068878174,0.3239699900150299,38.77455139160156,31.90024948120117,31.17,,0.5717305994606852,mols/page_0071.png,5
1269,[C][C][C][O][C][C][Branch1][C][C][N][C][Ring1][Branch1][C],CCCOC1C(C)NC1C,2.5396683620478213,1.745659351348877,0.305951327085495,39.76298522949219,25.004222869873047,21.26,,0.5717151849171767,mols/page_0064.png,9
1158,[C][C][C][Branch1][C][C][Ring1][Branch1][C][Branch1][Branch1][C][O][C][Ring1][=Branch1][C],COCC(C)C1(C)CC1,2.041790468830701,0.9983657002449036,0.3347545862197876,40.80515670776367,9.041111946105955,9.23,,0.5716485496439019,mols/page_0058.png,18
3077,[C][Branch1][C][C][C][Branch1][Ring1][C][C][N][C][C][Ring1][Ring1][C][Branch1][Branch1][C][N][Ring1],CCC(CC)N1CC1CC=N,2.5780915038517307,1.9289486408233645,0.2926162481307983,40.6367416381836,22.477928161621094,26.86,,0.5713239948307911,mols/page_0154.png,17
1823,[C][C][C][Branch1][Ring1][C][C][Ring1][Branch1][C][C][O][C][Ring1],CCC1(CCOC)CC1,1.541790468830701,1.0507400035858154,0.3374604880809784,40.2455940246582,10.112595558166504,9.23,,0.5713182215621473,mols/page_0092.png,3
3562,[C][C][C][Ring1][Ring1][C][Branch1][Ring1][C][C][Branch1][C][C][N][C][Ring1][=Branch1],CCC(C)(NC)C1CC1,2.041790468830701,1.3213112354278564,0.3084163665771484,41.54690933227539,18.85605430603028,12.03,,0.5710709036850079,mols/page_0179.png,2
4439,[N][#C][C][Branch1][C][C][C][O][C][C][Ring1][Branch1][C][Ring1][=Branch1][C],CC1C2COCC(C#N)C12,3.4796683620478213,4.175947189331055,0.2969322204589844,31.114809036254883,31.89632606506348,33.02,,0.5708219778165414,mols/page_0222.png,19
4088,[N][C][C][Branch1][C][C][C][O][C][C][Ring1][Ring1][C][Branch1][Branch1][C][N][C][Ring1][Branch1],CC(CN)COCC1CCNC1,2.597024615544936,1.7632343769073486,0.2953937649726867,39.505516052246094,41.474403381347656,47.28,,0.5707623553222992,mols/page_0205.png,8
2535,[C][C][Branch1][C][C][C][O][C][Branch1][Ring1][C][Branch1][Branch1][C][Branch1][N][C][C][Ring1][Ring1],CC(C)COCCC1CC1,1.5596683620478216,0.9984120726585388,0.338913232088089,40.33929061889648,9.237221717834473,9.23,,0.5701680441341963,mols/page_0127.png,15
2227,[C][C][C][Branch1][Ring1][C][Branch1][C][O][C][C][Ring1][Ring1][C][C][O],CCC1COC(CCO)C1,2.5396683620478213,1.667383909225464,0.3260762989521026,37.688232421875,28.55745315551757,29.46,,0.5699152319423314,mols/page_0112.png,7
4119,[N][#C][C][C][C][Branch1][Ring1][C][C][O][C][Ring1][Ring2][C][Ring1][#Branch1],CC1C2CC(CC#N)C1O2,4.2196683620478215,4.095488548278809,0.2944539487361908,31.56674575805664,33.015953063964844,33.02,,0.569856880024551,mols/page_0206.png,19
113,[C][C][N][C][C][C][O][C][C][Ring1][Branch1][C][C],CCNCC1COCC1CC,2.5780915038517307,1.9066309928894043,0.3109021484851837,38.85622787475586,21.93706321716309,21.26,,0.5695472555572595,mols/page_0006.png,13
1069,[C][C][C][Branch1][C][C][N][C][Branch1][Ring1][C][C][Ring1][Branch1][C],CCC1(C)NC(C)C1C,3.0417904688307007,1.348568320274353,0.3039412498474121,41.944854736328125,17.84085464477539,12.03,,0.5687624949529644,mols/page_0054.png,9
3547,[C][C][Branch1][C][C][C][O][C][Ring1][Branch1][C][Branch1][Ring1][C][Branch1][O][C][Branch1][Ring2],CCCC1OCC1(C)C,2.041790468830701,1.680379033088684,0.3182743787765503,39.88081359863281,9.440134048461914,9.23,,0.568575485694243,mols/page_0178.png,7
4028,[O][C][C][C][Branch1][Ring1][C][Branch1][C][C][O][C][Branch1][Branch1][C][Branch1][O][C][Ring1][Branch1],OCCC1CCCCCO1,2.0396683620478218,2.0332062244415283,0.3251305222511291,36.323219299316406,29.58601760864257,29.46,,0.5684476177834076,mols/page_0202.png,8
3300,[C][O][C][C][Branch1][C][C][C][Ring1][Branch1][C][Branch1][Ring1][C][C][N][C][Ring1][Ring1],COCC(C)CC1CCCN1,2.5780915038517307,1.548181653022766,0.318202406167984,39.1426010131836,25.548837661743164,21.26,,0.5682823842896435,mols/page_0166.png,0
1177,[C][C][C][O][C][C][Branch1][Ring1][C][C][Ring1][Branch1][C][C],CCC1(CC)COCC1C,2.0596683620478218,1.552891492843628,0.3229994475841522,39.916297912597656,8.609271049499512,9.23,,0.5675226527382102,mols/page_0059.png,17
3811,[C][#C][C][C][Branch1][Ring1][C][C][O][C][C][Ring1][Branch1][C][O],C#CCC1OCC(CO)C1C,3.0780915038517307,2.3464274406433105,0.3055654764175415,37.148345947265625,29.53009605407715,29.46,,0.5670756434026779,mols/page_0191.png,11
2783,[C][C][Branch1][Ring1][C][Branch1][Branch1][C][C][C][Ring1][Ring1][C][C][O][C],COCCC(C)CC1CC1,2.0596683620478218,1.0497796535491943,0.3371619582176208,40.27066421508789,9.119550704956056,9.23,,0.5660824074542484,mols/page_0140.png,3
1574,[C][C][C][Branch1][Ring1][C][C][O][C][Branch1][C][C][Ring1][Ring2][O],CCC1OC(C)(O)C1C,3.0217904688307007,1.473983645439148,0.3099903762340545,39.87898254394531,30.032468795776367,29.46,,0.5658890222946462,mols/page_0079.png,14
2577,[C][C][C][Branch1][Ring1][C][C][Ring1][Ring1][C][Branch1][C][C][N][C][Ring1][Ring2][C][Ring1][Branch1],CCC1(C2(C)NC2C)CC1,2.4996683620478213,1.5478538274765017,0.3104765117168426,40.255558013916016,20.842103958129883,21.94,,0.5657672663791116,mols/page_0129.png,17
1782,[C][#C][C][C][C][Branch1][C][C][Ring1][Ring2][C][Branch1][Ring1][C][O][C][Ring1][Ring1],C#CCCC(C)C1CC1O,3.0596683620478218,1.783217191696167,0.3123778998851776,39.25495147705078,19.794580459594727,20.23,,0.5650917860032061,mols/page_0090.png,2
4352,[O][C][C][C][Branch1][C][O][C][Branch1][Ring1][C][O][Ring1][Branch1][C][C][Ring1][Ring2][C][Branch1],CC1CC2(C(O)CC2O)C1O,3.8180915038517305,1.797912359237671,0.3082800507545471,36.80931091308594,56.52217864990234,60.69,,0.5649561328279104,mols/page_0218.png,12
203,[N-1][CH1-1][#C][N][Branch1][C][C][C][N][C][C],CCNCN(C)C[CH-][N-],1.561790468830701,3.071821689605713,0.2662691175937652,38.3538703918457,30.77057647705078,37.57,,0.5649094668763421,mols/page_0011.png,3
2763,[C][C][C][O][C][C][Ring1][Branch1][C][C][N][Ring1][=Branch1],CC1COCC1CCN,2.5217904688307007,2.163198232650757,0.3081134259700775,37.19285202026367,33.95124053955078,35.25,,0.5648063036464164,mols/page_0139.png,3
3323,[O][C][C][Branch1][Ring1][C][Branch1][C][C][C][Ring1][Ring1][C][C][O],CC1C(CO)C1CCO,3.0217904688307007,0.7993581891059875,0.3280207216739654,39.6165771484375,41.78857803344727,40.46,,0.5646210222877077,mols/page_0167.png,3
3572,[C][Branch1][Ring1][C][C][C][O][C][C][Branch1][Branch1][C][Branch1][C][O][Ring1][=Branch1],CC1CCOCC1CO,2.5217904688307007,2.4112915992736816,0.3152320981025696,35.85314178466797,29.757280349731445,29.46,,0.564302021654937,mols/page_0179.png,12
2029,[C][C][C][Branch1][Ring1][C][O][N][C][Branch1][C][C][C][Ring1][Branch2][Ring1][Ring2],CC1C(CO)N2C(C)C12,3.961790468830701,2.867868423461914,0.2989524006843567,36.26904678344727,23.821081161499023,23.24,,0.56359523635242,mols/page_0102.png,9
4393,[N][C][Branch1][C][O][C][Branch1][Branch1][C][C][C][Branch1][Ring1][C][C][Ring1][Branch1][C][Ring1][Ring2],CCC1CCC2(C1)NC2O,3.299668362047821,2.321340560913086,0.306650310754776,36.126991271972656,41.90746688842773,42.17,,0.5635942701210666,mols/page_0220.png,13
3887,[C][C][C][Branch1][Ring1][C][C][Ring1][Ring1][C][Branch1][C][C][N][C][C],CCNC(C)C1(CC)CC1,2.0596683620478218,1.2044931650161743,0.3121638298034668,41.85104370117188,13.931187629699709,12.03,,0.563548240816391,mols/page_0195.png,7
2167,[C][Branch1][Branch1][C][C][C][Branch1][C][N][C][C][O][Ring1][Ring1][C][Ring1][Ring1],NCCCCC1CO1,2.0044996950521226,1.9535928964614868,0.3321233093738556,34.86629867553711,42.07094192504883,38.55,,0.5634966406867048,mols/page_0109.png,7
1655,[C][C][Branch1][C][O][C][C][C][N][C][Ring1][Ring1][C][Ring1][=Branch1],CC(O)C1CC2NC2C1,2.9617904688307006,2.757495641708374,0.3048375248908996,34.686790466308594,41.95541763305664,42.17,,0.5634953366205203,mols/page_0083.png,15
4482,[C][O][C][C][Branch1][C][O][Branch1][C][C][C][Ring1][Ring1][C][C][O][Ring1][Branch1],COCC12COCCC1O2,2.459668362047821,3.139688491821289,0.3226076662540436,32.42708206176758,29.03545570373535,30.99,,0.5632163308662964,mols/page_0225.png,2
1426,[C][C][C][Branch1][Branch1][C][O][C][O],CCCCOCO,1.5478467081635288,2.1862313747406006,0.3314471244812011,34.984161376953125,30.04609489440918,29.46,,0.5630842468916665,mols/page_0072.png,6
2797,[C][O][C][C][C][Branch1][Ring1][C][O][Ring1][Branch1][C][Branch1][C][C][Ring1][Branch1],CC1C2COCC12CO,2.9617904688307006,2.712179183959961,0.3178534209728241,34.437522888183594,29.765077590942383,29.46,,0.5625850107912949,mols/page_0140.png,17
2934,[C][C][C][Branch1][Ring1][C][C][N][C][Branch1][C][C][O][C][Ring1][Ring1],CCC(CC)NC1CCO1,2.0396683620478218,1.7659152746200562,0.3127447068691253,39.2247200012207,19.871309280395508,21.26,,0.561951343436911,mols/page_0147.png,14
4064,[O][C][Branch1][Ring1][C][C][C][Ring1][Ring1][C][O][C][C],CCOCC1C(C)C1O,3.0217904688307007,1.571532964706421,0.3129194676876068,39.176849365234375,29.673168182373047,29.46,,0.5617909134030018,mols/page_0204.png,4
1872,[C][C][C][Branch1][C][C][O][C][Branch1][Ring1][C][C][Ring1][Branch1][C][Ring1][=Branch1][C][O],CCC12OC(CC1CO)C2C,4.258091503851731,2.184328317642212,0.3122801184654236,37.030364990234375,28.799840927124023,29.46,,0.5616973586279284,mols/page_0094.png,12
1246,[C][C][C][Branch1][Ring1][C][C][N][Ring1][Ring1][C][Branch1][Ring2][C][Ring1][Branch1][C][O],CCC1N2C(CO)CC12C,3.4796683620478213,2.5699808597564697,0.2987151741981506,37.44719314575195,22.70461654663086,23.24,,0.5612175163786884,mols/page_0063.png,6
190,[C][C][O][C][C][C][C][=Branch1][C][=O][O][Ring1][Branch1],CCOCC1CC(=O)O1,2.001790468830701,4.019702911376953,0.2792653739452362,33.08530044555664,35.34458923339844,35.53,,0.5610460603224716,mols/page_0010.png,10
1499,[C][#C][C][Branch1][C][C][C][O][C][Branch1][Branch1][C][O][Ring1][Ring2],C#CC(C)COCCO,2.081790468830701,1.752565860748291,0.3122217953205108,38.522422790527344,30.196155548095703,29.46,,0.5609774110733781,mols/page_0075.png,19
2049,[C][C][Branch1][Ring1][C][C][C][Ring1][Branch1][C][C][O][C],CCC1CC1CCOC,2.5417904688307007,1.0188891887664795,0.3407614231109619,39.89131546020508,9.644546508789062,9.23,,0.5608686346678585,mols/page_0103.png,9
2031,[C][C][C][Branch1][Ring1][C][Branch1][Branch1][C][C][O][C][Ring1][Branch1][C],COCCCC1(C)CC1,1.541790468830701,1.015905499458313,0.3371760845184326,40.29661178588867,9.261070251464844,9.23,,0.560687492022785,mols/page_0102.png,11
2096,[O][C][C][Branch1][Ring1][C][C][C][N][C][C][Ring1][Ring1],CCC(CO)CN1CC1,2.021790468830701,1.942712903022766,0.3055848777294159,39.00643157958984,23.44786834716797,23.24,,0.560584429965745,mols/page_0105.png,16
3230,[C][#C][C][C][C][Branch1][Ring1][C][Branch1][C][C][O][C][C][Ring1][Ring1],C#CCCC(CC)OCC,2.119668362047822,1.392830729484558,0.3099327385425567,41.625633239746094,9.95982551574707,9.23,,0.5599707162687427,mols/page_0162.png,10
2432,[C][Branch1][C][C][C][O][C][Branch1][Ring1][C][C][Branch1][Ring2][C][Ring1][Branch1][C][Ring1][Ring2],CCCOC1(C)CC1C,2.5417904688307007,0.976470112800598,0.329013466835022,41.27505111694336,9.170856475830078,9.23,,0.5599232007087885,mols/page_0122.png,12
3203,[N][#C][C][C][Branch1][C][C][C][Ring1][Ring1][C][Branch1][Ring1][C][C][=Branch1][C][Ring1][Ring2],CCCC=C(C)CC#N,1.601790468830701,3.6253304481506334,0.2572267353534698,37.59991836547852,24.63887596130371,23.79,,0.5591501855689277,mols/page_0161.png,3
2890,[C][C][Branch1][C][C][C][Ring1][Branch1][C][Branch1][Ring1][C][Branch1][Branch1][C][O][C][Branch1][=Branch1][C],CCOCCCC1CC1C,2.5596683620478213,0.9180142283439636,0.3406095504760742,40.39165496826172,7.840315341949463,9.23,,0.5591376246321145,mols/page_0145.png,10
3905,[O][C][C][C][Ring1][Ring2][C][C][Branch1][C][O][C][Branch1][Ring1][C][O][Ring1][Ring2][O],OCC1(O)C(O)C1C1CCO1,3.478091503851731,2.828989028930664,0.2820842266082763,34.74861526489258,67.12751007080078,69.92,,0.5584873111145203,mols/page_0196.png,5
1710,[N][#C][C][C][C][Branch1][Branch1][C][C][Ring1][Branch1][C][Ring1][Ring1][C][Ring1][#Branch1],N#CC12CC3C(C1)C3C2,3.061790468830701,4.393096923828125,0.3245351612567901,27.895017623901367,23.750463485717773,23.79,,0.5582640851809381,mols/page_0086.png,10
2298,[C][C][Branch1][C][C][O][C][Branch1][Branch1][C][O][Branch1][C][N][C][C][Ring1][Ring1][C],COCC(OC(C)C)N1CC1C,3.097024615544936,0.8596889972686768,0.3222682476043701,41.69331359863281,17.998706817626953,21.47,,0.5579230033453637,mols/page_0115.png,18
2993,[N][#C][C][C][Branch1][C][C][C][Ring1][Branch1][C][Ring1][Ring2][C][Ring1][Ring1],CC1(CC#N)C2CC21,2.464499695052122,4.111553192138672,0.315324991941452,29.904497146606445,23.422832489013672,23.79,,0.5578478588637824,mols/page_0150.png,13
2815,[C][#C][C][C][Branch1][Ring1][C][Branch1][C][O][C][C][Ring1][Ring2][O][C][Branch1][=Branch1][C][O],C#CCC1CC(OCCO)C1O,3.097024615544936,1.9962916374206543,0.3013014495372772,37.35879898071289,47.536582946777344,49.69,,0.5577872213393105,mols/page_0141.png,15
68,[C][C][Branch1][C][O][C][C][Branch1][C][C][C][Ring1][Ring2][O],CC(O)C1C(C)C1O,3.504499695052122,2.6863200664520264,0.3091682493686676,34.47924041748047,40.95545959472656,40.46,,0.5570793887703795,mols/page_0004.png,8
1138,[C][C][C][Branch1][C][C][O][C][O][O][C][Ring1][Branch1],CCC(C)OCOOC,2.061790468830701,1.31183123588562,0.3202775716781616,40.05302047729492,19.856101989746094,27.69,,0.5565608247434929,mols/page_0057.png,18
4376,[C][C][C][Branch1][C][C][O][C][Branch1][Branch1][C][O][N][C][C][Ring1][=Branch1],C=C(CONC)OC(C)CC,2.118091503851731,1.803324103355408,0.291621059179306,40.87229919433594,23.62570571899414,30.49,,0.5562093215534732,mols/page_0219.png,16
3479,[N][#C][C][C][Branch1][Ring1][C][O][C][Ring1][Branch1][C][Branch1][C][O],N#CC1C(CO)C1CO,2.5017904688307007,2.6492254734039307,0.2937544882297516,34.542930603027344,62.37553024291992,64.25,,0.5560279947386123,mols/page_0174.png,19
3407,[N][#C][C][C][C][C][C][Ring1][Ring2][C][O][Ring1][=Branch1],N#CCC12CCC1CO2,2.4617904688307006,4.645368099212647,0.2840025126934051,30.39863967895508,32.568050384521484,33.02,,0.5556388198328529,mols/page_0171.png,7
372,[N][#C][C][C][C][C][Branch1][=Branch1][N][Ring1][Ring2][Ring1][Branch1][C][Ring1][Ring2][Ring1][=Branch1][N],N#CC12C3C4C(N31)C42N,4.461790468830701,6.1584553718566895,0.2363936603069305,28.2451286315918,50.8021354675293,52.81999999999999,,0.5544157847862802,mols/page_0019.png,12
3035,[C][C][Branch1][C][C][O][C][C][C][Ring1][Ring1][C][Branch1][Ring1][C][C],CCCC1CC1OC(C)C,2.5596683620478213,1.0300185680389404,0.3256979584693908,41.30820846557617,9.339521408081056,9.23,,0.5540723130883181,mols/page_0152.png,15
3882,[N][#C][C][Branch1][C][C][Branch1][Ring1][C][C][O][C][Ring1][Ring1][C][Branch1][Branch1][C][Ring1][=Branch1],CC1(C#N)OC2CCC1C2,3.779668362047821,4.253087043762207,0.291856974363327,31.09541893005371,31.648801803588867,33.02,,0.5540639591805571,mols/page_0195.png,2
4477,[N][#C][C][Branch1][C][C][C][Branch1][Ring1][C][C][N][C][C][Ring1][Ring2],CC(C#N)C1CCCCN1,2.5396683620478213,3.7667698860168457,0.2731063663959503,34.515525817871094,35.63842010498047,35.82,,0.5537144468276499,mols/page_0224.png,17
1491,[C][C][C][O][C][C][Branch1][Ring1][C][C][N][C][Ring1][Ring1][O],CCCOCC1CCC(O)N1,2.5580915038517307,1.8353817462921145,0.3138190805912018,37.53097534179688,35.37202835083008,41.49,,0.5533516274881498,mols/page_0075.png,11
2885,[C][C][Branch1][Ring1][C][C][C][Ring1][Ring1][C][Branch1][C][C][O][C][Ring1][Branch1][O],CC1OC(O)C12C(C)C2C,3.7996683620478215,1.994682788848877,0.3126602172851562,37.52640151977539,29.113000869750977,29.46,,0.5527247802511533,mols/page_0145.png,5
1860,[C][C][C][#C][C][Branch1][C][C][Branch1][Ring1][C][Branch1][Branch1][C][O][C][Branch1][#Branch1][C][C],CCC#CC(C)CCOCCC,2.197024615544936,0.7420498132705688,0.3145413696765899,43.80175018310547,5.362061023712158,9.23,,0.5525073351540174,mols/page_0094.png,0
2492,[C][C][C][Branch1][C][C][O][C][Branch1][Ring1][C][C][N][C][Ring1][Ring2],CCC(C)OC1NCC1C,3.0396683620478218,1.5613566637039185,0.3070438206195831,40.15073776245117,23.32793235778809,21.26,,0.5524340168236914,mols/page_0125.png,12
3513,[C][C][Branch1][C][C][C][Ring1][Branch1][C][O][C][Branch1][Ring1][C][Branch1][Ring2][C][Branch1][O][C],CCCCOCC1CC1C,2.5596683620478213,0.8961357474327087,0.3388556241989136,40.50170135498047,8.389824867248535,9.23,,0.5524196498058909,mols/page_0176.png,13
4353,[N][#C][C][Branch1][C][C][C][Branch1][Ring1][C][Branch1][O][C][Branch1][Branch1][C][O][C][Ring1][Branch1],CC(C#N)CC1CCOC1,2.5396683620478213,3.4661927223205566,0.290480226278305,34.04039001464844,32.80195617675781,33.02,,0.5520681459346934,mols/page_0218.png,13
2746,[C][C][=C][Branch1][C][C][C][Branch1][Ring1][C][#N][N][C][Ring1][Branch2],CC1=C(C)C(C#N)NC1,2.021790468830701,4.7256178855896,0.2403568625450134,34.301456451416016,35.358638763427734,35.82,,0.5517550061634452,mols/page_0138.png,6
2150,[C][Branch1][C][C][C][Branch1][Ring1][C][C][O][C][C][Ring1][=Branch1][C],CCC1(CC)OCC1C,2.041790468830701,1.550920844078064,0.3173138201236725,40.20112991333008,9.182395935058594,9.23,,0.5514028935592901,mols/page_0108.png,10
4507,[N][C][C][C][Branch1][Ring1][C][C][Ring1][Ring2][C][Branch1][C][C][O][C],CCC1(C(C)OC)CCN1,2.5396683620478213,1.611127853393555,0.3069566190242767,39.90519332885742,24.015304565429688,21.26,,0.5513910414670391,mols/page_0226.png,7
1854,[C][C][C][O][C][C][Branch1][Ring1][C][Branch1][C][C][N][C][Ring1][Ring1][C],CCCOCC1CCC(C)N1,2.5780915038517307,1.5044679641723633,0.3203558623790741,38.93039321899414,23.95158576965332,21.26,,0.5513031194028999,mols/page_0093.png,14
437,[C][#C][C][C][C][C][Ring1][Ring1][C][Branch1][C][C][O],C#CCC1CC1C(C)O,3.0417904688307007,1.9727784395217896,0.3108108639717102,38.39883804321289,20.897335052490234,20.23,,0.5510574999948579,mols/page_0022.png,17
3915,[O][C][C][C][Branch1][C][C][O][C][Ring1][Branch1][C][Ring1][Ring1][C][O],CC1OC(CCO)C1CO,3.0196683620478217,1.4843735694885254,0.3128820657730102,37.797142028808594,49.62760925292969,49.69,,0.5506411522765235,mols/page_0196.png,15
4351,[C][Branch1][C][O][C][C][C][Ring1][Ring1][C][Branch1][Branch1][C][C][Branch1][Ring1][C][O][Ring1][Ring2],OCCCC1C2CC12CO,2.9796683620478217,1.9952833652496336,0.3102656602859497,36.85077667236328,40.60022735595703,40.46,,0.5502376752391085,mols/page_0218.png,11
3852,[C][C][Branch1][Ring1][C][C][C][Ring1][Ring1][C][Branch1][C][C][N][C][Ring1][Ring2],CC1C(C)C1C1(C)CN1,2.9817904688307006,1.8110235929489136,0.3105647265911102,38.810089111328125,23.269426345825195,21.94,,0.5489836890278573,mols/page_0193.png,12
1515,[C][C][C][Branch1][C][C][O][C][Branch1][Ring1][C][C][=Branch1][C][C][N][Ring1][Ring1],CCC(C)OC1(C)CCN1,2.5396683620478213,1.571486473083496,0.3063018023967743,40.107696533203125,23.65308952331543,21.26,,0.548947917788702,mols/page_0076.png,15
1497,[NH1][C][Branch1][Ring1][C][Branch1][C][C][N][C][Branch1][Branch1][C][O][C][Ring1][Branch1][C],CCC([NH])N1COCC1C,2.5196683620478213,2.502044677734375,0.2927117049694061,37.294429779052734,33.391265869140625,36.27,,0.5486800050924413,mols/page_0075.png,17
4121,[O][C][C][C][Branch1][C][C][Ring1][Ring2][C][C][O][C][Ring1][Ring1][C][Ring1][#Branch1],CC1OC1CC1(C)CCO1,2.9796683620478217,2.145298719406128,0.3296588361263275,35.81981658935547,20.401397705078125,21.76,,0.5484607602885839,mols/page_0207.png,1
4465,[C][C][C][Branch1][Ring1][C][C][Ring1][Branch1][C][C][O][C][Ring1][Ring1][O],CCC1(CC2OC2O)CC1,2.4796683620478213,1.8320560455322263,0.3230218291282654,36.8651237487793,30.85013198852539,32.76,,0.5484302494838124,mols/page_0224.png,5
1093,[C][C][C][Branch1][C][C][O][C][O][O],CCC(C)OCOO,2.0444996950521226,1.902814269065857,0.316119521856308,37.31206893920898,30.806262969970703,38.69,,0.5483344334877106,mols/page_0055.png,13
3208,[N][#C][C][Branch1][C][C][Branch1][Ring1][C][O][C][Ring1][Branch1][C][Ring1][Ring1][C][Branch1],CC1CC(C)(C#N)CO1,2.5217904688307007,3.3059089183807373,0.2932511866092682,34.26102066040039,33.18052673339844,33.02,,0.5482644815632899,mols/page_0161.png,8
2111,[N][#C][C][O][C][C][C][Ring1][Ring2][C][Ring1][Ring1],N#CCOCC1CC1,1.5044996950521223,4.734694957733154,0.2886489629745483,29.39448928833008,33.43461227416992,33.02,,0.5476867090665419,mols/page_0106.png,11
3289,[C][#C][C][Branch1][C][C][C][Branch1][Branch1][C][O][C][C][Ring1][Ring2][C][Branch1][Ring1],C#CC(C)C(C)COCC,2.6196683620478214,1.1979581117630005,0.3124646842479706,41.89467239379883,9.888577461242676,9.23,,0.5476093313770711,mols/page_0165.png,9
184,[C][C][C][C][C][C][N][C][Ring1][Branch1][=O],CCCC1CCNC1=O,2.021790468830701,3.714866876602173,0.271608829498291,35.21979522705078,29.65912818908692,29.1,,0.547585365613419,mols/page_0010.png,4
2200,[C][C][C][Branch1][Ring1][C][C][O][C][Ring1][Ring2][C][C],CCC1OC(CC)C1C,2.5417904688307007,1.5812269449234009,0.318985104560852,39.77694320678711,9.932872772216797,9.23,,0.546313649327946,mols/page_0111.png,0
814,[O][C][C][C][Branch1][Ring1][C][O][C][Branch1][C][N][Ring1][Ring1],NC1C(O)C1CCO,2.9844996950521225,2.752000570297241,0.2939445376396179,33.795902252197266,64.81609344482422,66.48,,0.5462487924404609,mols/page_0041.png,14
319,[O-1][#C][C][O][C][C][C][=N][C],CN=CCCOCC[O-],1.561790468830701,4.269312858581543,0.2348664999008178,36.633819580078125,33.2111701965332,44.65,,0.5461590982826143,mols/page_0016.png,19
2270,[C][C][C][Branch1][Ring1][C][C][N][C][C][Ring1][Branch1][C][C][O][C][Ring1][Ring1],CCC1NCC(CC2CO2)C1C,3.557024615544935,1.6511645317077637,0.3219735324382782,38.16579055786133,23.47606468200684,24.56,,0.54577422451707,mols/page_0114.png,10
1443,[C][C][Branch1][C][C][C][Ring1][Branch1][C][Branch1][Ring1][C][C][O][C],CCC(OC)C1CC1C,3.0417904688307007,1.018998622894287,0.3290891647338867,40.86368942260742,9.206937789916992,9.23,,0.5449823769043912,mols/page_0073.png,3
343,[C][O][C][C][C][C][Ring1][Ring1][C][Branch1][C][C][O],COCC1CC1C(C)O,3.0217904688307007,1.273578405380249,0.3217767775058746,39.079715728759766,29.92733383178711,29.46,,0.5447863850370185,mols/page_0018.png,3
4449,[C][C][Branch1][C][C][O][C][C][Ring1][Branch1][C][C][#N],CC1(C)OCC1CC#N,2.021790468830701,3.285886287689209,0.2819765508174896,35.37653732299805,33.92289733886719,33.02,,0.5446473782460496,mols/page_0223.png,9
2398,[C][#C][C][C][C][Branch1][Ring1][C][C][O][C][Ring1][Branch1][C],C#CCCC1(CC)OC1C,2.5596683620478213,1.8738741874694824,0.3141898810863495,39.04029083251953,11.3375244140625,12.53,,0.5442471795571755,mols/page_0120.png,18
3134,[C][#C][C][Branch1][C][O][C][C][=Branch1][C][=O][N][C],C#CC(O)CC(=O)NC,2.061790468830701,3.4723010063171387,0.2546059191226959,36.322662353515625,48.99613571166992,49.33,,0.5436549274817659,mols/page_0157.png,14
2129,[C][C][C][Branch1][Ring1][C][C][Ring1][Branch1][C][C][N][C][Ring1][Ring1][C],CCC1(CC2NC2C)CC1,2.4996683620478213,1.4396467208862305,0.3228043019771576,38.95689392089844,21.757436752319336,21.94,,0.5432391856727717,mols/page_0107.png,9
3011,[C][C][C][O][C][Branch1][Ring1][C][O][Branch1][C][C][Ring1][Ring1][C][C][Branch1][Branch1][C][O],CCC1OC1(C)CO,2.504499695052122,2.073568344116211,0.3353040814399719,34.49500274658203,32.42615509033203,32.76,,0.5427689023962076,mols/page_0151.png,11
4215,[O][C][C][Branch1][Ring1][C][Branch1][C][C][C][O][C][Ring1][Ring1][C][Ring1][Ring2][O],CCC(CO)C12OC1C2O,3.459668362047821,1.752705454826355,0.3151977658271789,36.3580436706543,50.46490097045898,52.99,,0.542008691049702,mols/page_0211.png,15
1991,[C][C][Branch1][C][C][C][O][C][Branch1][Branch1][C][Branch1][Ring1][C][C][Ring1][Ring2][C][Ring1][Branch1],CCCC1(C)CC(C)CO1,2.5596683620478213,1.3448916673660278,0.3257868885993957,40.0678939819336,7.563540935516357,9.23,,0.5419578534547401,mols/page_0100.png,11
4417,[O][C][C][Branch1][C][O][C][Branch1][Ring1][C][Branch1][Ring2][C][C][C][Ring1][Ring2],CCCCC1C(O)C1O,2.5217904688307007,2.181689739227295,0.2821866571903229,38.88755035400391,40.7629508972168,40.46,,0.5417048025129069,mols/page_0221.png,17
2367,[C][C][Branch1][Ring1][C][Branch1][C][C][C][Ring1][Ring1][C][C][O][C][Ring1],COCCC1C(C)C1C,2.5417904688307007,1.0946465730667114,0.3308736681938171,40.251495361328125,10.319555282592772,9.23,,0.5411123965231842,mols/page_0119.png,7
3434,[C][C][C][Branch1][Ring1][C][Branch1][C][C][N][C][C][Ring1][Ring1][O],CCC(CC)N1CC1O,2.5217904688307007,1.8135645389556885,0.295585036277771,40.18547821044922,23.52617454528809,23.24,,0.5408422417282295,mols/page_0172.png,14
4256,[N][#C][C][Branch1][Ring1][C][C][Branch1][C][C][C][O][C][Ring1][Ring2][O],CCC1(C#N)COC(O)C1,2.5196683620478213,3.0518367290496826,0.2888159155845642,34.0632438659668,52.40536880493164,53.25,,0.5404774059968402,mols/page_0213.png,16
3086,[C][C][Branch1][C][C][C][O][C][Branch1][Ring1][C][C][N][C][Ring1][Ring1][C],CC(C)COC1CCC(C)N1,2.5780915038517307,1.461841106414795,0.3158159554004669,39.66294097900391,20.078760147094727,21.26,,0.5397434709548885,mols/page_0155.png,6
2316,[C][#C][C][Branch1][Ring1][C][C][Branch1][C][C][O][C][C][C][Ring1][Ring2],C#CC(C)(CC)OCCC,2.119668362047822,1.1411809921264648,0.3042096197605133,42.85442352294922,9.413614273071287,9.23,,0.5393342646506393,mols/page_0116.png,16
4280,[C][N][C][C][C][Ring1][Ring1][C][Branch1][C][O][C][C],CCC(O)C1CC1NC,3.0217904688307007,1.7769323587417605,0.2958762049674988,39.52315902709961,33.22416687011719,32.26,,0.5391926788135777,mols/page_0215.png,0
3219,[N][C][C][C][Ring1][Ring1][C][Branch1][C][C][Branch1][Ring1][C][C][N][C][Ring1][Ring2],CC1CNC1(C)C1CC1N,3.4796683620478213,2.061260461807251,0.2930367887020111,38.04279327392578,42.544090270996094,38.05,,0.539061001447279,mols/page_0161.png,19
1795,[C][C][C][Branch1][C][C][Ring1][Branch1][C][Branch1][Ring1][C][C][O][C][Branch1],CCC(OC)C1(C)CC1,2.041790468830701,1.027753233909607,0.3266234993934631,40.99188995361328,9.073878288269045,9.23,,0.5386811023358768,mols/page_0090.png,15
3157,[C][C][Branch1][Ring1][C][C][C][O][C][Branch1][C][C][Ring1][Ring2][C][Branch1][Ring2][C][C],CCCC1(C)CCC(C)CO1,2.5980915038517307,1.121914029121399,0.3300022184848785,40.44171905517578,7.127773761749268,9.23,,0.5385291997553453,mols/page_0158.png,17
4002,[C][#C][C][Branch1][C][C][Branch1][Branch1][C][O][C][Branch1][Ring1][C][Branch1][Ring2][C][C][C][Ring1],C#CC(C)COCCCCC,2.158091503851731,1.0906329154968262,0.3172365725040436,41.75614929199219,8.528299331665039,9.23,,0.5382629892190954,mols/page_0201.png,2
363,[O][C][C][C][Branch1][C][C][O][C][O],CC(CCO)OCO,2.0444996950521226,1.68328595161438,0.325991153717041,35.62038040161133,48.189727783203125,49.69,,0.5381699558268872,mols/page_0019.png,3
2551,[C][C][Branch1][Ring1][C][C][C][Ring1][Ring1][C][O][C][C],CCOCC1C(C)C1C,2.5417904688307007,0.9867373704910278,0.3307017087936401,40.7097053527832,9.143515586853027,9.23,,0.5380101293138483,mols/page_0128.png,11
2082,[C][Branch1][C][C][Branch1][Ring1][C][C][C][Ring1][Branch1][C][Branch1][Branch1][C][O][C][C][O],CCOCC(O)C=C(C)CC,2.138091503851731,2.22994327545166,0.2621210217475891,41.52080154418945,30.091461181640625,29.46,,0.5378771473949698,mols/page_0105.png,2
3758,[C][O][C][C][C][Branch1][Ring1][C][C][Ring1][Branch1][C][Branch1][C][O],CCC1(CO)CCOC1,2.021790468830701,1.9124356508255005,0.3168883919715881,37.08148956298828,30.07719612121582,29.46,,0.5377675780851092,mols/page_0188.png,18
3451,[N][#C][C][Branch1][Ring1][C][N][C][Ring1][Ring1][C][C][C][Ring1][Branch1],N#CC1C2CCCNC12,2.9617904688307006,5.102709293365479,0.2613567411899566,30.480228424072266,35.7520866394043,35.82,,0.5372713858692746,mols/page_0173.png,11
4430,[C][C][Branch1][Ring1][C][C][C][Ring1][Ring1][C][O][C][Branch1][C][O][Ring1][Ring1][Branch1][C][C],CCC1(O)OC1C1C(C)C1C,3.518091503851731,1.314359188079834,0.3161093592643738,39.24941635131836,31.68303871154785,32.76,,0.5370401735038156,mols/page_0222.png,10
313,[N][#C][C][N][C][C][C][Ring1][Ring1][C][Ring1][=Branch1][N],N#CC1NC2CC2C1N,3.441790468830701,4.719277858734131,0.2476191371679306,31.30386543273925,61.97047805786133,61.84,,0.5369469944588637,mols/page_0016.png,13
1525,[C][O][C][C][C][Branch1][Ring1][C][O][O][C][Ring1][Branch1],COCCC1(CO)CO1,2.001790468830701,1.232756495475769,0.3342722356319427,36.91892623901367,41.6326904296875,41.99,,0.5364621326144714,mols/page_0077.png,5
2908,[C][C][Branch1][Ring1][C][C][C][O][C][Ring1][Ring1][C][Branch1][C][C][Ring1][=Branch1][C][C],CCC1(C)C(C)C(C)C2OC21,4.038091503851732,1.5893338918685913,0.3274217844009399,38.83732223510742,8.407883644104004,12.53,,0.5364294344918837,mols/page_0146.png,8
2206,[C][C][C][Branch1][Ring1][C][C][=Branch1][C][=O][C][Branch1][Branch1][C][C][Ring1][Branch1],CCC1(O)CCCCC1,1.541790468830701,1.3853750228881836,0.327491283416748,38.64973831176758,20.64289665222168,20.23,,0.536269337145828,mols/page_0111.png,6
3651,[C][C][Branch1][C][C][C][N][C][C][Ring1][Ring2][C][Ring1][Ring1][C][O],CC(C)C1NC2C(CO)C12,3.4796683620478213,2.3466908931732178,0.3005177974700928,36.69137954711914,35.55943298339844,32.26,,0.535527195584872,mols/page_0183.png,11
2349,[O][C][C][C][Branch1][Ring1][C][O][C][Branch1][Branch1][C][O][O][C][Ring1][Ring2],COOCC=C(CO)CCO,1.598091503851731,2.762205123901367,0.250035285949707,38.549835205078125,58.77460479736328,58.92,,0.535485715267218,mols/page_0118.png,9
3273,[N][#C][C][C][C][Ring1][Ring1][C][C][Branch1][C][O][C][Ring1][Branch1],N#CC1CC12CC(O)C2,2.281790468830701,3.411214590072632,0.2954178154468536,32.52372360229492,44.96998596191406,44.02,,0.5346078260348447,mols/page_0164.png,13
54,[C][C][C][Branch1][C][C][O][C][C][N][C][C][Ring1][Ring1][C],CCC(C)OCCN1CC1C,3.0780915038517307,1.2145317792892456,0.3214999437332153,40.64482879638672,10.523138999938965,12.24,,0.5345146647710964,mols/page_0003.png,14
3223,[C][C][Branch1][C][C][C][O][C][Ring1][Branch1][C][Ring1][Ring1][C][O],CC1(C)COC1CCO,2.021790468830701,1.4358885288238523,0.318327933549881,38.621490478515625,30.209169387817383,29.46,,0.5332609574712733,mols/page_0162.png,3
3926,[C][O][C][C][=Branch1][C][=O][C][Branch1][C][C][Branch1][C][C][O],COCC(=O)C(C)(C)O,1.561790468830701,3.309266805648804,0.2264617383480072,39.827484130859375,46.62648010253906,46.53,,0.5332159282936145,mols/page_0197.png,6
3897,[N][#C][C][C][Branch1][C][O][C][C][C][Ring1][Ring1][C][Ring1][Branch1][C][Ring1][Ring2],N#CCC1OC2CC3C1C23,3.919668362047821,4.95087194442749,0.2932539284229278,27.964094161987305,32.3582878112793,33.02,,0.5331074234624273,mols/page_0195.png,17
4207,[C][Branch1][C][C][Branch1][Branch1][C][Branch1][Ring1][C][Branch1][O][C][C][C][O][C][Ring1][Ring2],CCCCCC1COC1,1.541790468830701,1.9744319915771484,0.3214151859283447,37.89912033081055,9.267163276672363,9.23,,0.5328884588671486,mols/page_0211.png,7
1330,[C][C][C][Branch1][Ring1][C][C][O][C][Ring1][Ring2][C][Ring1][Branch1][C][O],CCC1OC2C(CO)C12C,3.4796683620478213,2.2051076889038086,0.3053418397903442,37.17226791381836,28.92618751525879,29.46,,0.5319734465063815,mols/page_0067.png,10
300,[N][#C][C][C][C][=C][C][C],CCC=CCCC#N,1.5844996950521224,4.572110652923584,0.2552447915077209,33.846275329589844,24.5863094329834,23.79,,0.5319229947834954,mols/page_0016.png,0
274,[N][#C][=C][C][C][C],CCCCC#N,1.5518943340952076,4.28449821472168,0.3519099354743957,25.06789207458496,23.656455993652344,23.79,,0.5318314562395343,mols/page_0014.png,14
2895,[C][C][Branch1][Ring1][C][#N][O][C][C][C][C][Ring1][Ring1][Ring1][Branch2],CC1(C#N)OCC2CC21,2.9617904688307006,3.903222799301148,0.2980371415615082,31.26466941833496,33.328609466552734,33.02,,0.5313896216318363,mols/page_0145.png,15
3486,[C][C][C][Branch1][C][C][Ring1][Ring1][C][Branch1][Ring1][C][O][C][Ring1][Branch1][C][Branch1][Branch1][C],CCC1CC2(CC2)C1CO,2.819668362047821,1.3806989192962646,0.330117255449295,38.359283447265625,19.967851638793945,20.23,,0.5307266875182789,mols/page_0175.png,6
3229,[C][C][Branch1][C][C][C][O][C][Ring1][Ring1][C][C][Ring1][Branch1][O],CC(C)C12OC1CC2O,2.9617904688307006,1.926974892616272,0.3207282423973083,36.347469329833984,32.25438690185547,32.76,,0.5304119346466394,mols/page_0162.png,9
119,[C][C][Branch1][C][C][C][C][C][O][C][Ring1][Ring1][Ring1][Branch1][C],CC(C)C1CC2OC21C,2.9817904688307006,1.8030290603637693,0.3271700739860534,37.66658782958984,12.271236419677734,12.53,,0.5298512860506102,mols/page_0006.png,19
1873,[C][C][C][Branch1][C][C][O][C][Branch1][Ring1][C][C][Ring1][Ring1][C][Branch1],CCC1CC(C)(CC)O1,2.5417904688307007,1.4342001676559448,0.3189482092857361,40.113563537597656,9.22354507446289,9.23,,0.5298321842693725,mols/page_0094.png,13
3096,[C][C][C][Branch1][C][C][Ring1][Branch1][C][Branch1][Branch1][C][N][C][Ring1][=Branch1][C],CNCC(C)C1(C)CC1,2.041790468830701,1.280412197113037,0.3091419637203216,41.06298065185547,17.379484176635742,12.03,,0.5295674279753844,mols/page_0155.png,16
1106,[C][C][C][O][C][Branch1][Ring1][C][C][Ring1][Ring1][C],CCC1OC1(C)CC,2.524499695052122,1.685616970062256,0.3454836308956146,36.19210815429688,12.600278854370115,12.53,,0.5294287703730342,mols/page_0056.png,6
3904,[C][O][C][C][C][Ring1][Ring1][C][Branch1][Ring1][C][O][N][C][Ring1][Ring2][C],COC1CC1C1NC(C)C1O,3.998091503851731,2.4396450519561768,0.2977907359600067,36.1236457824707,40.75156021118164,41.49,,0.5290706052028624,mols/page_0196.png,4
2867,[C][#C][C][Branch1][Ring1][C][C][C][Branch1][C][C][O][C][Ring1][Ring2][O],C#CC(CC)C1(C)OC1O,3.0396683620478218,1.8100143671035769,0.3027009665966034,38.732200622558594,30.51486015319824,32.76,,0.5284177080515545,mols/page_0144.png,7
3283,[C][O][C][Branch1][Ring1][C][C][C][Branch1][C][C][Ring1][Ring2][C][Branch1][Ring2][C][C][O],CCC(OC)=C(C)CCCO,1.638091503851731,1.7533003091812134,0.2705394029617309,42.32440948486328,29.4179630279541,29.46,,0.5282997946903731,mols/page_0165.png,3
3306,[C][C][C][O][C][C][Branch1][Ring1][C][Branch1][C][C][Ring1][Ring1][C][C][N][Ring1][Branch1],CCCOCC1CCNC1C,2.5780915038517307,1.4731132984161377,0.3159795701503753,39.16036605834961,23.44064712524414,21.26,,0.5282507807671101,mols/page_0166.png,6
38,[C][C][C][Ring1][Ring2][C][C][Branch1][C][C][O][C][C],CCOC(C)CC1CC1,2.041790468830701,1.0247552394866943,0.3331337571144104,40.1342887878418,9.38393783569336,9.23,,0.5277801160101514,mols/page_0002.png,18
482,[N-1][#C][C][C][O][C][C][C],CCCOCCC=[N-],1.5644996950521224,3.713131904602051,0.2441169619560241,37.66487121582031,30.40327835083008,31.53,,0.5275946530754048,mols/page_0025.png,2
3336,[C][N][C][C][C][Ring1][Branch1][C][C][Branch1][Ring1][C][C][O],CCC(O)CC1CCNC1,2.5396683620478213,1.889994978904724,0.3038893043994903,38.14592742919922,32.496726989746094,32.26,,0.527461544901932,mols/page_0167.png,16
1070,[C][C][C][Branch1][Ring1][C][C][N][Branch1][Ring1][=Branch1][C][O],CCC(CC)N(C)O,1.5644996950521224,1.5582894086837769,0.3182442486286163,38.73785018920898,21.559532165527344,23.47,,0.527172489136357,mols/page_0054.png,10
3769,[O][C][Branch1][C][O][C][C][Branch1][Ring1][C][O][N][C][C][Ring1][=Branch1],OCC1(CC(O)O)CCN1,1.9996683620478213,2.210798978805542,0.2830006182193756,36.36000442504883,68.21439361572266,72.72,,0.5271720706633459,mols/page_0189.png,9
2734,[N][C][C][Branch1][C][C][C][Ring1][Ring2][C][C][O],CC1C(N)C1CCO,3.0044996950521226,2.3991739749908447,0.30833899974823,34.874900817871094,44.39585113525391,46.25,,0.5267162814776114,mols/page_0137.png,14
4533,[C][C][Branch1][Branch1][C][N][C][=O][C][C][O][Ring1][Ring1],CC(CNC=O)C1CO1,2.5017904688307007,3.1719565391540527,0.2785991728305816,35.27714920043945,41.45245361328125,41.63,,0.5265946444518412,mols/page_0227.png,13
1772,[C][C][Branch1][Ring1][C][C][C][Ring1][Branch1][C][Branch1][Ring2][C][Ring1][Ring1][C][O],CCC1CC12CC2CO,3.301790468830701,1.503136396408081,0.3271434903144836,38.05344009399414,21.09149169921875,20.23,,0.5264215259626505,mols/page_0089.png,12
3345,[C][C][C][Branch1][Ring1][C][C][O][C][Branch1][C][C][Ring1][Branch1][C][Branch1][=Branch1][C][Ring1][Ring1],CCC1(CC)OC12CCC2,1.8196683620478216,1.6742849349975586,0.3303708434104919,37.88791275024414,10.580814361572266,12.53,,0.5262782253589764,mols/page_0168.png,5
76,[C][C][C][Branch1][C][C][O][C][C][Ring1][Branch1][C][Ring1][Ring2][C][Ring1][Ring1][C][C],CCC1CC12COC2(C)CC,3.358091503851731,1.46869957447052,0.3227361440658569,39.722957611083984,6.648676872253418,9.23,,0.525479109794271,mols/page_0004.png,16
4255,[C][C][Branch1][C][O][C][Branch1][Ring1][C][Branch1][O][C][C][C][Ring1][Ring1][O][C][Ring1][Branch1],CC(O)CCC12COC1C2,2.9796683620478217,2.487518072128296,0.3053692281246185,36.01369857788086,28.85099983215332,29.46,,0.5250823976205644,mols/page_0213.png,15
1530,[C][C][O][C][Branch1][C][C][Branch1][Branch1][C][O][=C][C][Branch1][Ring2][C],CCOCC(C)OCC,2.081790468830701,0.4262396991252899,0.3332082331180572,41.54393005371094,19.35308074951172,18.46,,0.5250426480975452,mols/page_0077.png,10
2282,[C][Branch1][Branch1][C][C][Branch1][C][O][C][Branch1][Ring1][C][O][O][C][C][C][Ring1],C=CCOC(CO)CCCO,2.118091503851731,2.1237683296203613,0.2652291655540466,39.55892562866211,53.935794830322266,49.69,,0.5247209206387506,mols/page_0115.png,2
4010,[N][#C][C][Branch1][Ring1][C][N][N][C][C][C][Ring1][Ring1][Ring1][#Branch1],N#CC1(CN)NC2CC21,2.9417904688307006,3.9608776569366455,0.2604868113994598,32.60737991333008,61.771915435791016,61.84,,0.5240207945310866,mols/page_0201.png,10
2991,[N][#C][C][O][C][Branch1][Ring1][C][C][Branch1][C][C][Ring1][Ring1][C][O],CCC1(C)OC1C#N,2.504499695052122,4.093621730804443,0.2891535460948944,31.20089530944824,35.206817626953125,36.32,,0.5237651935511844,mols/page_0150.png,11
1046,[C][C][C][Branch1][C][C][N][C][C][O],CCC(C)NCCO,2.0644996950521226,2.204158306121826,0.3058855831623077,36.72639846801758,32.21913146972656,32.26,,0.5232506374948516,mols/page_0053.png,6
1562,[C][#C][C][C][C][O][C][Branch1][C][O],C#CCCCOCO,1.5644996950521224,2.2187085151672363,0.3067927956581116,36.80270004272461,29.261802673339844,29.46,,0.5230811408906516,mols/page_0079.png,2
3548,[N][C][Branch1][C][C][Branch1][Branch1][C][O][C][C][C][O][Ring1][=Branch1],CCOC1OCC1(C)N,2.5017904688307007,1.691791296005249,0.3059984743595123,37.67398452758789,44.52169418334961,44.48,,0.5230068295021832,mols/page_0178.png,8
2170,[C][C][C][Branch1][Branch1][O][C][C][O][C][Ring1][Ring2][O],CCC1OC(CO)C1O,3.0017904688307007,2.223286867141724,0.2947554886341095,36.400856018066406,50.42229080200195,49.69,,0.5230065069247688,mols/page_0109.png,10
3346,[C][C][Branch1][Ring1][C][C][C][O][C][Ring1][Ring1][C][Branch1][C][C][Ring1][Branch1][C][Branch1][Ring2],CC1CCC(C)(C)C2OC12,2.9996683620478217,1.7849258184432983,0.338624358177185,36.53743362426758,11.0869779586792,12.53,,0.5229639599013411,mols/page_0168.png,6
3510,[N][#C][C][Branch1][C][C][C][O][C][C][Ring1][Ring2][C],CC(C#N)C1OCC1C,3.0217904688307007,3.0431973934173584,0.2942030727863312,34.67197036743164,33.8627815246582,33.02,,0.5226927308242396,mols/page_0176.png,10
1490,[O][=C][C][C][C][Branch1][Ring1][C][O][C][C][O],O=CCCC(CO)CCO,2.079668362047822,3.181767702102661,0.2271599620580673,39.15134048461914,58.42905807495117,57.53,,0.522410505907556,mols/page_0075.png,10
3493,[#C][C][Branch1][C][C][Branch1][Ring1][C][C][C][O][C][Ring1][Ring1][Branch1],CCC(C)(C)C1CO1,2.0244996950521226,1.7242788076400757,0.3437955677509308,36.115814208984375,12.469319343566896,12.53,,0.522301994122144,mols/page_0175.png,13
2875,[C][C][C][Ring1][Ring1][C][C][Branch1][Ring1][C][Branch1][C][C][O][C][Ring1],CCC(CC1CC1)OC,2.041790468830701,1.0737048387527466,0.3296636939048767,40.18125534057617,9.859471321105955,9.23,,0.5221959569990328,mols/page_0144.png,15
2424,[C][#C][C][Branch1][C][C][C][Branch1][Ring1][C][O][C][Branch1][Ring2][C][C][Ring1][Ring1],C#CC(C)C(CO)C1CC1,2.5596683620478213,1.6657233238220217,0.3097645938396454,39.19255065917969,20.608715057373047,20.23,,0.521714377512858,mols/page_0122.png,4
1583,[C][C][C][Branch1][C][C][Ring1][Ring1][C][C][O][C][C],CCOCCC1(C)CC1,1.541790468830701,0.9502984881401062,0.3348212242126465,40.21051025390625,8.42068099975586,9.23,,0.5215618823186748,mols/page_0080.png,3
1111,[C][C][Branch1][C][C][C][O][C][C][Ring1][Ring2][C][C],CCC1COC1C(C)C,2.5417904688307007,1.6915626525878906,0.3157776594161987,39.293758392333984,9.873560905456545,9.23,,0.521283916442603,mols/page_0056.png,11
2066,[C][C][Branch1][C][C][C][O][C][Branch1][Ring1][C][C][N][C][Ring1][Branch1][C][Ring1][Ring1][C],CCC1(OCC(C)C)C2C(C)N21,3.557024615544935,1.353150725364685,0.3127716183662414,41.07472229003906,7.0365753173828125,12.24,,0.5211562620522388,mols/page_0104.png,6
3070,[O][C][O][C][C][C][Ring1][Ring1][C][C][Branch1][C][C][N][Ring1][Ring1],CC(=N)CC1CC1OCO,2.5196683620478213,2.399708032608032,0.2844271659851074,36.56709289550781,53.06367492675781,53.31,,0.5208113120503528,mols/page_0154.png,10
1458,[C][C][C][Branch1][C][C][O][C][C][N][C][C][Ring1][Ring2],CCC(C)OCC1CCN1,2.5396683620478213,1.5907986164093018,0.3107726275920868,38.983055114746094,25.43235206604004,21.26,,0.5207558351733044,mols/page_0073.png,18
2237,[C][C][C][Branch1][C][C][O][C][Branch1][Ring1][C][Branch1][Branch1][C][N][C][Ring1][Ring1][C][Ring1],CCC(C)OC1CC2NC2C1,3.01809150385173,1.9837884902954104,0.3145018815994262,36.85590362548828,29.134971618652344,31.17,,0.5207018002178997,mols/page_0112.png,17
67,[C][O][C][=C][N][=N][=C][N][C][C][Ring1][=Branch1],CCNCN=NC=COC,1.5596683620478216,3.998689889907837,0.2296386659145355,37.52213287353516,36.34559631347656,45.98,,0.5206824829019615,mols/page_0004.png,7
3611,[C][C][Branch1][C][C][O][C][C][C][Ring1][Ring1][C][C],CCC1CC1OC(C)C,2.5417904688307007,1.0540848970413208,0.3214272558689117,41.08790969848633,9.57072925567627,9.23,,0.5201453516717809,mols/page_0181.png,11
3112,[C][C][C][O][C][C][Branch1][C][C][Ring1][Ring1][C][O][Ring1][Ring1],CCCOCC1COC1,1.521790468830701,2.0771729946136475,0.3244318962097168,36.3360710144043,17.954227447509766,18.46,,0.5201321396218804,mols/page_0156.png,12
1972,[C][#C][C][C][C][Ring1][Ring1][C][Branch1][Ring1][C][C][Branch1][Branch1][C][C][O],C#CC1CC1C(CC)CCO,3.0980915038517307,1.4083900451660156,0.3100872039794922,40.23097610473633,18.631935119628903,20.23,,0.5194980318840339,mols/page_0099.png,12
2691,[C][C][C][Branch1][C][C][O][C][C][Ring1][Ring1][C][Ring1][Branch1][C][O],CCC1CC(CO)CCO1,2.5396683620478213,1.74019193649292,0.3214302361011505,37.00065612792969,29.505483627319336,29.46,,0.5193839805252017,mols/page_0135.png,11
1415,[=C][#C][C][C][Branch1][Branch1][C][C][C][O][C][Ring1][Branch1][C],C#CCC1C(C)C1CCO,3.0596683620478218,1.5646322965621948,0.3147912323474884,39.030059814453125,20.290361404418945,20.23,,0.5188314990484193,mols/page_0071.png,15
4291,[O][C][Branch1][Ring1][C][Branch1][C][C][C][Branch1][Branch1][C][O][C][C][Ring1][Ring1][C][Ring1][Branch1],CCOC1CC12C(C)C2O,3.7996683620478215,1.893211007118225,0.306170254945755,38.00081634521485,29.25721549987793,29.46,,0.5184189664077847,mols/page_0215.png,11
1221,[C][C][C][Branch1][Ring1][C][C][O][C][Branch1][C][C][Ring1][Branch1][C][Ring1][=Branch1],CCC12OC1(C)CC2C,2.9817904688307006,1.7737427949905396,0.3204338252544403,38.34401321411133,11.442771911621094,12.53,,0.5184141121885786,mols/page_0062.png,1
1396,[C][C][Branch1][Ring1][C][O][C][Ring1][Ring1][C][C][C][O],CC1C(O)C1CCCO,3.0217904688307007,0.9739872813224792,0.3137968480587005,39.70941925048828,41.27231597900391,40.46,,0.5180424716370375,mols/page_0070.png,16
3355,[C][C][C][Branch1][Ring1][C][Branch1][C][C][N][C][C][Ring1][Ring1][C][Ring1][Ring2][C][Ring1][Branch1],CCC(CC)N1CC1CC,2.5596683620478213,1.2223224639892578,0.3093725740909576,42.13367462158203,3.39866304397583,3.01,,0.5178199430788969,mols/page_0168.png,15
3660,[C][#C][C][C][C][Branch1][C][C][C][C][O][Ring1][Ring1],C#CCCC(C)C1CO1,2.5417904688307007,2.1112256050109863,0.3150427341461181,37.5317268371582,12.651321411132812,12.53,,0.517262145207125,mols/page_0184.png,0
3312,[N][#C][C][C][Branch1][C][C][C][Ring1][Ring1][C][C][=Branch1][C][Ring1][Ring2][O],N#CCC1=CCC(O)C1,2.021790468830701,4.49655294418335,0.2586764693260193,31.9953556060791,44.65154647827149,44.02,,0.516851411040796,mols/page_0166.png,12
677,[O-1][N][#C][C][C][C][Branch1][Ring1][C][C],CCCCCC=N[O-],1.5644996950521224,5.353476047515869,0.1959153115749359,35.85966491699219,36.61294937133789,35.42,,0.5165681231704748,mols/page_0034.png,17
3712,[C][C][C][Branch1][Ring1][C][C][O][C][Branch1][C][C][Ring1][Ring1][C][Branch1][Branch1][C][Branch1][Ring2],CCC1CCC(C)(CC)O1,2.5596683620478213,1.2450129985809326,0.3237591385841369,40.12858200073242,8.644789695739746,9.23,,0.5151379234552135,mols/page_0186.png,12
2508,[C][O][C][C][Branch1][Branch1][C][C][O][Ring1][Ring2][C][O],COCC1(CO)CCO1,2.001790468830701,2.313850164413452,0.3084590137004852,35.39719009399414,39.03648376464844,38.69,,0.5148750385330799,mols/page_0126.png,8
3057,[C][C][Branch1][C][O][C][C][C][Ring1][Ring1][C][=Branch1][C][=N][O][Ring1][=Branch1],CC(O)C12CC1C(=N)O2,2.9417904688307006,3.403672218322754,0.279827743768692,33.21567153930664,52.93927764892578,53.31,,0.5145514340631091,mols/page_0153.png,17
3241,[C][C][Branch1][C][C][Ring1][Branch1][C][O][C][Branch1][Ring1][C][C][C][O],C=C(C)COC(CC)CO,2.099668362047822,2.245786428451538,0.2704841196537018,40.24772262573242,29.73103713989257,29.46,,0.5142585661040748,mols/page_0163.png,1
3883,[O][C][Branch1][Ring1][C][C][C][Branch1][C][C][Ring1][Branch1][C][O][C][Ring1][Ring2][C][Ring1][=Branch1],CCC1OC12COC(C)C2,3.299668362047821,2.069379568099976,0.3276350200176239,35.7391242980957,20.515241622924805,21.76,,0.5138912081709137,mols/page_0195.png,3
2525,[C][C][C][Branch1][C][C][N][Ring1][Ring1][C][Branch1][Branch1][C][O][C][Ring1][Ring1][Branch1][C][N],CCC(C)=NC(N)C1CO1,2.5196683620478213,2.60244083404541,0.2690265774726867,37.44205856323242,50.90597152709961,50.91,,0.5136360477415508,mols/page_0127.png,5
2617,[O][#C][C][C][Branch1][Ring1][C][Branch1][C][O][C][Branch1][Ring2][C][C][C][Ring1][#Branch1],CCCCC(CO)CC=O,2.099668362047822,3.260984182357788,0.2257948666810989,40.36466598510742,38.64583206176758,37.3,,0.513456249670021,mols/page_0131.png,17
2287,[N][#C][C][C][Branch1][C][C][C][N][C][Ring1][Ring1][C][Branch1][Ring1][C][=O],CC(CC#N)C1NC1CC=O,3.0580915038517307,4.413934707641602,0.2232215851545334,34.68075942993164,60.275123596191406,62.8,,0.5129168983315738,mols/page_0115.png,7
3497,[C][N][C][C][C][Ring1][Ring1][C][Branch1][Ring1][C][O][C][Ring1][Branch1][C],CNC1CC12C(C)C2CO,3.7996683620478215,2.4598500728607178,0.2849681079387665,37.61723327636719,33.93193054199219,32.26,,0.5125523793274714,mols/page_0175.png,17
3015,[N][#C][C][C][C][Branch1][C][C][O][C][Ring1][Branch1][C],CC1OC(C)C1CC#N,2.5217904688307007,3.20723819732666,0.2850446403026581,34.82695770263672,33.84610748291016,33.02,,0.5118482281546433,mols/page_0151.png,15
2778,[C][C][C][Branch1][C][C][O][C][Ring1][Ring1][C][Branch1][Ring1][C][C][N][Ring1][Ring1],CCC1CC(C2NC2C)O1,3.4796683620478213,2.065271615982056,0.3158891797065735,36.13277816772461,30.79898834228516,31.17,,0.5114274672668621,mols/page_0139.png,18
4031,[C][#C][C][Branch1][C][C][Branch1][Branch1][C][O][C][Branch1][Ring1][C][O][Ring1][Branch1],CC1(COCCO)C#C1,1.521790468830701,2.442991018295288,0.2904420793056488,37.12742233276367,33.56379318237305,29.46,,0.5113801872242754,mols/page_0202.png,11
3914,[O][#C][C][C][C][Ring1][Ring1][C][Branch1][C][C][Branch1][Branch1][C][Branch1][Ring1][C][C][O][C],CCCC(C)(OC)C1CC1C=O,3.117024615544936,3.25319766998291,0.228385791182518,41.302730560302734,22.8034725189209,26.3,,0.5111903223128159,mols/page_0196.png,14
1778,[C][C][C][C][C][Ring1][Ring2][O][C][Ring1][=Branch1][C][O],CC12CCC1OC2CO,2.9617904688307006,2.818267583847046,0.3067146837711334,34.415138244628906,28.91322135925293,29.46,,0.5111379972094998,mols/page_0089.png,18
408,[N][#C][C][C][O][C][Ring1][Ring2][C][Ring1][Ring2][C][N][Ring1][Ring1],N#CC1C2OC1C21CN1,3.541790468830701,4.689082145690918,0.2868468463420868,27.575584411621094,54.027610778808594,54.96,,0.5108753418487335,mols/page_0021.png,8
1876,[C][C][C][N][=N][NH1][C][=Ring1][Branch1][C][C],CCc1nn[nH]c1CC,1.401790468830701,4.532500267028809,0.2430211454629898,33.5630989074707,42.05645751953125,41.57,,0.5104982161086568,mols/page_0094.png,16
3816,[C][C][C][Branch1][C][O][C][C][Ring1][Branch1][C][C][N][C][Ring1][Ring1][Branch1],CC1C(O)CC1CC1CN1,3.4796683620478213,1.816633701324463,0.3086181282997131,36.83174896240234,43.23960876464844,42.17,,0.510231746619411,mols/page_0191.png,16
2612,[N][C][Branch1][C][C][Branch1][Ring1][C][C][C][O][C][Branch1][=Branch1][C][C][Ring1][=Branch1][C],CC1CCOCC(C)(N)CC1,2.5780915038517307,1.4990816116333008,0.3159867525100708,38.196407318115234,30.932315826416016,35.25,,0.5101772500253781,mols/page_0131.png,12
3840,[N][C][Branch1][C][O][C][Branch1][Ring1][C][O][Ring1][Ring1][C][Branch1][Branch1][C][C][C][Ring1][#Branch1],CCCCC(CO)=C(N)O,1.5796683620478216,1.991867184638977,0.251189261674881,40.16023254394531,68.20834350585938,66.48,,0.5101018517087772,mols/page_0193.png,0
2295,[N][#C][C][Branch1][Ring1][C][C][Branch1][C][C][Ring1][Branch1][C][Branch1][Branch1][C][N][C][Ring1][Ring2],CCC(C)C#N,2.051894334095208,4.136613845825195,0.3534781336784363,25.11533164978028,23.23235511779785,23.79,,0.5088339352724907,mols/page_0115.png,15
3021,[N][#C][C][O][C][C][C][N][Ring1][Ring1],N#CCOCC1CN1,1.9844996950521223,5.256990909576416,0.259233146905899,28.17955207824707,55.09912490844727,54.96,,0.508633775689537,mols/page_0152.png,1
1505,[C][C][C][Branch1][C][C][O][C][C][Ring1][Ring1][C][Branch1][Branch1][C][Ring1][Ring2][C],CCC(C)OC1CCC1C,3.0596683620478218,0.9686003923416138,0.3262777328491211,40.780757904052734,8.635241508483887,9.23,,0.5079123626180579,mols/page_0076.png,5
4475,[O][C][C][Branch1][C][C][C][Ring1][Ring2][C][Branch1][Branch1][C][O][C][Ring1][Branch1][C][Ring1][=Branch1],CC1COCC12C(C)C2O,3.7996683620478215,2.415934085845948,0.3067854046821594,35.89217758178711,28.348434448242188,29.46,,0.5078080068184597,mols/page_0224.png,15
1790,[N][#C][C][C][C][Ring1][Branch1][C][Branch1][C][C][O][C][Branch1][Branch1][C][=O][C][Branch1][Ring1],CC(CCCC#N)OCC=O,2.118091503851731,3.8785958290100098,0.2313867956399917,36.763946533203125,46.99717330932617,50.09,,0.5077323627562442,mols/page_0090.png,10
1467,[C][#C][C][C][C][Branch1][Ring1][C][C][O][C][Branch1][C],C#CCCC(CC)OC,2.101790468830701,1.499674916267395,0.3061856925487518,40.72600555419922,10.42086410522461,9.23,,0.5075575728464807,mols/page_0074.png,7
1897,[C][#C][C][C][C][O][C][Ring1][Ring1][C][C][Branch1][Ring1][C],C#CCCC1OC1CCC,2.5596683620478213,1.9075199365615845,0.3173024654388428,37.990535736083984,11.444177627563477,12.53,,0.5074936620509887,mols/page_0095.png,17
3172,[O][N][=C][N][C][C][C][Branch1][Ring1][C][C][O],CCC(O)CCNC=NO,2.0596683620478218,1.965354323387146,0.2651353776454925,39.13490295410156,63.6141242980957,64.85,,0.5073614959054233,mols/page_0159.png,12
1963,[C][C][C][Branch1][Branch1][C][C][N][C][C][Ring1][Ring1][C][C][O],CCC1CCN(C)C1CCO,2.5780915038517307,1.4338417053222656,0.3050251603126526,40.1771354675293,22.29354858398437,23.47,,0.5072825546176959,mols/page_0099.png,3
1538,[C][C][Branch1][Ring1][C][C][C][Ring1][Branch1][C][C][N][C][Ring1][Ring1],CCC1CC1CC1CN1,2.9817904688307006,1.634092926979065,0.32257741689682,37.54877853393555,23.34073829650879,21.94,,0.5070750896617747,mols/page_0077.png,18
2073,[C][C][C][Branch1][C][C][#C][C][O][C][Branch1][Ring1][C][C][O],CCC(C)=CCOC(O)CC,2.138091503851731,1.894208908081055,0.2681121528148651,41.714447021484375,29.27363586425781,29.46,,0.5069857399982964,mols/page_0104.png,13
3646,[C][#C][C][Branch1][Ring1][C][Branch1][C][O][C][Branch1][Branch1][C][C][C][Ring1][Ring2][O],C#CC(CO)C1(O)CCC1,2.0396683620478218,2.257532119750977,0.2903734743595123,37.17043685913086,41.12492370605469,40.46,,0.5067699675968758,mols/page_0183.png,6
3989,[C][C][Branch1][Ring1][C][Branch1][C][C][O][C][C][C][Ring1][Ring1][C],CCC(C)OC1CC1C,3.0417904688307007,0.9872748255729676,0.3216926455497741,41.09864044189453,9.4115629196167,9.23,,0.5064525282894498,mols/page_0200.png,9
2319,[C][C][Branch1][C][C][C][O][C][Branch1][Branch1][C][O][Branch1][Ring2][C][Branch1][Ring1][C][O][Ring1],CC(C)C1OCC(O)O1,2.5017904688307007,1.8425800800323489,0.324168860912323,35.5237922668457,37.31303787231445,38.69,,0.5059552416738937,mols/page_0116.png,19
1887,[C][O][C][C][C][Branch1][Ring1][C][Branch1][Branch1][C][C][O][Ring1][Ring1],COCCCCC1CO1,2.021790468830701,1.2264800071716309,0.3407531082630157,37.30475616455078,21.7158145904541,21.76,,0.5059371500635099,mols/page_0095.png,7
684,[C][C][C][Branch1][Branch1][C][C][O][C][O][Ring1][Branch1],CCC1OC1COC,2.504499695052122,2.3886492252349854,0.3370015621185303,33.36644744873047,21.57512092590332,21.76,,0.5050184405625489,mols/page_0035.png,4
2550,[C][C][Branch1][C][O][C][C][C][O],CC(O)CCCO,2.047846708163529,2.573821544647217,0.323958158493042,32.61237716674805,39.92699432373047,40.46,,0.5049980106903725,mols/page_0128.png,10
3244,[C][C][C][Branch1][Ring1][C][C][N][C][C][Ring1][Ring1][C][Branch1][Branch1][C][C][O][C][Ring1],CCC(CC)N1CC1=CCCOC,2.156437499842364,1.2345854043960571,0.2914712727069855,43.40920639038086,7.348800182342529,12.24,,0.5046965810842092,mols/page_0163.png,4
4089,[C][C][Branch1][Ring1][C][C][C][O][C][Branch1][C][C][N][C][Ring1][=Branch1],CCC(C)C1CNC(C)O1,3.0396683620478218,1.6303611993789673,0.3129812479019165,38.75954055786133,20.00293159484864,21.26,,0.504436275574065,mols/page_0205.png,9
2212,[N][C][Branch1][C][C][C][Branch1][Ring1][C][C][Ring1][Ring2][C][Ring1][Ring1][C][Branch1][Branch1][C][O],CC1NC12C(C)C2CCO,3.7996683620478215,1.467938780784607,0.3063806891441345,38.29426956176758,42.66378402709961,42.17,,0.5036513673137302,mols/page_0111.png,12
4313,[C][N][C][C][Branch1][Ring1][C][C][C][Ring1][Branch1][C][C][O][C],CCC1C(CCOC)C1NC,3.0780915038517307,1.2429319620132446,0.3069199919700622,40.60182571411133,22.64712905883789,21.26,,0.5033834890440334,mols/page_0216.png,13
3109,[C][#C][C][Branch1][C][C][Branch1][Branch1][C][O][C][C][C],C#CC(C)(C)COCC,1.601790468830701,1.1083815097808838,0.3110458254814148,41.634761810302734,10.07217788696289,9.23,,0.5030350049867338,mols/page_0156.png,9
883,[C][C][C][O][C][C][Branch1][C][C][N][C][C][Ring1][=Branch1],CCCOC1CCNC1C,2.5396683620478213,1.9272674322128296,0.3025285005569458,38.34991455078125,24.64162826538086,21.26,,0.5029737692485177,mols/page_0045.png,3
2834,[C][C][Branch1][C][C][C][Ring1][Ring1][C][Branch1][Ring1][C][O][C][C][O],CC(C)=CC(CO)CCO,2.099668362047822,2.158328056335449,0.2598789036273956,40.6195068359375,40.84993743896485,40.46,,0.5025189144903692,mols/page_0142.png,14
3240,[C][Branch1][C][C][C][Branch1][Branch1][C][O][C][Branch1][Ring1][C][O][Branch1][Ring1][Ring1][C][Branch1],OCCOCC1CC1,1.5044996950521223,2.2909560203552246,0.3391357660293579,32.880889892578125,29.2641544342041,29.46,,0.5024614228670966,mols/page_0163.png,0
2250,[C][C][C][Branch1][C][C][N][C][Branch1][Branch1][C][Branch1][Ring1][C][=O][O][C],CCC(C)NC(CC=O)OC,2.6180915038517307,3.418797254562378,0.2153615206480026,40.65333557128906,38.66786956787109,38.33,,0.5015474530799944,mols/page_0113.png,10
1692,[C][C][C][Branch1][C][C][N][Branch1][C][O][C][C][Ring1][Ring1][O],CCC(C)N1CC(O)O1,2.5017904688307007,1.9970790147781368,0.2979884445667267,38.15894317626953,29.464374542236328,32.7,,0.5012254342339639,mols/page_0085.png,12
3581,[C][#C][C][Branch1][C][C][Branch1][Ring1][C][C][C][O][C],C#CC(C)(CC)COC,2.101790468830701,1.1765061616897583,0.3097171485424042,41.50576400756836,9.842663764953612,9.23,,0.5012080455318991,mols/page_0180.png,1
2283,[C][C][C][Branch1][Ring1][C][C][Ring1][Branch1][C][Branch1][C][C][N][C],CCC1(C(C)NC)CC1,2.041790468830701,1.2213541269302368,0.3071056604385376,41.0984001159668,16.469463348388672,12.03,,0.5011012481492374,mols/page_0115.png,3
419,[N][#C][C][C][C][O][C],COCCCC#N,1.5478467081635288,4.602313041687012,0.3021925985813141,27.74071502685547,33.41572952270508,33.02,,0.5010553170551119,mols/page_0021.png,19
57,[C][C][Branch1][C][C][C][Branch1][C][O][C][Branch1][C][C][C][C][Ring1][Branch2][Ring1][Ring2],CC1(C)C(O)C2(C)CC12,2.9817904688307006,1.3842523097991943,0.315394252538681,39.33013534545898,20.47711181640625,20.23,,0.5007310425207431,mols/page_0003.png,17
3799,[C][C][Branch1][Ring1][C][C][C][Ring1][Branch1][C][Branch1][Branch1][C][C][N][C],CCC1CC1CCCNC,2.5596683620478213,1.1197975873947144,0.3190766274929046,40.25408554077149,16.123281478881836,12.03,,0.4998637318485671,mols/page_0190.png,19
2124,[C][C][C][Branch1][C][C][O][C][Branch1][Ring1][C][C][N][Ring1][Ring1][C],CCC(C)OC1C(C)N1C,3.5396683620478213,1.6272295713424685,0.2974884212017059,40.90125274658203,11.943130493164062,12.24,,0.4997707118455417,mols/page_0107.png,4
1637,[C][C][C][O][C][C][Ring1][Branch1][C][C][Branch1][Ring1][C][C],CCCCC1COCC1C,2.5596683620478213,1.5606400966644287,0.3241339027881622,38.637672424316406,8.95718765258789,9.23,,0.4994090719842075,mols/page_0082.png,17
2016,[C][C][Branch1][Ring1][C][C][C][O][C][Ring1][Ring1][C],CCC(C)C1OC1C,3.0244996950521226,1.7680599689483645,0.3403279483318329,35.88079833984375,13.1690673828125,12.53,,0.4992536694856289,mols/page_0101.png,16
1080,[C][C][Branch1][=Branch1][N][C][C][Ring1][Ring1][C][Branch1][C][C][Branch1][C][C][C],CC(N1CC1)C(C)(C)C,2.041790468830701,1.0965092182159424,0.3112410008907318,42.12960433959961,3.11313533782959,3.01,,0.4992479183694259,mols/page_0055.png,0
1753,[C][C][Branch1][Ring1][C][#N][C][C][C][Ring1][=Branch1][C][Ring1][Ring2],CC1(C#N)C2CC1C2,2.2044996950521223,4.0145769119262695,0.3328181505203247,27.56822395324707,22.72531509399414,23.79,,0.4990535489390575,mols/page_0088.png,13
1312,[C][C][C][O][C][C][Branch1][Ring1][C][Branch1][C][C][Ring1][Branch1][C],CCC1(C)COCC1C,2.5417904688307007,1.590063214302063,0.3188673555850982,39.01165771484375,9.595416069030762,9.23,,0.4989077100029957,mols/page_0066.png,12
1609,[C][O][C][Branch1][C][O][Branch1][Branch1][C][Branch1][Ring2][C][C][O],COC(O)CCCO,2.0444996950521226,1.5616745948791504,0.325352281332016,35.424156188964844,49.11984252929688,49.69,,0.4986266193196362,mols/page_0081.png,9
1496,[C][C][Branch1][C][C][C][O][C][Branch1][Ring2][C][C][Ring1][Branch1][C],CC1CCC(C(C)C)O1,2.5417904688307007,1.4177864789962769,0.3269229829311371,38.83578109741211,9.338295936584473,9.23,,0.498332051979979,mols/page_0075.png,16
3751,[C][O][C][C][C][Branch1][C][C][N][C][Branch1][Branch1][C][O][N][C][Ring1][=Branch1],CNOCC1NC(C)CC1OC,3.077024615544936,1.7063000202178955,0.3030713200569153,38.24514389038086,34.9590950012207,42.52,,0.4979823812917704,mols/page_0188.png,11
4040,[N][#C][C][Branch1][C][C][C][Branch1][Ring1][C][C][O][C][Ring1][Branch1],CCC1(C(C)C#N)CO1,2.5217904688307007,2.2777135372161865,0.3054233491420746,35.685630798339844,37.471561431884766,36.32,,0.4978298044061637,mols/page_0203.png,0
3087,[C][C][C][Branch1][C][C][N][C][Ring1][Ring1][C][Branch1][Ring1][C][O][C][Ring1][Branch1][C][Branch1],CCC1CC2(N1)C(C)C2CO,3.8380915038517305,1.97074556350708,0.2969657480716705,38.164337158203125,31.221874237060547,32.26,,0.4973508841325083,mols/page_0155.png,7
2406,[C][#C][C][Branch1][Ring1][C][Branch1][C][C][C][Branch1][Branch1][C][Branch1][#Branch1][C][O][C][Ring1][Ring1],C#CC(CC)CCC1CO1,2.5596683620478213,1.801233172416687,0.3196761906147003,37.974082946777344,11.272972106933594,12.53,,0.4963535546077783,mols/page_0121.png,6
2536,[C][C][C][Branch1][C][C][N][C][C][Ring1][Branch1][C][O][C][Ring1],CCC1(C)NCC1COC,2.5396683620478213,1.2720130681991575,0.3070465922355652,39.733734130859375,30.915742874145508,21.26,,0.4963324436290303,mols/page_0127.png,16
2400,[C][C][Branch1][Ring1][C][O][C][C][Ring1][Ring1][C][Branch1][C][C][C][O],CC1COC(C(C)CO)C1,3.0396683620478218,1.2237294912338257,0.3231044113636017,38.30880737304688,30.3437557220459,29.46,,0.496286762322128,mols/page_0121.png,0
3884,[N][#C][C][C][Branch1][Ring1][C][C][Ring1][Ring2][C][Branch1][C][C][C][N][Ring1][Branch1],CC1CNCCC1CC#N,2.5396683620478213,3.5625572204589844,0.2746657133102417,34.22444534301758,35.05154037475586,35.82,,0.4961803273889741,mols/page_0195.png,4
4206,[O][C][C][C][Ring1][Branch1][C][C][Branch1][Ring1][C][C][O][C],CCC(CC1CCO1)OC,2.5396683620478213,1.6739728450775146,0.3207665979862213,37.77486038208008,18.532018661499023,18.46,,0.4960415812435829,mols/page_0211.png,6
1092,[C][C][C][Ring1][Branch1][C][C][O][C][Branch1][C][O][Ring1][Ring1][C][Ring1][Ring2],CC1(O)OC1CC1CC1,2.4617904688307006,1.5580976009368896,0.3270773887634277,36.51909637451172,32.1061897277832,32.76,,0.4959979450585256,mols/page_0055.png,12
4113,[O][=C][N][C][C][C][C][Ring1][Ring2][Branch1][Ring2][C][Ring1][Ring2][O][Ring1][Branch2],O=C1NC2C3CC2(C3)O1,3.041790468830701,4.781252861022949,0.3046951591968536,26.311443328857425,38.96750259399414,38.33,,0.4959544116554933,mols/page_0206.png,13
3703,[C][C][Branch1][C][C][O][C][Branch1][Branch1][C][O][Ring1][Ring1][C][Branch1][Ring1][C][C][C][Ring1],CC(C)OC1(C2CCC2)CO1,2.018091503851731,1.3468676805496216,0.3381173312664032,37.188941955566406,18.790468215942383,21.76,,0.4959326349091938,mols/page_0186.png,3
3425,[C][#C][C][Branch1][C][C][Branch1][Ring1][C][Branch1][Branch1][C][O][C][Branch1][#Branch1][C][Branch1][Ring2][C],C#CC(C)CCOCCC,2.119668362047822,1.2700059413909912,0.310381531715393,41.038536071777344,9.318621635437012,9.23,,0.4955664409201644,mols/page_0172.png,5
3406,[C][C][Branch1][Ring1][C][Branch1][C][C][C][Ring1][Branch1][C][Branch1][Branch1][C][N][C][C],CCNCCC1CC1CC,2.5596683620478213,1.115357756614685,0.3163524866104126,40.56004333496094,15.065401077270508,12.03,,0.4954989392728433,mols/page_0171.png,6
2044,[C][#C][C][Branch1][Ring1][C][C][C][Branch1][C][C][O][C][Branch1],C#CC(CC)C(C)OC,2.6017904688307008,1.3485575914382937,0.3060614168643951,41.11793518066406,10.14461898803711,9.23,,0.4950311488650187,mols/page_0103.png,4
3845,[C][C][Branch1][Ring1][C][Branch1][Branch1][C][C][C][Ring1][Ring1][C][Ring1][Ring2][C][Branch1][C][O][C],CC(O)C1C(C)CC12CC2,3.3196683620478216,1.3255093097686768,0.3231718838214874,38.712501525878906,19.569787979125977,20.23,,0.4941196259145232,mols/page_0193.png,5
2095,[C][C][Branch1][C][C][C][O][C][Branch1][Ring1][C][Branch1][Branch1][C][Branch1][Ring2][C][C][Ring1][Ring2],CC(C)COCC1CCC1,1.5596683620478216,0.9435060620307922,0.3353482186794281,39.73695755004883,8.332590103149414,9.23,,0.4937788659138946,mols/page_0105.png,15
3786,[C][C][C][O][C][C][Branch1][Ring1][C][O][Ring1][Ring2][C][C][Ring1][Ring2],CCC1OCC12CCC2O,3.299668362047821,2.282085418701172,0.3117164969444275,35.63686752319336,28.588029861450195,29.46,,0.4937444970767427,mols/page_0190.png,6
1757,[N][#C][C][#C][C][Branch1][C][C][C][Ring1][Ring1][C][Ring1][Branch1][C],CCC=C(C)C#CC#N,1.601790468830701,5.772181034088135,0.1962397694587707,34.69758224487305,26.134353637695312,23.79,,0.4935380248096122,mols/page_0088.png,17
2638,[C][#C][C][C][Branch1][Ring1][C][Branch1][C][C][O][C][Ring1][Branch1][C][N][C],C#CCC1(CC)OC1CNC,2.5780915038517307,2.0747106075286865,0.290354460477829,38.82270431518555,25.58919334411621,24.56,,0.4933909078149274,mols/page_0132.png,18
2417,[C][#C][C][Branch1][C][C][C][Branch1][Ring1][C][Branch1][=Branch1][C][Branch1][Branch1][C][Branch1][#Branch1][C][C],C#CC(C)CCCCCC,2.150973362047822,0.8595532178878784,0.3189213573932647,42.32274627685547,0.5277436971664429,0.0,,0.493260791515432,mols/page_0121.png,17
1096,[C][C][Branch1][C][C][C][O][C][Branch1][Ring1][C][C][=O],CCC(=O)OCC(C)C,1.581790468830701,2.0836689472198486,0.2824791967868805,39.49483489990234,26.80555534362793,26.3,,0.4928085114662477,mols/page_0055.png,16
3959,[C][C][C][O][C][Branch1][C][C][Branch1][Branch1][C][O][O][C][Ring1][Ring2],COOCC1(C)OCC1C,2.5196683620478213,1.849128246307373,0.3160441517829895,37.41438293457031,20.36052131652832,27.69,,0.4927087226120971,mols/page_0198.png,19
3938,[N][#C][C][C][C][Branch1][C][C][Ring1][Ring1][C][C][N][C][Ring1][Branch1],N#CC1CC12CCNCC2,2.299668362047821,4.301327228546143,0.2659476399421692,32.30680465698242,35.039363861083984,35.82,,0.4920300458957233,mols/page_0197.png,18
3717,[C][C][Branch1][C][C][O][C][C][C][Ring1][Branch1][C][O],CC1CC(CO)CCO1,2.5217904688307007,1.9263029098510744,0.3175274133682251,36.2048225402832,30.107202529907227,29.46,,0.4911652771104953,mols/page_0186.png,17
3001,[C][O][C][C][Branch1][C][C][C][N][C][C][Ring1][Ring1],COCC(C)CN1CC1,2.021790468830701,1.7079566717147827,0.3147693574428558,38.60600280761719,12.98155403137207,12.24,,0.4909729875482075,mols/page_0151.png,1
1422,[C][C][C][O][C][C][Branch1][Ring1][C][C][N][C][Ring1][Ring1],CCCOCC1CCCN1,2.0396683620478218,1.6495074033737185,0.3161249458789825,37.53649139404297,27.96972846984864,21.26,,0.4908965342749928,mols/page_0072.png,2
3500,[C][C][Branch1][Ring1][C][C][C][O][C][Branch1][C][C][Ring1][Branch1][C],CC1COC(C)(C)C1C,2.5417904688307007,1.5166317224502563,0.3092638254165649,40.12565612792969,9.741114616394045,9.23,,0.4907242167756616,mols/page_0176.png,0
2440,[N][#C][C][C][C][Ring1][Ring1][Branch1][C][N][C][C][N][Ring1][Ring1][Ring1][#Branch1],N#CC12CC1(N)C1CN12,3.381790468830701,5.141014099121094,0.2459149062633514,29.880502700805664,52.53960037231445,52.82,,0.4906550891815993,mols/page_0123.png,0
150,[C][C][#C][C][C][C][Branch1][C][C][N][C][C],CC#CCCC(C)NCC,2.119668362047822,1.343755841255188,0.2921209335327148,41.86151123046875,18.194345474243164,12.03,,0.4895716439646349,mols/page_0008.png,10
2253,[C][#C][C][C][Branch1][Ring1][C][O][C][Branch1][C][C][C][Ring1][Ring1][C][Branch1][Ring2][C][O],C#CCC(CO)C(C)=CCCO,2.177024615544936,1.9251506328582764,0.2585943639278412,41.239017486572266,43.01549911499024,40.46,,0.4893989784869952,mols/page_0113.png,13
4106,[C][C][Branch1][Ring1][C][O][C][Branch1][C][C][C][Ring1][Branch1][C][O][Ring1][Ring1][C][C],CC1C(C)C2(CO2)C1O,3.781790468830701,2.090104818344116,0.3079121708869934,36.386695861816406,32.28206253051758,32.76,,0.4893522676915905,mols/page_0206.png,6
2452,[C][C][C][Branch1][C][C][Ring1][Branch1][C][Branch1][Branch1][C][N][C][C][O][Ring1][Branch1],CCNC1OC1C1(C)CC1,2.4796683620478213,1.9562644958496087,0.3108786940574646,37.41399383544922,21.35230255126953,24.56,,0.4892440764200858,mols/page_0123.png,12
2644,[C][C][Branch1][Ring1][C][C][C][O][C][C][Ring1][Branch1][C][Branch1][Branch1][C][O],CC1CCC(CCO)COC1,2.5780915038517307,1.432489991188049,0.3253288269042969,37.27998352050781,29.078418731689453,29.46,,0.488804854219672,mols/page_0133.png,4
4059,[N][#C][C][C][C][Ring1][Ring2][C][Branch1][C][C][O][C][Ring1][Branch1],CC1OCC1CCC#N,2.5217904688307007,3.25543475151062,0.287155270576477,34.115169525146484,33.02945709228516,33.02,,0.4885490330533669,mols/page_0203.png,19
4046,[C][C][Branch1][C][O][C][C][Ring1][Ring2][C][N][C][Ring1][Ring2][=O],CC1(O)CC12CNC2=O,2.761790468830701,3.814154863357544,0.2619787156581878,33.32089614868164,50.01869583129883,49.33,,0.4884707805126131,mols/page_0203.png,6
3633,[C][C][C][Ring1][Branch1][C][C][Branch1][Ring1][C][C][O][C][Branch1][C][O][Ring1][Ring1][C][Branch1],CC1(O)CCC(CC2CC2)O1,2.51809150385173,1.698359131813049,0.3269633948802948,36.14030838012695,28.727384567260746,29.46,,0.4881417531069559,mols/page_0182.png,13
1553,[C][C][C][Branch1][C][C][Ring1][Branch1][C][Branch1][Ring1][C][C][O][C][Ring1][Ring2][O],CC1C(O)OC1C1(C)CC1,2.9796683620478217,1.7401654720306396,0.3179318606853485,36.87450408935547,29.00501251220703,29.46,,0.4871726178026458,mols/page_0078.png,13
954,[C][C][C][Branch1][C][C][N][C][C][Ring1][Branch1][C][O],CCC1(C)NCC1CO,2.5217904688307007,1.3970595598220823,0.2982591688632965,39.313751220703125,40.15124130249024,32.26,,0.4870791143766279,mols/page_0048.png,14
145,[C][C][C][C][Ring1][Ring1][O][C][C][Ring1][Ring2][Branch1][C][C][O],CC1CC12OCC2(C)O,3.281790468830701,2.6018965244293213,0.2878592908382416,36.7352409362793,29.175546646118164,29.46,,0.4866259605637512,mols/page_0008.png,5
388,[N][#C][N][=C][C][Branch1][C][N][C][=N][C],CN=CC(N)C=NC#N,2.041790468830701,4.459556579589844,0.2088424563407898,34.45276641845703,74.68548583984375,74.53,,0.4863700352835125,mols/page_0020.png,8
1064,[C][C][C][Branch1][C][C][N][C][C][Ring1][Ring1][C][O],CCC(C)N1CC1CO,3.0217904688307007,2.2063021659851074,0.2758360207080841,39.75284576416016,24.942045211791992,23.24,,0.4860205689778558,mols/page_0054.png,4
2249,[C][C][Branch1][C][C][C][O][C][Branch1][Ring1][C][O][Ring1][Branch1][C][Branch1][Ring2][C][Ring1][Ring2],CC1(C)COC12CCC2O,2.799668362047821,2.087080717086792,0.3047811985015869,36.89489364624024,29.2753963470459,29.46,,0.4860155237607992,mols/page_0113.png,9
2634,[C][C][Branch1][Ring1][C][C][O][C][Ring1][Ring1][C][Branch1][Branch1][C][O][Ring1][Branch1],CC1CCC(CCO)O1,2.5217904688307007,1.4483661651611328,0.3262343108654022,36.99613952636719,30.07625770568848,29.46,,0.4853816568364957,mols/page_0132.png,14
2495,[O][C][C][C][Branch1][C][C][Ring1][Branch1][C][Branch1][Ring1][C][Branch1][=Branch1][C][C][O][C][Ring1],COCCCCC1(C)CCO1,2.078091503851731,1.1450902223587036,0.3271997272968292,38.93128967285156,18.18651008605957,18.46,,0.4852396826626938,mols/page_0125.png,15
4491,[C][N][C][C][Branch1][C][C][C][Ring1][Ring1][C][Branch1][Ring1][C][C][O][C],CCC(C=C(C)CNC)OC,2.138091503851731,1.887645602226257,0.2666537463665008,41.82641220092773,25.45580673217773,21.26,,0.4851970364392796,mols/page_0225.png,11
2352,[C][C][C][Branch1][C][C][Ring1][Ring1][C][Branch1][Ring1][C][O][C][Branch1][Ring2][C][Ring1][Ring2][C],CC1CC(O)C1C1(C)CC1,2.9996683620478217,1.3743131160736084,0.3202361166477203,38.66171646118164,19.8803825378418,20.23,,0.4850833788257407,mols/page_0118.png,12
2830,[C][C][Branch1][Ring1][C][C][C][Ring1][Ring1][C][Ring1][Branch1][C][C][O],CC1C2C(CCO)C12C,3.481790468830701,1.4368832111358645,0.3181697428226471,38.55828475952149,20.918621063232425,20.23,,0.4848694251780026,mols/page_0142.png,10
1740,[C][#C][C][C][Branch1][C][C][C][Ring1][Branch1][C][O][C][Ring1][Ring1][C],C#CCC(C)CC1OC1C,3.0596683620478218,1.8779399394989007,0.314025729894638,38.01764678955078,12.113687515258787,12.53,,0.484861468600471,mols/page_0088.png,0
1390,[C][C][C][Branch1][C][C][O][C][C][Ring1][Ring1][C][C][N][C][Ring1][Ring2],CCC(C)OCCC1CNC1,2.078091503851731,1.246357560157776,0.3111715912818908,39.69852066040039,24.46672248840332,21.26,,0.4839847959711232,mols/page_0070.png,10
2570,[C][Branch1][C][C][C][Branch1][Ring1][C][C][O][C][Ring1][Ring1][C][Branch1][Ring2][C][C][Ring1][Branch1],CCCC1CCC(CC)O1,2.5596683620478213,1.2997584342956543,0.3287045061588287,38.88825225830078,8.771740913391113,9.23,,0.4831485682557382,mols/page_0129.png,10
2058,[O][C][O][C][C][Branch1][Ring1][C][O][Ring1][Branch1][C][Branch1][C][O],OCC1(CO)COCO1,1.4817904688307009,2.135141134262085,0.3176195919513702,33.17434310913086,57.71432876586914,58.92,,0.4829624728800293,mols/page_0103.png,18
613,[O][C][C][C][O][C][Ring1][Branch1][C][O],OCC1OCCC1O,2.484499695052122,3.6566202640533447,0.3013833463191986,29.832056045532227,49.14632034301758,49.69,,0.4824095130111073,mols/page_0031.png,13
2565,[C][#C][C][C][Branch1][C][C][C][Ring1][Branch1][C][O][C][Branch1][Ring1][C][C],C#CCC(C)CCOCCC,2.158091503851731,0.9428233504295348,0.3125203251838684,41.9466552734375,7.669581413269043,9.23,,0.4823654047898696,mols/page_0129.png,5
3403,[C][C][C][Branch1][Ring1][C][O][C][Branch1][Branch1][C][C][Ring1][Branch1][C][Branch1][C][O],CCC1C(O)CCC1CO,3.0396683620478218,0.8356956243515015,0.3228254318237304,38.681922912597656,41.717041015625,40.46,,0.4822774329022708,mols/page_0171.png,3
3051,[O][C][C][C][Branch1][Ring1][C][Branch1][C][C][O][C][Branch1][Branch1][C][O][Ring1][#Branch1],CCC1(CCO)OCCO1,1.5196683620478215,1.1822915077209473,0.3293332457542419,37.046085357666016,37.40732955932617,38.69,,0.4816758986409518,mols/page_0153.png,11
2979,[C][#C][C][C][C][Ring1][Ring1][C][Branch1][Ring1][C][C][Branch1][C][C][O],C#CC1CC1C(C)(O)CC,3.0596683620478218,1.738674521446228,0.292782723903656,40.04063034057617,20.21145439147949,20.23,,0.4815068133129346,mols/page_0149.png,19
3254,[C][C][C][Ring1][Branch1][C][Branch1][C][C][Branch1][Ring1][C][C][O][C][Ring1][Ring2][C][Ring1][#Branch1],CC1OC(C)(C2CC2)C1C,2.9996683620478217,1.6305731534957886,0.3224106729030609,38.3230094909668,8.178873062133789,9.23,,0.4814958850567985,mols/page_0163.png,14
351,[C][C][Branch1][Ring1][C][=O][C][C][O][C][=N],CC(C=O)CCOC=N,2.061790468830701,4.015175342559815,0.2245591133832931,36.28923797607422,50.1209831237793,50.150000000000006,,0.4813535400079398,mols/page_0018.png,11
1365,[#C][#C][C][C][Branch1][C][C][C][N][C][Ring1][Ring1][C],C#CCC(C)C1NC1C,3.0417904688307007,1.8697471618652344,0.2990080714225769,38.74824142456055,22.34990882873535,21.94,,0.4813188864708013,mols/page_0069.png,5
1256,[C][C][C][Branch1][C][C][O][C][Ring1][Branch1][C][O],CC1OC(CO)C1C,3.0044996950521226,2.8404407501220703,0.3158599436283111,32.936283111572266,28.559383392333984,29.46,,0.4812728285713529,mols/page_0063.png,16
4248,[O][C][C][Branch1][Ring1][C][Branch1][C][C][O][C][Ring1][Branch1][C][Branch1][Branch1][C][O][Ring1][#Branch1],CC1OCCC2OC12CO,2.9596683620478217,2.291926383972168,0.3203367292881012,33.64530563354492,39.925235748291016,41.99,,0.4812226076029501,mols/page_0213.png,8
4311,[C][Branch1][C][O][C][C][C][Branch1][Branch1][C][C][Ring1][Ring1][C][Branch1][Ring1][C][C][N][Ring1],OCCCC1(C2CCN2)CC1,2.018091503851731,1.6854804754257202,0.313858300447464,37.1734504699707,31.91261863708496,32.26,,0.4810315571948241,mols/page_0216.png,11
3641,[C][C][C][Branch1][C][C][N][C][C][Ring1][Ring1][C][Branch1][Ring1][C][C][O][C][Ring1][=Branch1],CCC(C)N1CC12COC2CC,3.877024615544936,1.4463281631469729,0.3139054775238037,39.92842102050781,7.400863170623779,12.24,,0.480796679917072,mols/page_0183.png,1
1735,[C][#C][C][C][Branch1][Ring1][C][C][C][O][C][Ring1][Branch1][C][O],C#CCC1COC(CO)C1C,3.0780915038517307,2.2486014366149902,0.29998978972435,36.69701385498047,29.215789794921875,29.46,,0.4802478021708559,mols/page_0087.png,15
2984,[C][C][Branch1][C][C][C][O][C][Ring1][Branch1][C][O],CC1(C)COC1CO,2.0044996950521226,2.826784133911133,0.313818484544754,33.119075775146484,29.08873176574707,29.46,,0.4790017571143959,mols/page_0150.png,4
3647,[O][#C][C][C][C][Branch1][C][C][Ring1][Branch1][C][Branch1][Ring1][C][C][O][C][Ring1],CCC(OC)C(C)CCC=O,2.6380915038517307,2.8992667198181152,0.2299071103334427,41.870243072509766,23.692420959472656,26.3,,0.4789593263850695,mols/page_0183.png,7
1953,[C][C][C][Branch1][C][C][O][C][Branch1][Branch1][C][O][Branch1][C][N][Ring1][Branch1][C][Ring1][Ring2],CCC(C)OC(COC)=NC,2.118091503851731,1.526796817779541,0.2801748514175415,41.440711975097656,28.531463623046875,30.82,,0.4787751881261065,mols/page_0098.png,13
1774,[C][C][Branch1][C][C][C][O][C][Branch1][Ring1][C][C][N][Ring1][=Branch1],CCC1NC(C(C)C)O1,2.5217904688307007,1.5223678350448608,0.3100066184997558,38.821533203125,22.965450286865234,21.26,,0.4787180157861367,mols/page_0089.png,14
1570,[N][=C][O][C][Branch1][C][N][=C][NH1][C][Ring1][#Branch1][=O],N=c1oc(N)c[nH]c1=O,1.361790468830701,6.39979887008667,0.167056918144226,29.78885841369629,95.43972778320312,95.87,,0.4769765219806898,mols/page_0079.png,10
4180,[N][C][Branch1][C][C][Branch1][Branch1][C][O][C][C][C][Ring1][Branch1][C][Branch1][Ring1][C][Ring1][Ring1],CCOC1C(C)(N)C12CC2,2.799668362047821,1.5633203983306885,0.3022623062133789,38.531532287597656,34.76224899291992,35.25,,0.4768729092354314,mols/page_0210.png,0
2198,[C][#C][C][Branch1][Ring1][C][C][C][Branch1][Branch1][C][O][C][Ring1][Ring1][O],C#CC(CC)C(O)C1CO1,3.0396683620478218,1.7806077003479004,0.3093947172164917,37.23934173583984,31.45990943908692,32.76,,0.4765311991241688,mols/page_0110.png,18
1719,[C][C][C][O][C][Branch1][Ring1][C][C][Ring1][Branch1][C][C][Branch1][C][O],CCC1(CCO)CCCO1,2.0396683620478218,1.0747661590576172,0.3235950767993927,38.51664352416992,29.92117500305176,29.46,,0.4761175120390199,mols/page_0086.png,19
2640,[C][C][C][O][C][C][Branch1][Ring1][C][C][N][C][Ring1][=Branch1],CCCOC1CNC1CC,2.5396683620478213,1.6547682285308838,0.3051038384437561,38.67868041992188,24.4166202545166,21.26,,0.4760849023555746,mols/page_0133.png,0
2611,[C][N][C][C][C][Branch1][C][C][N][Branch1][C][O][C][C][Ring1][Branch1],CNCCC1CCCN1O,2.0196683620478217,2.329178810119629,0.2869794964790344,37.6670036315918,29.096738815307617,35.5,,0.4756698867341944,mols/page_0131.png,11
4400,[O][C][C][C][Branch1][C][C][Ring1][Branch1][C][Branch1][Branch1][C][O][C][Ring1][Ring1][O],CC1(C(O)C2CO2)CCO1,2.9596683620478217,2.34859037399292,0.3134456276893616,33.953834533691406,41.14059829711914,41.99,,0.4753833792068577,mols/page_0221.png,0
4401,[C][C][C][O][C][Branch1][Ring1][C][C][Branch1][C][C][N][C][Ring1][Branch1][C][Ring1][Ring1][O],CCCOC1(C)C(C)C2C(O)N21,4.037024615544936,1.260931134223938,0.3105306327342987,39.24419784545898,28.681781768798828,32.47,,0.4751528987886541,mols/page_0221.png,1
1485,[C][C][C][Branch1][C][C][Ring1][Ring1][C][Branch1][Ring1][C][O][C][Branch1][Ring2],CC(CO)C1(C)CC1,2.0244996950521226,1.3219600915908811,0.3413154184818268,36.50753402709961,20.06878471374512,20.23,,0.4745105574172661,mols/page_0075.png,5
4172,[C][C][C][C][Branch1][C][O][C][C][Ring1][=Branch1][C][O][Ring1][Branch2],CC12CC(O)CC1CO2,2.9617904688307006,2.827953815460205,0.3082743287086487,33.55076217651367,29.83512306213379,29.46,,0.474346202661874,mols/page_0209.png,12
4385,[C][C][C][Branch1][Ring1][C][Branch1][C][C][Ring1][Branch1][C][Branch1][Ring2][C][C][O][C][Ring1][=Branch1],OCCC1CCCC12CC2,2.3196683620478216,1.269709229469299,0.3418807983398437,36.6840934753418,19.49725341796875,20.23,,0.4743053039759589,mols/page_0220.png,5
3749,[C][C][C][Branch1][C][C][O][C][Branch1][Ring1][C][Branch1][Branch1][C][O][Branch1][Branch1][Ring1][Ring1][C],CCC1CC(C)(CCO)O1,2.5396683620478213,0.8505369424819946,0.319436103105545,39.73478317260742,29.90300941467285,29.46,,0.4734571428378417,mols/page_0188.png,9
2182,[C][#C][C][C][Branch1][C][C][O][C][Branch1][Ring1][C][C][C][Ring1][Ring2][C][Branch1][Branch1][C],C#CCC(C)OC(=CCC)CC,2.202959615544936,1.0857455730438232,0.2962754964828491,42.861549377441406,8.63376522064209,9.23,,0.4733334186784069,mols/page_0110.png,2
2721,[C][C][Branch1][Ring1][C][C][C][O][C][Branch1][C][C][Ring1][Ring2][O],CC1CCC(C)(O)OC1,2.5217904688307007,1.4598205089569092,0.3210680484771728,37.34480667114258,29.32980155944824,29.46,,0.4733281844164994,mols/page_0137.png,1
732,[C][C][C][O][C][O][O][C][C],CCCOCOOCC,1.561790468830701,0.9439899921417236,0.3271557986736297,39.24200820922852,21.37118148803711,27.69,,0.4730823195460636,mols/page_0037.png,12
4093,[C][C][C][Branch1][C][O][C][Branch1][Branch1][C][C][Ring1][Ring1][C][Ring1][Branch1][O],CCC1OC(O)C12CC2,2.781790468830701,1.9260841608047483,0.3201094567775726,35.719970703125,29.124536514282227,29.46,,0.472953696376692,mols/page_0205.png,13
3049,[C][C][C][Branch1][Ring1][C][C][Ring1][Branch1][C][C][O][C][Branch1][Branch1][C][Ring1][Ring2][C][Ring1],CCC1(CC2OCC2C)CC1,2.5380915038517307,1.401367425918579,0.3272400498390198,38.60667419433594,7.281710624694824,9.23,,0.4727993499583164,mols/page_0153.png,9
4326,[C][Branch1][C][C][C][Branch1][Ring1][C][C][N][C][C][Ring1][Ring2][C][Branch1][Branch1][C][O][C],CCC1CCC(CCOC)CN1,2.617024615544936,1.3567376136779783,0.3221821784973144,38.38753509521485,19.06536293029785,21.26,,0.472640751556615,mols/page_0217.png,6
3324,[C][C][Branch1][Ring1][C][#N][N][Branch1][Ring1][C][=O][C][=O],CC(C#N)N(C=O)C=O,2.041790468830701,5.080376625061035,0.2163957953453064,32.23723602294922,60.34651947021485,61.17,,0.4722027456498852,mols/page_0167.png,4
4086,[O][C][C][C][C][Branch1][C][O][C][N][C][Ring1][#Branch1][Ring1][Ring1],OCC1CC(O)C2NC12,3.441790468830701,2.3569509983062744,0.3067869544029236,33.03315353393555,61.01204299926758,62.400000000000006,,0.4721343831667458,mols/page_0205.png,6
501,[O][=C][C][C][C][Branch1][C][C][O][C][C],CCOC(C)CCC=O,2.081790468830701,3.5400969982147217,0.2267386615276336,39.40410614013672,27.36809730529785,26.3,,0.4710514497734325,mols/page_0026.png,1
3834,[C][C][Branch1][Ring1][C][C][C][O][C][C][Ring1][Branch1][C][O][Ring1][Branch1],CC1CCC(CO)COC1,2.5396683620478213,1.6643036603927612,0.3225562274456024,36.39810180664063,29.194486618041992,29.46,,0.4705925153359737,mols/page_0192.png,14
2606,[C][C][C][Branch1][C][C][Ring1][Ring2][O][C][Branch1][Ring1][C][O][C][Ring1][=Branch1],OCC1CCC2(CC2)O1,2.281790468830701,2.5936880111694336,0.3136652708053589,33.79191970825195,29.880014419555664,29.46,,0.4698561588501485,mols/page_0131.png,6
3238,[O][C][C][C][Branch1][Ring1][C][C][O][C][Ring1][Ring2][C],CC1OC(CCO)C1C,3.0217904688307007,1.110545039176941,0.321128249168396,38.51014709472656,30.11777114868164,29.46,,0.469251912261116,mols/page_0162.png,18
1366,[C][Branch1][C][C][C][Branch1][Ring1][C][C][O][C][C][Ring1][Branch1][C],CCC1OCC(C)C1C,3.0417904688307007,1.4534457921981812,0.3170484602451324,39.25801849365234,9.08358383178711,9.23,,0.4689316790528374,mols/page_0069.png,6
2676,[C][#C][C][Branch1][Ring1][C][#N][C][C][Branch1][C][C][O][Ring1][#Branch1],C#CC1(C#N)CC(C)O1,2.5217904688307007,4.252216815948486,0.2600805759429931,32.8441162109375,33.304039001464844,33.02,,0.4686554318416572,mols/page_0134.png,16
1900,[C][#C][C][Branch1][C][C][Branch1][Branch1][C][O][C][Branch1][Ring1][C][Branch1][=Branch1][C][Branch1][#Branch1][C],C#CC(C)COCCCC,2.119668362047822,1.066657781600952,0.3140856623649597,40.97908401489258,9.279022216796877,9.23,,0.4686009657044434,mols/page_0096.png,0
3040,[C][C][C][Branch1][C][C][N][C][C][Ring1][Ring2][C][C][O][C][Ring1][Ring1],CCC1CC(CC2CO2)CN1,3.01809150385173,1.8285012245178225,0.3227820098400116,35.79975509643555,28.284704208374023,24.56,,0.468465866664509,mols/page_0153.png,0
1752,[C][C][C][Branch1][Ring1][C][C][=Branch1][C][=O][N][Branch1][C][C][N][C][Ring1][Branch1],CCC1(CC)OCNN1C,1.5196683620478215,1.6361969709396362,0.2945714294910431,39.58084487915039,25.85514259338379,24.5,,0.467632914987873,mols/page_0088.png,12
3666,[C][C][C][Branch1][C][C][N][C][Branch1][Ring1][C][O][C][Ring1][Ring1][C][Ring1][Ring2],CCC(C)NC1C2CC21O,3.4796683620478213,1.857484579086304,0.2975364327430725,37.93505096435547,32.48563003540039,32.26,,0.4668894243767599,mols/page_0184.png,6
2947,[C][C][C][C][Branch1][Ring1][C][#N][C][Ring1][=Branch1][=N][O],CC1CC(C#N)C1=NO,2.5017904688307007,4.09954309463501,0.2464487552642822,32.97658920288086,56.59505462646485,56.38,,0.4654603922072677,mols/page_0148.png,7
3342,[C][N][C][C][C][Branch1][Ring1][C][O][C][C][Ring1][Ring2][C][Branch1],CNCCC1CC(C)C1O,3.0396683620478218,1.8879125118255613,0.2893997728824615,38.72380828857422,31.2926082611084,32.26,,0.4654029722311232,mols/page_0168.png,2
4233,[C][N][C][C][C][Ring1][Branch1][C][C][O][C][Ring1][Ring1][C],CC1OC1CC1CCNC1,2.9796683620478217,2.159997940063477,0.3199161291122436,34.90826416015625,26.97671127319336,24.56,,0.4651677317531224,mols/page_0212.png,13
257,[C][C][C][N][C][Ring1][Ring2][C][Ring1][Ring2][Branch1][C][C][C][#N],CC1C2NC1C2(C)C#N,3.201790468830701,3.698318719863892,0.2776194512844085,32.80680084228516,36.42918014526367,35.82,,0.4651208022788738,mols/page_0013.png,17
2041,[C][C][C][O][C][Branch1][Ring1][C][O][Ring1][Branch1][C][O],OCC1(CO)CCCO1,1.5017904688307009,1.912045955657959,0.3085693418979645,35.211631774902344,50.03012847900391,49.69,,0.4640069764474601,mols/page_0103.png,1
2238,[C][C][Branch1][C][C][C][N][C][C][Ring1][Ring1][C][C],CCC1CN1CC(C)C,2.5417904688307007,1.224523425102234,0.3081649839878082,41.41079330444336,2.912168025970459,3.01,,0.4639240022493017,mols/page_0112.png,18
3519,[C][C][O][C][C][C][Ring1][Ring2][C][Branch1][Ring1][C][O][Ring1][Ring2][O][C][Ring1][#Branch1],CCOC1C2COC1(CO)C2,3.7380915038517313,2.3245415687561035,0.3091931939125061,34.555389404296875,37.668548583984375,38.69,,0.4637127068631814,mols/page_0176.png,19
2844,[C][C][C][Branch1][Ring1][C][C][N][C][C][Ring1][Ring1][C][Ring1][Ring2],CCC(CC)N1CC1C,2.5417904688307007,1.1712709665298462,0.3081899881362915,41.59439086914063,3.0185022354125977,3.01,,0.4637019660853517,mols/page_0143.png,4
913,[C][C][C][O][C][Branch1][C][C][Branch1][Ring1][Branch1][C][O],CCCOC(C)(C)O,1.5644996950521224,1.3981690406799316,0.316673994064331,37.91794204711914,28.673303604125977,29.46,,0.4636675981573337,mols/page_0046.png,13
1573,[C][#C][C][C][C][O][C][C][Ring1][Ring1][C],C#CCCCOCCC,1.601790468830701,1.4637446403503418,0.3089947998523712,39.88052368164063,10.08117961883545,9.23,,0.4634459470191173,mols/page_0079.png,13
4026,[C][#C][C][C][C][Branch1][C][C][Ring1][Ring2][C][Branch1][Branch1][C][O][C][Ring1][Ring1],C#CCCC(C)CC1CO1,2.5596683620478213,1.7892334461212158,0.3183825016021728,37.56437301635742,11.878827095031738,12.53,,0.4630803393774494,mols/page_0202.png,6
2743,[C][C][C][Branch1][C][C][Ring1][Ring2][C][Branch1][Ring1][C][O][C][C][N][Ring1][Ring1][C][Ring1],CN1CC1C(CO)C1(C)CC1,3.01809150385173,1.5869687795639038,0.3023538589477539,39.183292388916016,21.924182891845703,23.24,,0.4625391626046984,mols/page_0138.png,3
3274,[O][C][C][Branch1][C][C][C][O][C][Branch1][Ring1][C][Branch1][Branch1][C][O][Branch1][Ring1],CC(CO)COCCC=O,2.079668362047822,3.3619372844696045,0.2247748672962188,38.52390670776367,48.26886367797852,46.53,,0.4621216459620456,mols/page_0164.png,14
3319,[C][C][Branch1][C][C][C][N][C][Branch1][Branch1][C][O][C][C][Ring1][Ring2],CCOCC1CC(C)CN1,2.5396683620478213,1.3344545364379885,0.3178453743457794,38.04230499267578,28.21515274047852,21.26,,0.4619880278827069,mols/page_0166.png,19
748,[C][C][#C][C][C][=Branch1][C][=O][O][C][Ring1][Branch1][C],CC#CC1C(=O)OC1C,2.5217904688307007,4.405128479003906,0.2581990361213684,32.93339538574219,25.764780044555664,26.3,,0.4617544284904706,mols/page_0038.png,8
999,[C][C][C][Branch1][C][C][O][C][Branch1][Ring2][C][Ring1][=Branch1][C][C],CCC1CC(C)C(C)O1,3.0417904688307007,1.433130383491516,0.3201711475849151,38.86666488647461,9.433392524719238,9.23,,0.4615630067476419,mols/page_0050.png,19
2325,[C][C][Branch1][C][C][O][C][C][C][Ring1][Ring2][O][C][Ring1][Branch1],CC(C)OC1CCOC1,2.021790468830701,1.9664276838302608,0.3180500566959381,36.39973831176758,18.553340911865234,18.46,,0.4612522499141775,mols/page_0117.png,5
3681,[C][C][Branch1][Ring1][C][C][C][O][C][Branch1][C][C][Ring1][Ring2][C][Ring1][Ring1][C][Ring1][Branch1],CCC1(C)CCC(C)CO1,2.5596683620478213,1.1854194402694702,0.323634535074234,39.5074462890625,8.379374504089355,9.23,,0.4612487500480993,mols/page_0185.png,1
635,[C][C][Branch1][C][C][Branch1][C][C][N][C][=C][N][=C][Ring1][Branch1],CC(C)(C)n1ccnc1,1.421790468830701,4.094509601593018,0.2548874020576477,34.95036315917969,18.800901412963867,17.82,,0.4611519000985247,mols/page_0032.png,15
2138,[C][C][C][Branch1][C][C][O][C][Branch1][Branch1][C][N][C][Ring1][Ring2],CCC(C)OC1CNC1,2.021790468830701,1.8213694095611568,0.2979084849357605,38.249244689941406,28.40023231506348,21.26,,0.461083965230014,mols/page_0107.png,18
2896,[N][#C][C][C][Branch1][Ring1][C][O][C][C][C][Ring1][Branch1][C][Ring1][#Branch1],N#CCC12CCC(C1)C2O,3.7196683620478215,2.992403507232666,0.3001969158649444,32.349365234375,45.46284484863281,44.02,,0.4605876133997415,mols/page_0145.png,16
1225,[C][C][C][Branch1][Branch1][C][Branch1][C][C][N][Branch1][C][N][C][Ring1][Branch1][C][Ring1][Ring2],CCC1C(C)C(C)N1N,3.0217904688307007,1.6654256582260132,0.2844592034816742,40.36969375610352,26.02162170410156,29.26,,0.4598046639454426,mols/page_0062.png,5
3154,[N][#C][C][C][C][Branch1][Ring1][C][C][Ring1][Ring1][C][Ring1][Branch1][C][Ring1][Ring2],CC1CC2C3C(C#N)C123,4.241790468830702,4.286069393157959,0.2788679301738739,31.35872459411621,23.990991592407227,23.79,,0.4597614854629001,mols/page_0158.png,14
3850,[O][#C][C][C][C][Branch1][Ring1][C][C][Ring1][Branch1][C][Branch1][C][O][C][Ring1][Ring1][C][Ring1],C=C=C(O)C(CC)CCC=O,2.138091503851731,3.188584089279175,0.2267629206180572,39.63851547241211,38.91246032714844,37.3,,0.4595783111831548,mols/page_0193.png,10
1712,[N][#C][C][C][O][C][C][O][C][Ring1][#Branch1][Ring1][Ring2],N#CC1COC2COC12,2.9417904688307006,4.567613124847412,0.2938942611217499,27.32382583618164,42.86143493652344,42.25,,0.4595355414402456,mols/page_0086.png,12
1144,[C][C][O][C][C][Branch1][Ring1][C][=O][C][Branch1][C][C][C],CCOCC(C=O)C(C)C,2.099668362047822,3.138404607772827,0.2273208647966385,40.7410888671875,26.165372848510746,26.3,,0.4594754853981521,mols/page_0058.png,4
1916,[C][O][C][=N][C][Branch1][Ring1][C][#N][C][O],COC=NC(C#N)CO,2.041790468830701,3.149477958679199,0.2644200623035431,33.881446838378906,65.49740600585938,65.61,,0.4592262576074554,mols/page_0096.png,16
2963,[C][Branch1][C][C][Branch1][Branch1][C][Branch1][Ring1][C][Branch1][Ring2][C][C][C][O][C][Ring1][=Branch1],CCCC1COC(C)C1,2.5417904688307007,1.5674251317977903,0.3215385675430298,38.19336700439453,9.291678428649902,9.23,,0.4588079578933164,mols/page_0149.png,3
4522,[C][Branch1][C][C][C][Ring1][Ring1][C][C][Branch1][Ring1][C][O][C][C][O],CC=CCC(CO)CCO,2.099668362047822,1.7669875621795654,0.269526720046997,40.38221740722656,40.67874526977539,40.46,,0.4585204906469296,mols/page_0227.png,2
2051,[C][C][Branch1][C][C][O][C][Branch1][Branch1][C][Branch1][Ring1][C][O][Branch1][Ring1][N][C][Ring1][Branch1],CNC1(CCO)CC(C)O1,2.5196683620478213,1.3214541673660278,0.3061272501945495,38.352874755859375,39.56201171875,41.49,,0.4575567253755977,mols/page_0103.png,11
1966,[C][C][C][O][C][Branch1][C][C][Branch1][Ring2][C][Branch1][Branch1][C][N][C][Branch1][Ring1][C][=O],CCCOC(C)CCNCC=O,2.157024615544936,2.8603408336639404,0.2181209623813629,41.7983512878418,37.7677001953125,38.33,,0.4574757472999461,mols/page_0099.png,6
3184,[O][#C][C][C][C][Ring1][Branch1][C][C][Branch1][Ring1][C][Branch1][C][O][C],CC(CO)CCCCC=O,2.099668362047822,3.10757064819336,0.2259549796581268,39.99397659301758,38.695892333984375,37.3,,0.4568051295822814,mols/page_0160.png,4
1761,[C][C][Branch1][Ring1][C][C][C][Ring1][Branch1][C][C][O][C][Ring1][Ring2][C][Ring1][Ring1],CCC1CC1C1COC1C,3.4996683620478213,1.739256501197815,0.325256735086441,37.1536979675293,9.006892204284668,9.23,,0.4562589184717917,mols/page_0089.png,1
3448,[C][C][Branch1][C][C][C][O][C][Ring1][Ring2][C][Ring1][Ring1][C][Branch1][Ring1][C],CCCC1CC(C)CO1,2.5417904688307007,1.4545981884002686,0.3258277475833893,38.17267227172852,8.686845779418945,9.23,,0.4559628249939667,mols/page_0173.png,8
519,[O][C][C][C][Ring1][Ring1][O][C][C][N][C][Ring1][Ring2][Ring1][=Branch1],OC1CC12OC1CNC12,3.701790468830701,3.891570568084717,0.2813965678215027,31.11946678161621,42.084510803222656,41.49,,0.4559462316267617,mols/page_0026.png,19
4375,[O][C][C][C][Ring1][Ring1][C][C][O][C][Ring1][Branch1][C][C][Branch1][C][O],OCCC1OCCC12CC2O,3.318091503851731,1.834004282951355,0.3116603791713714,35.233455657958984,47.675724029541016,49.69,,0.4559343114367905,mols/page_0219.png,15
2920,[C][#C][C][Branch1][Branch1][C][#C][C][#N][N][C],C#CC(C#CC#N)NC,2.081790468830701,5.517924785614014,0.2048955410718917,33.39764404296875,35.87565994262695,35.82,,0.4558914420307202,mols/page_0147.png,0
1536,[C][#C][C][Branch1][C][C][O][C][Branch1][Ring1][C][C][C][Ring1][Branch1][C][Ring1][=Branch1],C#CC(C)OC(CC)CC,2.119668362047822,1.0762478113174438,0.300537645816803,42.10075759887695,9.60980987548828,9.23,,0.455845308265183,mols/page_0077.png,16
2995,[C][C][Branch1][C][C][Ring1][Branch1][C][Ring1][Ring1][C][Branch1][Ring1][C][O][C][Branch1][=Branch1][C][C],C=C(C)CC(CO)CCC,2.119668362047822,1.4851641654968262,0.2792697548866272,41.90872573852539,20.71072578430176,20.23,,0.4555285279535193,mols/page_0150.png,15
1277,[C][C][C][Branch1][Ring1][C][C][O][C][Branch1][C][C][Ring1][Ring2][C][Ring1][#Branch1],CCC12CC(C)(O1)C2C,3.721790468830701,1.6875910758972168,0.3181342780590057,38.0591926574707,8.820333480834961,9.23,,0.4543220189636607,mols/page_0064.png,17
1459,[C][#C][C][Branch1][C][C][C][Branch1][Ring1][C][O][C][C][Ring1][Branch1],C#CC(C)C1(CO)CC1,2.041790468830701,1.5974864959716797,0.3060597479343414,38.747859954833984,20.264856338500977,20.23,,0.4537343703645746,mols/page_0073.png,19
4092,[N][#C][C][Branch1][C][O][C][Branch1][Ring1][C][Branch1][O][C][C][Ring1][Ring1],N#CC(O)CC1CC1,2.0044996950521226,3.5001797676086426,0.2985785901546478,30.6218204498291,44.08412170410156,44.02,,0.4536978765494717,mols/page_0205.png,12
2594,[C][N][C][C][Branch1][C][C][C][C][Ring1][=Branch1][Ring1][Ring2][C][#N],CN1CC2(C)CC12C#N,2.4617904688307006,4.707235336303711,0.2382882833480835,33.6610107421875,26.55669403076172,27.03,,0.4536480554732033,mols/page_0130.png,14
2256,[C][C][Branch1][C][C][O][C][Branch1][Ring1][C][O][O][C][Ring1][Ring2],CC(C)OC1OCC1O,2.5017904688307007,1.711367964744568,0.3134906888008117,36.08829879760742,39.50580596923828,38.69,,0.4535930961349126,mols/page_0113.png,16
3797,[C][O][C][C][C][Branch1][C][C][Ring1][Branch1][C][Branch1][Branch1][C][N][C][C],CCNCCC1(C)CCOC1,2.078091503851731,1.552068829536438,0.3027949929237366,39.13802719116211,21.50940322875977,21.26,,0.4526045999256229,mols/page_0190.png,17
42,[C][N][=C][C][=C][C][C][C][Branch1][C][O][C][O],CN=CC=CCCC(O)CO,2.118091503851731,3.067826747894287,0.2269188910722732,38.80071258544922,54.0014762878418,52.82000000000001,,0.4524122437383627,mols/page_0003.png,2
2851,[C][C][Branch1][C][C][C][Ring1][Branch1][C][Branch1][Ring1][C][Branch1][Branch1][C][O][C][Ring1][Ring2][C],CC1CC1C(C)C1COC1,2.9996683620478217,1.890969038009644,0.3229044675827026,36.783973693847656,8.758524894714355,9.23,,0.452183443905493,mols/page_0143.png,11
3299,[O][C][Branch1][C][C][C][Branch1][Ring1][C][C][Ring1][Ring2][C][C],CCC1(CC)OC1C,2.0244996950521226,1.6741966009140017,0.3346241116523742,36.07596206665039,12.808249473571776,12.53,,0.4520888897821181,mols/page_0165.png,19
911,[C][C][C][Branch1][C][C][O][C][Branch1][Ring1][C][C][=O][C],CCC(=O)OC(C)CC,2.081790468830701,1.7612900733947754,0.2863077521324157,39.66765213012695,26.396753311157227,26.3,,0.4519620359815155,mols/page_0046.png,11
3058,[C][C][C][O][C][C][Branch1][Ring1][C][O][Ring1][Ring1][C][C][Ring1][Ring1][O][C],CCCOCC1COC(OC)C1,2.597024615544936,0.7970458269119263,0.3365471959114074,38.51976776123047,20.86083984375,27.69,,0.4519186758691429,mols/page_0153.png,18
1041,[N][#C][C][C][C][=C][C][N][C][Ring1][=Branch1][Ring1][Ring1],N#CCC1C=CC2NC12,2.9617904688307006,5.437332630157471,0.2405312061309814,29.255735397338867,45.29132080078125,45.73,,0.4518689047343102,mols/page_0053.png,1
2404,[C][C][Branch1][C][C][C][O][C][Branch1][Branch1][C][O][Ring1][Branch1][C],CC1COC(C(C)C)O1,2.5217904688307007,1.2720681428909302,0.334768146276474,37.15218734741211,18.035356521606445,18.46,,0.4518653891967697,mols/page_0121.png,4
2172,[C][#C][C][Branch1][C][C][Branch1][Ring1][C][Branch1][O][C][O][C][Branch1][Ring2][C],C#CC(C)CCOCC,2.101790468830701,1.3452273607254028,0.3067668974399566,40.370079040527344,9.946101188659668,9.23,,0.451766600264129,mols/page_0109.png,12
4279,[C][C][Branch1][C][C][C][C][N][C][=Branch1][C][=O][C][Ring1][=Branch1][Ring1][Branch2],CC1(C)C2CNC(=O)C21,2.4617904688307006,3.890974998474121,0.2649275660514831,33.732112884521484,29.13776206970215,29.1,,0.4516757349507238,mols/page_0214.png,19
1098,[C][O][C][=C][Branch1][C][C][Branch1][C][O][N][=O][C][Branch1][Ring1][=Branch1],COC=C(C)CON=O,1.541790468830701,4.288756847381592,0.2231471389532089,35.328651428222656,44.94729232788086,47.89,,0.4515411849339054,mols/page_0055.png,18
3383,[C][C][C][Branch1][Ring1][C][Branch1][C][C][O][C][Branch1][Ring2][C][Ring1][Ring1][C][Ring1][Branch1][C],CCC1CCC(C)C(C)O1,3.0596683620478218,1.269346833229065,0.3266549110412597,38.71762847900391,8.477014541625977,9.23,,0.4513663994898234,mols/page_0170.png,3
3670,[N][#C][C][C][=Branch1][C][=O][C][C][O][C][Ring1][Ring2],N#CCC(=O)C1COC1,1.5017904688307009,5.6507744789123535,0.2183993011713028,30.340818405151367,50.28591537475586,50.09,,0.4512423242517399,mols/page_0184.png,10
2794,[C][C][Branch1][Ring1][C][C][C][O][C][Ring1][Ring1][C][Ring1][Branch1][C],CC1CCC(C)C2OC12,3.481790468830701,1.850981593132019,0.3387435376644134,35.040863037109375,12.03269100189209,12.53,,0.451177176027582,mols/page_0140.png,14
1241,[C][C][Branch1][C][C][C][Ring1][Ring2][C][Ring1][Branch1][C][Branch1][Ring1][C][O],CC1C2C(CCO)C12,2.464499695052122,1.5399513244628906,0.3248322010040283,36.79307556152344,22.673315048217773,20.23,,0.4501331616253108,mols/page_0063.png,1
1395,[C][C][C][Branch1][Ring1][C][O][C][O],CCC(CO)CO,1.5478467081635288,2.487042188644409,0.3192240297794342,32.485713958740234,40.402103424072266,40.46,,0.4497051727727661,mols/page_0070.png,15
3606,[C][N][C][C][C][Ring1][Branch1][C][Branch1][Ring1][C][Branch1][C][C][Branch1][Branch1][C][O][C],CCC(COC)C1CCNC1,2.5780915038517307,1.1635383367538452,0.3152884542942047,39.07794189453125,23.57566261291504,21.26,,0.4486509311178291,mols/page_0181.png,6
1663,[C][C][C][Branch1][C][C][N][C][Ring1][Ring1][C][Branch1][Ring1][C][C][Ring1][Branch1][C][Ring1][Ring2],CCC12CC(N1)C2(C)CC,3.7396683620478215,1.490352988243103,0.3091232478618622,38.81810760498047,19.23512077331543,12.03,,0.4480497305990323,mols/page_0084.png,3
4479,[O][C][Branch1][C][C][C][Branch1][Branch1][C][Branch1][Ring1][C][C][O][C][Ring1][Branch1],CCC1COC1C(C)O,3.0217904688307007,1.627902626991272,0.3046947717666626,37.93837738037109,29.9890193939209,29.46,,0.4480299009266343,mols/page_0224.png,19
956,[C][C][C][O][C][C][Ring1][Branch1][C][C][Branch1][Ring1][C],CCCC1COCC1C,2.5417904688307007,1.6725776195526123,0.3185253739356994,37.92072677612305,9.479979515075684,9.23,,0.4479414362863877,mols/page_0048.png,16
3603,[C][Branch1][Ring1][C][O][C][C][C][Branch1][C][C][Ring1][Ring2][C][Ring1][Ring1][C][Branch1][O][C],CCCC1(C)CCCCO1,2.0596683620478218,1.2172142267227173,0.3260524570941925,38.91548156738281,8.490804672241211,9.23,,0.4478808075057523,mols/page_0181.png,3
3237,[C][C][Branch1][Ring1][C][C][C][N][C][Ring1][Branch1][C][C],CCC1NCC(C)C1C,3.0417904688307007,1.3317408561706543,0.3044014871120453,39.82917785644531,20.015350341796875,12.03,,0.4478581352852291,mols/page_0162.png,17
2226,[C][C][O][C][C][C][Branch1][Ring1][C][C][C][Ring1][=Branch1],CCOC1CC(CC)C1,1.541790468830701,1.0992822647094729,0.3270112574100494,39.10881042480469,10.344285011291504,9.23,,0.447584584382904,mols/page_0112.png,6
3760,[C][C][C][O][C][C][Branch1][Ring1][C][C][Ring1][Branch1][C][Branch1][C][O][Ring1][Ring1][O],CC1COCC12C(C)C2(O)O,3.318091503851731,1.967547416687012,0.2893366515636444,36.68914413452149,50.25364685058594,49.69,,0.4472552925339119,mols/page_0189.png,0
2210,[C][#C][C][Branch1][Branch1][C][C][C][Branch1][Ring1][C][Branch1][C][Branch1][N][Branch1][Branch1][=O][C],C#CC(CCCC)NOC,2.099668362047822,1.28079092502594,0.2971037030220032,41.17717361450195,14.468053817749023,21.26,,0.4469760687994013,mols/page_0111.png,10
2179,[N][#C][C][C][Branch1][C][C][C][O][C][Ring1][Branch1][C][O],CC1(CC#N)COC1CO,2.5196683620478213,2.603076934814453,0.28484046459198,34.56165313720703,53.08697509765625,53.25,,0.446627753466606,mols/page_0109.png,19
4266,[N][C][C][C][Ring1][Ring1][C][C][Branch1][Ring1][C][O][C][Ring1][Ring2][C][Ring1][Branch1][C][Branch1],CCC=C(CO)CC1CC1N,2.5780915038517307,2.4102084636688232,0.2561998963356018,38.79513931274414,45.508277893066406,46.25,,0.446554176515874,mols/page_0214.png,6
3748,[C][N][C][C][Ring1][Ring1][C][Branch1][C][O][C][Branch1][Ring1][C][C][O],CCC(O)C(O)C1CN1C,3.5196683620478213,1.0932114124298096,0.2953133881092071,39.80567932128906,43.766212463378906,43.47,,0.4462799207471606,mols/page_0188.png,8
1560,[C][C][C][Branch1][Ring1][C][O][C][C][Ring1][Ring2][C][Ring1][Branch1][C],CCC1CC2C(C)C12O,3.481790468830701,1.3042176961898804,0.320348173379898,38.21495819091797,20.644147872924805,20.23,,0.4458619320853328,mols/page_0079.png,0
3908,[C][C][C][Branch1][Ring1][C][C][O][C][Ring1][Branch1][C][Branch1][Branch1][C][C][Ring1][Ring1][C][Ring1],CCC1(CC)OC1C12CC1C2,1.9780915038517315,1.563237547874451,0.3308679759502411,37.09518814086914,8.558636665344238,12.53,,0.4457182366801124,mols/page_0196.png,8
2601,[C][C][C][N][C][=Branch1][C][=O][C][Ring1][Branch1][C],CCC1NC(=O)C1C,2.504499695052122,3.820542097091675,0.2799993753433227,32.386566162109375,28.628007888793945,29.1,,0.4455174307033722,mols/page_0131.png,1
645,[C][C][Branch1][C][C][C][C][=Branch1][C][=O][C][=Branch1][C][=O][N][Ring1][Branch2],CC1(C)CC(=O)C(=O)N1,1.5017904688307009,6.167618751525879,0.1729163378477096,33.323585510253906,45.94570159912109,46.17,,0.4454244186607009,mols/page_0033.png,5
1460,[C][C][C][O][C][Branch1][C][C][Branch1][Ring1][C][C][N][C][C][Ring1][Ring2],CCCOC1(C)CCCCN1,2.078091503851731,1.4158053398132324,0.3079708218574524,38.96971893310547,21.82137489318848,21.26,,0.4452286068263412,mols/page_0074.png,0
3155,[C][C][C][C][Branch1][=Branch1][C][C][Ring1][Ring1][O][C][Ring1][#Branch1][C],CC1CC2(CC2O)C1C,3.801790468830701,1.4390772581100464,0.3130153119564056,38.4671630859375,20.417367935180664,20.23,,0.4448627715009645,mols/page_0158.png,15
3395,[C][C][Branch1][Ring1][C][Branch1][C][C][C][Ring1][Ring1][C][O][C][Ring1][Ring2][C][Branch1][Branch1][C],CCC1OCC12C(C)C2C,3.3196683620478216,1.6429253816604614,0.3170028030872345,38.2475814819336,8.01980972290039,9.23,,0.4447888364186876,mols/page_0170.png,15
3009,[O][C][Branch1][Ring1][C][C][Branch1][C][C][C][O][C][C][Ring1][Branch1][C],CCC1(O)COCC(C)C1,2.5396683620478213,1.2902480363845823,0.3137005567550659,38.277042388916016,29.12113380432129,29.46,,0.4444205016349321,mols/page_0151.png,9
3889,[C][C][Branch1][C][O][C][C][C][Ring1][Ring2][C][Branch1][Ring1][C][C][O][Branch1][Ring1][Ring1][Ring2],CC1CCC(C2OC2C)O1,3.4796683620478213,1.81387197971344,0.3301918804645538,35.30720138549805,20.303924560546875,21.76,,0.4440239942234979,mols/page_0195.png,9
1611,[C][C][O][C][Branch1][Ring1][C][C][Branch1][C][O][O],CCOC(O)(O)CC,1.5444996950521224,1.4838694334030151,0.2996292412281036,37.44313430786133,49.37668228149414,49.69,,0.4438903236783423,mols/page_0081.png,11
2130,[N][C][C][N][C][Ring1][Ring2][=N][O][C][Ring1][Branch1][=O],NC1Cn2c1noc2=O,1.8017904688307007,5.393198013305664,0.2420488744974136,27.110111236572266,71.69911193847656,74.05000000000001,,0.443618665475567,mols/page_0107.png,10
2924,[C][#C][C][C][Branch1][Ring1][C][O][C][C][C][Ring1][Ring1],C#CCC(CO)C1CC1,2.041790468830701,1.914007782936096,0.3021109998226166,37.7609748840332,20.85618782043457,20.23,,0.4432445472856653,mols/page_0147.png,4
127,[C][O][C][C][C][Branch1][C][C][N][C][C][Ring1][=Branch1][C],COCC1C(C)CNC1C,3.0396683620478218,1.2672654390335083,0.3094440698623657,38.83163070678711,28.39523696899414,21.26,,0.4430039658028996,mols/page_0007.png,7
3494,[C][C][C][Branch1][C][C][O][C][C][Ring1][Ring2][C][C],CCC1COC(CC)C1,2.5417904688307007,1.508164644241333,0.3210850059986114,38.22279739379883,9.02562427520752,9.23,,0.4429504066895171,mols/page_0175.png,14
4301,[O][#C][C][Branch1][C][C][Branch1][Ring1][C][C][C][Ring1][Ring1][C][Branch1][Branch1][C][O],CC1C(CCO)C1(C)C=O,3.0396683620478218,3.45784878730774,0.2260660827159881,38.52378463745117,37.75041961669922,37.3,,0.4426905399717175,mols/page_0216.png,1
2294,[C][#C][C][C][C][Branch1][Ring1][C][C][O][C][Branch1][C][C][Ring1][Ring2][O],C#CCCC1OC(C)(O)C1C,3.0780915038517307,1.4946035146713257,0.3037706017494201,38.46308898925781,29.70756721496582,29.46,,0.4426753066989948,mols/page_0115.png,14
2401,[C][O][C][Branch1][Ring1][C][C][C][Ring1][Branch1][C][C][Branch1][Branch1][C][O][Ring1][Branch1],CCC(OC)C1CCCO1,2.5396683620478213,1.535759449005127,0.3218723833560943,37.3472785949707,18.009754180908203,18.46,,0.4426420053603502,mols/page_0121.png,1
1244,[NH2+1][C][#C][C][C][Ring1][Branch1][C][C][C][Branch1][Ring1][C][C],CCCCCC1CC#C[NH2+]1,2.0596683620478218,1.818020939826965,0.2885764241218567,39.256103515625,23.990917205810547,16.61,,0.442608574200013,mols/page_0063.png,4
22,[C][C][C][O][C][C][N][C][C][Ring1][Branch1][C][C][Branch1][C],CCCOC1CNCC1CC,2.5780915038517307,1.2912510633468628,0.3089794218540191,39.26010894775391,22.137937545776367,21.26,,0.4424710346687908,mols/page_0002.png,2
503,[C][C][C][C][N][Branch1][Ring2][C][Ring1][Ring2][C][Ring1][Branch1][C][#N],CCC12CN(C1)C2C#N,2.7017904688307013,4.687888145446777,0.2531434893608093,31.954004287719727,27.50547218322754,27.03,,0.4424269859318578,mols/page_0026.png,3
3543,[C][O][C][Branch1][Ring1][C][Branch1][C][C][Branch1][Branch1][C][O][Ring1][Branch1][C][N][C][Ring1][Branch1],CCC1(OC)CNCC1O,2.5196683620478213,1.6804792881011963,0.2999826967716217,37.37377166748047,39.90286636352539,41.49,,0.4422246510592688,mols/page_0178.png,3
2604,[N][C][N][C][C][Branch1][Ring1][C][Branch1][C][C][C][Ring1][Ring2][C],CC=C(CC)CNCN,1.581790468830701,2.425483226776123,0.2457910180091858,39.92659378051758,42.97110748291016,38.05,,0.4420193532870428,mols/page_0131.png,4
1329,[C][C][C][Branch1][C][O][C][C][=Branch1][C][=O][C][#N],CCC(O)CC(=O)C#N,2.061790468830701,4.516505718231201,0.1974484771490097,35.75017547607422,60.784366607666016,61.09,,0.4418694088429381,mols/page_0067.png,9
2356,[C][C][C][Branch1][Ring1][C][C][Ring1][Ring2][C][C][O],CCC1(CCO)CC1,1.5244996950521223,1.3475286960601809,0.340885579586029,35.913204193115234,20.2036190032959,20.23,,0.4417045261736204,mols/page_0118.png,16
3597,[N][#C][C][C][Branch1][Ring1][C][C][C][O][C][Ring1][#Branch1],CCC1COCC1C#N,2.5217904688307007,3.1020712852478027,0.296558678150177,32.90359115600586,33.73590087890625,33.02,,0.4416071109798237,mols/page_0180.png,17
4065,[N][#C][C][C][C][Branch1][Ring1][C][C][Ring1][Ring1][C][O][C][Ring1][Ring2],N#CC1CC12CCCOC2,2.799668362047821,3.798916339874268,0.2857566475868225,31.559871673583984,31.925994873046875,33.02,,0.4415686157295223,mols/page_0204.png,5
3004,[N][#C][C][C][C][Branch1][C][C][N][C][Ring1][Ring1],N#CCCC1CCN1,2.0044996950521226,4.48211145401001,0.2792492508888244,29.33602333068848,36.48703384399414,35.82,,0.4413474306469672,mols/page_0151.png,4
2965,[C][N][C][C][Branch1][Ring1][C][Branch1][Branch1][C][O][C][C][Ring1][Branch1][O],CCOCCC1(O)CNC1,1.5196683620478215,1.7372382879257202,0.2985067963600158,37.1794548034668,41.427879333496094,41.49,,0.4411077944653128,mols/page_0149.png,5
1105,[C][C][Branch1][Ring1][C][C][O][C][C][C][Ring1][Ring2][O][Ring1][Ring2],CCC(C)OC1CCO1,2.5217904688307007,1.3867017030715942,0.3306841254234314,36.86470031738281,19.394237518310547,18.46,,0.4410030034949739,mols/page_0056.png,5
2158,[C][O][C][Branch1][C][C][C][O][C][C][Ring1][=Branch1][C],COC1(C)COCC1C,2.5217904688307007,1.6854751110076904,0.3123789429664612,37.66362380981445,18.923683166503903,18.46,,0.4407165131032846,mols/page_0108.png,18
1364,[N][#C][C][Branch1][Ring1][C][N][Branch1][C][C][C][Branch1][C][O][C][Ring1][Branch1],CC1(C#N)CNCC1O,2.5017904688307007,3.1946496963500977,0.267313003540039,33.80516052246094,56.47126007080078,56.05,,0.440640318838847,mols/page_0069.png,4
1370,[C][C][C][Branch1][C][C][N][C][C][Ring1][Ring1][C][C],CCC(C)N1CC1CC,3.0417904688307007,1.244809627532959,0.3050731718540191,41.206817626953125,3.630327224731445,3.01,,0.4398718102579021,mols/page_0069.png,10
3187,[O][C][C][O][C][C][C][C][Ring1][Ring2][C][Ring1][Ring2],OCCOC1C2CC1C2,2.2017904688307013,1.909523367881775,0.3422549068927765,32.93753433227539,29.57510757446289,29.46,,0.4398693137616906,mols/page_0160.png,7
2389,[C][C][C][Branch1][C][C][O][C][Ring1][Ring1][C][C][Ring1][Branch1][C][O],CCC1OC2CC(CO)C12,3.4796683620478213,2.129910707473755,0.3105917572975158,35.39439010620117,29.20280265808105,29.46,,0.4398131915496563,mols/page_0120.png,9
1798,[C][#C][C][Branch1][Ring1][C][Branch1][C][C][C][Branch1][Ring2][C][Branch1][Branch1][C][N][C][Ring1][Ring1],C#CC(CC)CCC1CN1,2.5596683620478213,1.6678147315979004,0.3010289072990417,38.70347213745117,21.17632484436035,21.94,,0.4396159297578192,mols/page_0090.png,18
2599,[C][Branch1][C][C][C][Branch1][Branch1][C][O][C][Branch1][Ring1][C][C][Ring1][Ring1][C][O],CC=C(CO)COCCC,1.5996683620478216,2.3987059593200684,0.25607430934906,39.863800048828125,30.7539005279541,29.46,,0.4394461563868437,mols/page_0130.png,19
3601,[N][#C][C][C][N][C][Ring1][Ring2][C][Ring1][Ring2][C][#N],N#CC1C2NC1C2C#N,2.1817904688307013,4.7595391273498535,0.2770272493362427,26.81134986877441,58.48733139038086,59.61,,0.4389563913919889,mols/page_0181.png,1
3041,[C][C][C][O][C][C][Branch1][Ring1][C][C][Ring1][Branch1][C][O][Ring1][=Branch1],CCC12COC1OCC2C,2.9796683620478217,2.4933927059173584,0.3157525062561035,34.495452880859375,16.177499771118164,18.46,,0.438892927072707,mols/page_0153.png,1
2037,[C][C][Branch1][Ring1][C][C][C][=Branch1][C][Branch1][C][C][N][C][Branch1][Ring2][C][Ring1][Ring2],CCC(C)C1CCCN1,2.5417904688307007,1.3462632894515991,0.3088379800319671,39.2806510925293,18.567380905151367,12.03,,0.4386168796984223,mols/page_0102.png,17
2357,[C][O][C][Branch1][Ring1][C][Branch1][Branch1][C][O][O][C][C][Branch1][C][C][Ring1][Branch1][C][Branch1],COOC1CC(OC)C1(C)C,2.5580915038517307,1.1200518608093262,0.3140437602996826,39.401329040527344,20.960664749145508,27.69,,0.4384395842527354,mols/page_0118.png,17
1245,[C][C][C][O][C][C][Branch1][C][C][N][C][Ring1][Branch1],CCCOC1CNC1C,2.5217904688307007,1.711469054222107,0.3014873266220093,38.2125129699707,24.352428436279297,21.26,,0.437230566951877,mols/page_0063.png,5
3536,[C][Branch1][C][C][C][Branch1][Branch1][C][O][C][C][Ring1][Branch1][C][Ring1][Ring2][O],CC=C(CO)COCC,1.581790468830701,2.576821565628052,0.2574388086795807,38.99459457397461,31.15903854370117,29.46,,0.437212560287734,mols/page_0177.png,16
2747,[C][C][C][Branch1][C][C][Ring1][Ring1][C][Branch1][Ring2][C][C][O][C][Ring1][=Branch1],OCCC1CCC12CC2,2.301790468830701,1.3061589002609253,0.3373014628887176,36.35986328125,20.220117568969727,20.23,,0.4371803030355508,mols/page_0138.png,7
4122,[O][C][Branch1][Ring1][C][C][C][Branch1][C][C][Ring1][Ring1][C][Branch1][Ring2][C][C][O][C][Ring1],CC1C(O)C1(C)C1CCOC1,3.518091503851731,1.6747583150863647,0.3084107041358948,37.32250213623047,28.346059799194336,29.46,,0.4365717613818009,mols/page_0207.png,2
4242,[C][#C][C][Branch1][C][C][C][Branch1][Ring1][C][O][C][Branch1][O][C][Ring1][Ring2],C#CC(C)C1CCC1O,3.0417904688307007,1.813165664672852,0.3075472116470337,37.48931503295898,20.54584503173828,20.23,,0.4363238968035208,mols/page_0213.png,2
2917,[N][C][C][C][Branch1][C][O][C][Branch1][Ring1][C][C][Ring1][Branch1][C][Branch1][Branch1][C][Ring1][Ring1],NC1CC(O)C12CCCC2,2.799668362047821,1.9279632568359373,0.3067191243171692,35.52104949951172,41.78750991821289,46.25,,0.4362095056487881,mols/page_0146.png,17
2365,[C][#C][C][C][Branch1][Ring1][C][O][C][Branch1][C][C][C][Ring1][Branch1][C],C#CCC1C(C)C(C)C1O,3.5596683620478213,1.552782654762268,0.3055707812309265,38.71501541137695,19.650495529174805,20.23,,0.4355105755387227,mols/page_0119.png,5
1932,[C][C][C][Ring1][Branch1][C][C][Branch1][C][O][C][C][O][Ring1][=Branch1],OC1CCOC1C1CC1,2.4617904688307006,2.603084087371826,0.3091056942939758,33.74456024169922,28.843719482421875,29.46,,0.435426747562863,mols/page_0097.png,12
3293,[C][#C][C][Branch1][C][C][Branch1][Branch1][C][Branch1][O][C][C][C][N][Ring1][Ring1],C#CC(C)CCC1CN1,2.5417904688307007,2.010202407836914,0.2960592806339264,37.7459716796875,22.811687469482425,21.94,,0.4353192043656292,mols/page_0165.png,13
1367,[C][C][C][Branch1][Ring1][C][Branch1][C][C][O][C][Ring1][Ring1][C][C][Ring1][Ring2],CCC1CCC(CC)O1,2.5417904688307007,1.3219419717788696,0.3264206945896148,38.225074768066406,9.253129959106444,9.23,,0.4352580927276772,mols/page_0069.png,7
2405,[C][O][C][Branch1][Ring1][C][O][Branch1][C][C][C][Ring1][Branch1][C][Ring1][Ring2][C],COC1(C)COC(C)C1,2.5217904688307007,1.4936553239822388,0.3170668482780456,37.80806350708008,18.84669303894043,18.46,,0.4349697670376014,mols/page_0121.png,5
2353,[C][C][C][Branch1][Ring1][C][C][Ring1][Ring1][C][Branch1][C][C][N][Ring1][Branch1][C][O],CC1N(CO)C(C)C12CC2,2.799668362047821,1.788779854774475,0.3055177330970764,37.63988876342773,22.18107032775879,23.47,,0.4348973407304188,mols/page_0118.png,13
4359,[N][#C][C][C][C][Branch1][C][C][O][C][Ring1][Branch1][C][O],CC1OC(CO)C1CC#N,3.0196683620478217,2.7510342597961426,0.2797551453113556,34.330570220947266,53.06425094604492,53.25,,0.4340328503345674,mols/page_0218.png,19
3164,[N][C][C][C][Branch1][Ring1][C][C][Ring1][Branch1][C][C][O][C][Branch1][C],CCC1(CCOC)CCN1,2.0396683620478218,1.0182157754898071,0.3158115744590759,39.083106994628906,26.6214656829834,21.26,,0.4333727335718753,mols/page_0159.png,4
3865,[C][Branch1][C][O][C][C][Ring1][Ring1][C][C][Branch1][Ring1][C][O],OCCCC1CCO1,2.0044996950521226,2.7413330078125,0.3212466239929199,31.93060302734375,29.11048698425293,29.46,,0.4333199957420328,mols/page_0194.png,5
334,[C][C][C][C][C][Branch1][=Branch1][C][Branch1][C][N][=O][C][Ring1][Branch2][Ring1][=Branch1],CC1CC2C(C(N)=O)C12,3.461790468830701,3.3167941570281982,0.2668193578720093,34.304420471191406,43.11422348022461,43.09,,0.4333105797342813,mols/page_0017.png,14
2070,[C][C][Branch1][C][C][C][O][C][Branch1][Ring1][C][O][Ring1][=Branch1],CC1COC(CO)C1,2.504499695052122,2.68466854095459,0.3274266421794891,31.529170989990234,28.774730682373047,29.46,,0.4330929662834569,mols/page_0104.png,10
2415,[C][N][C][=C][Branch1][C][N][N][Branch1][C][C][C][Ring1][#Branch1][=O],Cn1cc(N)n(C)c1=O,1.381790468830701,4.413242340087891,0.2229347079992294,33.86119842529297,54.43842315673828,52.95,,0.4330389490657634,mols/page_0121.png,15
976,[C][C][C][O][C][Ring1][Ring1][C][C][C][Ring1][=Branch1][C],CCC12OC1CCC2C,2.9817904688307006,1.7730220556259155,0.3304945528507232,35.88573455810547,11.97214126586914,12.53,,0.432977127363073,mols/page_0049.png,16
3916,[C][C][Branch1][C][C][C][O][C][Branch1][Ring1][C][C][N][C][C][Ring1][Ring2],CC(C)COC1CCCCN1,2.078091503851731,1.6112734079360962,0.3033604025840759,38.597015380859375,20.75373268127441,21.26,,0.4328639567055848,mols/page_0196.png,16
1865,[N][C][C][C][Branch1][C][C][#C][C][Branch1][Ring1][C][=O][C][C][Ring1][Ring1],CCC(C=O)C=C(C)CCN,2.138091503851731,2.9523143768310547,0.2185986936092376,40.63283920288086,42.63636779785156,43.09,,0.4327184350931402,mols/page_0094.png,5
3755,[O][C][C][Branch1][Ring1][C][Branch1][C][C][C][O][C][Ring1][Ring1][C][Ring1][=Branch1][C],CC1C(C)C2OC2C1CO,3.979668362047821,1.6080995798110962,0.322355568408966,35.83106231689453,31.509397506713867,32.76,,0.4324730041196606,mols/page_0188.png,15
2126,[C][#C][C][C][Branch1][C][C][C][O][C][Branch1][Ring1][C][O][Ring1][=Branch1],C#CC1C(C)COC1CO,3.0396683620478218,2.4041550159454346,0.2964276671409607,35.68587875366211,29.439546585083008,29.46,,0.4321630246009324,mols/page_0107.png,6
3784,[C][C][C][Branch1][Ring1][C][C][Ring1][Ring1][C][Branch1][C][C][O][C][Branch1][Branch1][C][Ring1][Branch1],CCC1(C2(C)CCO2)CC1,1.9996683620478213,1.439788579940796,0.3273016214370727,37.739139556884766,7.964021682739258,9.23,,0.4317993148664304,mols/page_0190.png,4
3667,[C][N][C][Branch1][C][C][C][Branch1][Ring1][C][C][N][Branch1][C][O][C][Ring1][Ring2],CNC(C)C1CCCN1O,2.5196683620478213,1.7057826519012451,0.2934072315692901,38.73234558105469,27.34988021850586,35.5,,0.43101707383734,mols/page_0184.png,7
1388,[C][C][Branch1][C][C][C][N][C][Ring1][Branch1][C][O][C],COCC1NCC1(C)C,2.021790468830701,1.2123221158981323,0.3088532388210296,38.86127471923828,28.88235664367676,21.26,,0.4308254682353409,mols/page_0070.png,8
1449,[N][#C][C][Branch1][C][C][Branch1][Ring2][C][O][C][Branch1][Ring1][C][Branch1][Branch1][C][O][O],COCC(C)C#N,2.047846708163529,3.875545740127564,0.3103944063186645,28.434476852416992,33.724632263183594,33.02,,0.430771537447469,mols/page_0073.png,9
4511,[N][#C][C][C][Branch1][Ring1][C][Branch1][C][O][C][Ring1][Branch1][C][Ring1][=Branch1][O],N#CC12C(O)C1C2CO,3.441790468830701,3.466968774795532,0.2671540379524231,32.04253387451172,64.23780059814453,64.25,,0.4300027983662733,mols/page_0226.png,11
1992,[C][C][C][Branch1][C][C][Ring1][Ring2][C][Branch1][Ring1][C][C][O],CCC(O)C1(C)CC1,2.0244996950521226,1.3797104358673096,0.3317087888717651,36.53095626831055,20.35455703735352,20.23,,0.429855025440209,mols/page_0100.png,12
1568,[N][C][#C][C][Branch1][Branch1][C][C][O][C][C][Branch1][Ring1],COCCC(C)C#CN,2.081790468830701,1.555746078491211,0.2944698333740234,38.76654052734375,32.486534118652344,35.25,,0.4296948149559951,mols/page_0079.png,8
3234,[C][C][C][Branch1][Ring1][C][C][Ring1][Branch1][C][Branch1][C][C][=Branch1][C][=O],CCC1(C(C)O)CC1,2.0244996950521226,1.3723535537719729,0.3342087566852569,36.30069351196289,20.176570892333984,20.23,,0.4289476083639432,mols/page_0162.png,14
3226,[C][Branch1][C][C][Branch1][Branch1][C][Branch1][Ring1][C][C][C][Ring1][Branch1][C][O],CCCC1CC1CO,2.524499695052122,1.3345704078674316,0.3419243395328522,35.6203727722168,20.474496841430664,20.23,,0.4285534048657247,mols/page_0162.png,6
4250,[N][C][C][C][Branch1][C][C][Ring1][Branch1][C][Branch1][Ring1][C][O][C][Ring1][Ring1][C][Branch1][Ring2],CC1C(O)C1C1(C)CCN1,3.4796683620478213,1.9975022077560425,0.2923926115036011,37.212528228759766,33.86491394042969,32.26,,0.4284658582081435,mols/page_0213.png,10
3842,[C][O][C][Branch1][C][C][C][Branch1][Ring1][C][Branch1][Branch1][C][O][O][C][Ring1][Branch1],COOCCC1COC1C,2.5196683620478213,1.8411905765533447,0.3182683289051056,36.195587158203125,20.04630470275879,27.69,,0.4284526349977258,mols/page_0193.png,2
3756,[C][C][Branch1][C][O][C][Branch1][Ring1][C][C][C][Ring1][Branch1][C][Branch1][Ring2][C][Ring1][Ring2][O],CC1OC2C(O)CCCC12,3.4796683620478213,2.471682071685791,0.3100001513957977,34.04816436767578,28.459590911865234,29.46,,0.4278975035226918,mols/page_0188.png,16
3877,[C][C][C][O][C][Ring1][Ring2][C][Branch1][Ring1][C][O][O][Ring1][Branch2],CC12COC1C(CO)O2,2.9417904688307006,2.725922107696533,0.3070347011089325,32.545894622802734,39.68878555297852,38.69,,0.4277279929943764,mols/page_0194.png,17
3722,[C][C][Branch1][C][C][C][O][C][Branch1][Ring1][C][Branch1][Branch1][C][Branch1][Ring2][C][C][Ring1][Branch1],CC(C)COC1CCCC1,1.5596683620478216,0.9840744137763976,0.3292296230792999,39.091941833496094,8.791830062866211,9.23,,0.4268962513761104,mols/page_0187.png,2
1493,[C][C][C][Branch1][C][C][N][C][Branch1][Branch1][C][Ring1][Ring1][C][O][C][Ring1][Branch1],CCC(C)N1C(C)C12CO2,3.7996683620478215,1.870352387428284,0.2978446781635284,38.63032150268555,13.833120346069336,15.54,,0.4267671672436541,mols/page_0075.png,13
371,[C][C][Branch1][C][C][Branch1][C][C][C][C][=N][O][N][=Ring1][Branch1],CC(C)(C)c1cnon1,1.401790468830701,3.935290336608887,0.2585774958133697,33.07625961303711,38.52547836303711,38.92,,0.4255481635711481,mols/page_0019.png,11
1532,[C][O][C][Branch1][C][C][C][C][C][=Branch1][C][=N][O][Ring1][Branch1],COC(C)C1CC(=N)O1,2.5017904688307007,2.724424362182617,0.2839755117893219,34.68818283081055,42.20083999633789,42.31,,0.425464618153195,mols/page_0077.png,12
1622,[C][C][C][O][C][Ring1][Branch1][C][C][Ring1][Ring2][C][C],CCCCC1CCCO1,2.041790468830701,1.5839802026748655,0.325285404920578,37.19074630737305,9.46629524230957,9.23,,0.4253705462167422,mols/page_0082.png,2
4129,[O][C][C][O][C][C][Ring1][Ring2][C][C][O][Ring1][Ring2],OCC1OCC12CCO2,2.761790468830701,3.0625667572021484,0.3042933344841003,31.54110717773437,39.48325729370117,38.69,,0.4246104286430965,mols/page_0207.png,9
1890,[O][C][Branch1][C][C][Branch1][Ring1][C][Branch1][Ring2][C][Branch1][Branch1][C][Branch1][O][C][C][Ring1][Ring1],CC(O)CCC1CC1,2.0244996950521226,1.387172818183899,0.3376325964927673,35.80974197387695,20.30186653137207,20.23,,0.4243295528728278,mols/page_0095.png,10
157,[C][C][O][C][C][Branch1][C][O][C][C][C][Ring1][Branch2][Ring1][=Branch1],CC1OC2C(O)CCC12,3.461790468830701,2.8337748050689697,0.3041306436061859,33.21768951416016,28.802000045776367,29.46,,0.4241572073440272,mols/page_0008.png,17
4480,[C][C][C][N][C][C][Branch1][C][C][Ring1][Branch1][C][Branch1][Ring1][C][O][C][Ring1][Ring1][Branch1],CC1CNCC1(C)C1CC1O,3.518091503851731,1.829641461372376,0.2969972491264343,37.3593635559082,32.91574478149414,32.26,,0.4237149249957244,mols/page_0225.png,0
4309,[C][C][Branch1][Ring1][C][C][C][Ring1][Ring1][C][O][C][Ring1][Ring2][C],CC1OCC12C(C)C2C,3.301790468830701,1.7771775722503662,0.3155086934566498,37.41202163696289,9.94582462310791,9.23,,0.4237057102324142,mols/page_0216.png,9
1003,[#C][C][C][C][Branch1][Ring1][C][C][Ring1][Ring1][C][Branch1][C][O],CCC1(CO)CC1C,2.524499695052122,1.3246774673461914,0.3342726230621338,36.3936882019043,20.07723426818848,20.23,,0.4237025224154181,mols/page_0051.png,3
3649,[N][#C][C][C][Branch1][C][C][C][Ring1][Branch1][C][O][C][Ring1][Ring2],CC(CC#N)C1COC1,2.021790468830701,3.1451079845428467,0.2870945930480957,33.49336242675781,32.75413131713867,33.02,,0.4233727865125756,mols/page_0183.png,9
1311,[C][C][Branch1][C][C][O][C][Branch1][Ring1][C][O][N][Ring1][Ring1][C][Ring1][Ring2],CC(C)OC1N2CC12O,2.9417904688307006,2.190901279449463,0.2966414093971252,35.943389892578125,34.198570251464844,32.47,,0.4229890593906972,mols/page_0066.png,11
3148,[N][#C][C][C][C][Ring1][Ring1][C][C],CCC1CC1C#N,2.507846708163529,4.326185703277588,0.3170527219772339,26.719741821289062,23.63779258728028,23.79,,0.4228667901814344,mols/page_0158.png,8
4526,[O][C][C][C][Branch1][Ring1][C][C][Ring1][Branch1][C][C][O][C],CCC1(CCOC)CCO1,2.0396683620478218,1.056831955909729,0.3259865939617157,38.30404281616211,18.978179931640625,18.46,,0.4225223017993139,mols/page_0227.png,6
3317,[C][C][Branch1][C][O][C][Branch1][C][C][C][C][C][C][Ring1][Ring1][Ring1][=Branch1],CC(O)C1(C)CC2CC21,3.481790468830701,1.4495573043823242,0.3175982236862182,37.57502746582031,20.676891326904297,20.23,,0.4225132021383897,mols/page_0166.png,17
4130,[C][C][#C][C][Branch1][C][N][C][N][C][Ring1][Branch1][=O],CC#CC1(N)CNC1=O,2.001790468830701,3.5507194995880127,0.2472409754991531,34.35009765625,55.10478973388672,55.12,,0.4224557088254511,mols/page_0207.png,10
4218,[N][#C][C][C][Branch1][C][C][C][Ring1][Branch1][C][Ring1][Ring1][C][Ring1][Ring2][C][Ring1][#Branch1],N#CC1CC2C3CC1C23,3.921790468830701,4.241042613983154,0.3069935142993927,28.052059173583984,23.717424392700195,23.79,,0.4222522026962734,mols/page_0211.png,18
2489,[C][C][Branch1][C][C][C][O][C][Branch1][Ring1][C][Branch1][Branch1][C][N][C][Branch1][=Branch1][C][=O],CC(C)COCCCNCC=O,1.6570246155449355,2.6408591270446777,0.2233151644468307,41.7495346069336,34.52680206298828,38.33,,0.4218137525342908,mols/page_0125.png,9
255,[C][C][N][C][Ring1][Ring1][C][=Branch1][C][=O][C][Ring1][=Branch1][C][=O],CC12NC1C(=O)C2C=O,2.9417904688307006,5.794374465942383,0.1985926777124405,30.91037368774414,55.94689178466797,56.080000000000005,,0.4207346466484427,mols/page_0013.png,15
2189,[C][C][Branch1][C][C][O][C][Branch1][Ring1][C][Branch1][Ring2][C][C][C][N][Ring1][Ring1],CC1CCC(OC(C)C)N1,2.5396683620478213,1.2189241647720337,0.312239408493042,38.86724090576172,21.739351272583008,21.26,,0.4204582417359815,mols/page_0110.png,9
4343,[C][C][Branch1][Ring1][C][C][C][Ring1][Branch1][C][C][N][C][Branch1][C][O][Ring1][Ring2],CCC1CC1C1CNC1O,3.4796683620478213,1.81494688987732,0.3066557347774505,36.46139526367188,31.64617919921875,32.26,,0.4200951798655487,mols/page_0218.png,3
3971,[C][C][Branch1][C][C][C][O][C][Branch1][Ring1][C][O][N][C][Ring1][Ring2][C][Ring1][Branch1],CC(C)COC1NC2CC21O,2.9980915038517306,1.7090537548065186,0.302672266960144,36.89525985717773,36.36175537109375,41.49,,0.4196244702352237,mols/page_0199.png,11
4239,[N][C][C][C][Branch1][Ring1][C][Branch1][C][C][O][C][Ring1][Ring1][C][C][Ring1][Branch1][C],CC1CC2OC(CCN)CC12,3.518091503851731,2.1326372623443604,0.3062942326068878,35.39126205444336,30.50197410583496,35.25,,0.4192278939141832,mols/page_0212.png,19
4476,[N][#C][C][Branch1][C][O][C][C][Branch1][Branch1][C][C][C][Ring1][Ring1][Branch1][C][Branch1][Ring1][C],N#CC(O)C=CC1CC1,2.021790468830701,3.968462228775024,0.247535690665245,33.461700439453125,45.276512145996094,44.02,,0.4189211832737054,mols/page_0224.png,16
1480,[C][C][C][O][C][C][Branch1][C][C][Ring1][Branch1][C][O],CC1COCC1(C)CO,2.5217904688307007,1.4539741277694702,0.3105520009994507,37.50213241577149,30.05478858947754,29.46,,0.4186943342692484,mols/page_0075.png,0
4391,[N][C][Branch1][C][O][C][C][Branch1][Ring1][C][O][Ring1][Ring2][C][Branch1][Branch1][C][C][Ring1][Ring2],NC1(O)CC12CCCOC2,2.779668362047821,1.9978410005569456,0.2985590994358063,34.941200256347656,53.16011428833008,55.48,,0.4185213738302539,mols/page_0220.png,11
2202,[C][C][Branch1][Ring1][C][C][C][N][C][Ring1][Ring1][C][Ring1][Ring2][C],CCC(C)C12NC1C2C,3.481790468830701,1.8686612844467163,0.2906592190265655,38.50623321533203,23.314743041992188,21.94,,0.4180102234262757,mols/page_0111.png,2
3139,[C][C][C][Ring1][Branch1][C][Branch1][C][C][Branch1][Ring1][C][C][O][C][Ring1][#Branch1],CCC1(C)OCC12CC2,2.301790468830701,1.650753378868103,0.3203398287296295,37.35905075073242,8.981821060180664,9.23,,0.4174955452805564,mols/page_0157.png,19
718,[N][C][C][C][O][C][Branch1][C][C][=O][O],CC(=O)OCCCN,1.5444996950521224,2.287949800491333,0.2735393345355987,36.48981475830078,52.079078674316406,52.32,,0.417123883316165,mols/page_0036.png,18
3100,[C][C][C][N][C][C][Ring1][Ring1][C][Ring1][Branch1][C][Branch1][Ring1][C][Branch1][C][O][C],CCC1C(C(C)CO)C2CN12,4.018091503851731,1.4661009311676023,0.3117557764053345,37.93238067626953,21.56314277648925,23.24,,0.4155743902029162,mols/page_0156.png,0
2780,[C][C][Branch1][C][C][O][C][Branch1][Ring1][C][O][O][C][Ring1][Ring1],CC(C)OC1COCO1,2.001790468830701,1.7259173393249512,0.3315168917179107,34.4175910949707,28.37643241882324,27.69,,0.415525474799052,mols/page_0140.png,0
325,[C][O][C][=Branch1][C][=O][C][Branch1][C][C][Branch1][C][C][C][=O],COC(=O)C(C)(C)C=O,1.561790468830701,3.7183258533477774,0.2246304750442505,36.79988861083984,43.781829833984375,43.370000000000005,,0.4155010980525663,mols/page_0017.png,5
1002,[C][C][C][Branch1][Branch1][C][C][O][C][C],CCC(C)CCOC,2.084499695052122,1.0377800464630127,0.3349456489086151,38.03358840942383,9.927738189697266,9.23,,0.4154823234357775,mols/page_0051.png,2
617,[O][C][C][Branch1][O][C][Branch1][Branch1][C][N][=C][O],OC=NCCCCO,1.5444996950521224,1.84803569316864,0.278315931558609,37.72676849365234,50.481292724609375,52.82000000000001,,0.4152718302907978,mols/page_0031.png,17
3965,[C][Branch1][C][C][C][Branch1][Ring1][C][C][O][C][C][Ring1][Ring1][C][Branch1][Branch1][C][O][Ring1],CCC(CC)OCCCC=O,1.638091503851731,2.883266925811768,0.2275847494602203,41.14635467529297,23.51303482055664,26.3,,0.4152465743702671,mols/page_0199.png,5
1826,[C][C][Branch1][C][C][C][O][C][Branch1][Ring1][C][Branch1][=Branch1][C][Branch1],CCCOCC(C)C,1.5844996950521224,0.9129520058631896,0.3385626375675201,38.176055908203125,8.905588150024414,9.23,,0.4137253349245131,mols/page_0092.png,6
1902,[C][C][Branch1][Ring1][C][C][C][Ring1][Ring1][C][Branch1][C][C][O][C][Ring1][#Branch1],CC1OCC2(C)C(C)C12,3.481790468830701,1.5294427871704102,0.3309112787246704,36.631935119628906,9.317849159240724,9.23,,0.4133281881091207,mols/page_0096.png,2
3803,[N][#C][C][Ring1][Branch1][C][Ring1][Ring1][C][C][Ring1][Ring2][C][Ring1][=Branch1],CC1CCC1C#N,2.507846708163529,4.036375045776367,0.3353576064109802,25.80198860168457,23.116249084472656,23.79,,0.4132186913312211,mols/page_0191.png,3
4013,[N][#C][C][=C][C][Branch1][C][N][=C][Branch1][C][N][NH1][Ring1][#Branch1],N#Cc1cc(N)c(N)[nH]1,1.381790468830701,5.189388275146484,0.1899278461933136,31.44452857971192,88.30902862548828,91.62,,0.4128707847891091,mols/page_0201.png,13
3588,[C][C][C][Branch1][C][O][C][C][Ring1][Ring1][C][C][O],CCC1CC(CCO)O1,2.5217904688307007,1.042505979537964,0.3223497867584228,37.68531036376953,30.573394775390625,29.46,,0.4127882009518965,mols/page_0180.png,8
4062,[C][Branch1][C][C][C][Branch1][Branch1][C][O][C][Branch1][Ring1][C][C][O][Ring1][Ring2],CCC1COC(CC)O1,2.5217904688307007,1.2232542037963867,0.338324099779129,36.26237106323242,18.85810089111328,18.46,,0.4122655951145665,mols/page_0204.png,2
2368,[C][O][C][C][Branch1][Ring1][C][C][C][Ring1][Branch1][C][Branch1][Branch1][C][C][O][Ring1][Ring2][C],CCC1C(OC)C1C1(C)CCO1,3.557024615544935,1.3653749227523804,0.3136734664440155,38.76079940795898,12.336740493774414,18.46,,0.4121967099226494,mols/page_0119.png,8
1313,[C][C][C][Branch1][Ring1][C][Branch1][Branch1][C][C][O][C][C][Ring1][Ring2],CCC1CCC(OC)C1,2.5417904688307007,1.0561506748199463,0.3303407728672027,38.4062728881836,9.527576446533203,9.23,,0.4116628243482505,mols/page_0066.png,13
1657,[C][C][Branch1][C][C][O][C][Branch1][Ring1][C][O],CC(C)OCCO,1.5478467081635288,2.3055288791656494,0.3341430425643921,31.832958221435547,29.65649604797364,29.46,,0.4116316211903817,mols/page_0083.png,17
2284,[C][#C][C][C][Branch1][C][C][C][O][C][C][Ring1][Branch1][C][O],C#CCC1COCC(CO)C1,2.5780915038517307,2.0751094818115234,0.3067018091678619,35.528377532958984,29.191097259521484,29.46,,0.410912095760195,mols/page_0115.png,4
3825,[N][#C][C][Branch1][C][O][C][C][C][Branch1][Ring1][C][Branch1][Ring2][C][Branch1][=Branch1][C][=O],N#CC(O)CCCCCC=O,2.118091503851731,3.563699722290039,0.2265501767396927,36.146629333496094,56.256385803222656,61.09,,0.4107745709795766,mols/page_0192.png,5
2215,[C][C][C][N][C][Branch1][C][C][Branch1][Branch1][C][Branch1][Ring1][C][=O][C],CCCNC(C)(C)CC=O,1.5996683620478216,2.867731809616089,0.2158911228179931,41.80831909179688,30.205406188964844,29.1,,0.4101060436308648,mols/page_0111.png,15
2076,[C][#C][C][Branch1][Ring1][C][C][Branch1][Branch1][C][C][O][C][Branch1][Ring2][C][C][Ring1][Branch1],C#CC(CC)CCOC,2.101790468830701,1.1760069131851196,0.3062119781970978,40.387351989746094,9.796507835388184,9.23,,0.4099213137076215,mols/page_0104.png,16
2191,[C][C][C][Ring1][Ring1][C][O][C][C][Branch1][C][C][O],CC(O)COCC1CC1,2.021790468830701,0.8983811736106873,0.3202667236328125,38.380252838134766,30.67035484313965,29.46,,0.4098983741238566,mols/page_0110.png,11
1587,[C][C][C][N][C][C][Ring1][Ring1][C][C][Branch1][Ring1][C][O][C][Ring1][Branch1],CCCN1CC1C1CC1CO,3.518091503851731,1.7158465385437012,0.2986872792243957,38.23654174804688,21.75882148742676,23.24,,0.4098247327294597,mols/page_0080.png,7
2065,[C][C][C][Branch1][Ring1][C][C][O][C][Ring1][Ring2][C][C][Ring1][Ring1][O],CCC1OC2(CC2O)C1C,3.7996683620478215,1.7066158056259155,0.3012973666191101,37.472110748291016,28.52050399780273,29.46,,0.4089768142999481,mols/page_0104.png,5
4314,[N][C][C][Branch1][Ring1][C][Branch1][C][C][Ring1][C][C][C][N][C][Ring1][Ring1][C][O][Ring1],CCC(=CN)CC1NC1C=O,2.5580915038517307,3.9707162380218506,0.2080466151237487,35.6877326965332,66.88450622558594,65.03,,0.4088272681343441,mols/page_0216.png,14
2739,[C][C][C][Branch1][C][C][Ring1][Branch1][C][O][C][Ring1][Ring1][C][C][N][Ring1][Ring1],CC1(C2OC2C2CN2)CC1,2.9196683620478217,1.8336520195007324,0.3231012225151062,34.42438507080078,32.85052490234375,34.47,,0.4085114282797135,mols/page_0137.png,19
2388,[C][C][C][Ring1][Ring1][C][Branch1][Ring1][C][N][C][Branch1][C][C],CCC(CN)C1CC1,2.0244996950521226,1.641835331916809,0.3212703168392181,35.57915115356445,29.497434616088867,26.02,,0.4083641355437891,mols/page_0120.png,8
3538,[N][C][Branch1][C][O][C][C][Ring1][Ring1][C][Branch1][Ring1][C][O][Ring1][Branch1][C][Ring1][Ring2],CC1(CO)C2CC1(N)O2,3.681790468830701,2.0784265995025635,0.2867428958415985,35.618980407714844,53.94352722167969,55.48,,0.4077495693796828,mols/page_0177.png,18
2897,[C][C][C][Ring1][Branch1][C][C][O][C][Branch1][Ring1][C][Branch1][Branch1][C][N][C][Ring1][Ring2][C],CC(OCCC1CC1)C1CNC1,2.057024615544936,1.2131178379058838,0.3166371285915375,38.21989822387695,21.82508659362793,21.26,,0.40746112707702,mols/page_0145.png,17
2098,[C][C][C][Branch1][Ring1][C][C][Ring1][Ring2][C][Branch1][Branch1][C][C][O][C][Ring1][Branch1][C],CCC12CC1C2(C)CCOC,3.0380915038517307,0.9941145181655884,0.3218052387237549,39.62364959716797,7.113430976867676,9.23,,0.4071406312997885,mols/page_0105.png,18
3625,[C][O][C][C][C][Ring1][Branch1][C][Branch1][C][C][Branch1][Ring1][C][O][Ring1][Branch1],CC(CO)C1CCOC1,2.5217904688307007,1.4732776880264282,0.31724414229393,36.56207656860352,29.889333724975582,29.46,,0.406729563416102,mols/page_0182.png,5
2942,[C][#C][C][C][C][#C][C][Branch1][C][N][=O],C#CCCC#CC(N)=O,1.581790468830701,3.771432638168335,0.2340778112411499,35.44434356689453,44.27053451538086,43.09,,0.4061718012931097,mols/page_0148.png,2
3789,[O][C][C][C][Branch1][C][C][Ring1][Branch1][C][O][C][Ring1][Ring2][O],OC1CC2(CCO2)CO1,2.761790468830701,2.9520065784454346,0.3076780438423157,31.389812469482425,38.35641479492188,38.69,,0.4060793952822394,mols/page_0190.png,9
1733,[C][C][C][Branch1][C][C][Ring1][Branch1][C][O][C][Ring1][Ring1][C][Ring1][Ring2][C],CC1C2OC12C1(C)CC1,2.9217904688307006,1.8952597379684448,0.3233269453048706,35.69684982299805,12.249391555786133,12.53,,0.4053628438103276,mols/page_0087.png,13
1995,[C][C][Branch1][Branch1][C][C][C][N][C][Ring1][Branch1][C][Ring1][#Branch1],CC12CC1C2CCN,2.9644996950521225,1.5475026369094849,0.3102090060710907,36.686767578125,33.79278564453125,26.02,,0.4053368299519717,mols/page_0100.png,15
2159,[C][C][Branch1][Ring1][C][C][C][O][C][C][Ring1][Ring1],CCOCC(C)CC,2.084499695052122,0.955344259738922,0.3369571268558502,38.019813537597656,9.240633010864258,9.23,,0.4052464141153198,mols/page_0108.png,19
4176,[N][C][C][C][Branch1][C][O][C][C][O][Ring1][Branch1][C][N][C],NCCC1(O)CCO1,1.9844996950521223,2.2266170978546143,0.2954241037368774,34.00580978393555,55.59717559814453,55.48,,0.4049584772991281,mols/page_0209.png,16
1289,[C][C][C][Branch1][C][C][O][C][C][Ring1][Branch1][C][Ring1][Ring1][C][C],CCC1C2OC(C)(CC)C12,3.4996683620478213,1.4792696237564087,0.3147965967655182,38.40669250488281,8.10055923461914,9.23,,0.4036039365883397,mols/page_0065.png,9
4094,[N][C][C][C][Branch1][Ring1][C][Branch1][C][C][Ring1][Branch1][C][O][C][Ring1][=Branch1],CCC1(COC)CCN1,2.021790468830701,1.3583084344863892,0.3060137331485748,38.35473251342773,26.34018325805664,21.26,,0.4031477054120952,mols/page_0205.png,14
1804,[C][C][Branch1][Ring1][C][C][C][Ring1][Branch1][C][O][C][Ring1][Ring1][C][Ring1][Ring2][O],CCC1CC1C12OC1C2O,3.919668362047821,1.938990354537964,0.3167516589164734,34.713314056396484,31.32669258117676,32.76,,0.4031233483660608,mols/page_0091.png,4
2117,[C][C][C][Branch1][C][C][N][C][Ring1][Ring1][C][Ring1][Branch1][C][O],CCC12CC(N1)C2CO,3.701790468830701,1.980549573898316,0.2998159527778625,35.88652420043945,36.65010452270508,32.26,,0.4029633765893373,mols/page_0106.png,17
2334,[C][#C][C][C][C][Branch1][C][O][C][Branch1][Ring2][C][C][N][C][Ring1][Branch1],C#CCCC(O)C(=C)CCN,2.138091503851731,1.9627057313919067,0.2643002867698669,39.06734085083008,43.51761245727539,46.25,,0.4027314254892741,mols/page_0117.png,14
3107,[C][#C][C][C][C][Ring1][Branch1][C][Branch1][Ring1][C][C][Branch1][C][C][N],CCC(C)(N)C1C#CCC1,2.5596683620478213,1.5662716627120972,0.2790442705154419,39.93197250366211,31.637523651123047,26.02,,0.4024391347364236,mols/page_0156.png,7
3225,[C][C][C][Ring1][Ring2][C][Branch1][C][C][Branch1][Ring1][C][C][O][C][Ring1][Branch1][C][Ring1][Ring1],CCC1(C2CC2)CC(C)O1,2.4996683620478213,1.3766255378723145,0.3265165686607361,37.60764694213867,7.469791412353516,9.23,,0.4019793569042033,mols/page_0162.png,5
3688,[C][C][Branch1][C][C][C][Ring1][Branch1][C][Branch1][Ring1][C][C][N][C][Ring1][Ring2][C][Branch1][Branch1],CC1CC1C1NC(C)C1C,3.999668362047821,1.3327813148498535,0.3088463544845581,38.66837692260742,19.369348526000977,12.03,,0.4016824726461334,mols/page_0185.png,8
4226,[C][C][C][C][Branch1][#Branch1][C][O][C][Ring1][=Branch1][=O][C][Ring1][Branch2],CC12CC(COC1=O)C2,2.2017904688307013,4.331388473510742,0.2759124040603637,30.37948608398437,26.14517402648925,26.3,,0.4013451079864209,mols/page_0212.png,6
2261,[N][C][C][C][Branch1][Ring1][C][C][O][C][Branch1][C][C][Ring1][Ring1][C][Ring1][=Branch1],CC12CC(C1)C(CCN)O2,2.719668362047822,2.045772790908813,0.3085382580757141,35.1055908203125,31.604848861694336,35.25,,0.4011404726491316,mols/page_0114.png,1
4056,[C][C][Branch1][Ring1][C][C][C][Ring1][Branch1][C][O][C][Ring1][Ring2][C],CCC1CC12COC2C,3.301790468830701,1.8799777030944824,0.3140200972557068,36.85397720336914,9.447577476501465,9.23,,0.4011313362252909,mols/page_0203.png,16
4072,[O][C][C][C][Branch1][Ring1][C][C][Ring1][Branch1][C][Branch1][C][C][O][C][Ring1][=Branch1][C],CC1OC(C)C2(CCO2)C1C,3.8380915038517305,1.8150888681411743,0.3162510991096496,36.44273376464844,14.962997436523438,18.46,,0.4010298061698126,mols/page_0204.png,12
1114,[C][C][C][Branch1][C][C][O][C][C][Ring1][Ring1][C],CCCOC(C)CC,2.084499695052122,0.9326558709144592,0.3345704674720764,38.27944946289063,9.23771858215332,9.23,,0.4009539228473807,mols/page_0056.png,14
2547,[C][#C][C][C][C][Branch1][Ring1][C][C][Ring1][Branch1][C][C][O],CCC1(CCO)C#CCC1,2.0596683620478218,1.4001656770706177,0.2995042502880096,39.26985549926758,20.56581687927246,20.23,,0.4007600049978538,mols/page_0128.png,7
1974,[N][C][C][C][Branch1][Ring1][C][C][O][C][Ring1][Ring2],CC1COC1CCN,2.504499695052122,2.5412373542785645,0.3086443841457367,33.08116912841797,33.76607894897461,35.25,,0.4007150785406101,mols/page_0099.png,14
3595,[N][#C][C][Branch1][C][C][C][Branch1][Ring1][C][=O][C][Branch1][Branch1][C][O][C],COCCC(C=O)C(C)C#N,2.6180915038517307,3.496224880218506,0.2207009047269821,37.33141708374024,49.7359619140625,50.09,,0.4006339541236075,mols/page_0180.png,15
4258,[C][N][C][Branch1][C][C][C][Branch1][Branch1][C][=O][Branch1][C][O][C][#N],CNC(C)C(C=O)OC#N,2.5596683620478213,4.493431568145752,0.1974352747201919,35.097755432128906,61.65626907348633,62.12,,0.4004636905704513,mols/page_0213.png,18
2985,[O][C][C][Branch1][C][C][C][Ring1][Ring1][C][Branch1][Ring1][C][C][O][C][Branch1][Ring2][O],CCC(C=C(C)CO)OCO,2.118091503851731,1.7531002759933472,0.2537825405597687,40.43141174316406,49.37064743041992,49.69,,0.3998869262938417,mols/page_0150.png,5
3945,[O][C][Branch1][C][C][Branch1][Branch1][C][Branch1][Ring1][C][C][C][Ring1][Ring1][C][O][C][Ring1][Branch1],CC1(O)CC2CCOCC21,2.9796683620478217,1.9295296669006348,0.3182283937931061,34.70293045043945,29.165252685546875,29.46,,0.3994698490632506,mols/page_0198.png,5
3218,[C][Branch1][Ring1][C][Branch1][C][C][C][Branch1][Branch1][C][O][C][Branch1][N][C][Ring1][Ring1],CCCCCOCC,1.5844996950521224,0.994831681251526,0.3396525681018829,37.46620178222656,9.639204978942873,9.23,,0.3991016278015613,mols/page_0161.png,18
3016,[C][C][C][O][C][Branch1][C][C][Branch1][Ring1][C][O][Ring1][Branch1][O],CC1(CO)CCCO1,2.0044996950521226,2.716538190841675,0.3188442885875702,31.730880737304688,28.86882972717285,29.46,,0.3990545299252531,mols/page_0151.png,16
2163,[C][O][C][C][C][Branch1][Ring1][C][Branch1][C][C][O][Branch1][C][O][Ring1][Branch1][C],COCCC1OCOC1C,2.5196683620478213,1.32562518119812,0.3301654756069183,35.76856231689453,28.242328643798828,27.69,,0.3979530652691925,mols/page_0109.png,3
4185,[C][C][Branch1][C][O][C][C][C][Ring1][Branch1][C][Branch1][Branch1][C][C][O][Ring1][Branch1],CC1(O)CCC12CCCO2,2.799668362047821,1.9825536012649536,0.3094967901706695,35.41461944580078,28.476072311401367,29.46,,0.3970239134836599,mols/page_0210.png,5
4322,[N][C][C][Branch1][C][O][C][C][C][Ring1][Ring1][C][C][O][Ring1][=Branch1],NCC(O)C12CC1CCO2,2.9596683620478217,2.05134654045105,0.2989950776100158,34.388362884521484,52.56393432617188,55.48,,0.396683208384509,mols/page_0217.png,2
3106,[O][#C][C][Branch1][Ring1][C][C][Branch1][C][C][C][Ring1][Ring2][C][Branch1][Branch1][C][O][C][Ring1],COCCC1C(C)C1(C)C=O,3.0780915038517307,3.4319992065429688,0.2258104383945465,38.86089324951172,25.083112716674805,26.3,,0.3962850307198653,mols/page_0156.png,6
2732,[N][#C][C][C][C][Ring1][Ring1][C][C][N][Ring1][Ring1],N#CC1CC1C1CN1,2.9444996950521225,4.779545783996582,0.2754831910133362,27.24772071838379,44.80661392211914,45.73,,0.3962424415784105,mols/page_0137.png,12
1997,[C][#C][C][C][C][Branch1][Ring1][C][Branch1][C][C][N][C][C][Ring1][Branch1][C],C#CCCC1NCC(C)C1C,3.0980915038517307,1.6289961338043213,0.2947172224521637,38.99431228637695,18.46976852416992,12.03,,0.396048800410825,mols/page_0100.png,17
1899,[C][#C][C][Branch1][C][C][Branch1][Ring1][C][Branch1][Branch1][C][Branch1][=Branch1][C][O][C][Ring1][Ring2][O],C#CC(C)(O)CC1COC1,2.0396683620478218,2.469468593597412,0.2806843817234039,36.46020126342773,29.5791072845459,29.46,,0.3960161653684215,mols/page_0095.png,19
2137,[C][C][Branch1][Ring1][C][C][C][Ring1][Ring1][C][Branch1][Branch1][C][C][O][C][Ring1][Branch1],COCCC1C2C(C)C12C,3.4996683620478213,1.0405423641204834,0.3283094465732574,38.46485137939453,8.898245811462402,9.23,,0.3959114286728006,mols/page_0107.png,17
1676,[C][C][C][O][C][Ring1][Branch1][C][Branch1][C][C][Ring1][Ring2][C][C][Branch1][Ring1][C][Ring1][#Branch1],CCCC1(C)C2CCC1O2,3.239668362047821,1.7061537504196167,0.3283045887947082,36.01131820678711,8.59469223022461,9.23,,0.3956890593162278,mols/page_0084.png,16
2052,[C][C][C][Branch1][C][C][N][C][C][Ring1][Ring2][C][C][O][C],CCC1CC(CCOC)CN1,2.5780915038517307,1.171451210975647,0.3166877627372741,38.12458801269531,22.51920318603516,21.26,,0.3956535381969406,mols/page_0103.png,12
3587,[N][#C][C][C][C][Ring1][Ring1][C][O][C][Ring1][Branch1],N#CC1C2COCC12,2.444499695052122,5.265984058380127,0.2948646247386932,24.3125114440918,33.38577651977539,33.02,,0.3954636135993715,mols/page_0180.png,7
1231,[#C][C][N][C][C][C][Branch1][C][O][C][Ring1][Branch1],CCNC1CC(O)C1,1.5044996950521223,2.5726664066314697,0.304504930973053,33.32051467895508,33.5339241027832,32.26,,0.3954056471053873,mols/page_0062.png,11
2032,[N][C][C][C][Branch1][C][C][O][C][Ring1][Ring1][C],CC1CC(CCN)O1,2.504499695052122,2.083165407180786,0.3168878853321075,33.52554702758789,37.927677154541016,35.25,,0.3949329851403403,mols/page_0102.png,12
2981,[N][#C][C][C][C][Ring1][Branch1][C][C][O][C][Ring1][Ring2],N#CCCCC1COC1,1.521790468830701,3.154463291168213,0.2864136695861816,32.97262191772461,33.839202880859375,33.02,,0.3942749961835278,mols/page_0150.png,1
3321,[C][C][C][Branch1][Ring1][C][O][C][Branch1][C][C][N][C][Ring1][Branch1][C],CCC1COC(C)NC1C,3.0396683620478218,1.4828639030456543,0.3042894005775451,38.37554931640625,20.346494674682617,21.26,,0.393816031405631,mols/page_0167.png,1
3037,[N][#C][C][C][Branch1][C][O][C][Branch1][Ring1][C][C][C][Ring1][Branch1][C][Ring1][Ring2][C][Ring1],C=C1C(C)C2C(CC#N)OC12,3.518091503851731,4.474732875823975,0.2498691082000732,32.06270217895508,30.4646053314209,33.02,,0.3936240252327354,mols/page_0152.png,17
1584,[C][C][C][O][C][Branch1][Ring1][C][O][O][C][C][Ring1][Ring1][C][=O],CCCOC(CO)OCCC=O,2.137024615544936,2.475231409072876,0.2226795405149459,40.11186599731445,58.646331787109375,55.76,,0.392671914070193,mols/page_0080.png,4
3140,[C][C][Branch1][C][C][C][Ring1][Branch1][C][Branch1][Branch1][C][O][C][Ring1][Ring2][C][Ring1][Ring1],CC1CC1C1(C)COC1,2.4817904688307006,2.0445613861083984,0.3115206658840179,36.380008697509766,9.031112670898438,9.23,,0.3918640694227053,mols/page_0158.png,0
1783,[O][C][C][C][Branch1][Ring1][C][C][O][C][Ring1][Branch1][C][Ring1][Ring1][C][Ring1][=Branch1],CC1CCC2OC12CCO,2.9796683620478217,1.3426387310028076,0.3266860544681549,35.70458984375,31.604774475097656,32.76,,0.3917676772837889,mols/page_0090.png,3
1121,[C][C][C][O][C][C][Branch1][Ring1][C][C][Ring1][Branch1][C][Ring1][Ring1][C],CC1COCC12C(C)C2C,3.3196683620478216,1.5517398118972778,0.3206972479820251,37.30250930786133,8.442252159118652,9.23,,0.3910883594393569,mols/page_0057.png,1
3629,[#C][C][Branch1][C][C][Branch1][Ring1][C][Branch1][Branch1][C][O][C][Branch1][Ring2][C][Branch1],CCOCCC(C)C,1.5844996950521224,0.9703366756439208,0.3343708515167236,37.95376968383789,9.779348373413086,9.23,,0.3908186992874951,mols/page_0182.png,9
2429,[C][C][Branch1][Ring1][C][C][C][Ring1][Branch1][C][C][O][C][Ring1][Ring2],CCC1CC1C1COC1,2.4817904688307006,1.993255853652954,0.3232296109199524,35.31901168823242,9.4562349319458,9.23,,0.3907608282357799,mols/page_0122.png,9
2655,[C][C][C][Branch1][C][C][N][C][C][Ring1][Ring2][C][Branch1][Ring1][C][C],CCCC1CNC(CC)C1,2.5596683620478213,1.214376449584961,0.3102149963378906,39.05191802978516,15.913256645202637,12.03,,0.3905788462413361,mols/page_0133.png,15
3085,[C][C][C][C][C][Ring1][Ring1][C][C][Ring1][Branch1][Branch1][C][C][O],CCC12CC1CC2(C)O,2.9817904688307006,1.2639131546020508,0.3145340979099273,38.057254791259766,20.34615135192871,20.23,,0.3888306589999808,mols/page_0155.png,5
4011,[C][C][O][C][Ring1][Ring1][C][N][C][C][Ring1][Ring1][Ring1][Branch1][C],CC1OC12CN1CC12C,3.721790468830701,2.4835941791534424,0.3128683567047119,34.13080978393555,14.646446228027344,15.54,,0.3887969955492248,mols/page_0201.png,11
4044,[N][#C][C][Branch1][C][O][C][C][C][Ring1][Branch1][C][Ring1][Ring2][C][Ring1][=Branch1],N#CC12OCC3C1CC32,4.081790468830701,4.939831256866455,0.2834732234477997,26.6709213256836,32.1447639465332,33.02,,0.3882480838499262,mols/page_0203.png,4
1238,[C][#C][C][Branch1][C][O][C][Branch1][Ring1][C][C][O][C],C#CC(O)C(CC)OC,2.5817904688307007,1.484524488449097,0.2837966978549957,39.67126083374024,29.62252616882324,29.46,,0.3882184801661875,mols/page_0062.png,18
1540,[C][C][C][C][C][C][Ring1][Ring2][C][Branch1][C][O][C][Ring1][#Branch1],CCC12CCC1C(O)C2,2.9817904688307006,1.4330440759658811,0.3224473297595978,36.5989875793457,20.372997283935547,20.23,,0.3878554273074636,mols/page_0078.png,0
3372,[C][C][Branch1][C][C][C][O][C][Branch1][Ring1][C][C][Ring1][Branch1][C][O][Branch1][Ring1][Ring1][C],CC1(C)COC12CCOC2,2.299668362047821,2.0239598751068115,0.3192827105522156,34.95814514160156,17.173688888549805,18.46,,0.3869835720853543,mols/page_0169.png,12
1652,[N][#C][C][C][C][Branch1][C][C][N][C][Ring1][Branch1],CC1NCC1CC#N,2.504499695052122,4.382637023925781,0.2721864879131317,29.50605010986328,37.01874542236328,35.82,,0.3869743250806153,mols/page_0083.png,12
2217,[C][C][C][Ring1][Ring1][C][C][Branch1][Ring1][C][Branch1][C][C][O][C][Ring1][=Branch1],CCC1OCC1C1CC1,2.4817904688307006,1.6990193128585815,0.3262196183204651,36.05124282836914,9.308533668518066,9.23,,0.3867113465502735,mols/page_0111.png,17
1551,[C][#C][C][C][C][Branch1][Ring1][C][C][N][C][Ring1][Ring1][C][Branch1][C][O],C#CCCC1CCC(CO)N1,2.5780915038517307,1.98779571056366,0.2986144423484802,36.17133331298828,30.711132049560547,32.26,,0.3866071821471407,mols/page_0078.png,11
3656,[C][C][Branch1][Ring1][C][Branch1][C][C][O][C][Branch1][Branch1][C][Branch1][Ring2][C][Branch1][=Branch1][C][=O],CCC(C)OCCCC=O,2.099668362047822,3.043275594711304,0.2267737835645675,39.97157287597656,25.88621711730957,26.3,,0.3855962498381887,mols/page_0183.png,16
2692,[C][C][C][Branch1][C][C][Ring1][Ring1][C][Branch1][Ring1][C][O][C][C][O][Ring1][Branch1][C][Ring1],CC1(C2CCOC2O)CC1,2.4796683620478213,1.731037974357605,0.318431556224823,35.250282287597656,28.279436111450195,29.46,,0.3848714058893323,mols/page_0135.png,12
2311,[C][C][C][Branch1][Ring1][C][C][O][C][Ring1][Ring1][C][Ring1][Ring2][O][Ring1][Branch1],CCC1CC23OC2C3O1,3.721790468830701,2.8229479789733887,0.3145173490047455,32.07045364379883,21.99178123474121,21.76,,0.3845998799536929,mols/page_0116.png,11
1724,[C][C][C][Branch1][Ring1][C][O][C][Branch1][C][C][Ring1][Branch1][C][Ring1][Ring2][C][Branch1][Branch1][C],CCC1OCC2C(C)C12C,3.4996683620478213,1.436712384223938,0.322998434305191,37.3568115234375,8.799572944641113,9.23,,0.3843332799850172,mols/page_0087.png,4
3024,[C][O][C][C][Branch1][Ring1][C][C][C][Ring1][Ring1][C][Ring1][Branch1][C][C],CCC1C2C(C)C12COC,3.4996683620478213,1.1157060861587524,0.3202228546142578,38.800968170166016,9.18726634979248,9.23,,0.3840930342867492,mols/page_0152.png,4
3856,[C][O][C][C][C][Branch1][Ring1][C][Branch1][C][C][O][N][C][Ring1][Ring2][C],COCCC1CCC(C)NO1,2.5580915038517307,1.0934303998947144,0.3244751989841461,37.51284790039063,21.32587623596192,30.49,,0.3837116600180916,mols/page_0193.png,16
79,[CH1-1][NH3+1][=N][N][O][NH1][=O],[CH-][NH3+],1.4972360217868288,5.884152889251709,0.2526200711727142,24.513229370117188,54.85235977172852,27.64,,0.3835316399235783,mols/page_0004.png,19
3433,[N][C][C][C][Branch1][C][C][Ring1][Branch1][C][O][C][Ring1][Ring1][C][C],CCC1OC1C1(C)CCN1,2.9796683620478217,1.4255625009536743,0.3133266568183899,36.92230224609375,27.81064987182617,24.56,,0.3834684135725987,mols/page_0172.png,13
4012,[C][C][C][Branch1][C][C][Ring1][Branch1][C][O][C][Ring1][Ring1][C][Branch1][Branch1][C][N][C][Ring1],C=NCCC1OC1C1(C)CC1,2.51809150385173,1.897191047668457,0.3214146494865417,35.29995346069336,15.228479385375977,24.89,,0.3833295681982059,mols/page_0201.png,12
1855,[N][=C][C][C][Branch1][Ring1][C][Branch1][C][C][C][O][C][Ring1][Branch1],CC1COCC1CC=N,2.5217904688307007,3.129569292068481,0.2690001726150512,34.69151306152344,33.573936462402344,33.08,,0.383175503333585,mols/page_0093.png,15
3034,[C][#C][C][C][C][Branch1][Ring1][C][C][O][C][Ring1][Ring2][C],C#CCCC1OC(C)C1C,3.0596683620478218,1.871949791908264,0.3032990396022796,37.71662521362305,9.058279037475586,9.23,,0.382864242443635,mols/page_0152.png,14
3382,[C][Branch1][C][C][C][Branch1][Ring1][C][Branch1][Branch1][C][Branch1][N][C][C][O][C][Ring1][=Branch1],CCCC1CCCOC1,2.041790468830701,1.3708863258361816,0.326952189207077,37.161231994628906,8.915812492370605,9.23,,0.3827514506625217,mols/page_0170.png,2
3514,[C][O][C][C][C][Ring1][Ring1][C][C][O],COC1CC1CCO,2.504499695052122,1.8960120677948,0.3234477937221527,33.98329544067383,29.463258743286133,29.46,,0.3818730297852806,mols/page_0176.png,14
3030,[C][C][C][O][C][Branch1][Ring1][C][Branch1][Branch1][C][C][Branch1][C][N][C][C][Ring1][Ring1],CCCOC1CCCNCC1,2.078091503851731,1.712174415588379,0.3018636703491211,37.56441879272461,20.433481216430664,21.26,,0.3814381908522688,mols/page_0152.png,10
1649,[C][C][C][Branch1][C][C][Ring1][Branch1][C][Ring1][Ring1][C][Branch1][Ring1][C][O][C][Ring1],CC1(CC2COC2)CC1,1.481790468830701,1.9211375713348389,0.3206287324428558,35.68898391723633,9.529873847961426,9.23,,0.3809616206026412,mols/page_0083.png,9
3201,[C][Branch1][C][C][Branch1][Ring1][C][C][C][Ring1][Ring1][C][Branch1][Branch1][C][O][C][Ring1][Branch1],CC1C(C)C12CCOC2,2.801790468830701,1.686794638633728,0.3262816369533539,35.99204635620117,9.260140419006348,9.23,,0.3804364178863019,mols/page_0161.png,1
1799,[N][#C][C][C][Branch1][C][C][Ring1][Ring2][C][C][O][C][Ring1][Branch1],N#CCC1CCOCC1,1.521790468830701,3.23280930519104,0.2892190515995025,32.20614242553711,33.26670837402344,33.02,,0.3800407525848582,mols/page_0090.png,19
641,[C][C][C][O][C][C][Ring1][Ring1][C][C],CCCCOCCC,1.5844996950521224,0.8601131439208984,0.3423287868499756,37.466529846191406,8.520450592041016,9.23,,0.3799414624553172,mols/page_0033.png,1
1828,[C][C][C][Ring1][Branch1][C][C][Branch1][C][O][C][Branch1][Ring1][C][O],OCCC(O)CC1CC1,2.021790468830701,0.2659152150154114,0.3231818675994873,39.09322738647461,41.74938583374024,40.46,,0.3796824301218863,mols/page_0092.png,8
967,[C][N][C][=C][C][C][O][C],CNC=CCCOC,1.5644996950521224,2.9727673530578613,0.2488746792078018,37.635047912597656,28.92347717285156,21.26,,0.3795093561916252,mols/page_0049.png,7
3872,[C][C][C][Branch1][C][O][C][Branch1][Ring1][C][C][Ring1][Ring1][C][Branch1][Branch1][C][C][N][Ring1],CCC(O)=C(CC)CCC=N,1.640505003851731,2.1702969074249268,0.2356386333703994,41.190460205078125,38.99610137939453,44.08,,0.3786299790792234,mols/page_0194.png,12
1088,[C][C][C][O][C][C][Branch1][C][O],CCCOCCO,1.5478467081635288,2.2407824993133545,0.3422244489192962,30.75236892700196,29.011032104492188,29.46,,0.3783077569532428,mols/page_0055.png,8
1822,[C][C][=Branch1][C][=O][N][C][C][C][N][Ring1][Ring1][C],CC(=O)NCC1CN1C,2.5017904688307007,2.894328355789185,0.2576020359992981,36.749420166015625,32.33283615112305,32.11,,0.3782159161978519,mols/page_0092.png,2
2574,[C][#C][C][Branch1][Ring1][C][C][Branch1][Branch1][C][C][Ring1][Branch1][C][Branch1][C][O][C][Ring1][=Branch1],C#CC1(CC)CCCC1O,2.5596683620478213,1.4021164178848269,0.3083465695381164,38.08713150024414,19.18979835510254,20.23,,0.3777696478084084,mols/page_0129.png,14
2363,[#C][C][C][Branch1][C][C][C][Ring1][Branch1][C][Branch1][Ring1][C][C][O][C][Ring1][=Branch1],CCC1OCC12CCC2C,3.3196683620478216,1.6731730699539185,0.3215187191963196,36.578948974609375,8.047196388244629,9.23,,0.3776595579073001,mols/page_0119.png,3
2807,[C][#C][C][Branch1][C][O][C][Branch1][Ring1][C][C][Branch1][Branch1][C][C][C][Ring1][Branch1][C],C#CC(O)C1(C)CCCC1C,3.0980915038517307,1.2334628105163574,0.3004635870456695,39.5775032043457,18.37471580505371,20.23,,0.3773104608483198,mols/page_0141.png,7
1925,[C][O][C][C][C][Branch1][C][C][O][N][C][Branch1][Ring1][C][=O],COCCC(C)ONCC=O,2.098091503851731,3.358994483947754,0.2131088823080063,38.81329727172852,42.02248764038086,47.56,,0.3762048328217689,mols/page_0097.png,5
1187,[C][C][C][Branch1][C][C][N][C][C][Ring1][Ring1][O],CCC(C)N1CC1O,3.0044996950521226,1.9086850881576536,0.2936893701553345,37.3279914855957,23.765668869018555,23.24,,0.3759084810322953,mols/page_0060.png,7
4395,[O][C][Branch1][C][C][C][Branch1][Branch1][C][O][C][Ring1][Branch1][C][Branch1][Ring1][C][C][Ring1][Ring2],CCC1C2OCCC(O)C12,3.4796683620478213,1.9359537363052368,0.3119228780269623,34.98576354980469,28.585208892822266,29.46,,0.3758054356598523,mols/page_0220.png,15
3804,[C][C][C][C][Branch1][C][O][C][C][Ring1][=Branch1][Branch1][C][C][O][Ring1][Branch2],CC12CC(O)CC1(C)O2,2.4617904688307006,1.2870993614196775,0.3215295672416687,36.0824089050293,32.870269775390625,32.76,,0.3757187024698442,mols/page_0191.png,4
1425,[C][C][C][Branch1][Ring1][C][C][O][C][C][Ring1][Ring2][O][Ring1][Ring1],CCC1CCC2OC2O1,2.9617904688307006,2.1837713718414307,0.335008442401886,32.41265869140625,19.1969051361084,21.76,,0.3756900750453927,mols/page_0072.png,5
3986,[C][O][C][Branch1][C][C][Branch1][Branch1][C][O][N][C][Branch1][Ring1][C][Branch1][#Branch1][C][Branch1][O],CNOCC(C)OC,2.0444996950521226,1.8756237030029297,0.3027443289756775,36.12570571899414,28.89852523803711,30.49,,0.3756868164799322,mols/page_0200.png,6
1821,[C][C][C][Branch1][C][C][O][C][Branch1][Ring1][C][C][Ring1][Branch1][C][O][Ring1][Ring1][C],CC1OC2(CCOC2)C1C,3.299668362047821,1.960070252418518,0.3189809024333954,35.05665969848633,16.912120819091797,18.46,,0.3752978975717443,mols/page_0092.png,1
2177,[C][C][Branch1][Ring1][C][Branch1][C][C][C][O][C][Branch1][Ring2][C][Ring1][Branch1][C][Ring1][Ring2],CC1CCCC(C)OC1,2.5417904688307007,1.2463983297348022,0.3240559995174408,37.704734802246094,10.013314247131348,9.23,,0.3746091440347312,mols/page_0109.png,17
3381,[C][N][C][C][C][Ring1][Ring2][C][Branch1][C][C][O][C],COC(C)C1CCN1C,2.5217904688307007,1.8393256664276123,0.2945455312728882,38.21800994873047,14.069682121276855,12.47,,0.3745830455548864,mols/page_0170.png,1
1542,[C][C][C][O][C][C][Ring1][Branch1][C][C][Branch1][C][O],CC1COCC1CCO,2.5217904688307007,1.402714729309082,0.3141863644123077,36.603275299072266,30.027189254760746,29.46,,0.3744713492282695,mols/page_0078.png,2
3335,[N][C][C][C][Branch1][C][C][O][C][Branch1][Ring1][C][C][Ring1][Branch1][C][Branch1][N][C][Ring1],C=CC1(CC)OC(C)C1CN,3.0780915038517307,1.6323885917663574,0.2783234119415283,39.257423400878906,32.26710510253906,35.25,,0.3744613706512505,mols/page_0167.png,15
1590,[C][C][Branch1][Ring1][C][C][C][Ring1][Ring2][C][Branch1][C][C][O],CCC(C)=CC(C)O,2.084499695052122,1.974156618118286,0.257789671421051,40.851749420166016,22.182676315307617,20.23,,0.373633984159308,mols/page_0080.png,10
4145,[C][C][C][Branch1][C][O][C][C][Ring1][Ring1][C][Branch1][Ring1][C][O][Ring1][Ring1],CCC1OC2C(CO)C12,3.461790468830701,1.9964369535446167,0.3051726222038269,35.30991744995117,29.936420440673828,29.46,,0.3733298581831626,mols/page_0208.png,5
770,[C][C][C][Branch1][C][O][C][N][Branch1][C][C][C][Ring1][=Branch1][=O],CCC1(O)CN(C)C1=O,2.001790468830701,2.726628065109253,0.260557472705841,36.32660675048828,40.83120346069336,40.54,,0.3725037201838758,mols/page_0039.png,10
852,[C][C][=C][Branch1][C][N][C][N][C][Ring1][Ring1][C][Ring1][#Branch1][=O],CC1=C(N)C2NC2C1=O,2.4417904688307006,5.49785852432251,0.1859987080097198,31.98520469665528,62.9138298034668,65.03,,0.3723494621118318,mols/page_0043.png,12
4286,[C][C][C][Branch1][Ring1][C][C][O][C][Branch1][Branch1][C][O][Ring1][Branch1][C][C][Ring1][Ring1],CCC1CCOCC(CC)O1,2.5780915038517307,1.145033836364746,0.3283228874206543,37.13964080810547,16.054555892944336,18.46,,0.3720260093703483,mols/page_0215.png,6
3741,[N][C][C][C][Branch1][Ring1][C][O][C][Branch1][C][C][O][Ring1][Ring1][C][C][Ring1][Branch1],CC(=O)C(CO)CCN,2.061790468830701,2.691293239593506,0.221761554479599,38.72200393676758,63.132450103759766,63.31999999999999,,0.3718750603403645,mols/page_0188.png,1
3673,[C][C][Branch1][Ring1][C][C][C][O][C][Ring1][Ring2][C][Branch1][C][C][Ring1][Ring1],CCC1CCC(C)CO1,2.5417904688307007,1.250820875167847,0.3248149454593658,37.5997428894043,9.295943260192873,9.23,,0.3705742547990515,mols/page_0184.png,13
3261,[N][#C][C][C][N][C][C][C][Ring1][Branch1][N][Ring1][#Branch1][Ring1][Ring1],N#CC1C2NCC3C2N13,3.881790468830701,5.385010242462158,0.2597072124481201,26.78214263916016,37.11081314086914,38.83,,0.3702382517804982,mols/page_0164.png,1
1746,[C][#C][C][Branch1][C][C][C][Branch1][Branch1][C][N][C][Branch1][Ring1][C][O][C][Ring1][Branch1],C#CC(C)C1CN(CCO)C1,2.078091503851731,2.25557827949524,0.2800917029380798,37.41447067260742,22.705930709838867,23.47,,0.3697304682692599,mols/page_0088.png,6
606,[C][C][C][O][C][O][O],CCCOCOO,1.5278467081635287,1.8639575242996216,0.3199833035469055,34.04502868652344,32.20222854614258,38.69,,0.3693611393082325,mols/page_0031.png,6
4016,[C][#C][C][Branch1][C][C][C][Branch1][Ring1][C][Branch1][=Branch1][C][C][Ring1][Ring1][C][C],C#CC(C)C(C)C1CC1C,3.5796683620478214,0.7762462496757507,0.3144636154174804,41.13538360595703,-0.2765967547893524,0.0,,0.369210106918434,mols/page_0201.png,16
2873,[C][Branch1][Ring1][C][C][C][Branch1][C][C][O][C][Ring1][Ring2][C][Ring1][Branch1][C][Ring1][#Branch1],CC12CCCCCC1O2,2.4817904688307006,1.8192317485809328,0.3308741450309753,34.620323181152344,12.194623947143556,12.53,,0.3691166903602941,mols/page_0144.png,13
81,[C][C][C][O][C][=C][C][O],CCCOC=CCO,1.5644996950521224,2.804187059402466,0.2469585090875625,37.9135971069336,33.7835807800293,29.46,,0.3688758793675996,mols/page_0005.png,1
2542,[C][C][C][Branch1][C][C][O][C][Branch1][Ring1][C][C][Ring1][Branch1][C][Ring1][Ring1][C],CC1OC2(C1C)C(C)C2C,3.8196683620478216,1.6539490222930908,0.2994114458560943,38.79804992675781,7.602071285247803,9.23,,0.3681594301923812,mols/page_0128.png,2
417,[C][C][C][C][C][Branch1][C][O][C][C][C][Ring1][#Branch1][Ring1][Branch1],CCC1CC2(O)CCC12,2.9817904688307006,1.279124736785889,0.3262081742286682,36.471492767333984,20.27570533752441,20.23,,0.3680935305839601,mols/page_0021.png,17
3781,[C][O][C][Branch1][Ring1][C][Branch1][C][C][C][Branch1][Ring2][C][Branch1][Branch1][C][N][C][Ring1][Branch1],CCC(OC)C1CCNC1,2.5396683620478213,1.4150832891464231,0.307645171880722,37.74751281738281,21.74580192565918,21.26,,0.3674383303457467,mols/page_0190.png,1
2427,[O][C][C][Branch1][Ring1][C][Branch1][C][C][C][O][C][Ring1][Branch1][C][Branch1][=Branch1][C][Ring1][=Branch1],OCC1COC2CCCC12,2.9796683620478217,2.362107753753662,0.3136153817176819,33.09308624267578,28.53013038635254,29.46,,0.3672192443294713,mols/page_0122.png,7
1086,[C][C][Branch1][Branch1][C][C][O][C][Branch1][C][O][N][Ring1][=Branch1],COCC1NC1(C)O,2.484499695052122,1.8056213855743408,0.3094351887702942,34.04939651489258,48.6293830871582,51.400000000000006,,0.3670177568300476,mols/page_0055.png,6
3017,[C][#C][C][C][C][Branch1][C][C][N][C][C][Ring1][Branch1][O],C#CCCC1(C)NCC1O,2.5396683620478213,1.8216153383255005,0.2847774624824524,37.65400314331055,33.67792510986328,32.26,,0.3664515894010651,mols/page_0151.png,17
3919,[C][Branch1][Ring1][C][O][C][C][C][Branch1][Branch1][C][O][Branch1][Ring1][Branch1][C][C][Ring1][Ring2][C],CC1CC2CC(CCO)OC12,3.518091503851731,1.5945491790771484,0.3218482136726379,35.1329231262207,27.93895721435547,29.46,,0.3664019761336713,mols/page_0196.png,19
1945,[C][C][C][=C][Branch1][C][C][C][=Branch1][C][=O][N][C][Ring1][#Branch1],CCC1=C(C)C(=O)NC1,1.521790468830701,4.313236713409424,0.2221947461366653,35.184959411621094,28.572898864746094,29.1,,0.3652099067305003,mols/page_0098.png,5
1044,[C][C][C][Branch1][Ring1][C][C][O][C][C][Ring1][Ring1],CCOC(CC)CC,1.5844996950521224,0.9588088989257812,0.3283508419990539,38.238548278808594,9.20797348022461,9.23,,0.3650117123566226,mols/page_0053.png,4
1851,[C][C][C][Ring1][Branch1][C][Branch1][Ring1][C][C][Branch1][Branch1][C][C][O][C][Ring1][=Branch1],CCC1(CCOC)C2CC21,2.4996683620478213,0.9799464344978333,0.331975519657135,37.84228897094727,8.421747207641602,9.23,,0.364643332382592,mols/page_0093.png,11
969,[C][C][O][C][C][C][Ring1][Branch1][Branch1][C][C][C][O],CC1OCCC1(C)CO,2.5217904688307007,1.1870008707046509,0.3086946904659271,37.83184051513672,29.69141960144043,29.46,,0.3644913188938375,mols/page_0049.png,9
1971,[C][C][C][Branch1][Branch1][C][C][O][C][Branch1][C][O][Ring1][=Branch1],COCCC1(O)CC1,1.5044996950521223,1.936312556266785,0.316830039024353,34.293052673339844,28.62505340576172,29.46,,0.3644266180951268,mols/page_0099.png,11
4232,[C][#C][C][Branch1][Branch1][C][C][C][O][C][C][Ring1][Branch1][C],C#CC1CC(C)C(CO)C1,3.0596683620478218,1.4886366128921509,0.309714138507843,37.36003875732422,19.751066207885746,20.23,,0.3640879461896887,mols/page_0212.png,12
4194,[C][C][C][Branch1][Ring1][C][C][O][C][C][Ring1][Branch1][C][Ring1][=Branch1],CCC1OCC2CC21C,2.9817904688307006,1.5192220211029053,0.3319262564182281,35.75421142578125,9.423296928405762,9.23,,0.363880555002521,mols/page_0210.png,14
2973,[C][C][C][Ring1][Branch1][C][C][Branch1][C][O][C][Branch1][Ring1][C][C][N][C][Ring1][Ring1],OC(CC1CC1)C1CCCN1,2.51809150385173,1.6585042476654053,0.3074435889720917,36.0632209777832,31.42034149169922,32.26,,0.3637243723545043,mols/page_0149.png,13
2523,[C][C][Branch1][C][C][C][O][C][C][Ring1][Ring2][C][Ring1][Ring1][C][C],CCC1C2OC(C(C)C)C12,3.4996683620478213,1.5548394918441772,0.3131087720394134,37.62537384033203,8.425531387329102,9.23,,0.3636790071875785,mols/page_0127.png,3
4412,[N][#C][C][Branch1][C][O][C][C][C][Branch1][Ring1][C][C][Ring1][Branch1][C][Ring1][Ring2][C][Ring1],C=CC1(CC)CCC1(O)C#N,2.5780915038517307,3.1079275608062744,0.2421352267265319,36.08611679077149,48.20018768310547,44.02,,0.3632880770331645,mols/page_0221.png,12
1770,[C][#C][C][Branch1][C][C][C][Branch1][Ring1][C][Branch1][Branch1][C][O][C][C][Ring1][Branch1][C],CCOCCC1(C)C#CC1C,2.5980915038517307,1.284781813621521,0.2944144010543823,40.45174407958984,9.581997871398926,9.23,,0.3632694053995245,mols/page_0089.png,10
406,[N][=C][=C][Branch1][=N][O][O][=C][C-1][=NH2+1][=NH1+1],N=C=COOC[C-]=[NH2+],1.5244996950521223,4.366016864776611,0.1975658237934112,33.77595520019531,77.0287094116211,67.9,,0.3631638987905488,mols/page_0021.png,6
3132,[C][#C][C][C][Branch1][C][C][C][Ring1][Branch1][C][Branch1][Ring1][C][C][O][C][Ring1][Ring2],C#CCC(C)CC1OCC1C,3.0980915038517307,1.5788307189941406,0.3061081171035766,38.28830337524414,7.737301349639893,9.23,,0.3625251493365489,mols/page_0157.png,12
186,[C][C][C][C][Branch1][C][O][C][Branch1][C][O][C][Ring1][Branch1][O],CCCC1(O)C(O)C1O,2.5017904688307007,0.9253946542739868,0.2840417325496673,38.7501106262207,62.93265914916992,60.69,,0.3619966791454141,mols/page_0010.png,6
2211,[C][C][C][C][C][Branch1][Ring1][C][O][C][Ring1][=Branch1][N][Ring1][Branch2][Ring1][Branch1],CC1C2CC3(CO)C2N13,3.901790468830701,2.3630950450897217,0.3202413022518158,32.677452087402344,23.895273208618164,23.24,,0.3618824076559685,mols/page_0111.png,11
2808,[C][Branch1][C][C][C][Branch1][Ring1][C][C][O][C][Branch1][=Branch1][C][C][Ring1][Branch1][C],CCC1CCC(C)CCO1,2.5596683620478213,1.1376537084579468,0.3270591795444488,37.73746109008789,8.040796279907227,9.23,,0.361428508472592,mols/page_0141.png,8
1527,[C][C][C][O][C][Branch1][C][C][Branch1][Branch1][C][O][O][C][Ring1][Branch1],COOCC1(C)CCCO1,2.0196683620478217,1.4485960006713867,0.3215900659561157,36.085594177246094,21.443038940429688,27.69,,0.3594429030312623,mols/page_0077.png,7
4148,[C][C][C][Branch1][C][C][O][C][C][Ring1][Branch1][C][Ring1][=Branch1][C][Ring1][Ring2][C],CCC1(C)OC2C(C)CC21,3.4996683620478213,1.466355323791504,0.315702348947525,37.64033126831055,8.088004112243652,9.23,,0.3591484257474946,mols/page_0208.png,8
2710,[C][Branch1][C][C][C][Ring1][Ring1][C][C][Branch1][Ring1][C][Branch1][Ring2][C][Branch1][Branch1][C][O],CC=CCCCCCO,1.601790468830701,1.8000344038009644,0.26785609126091,40.29070663452149,21.36224174499512,20.23,,0.3589766921475771,mols/page_0136.png,10
3194,[O][C][Branch1][C][C][Branch1][Ring1][C][Branch1][Branch1][C][Branch1][Ring2][C][Branch1][O][C][C][C][Ring1],C=CCCCCC(C)O,2.101790468830701,1.7430872917175293,0.2685971558094024,40.353607177734375,22.283416748046875,20.23,,0.358838267434289,mols/page_0160.png,14
3424,[C][C][C][Branch1][C][C][O][C][C][Ring1][Ring2][C][Branch1][Ring1][C][C][#N][C][Ring1][Branch1],CCC(=NC)C1COC(CC)C1,2.617024615544936,1.476384520530701,0.2933919131755829,39.48590850830078,13.28130340576172,21.59,,0.35860967983102,mols/page_0172.png,4
2475,[C][C][C][C][C][C][Ring1][Branch1][Branch1][C][O][C][Ring1][#Branch1][O],CC12CCCC1(O)C2O,2.9617904688307006,1.8634837865829468,0.2880508303642273,36.4091796875,41.204193115234375,40.46,,0.3555135298940484,mols/page_0124.png,15
3900,[C][#C][C][Branch1][Ring1][C][C][C][Branch1][Branch1][C][O][C][Branch1][C][C][Ring1][Ring1][C][Branch1],C#CC1C(C)C1(C)COCC,3.0980915038517307,1.1587504148483276,0.2985819280147552,40.52863311767578,7.434976577758789,9.23,,0.3553825045456245,mols/page_0196.png,0
1695,[C][C][C][Branch1][Branch1][C][C][Ring1][Branch1][C][O][C][C][=Branch1][C],CCOCC1CCCC1,1.541790468830701,0.9783344268798828,0.3341331481933594,37.41444396972656,9.092501640319824,9.23,,0.3547244678069381,mols/page_0085.png,15
4354,[C][C][C][Branch1][C][O][C][C][Ring1][Ring1][C][Branch1][Branch1][C][C][O][Ring1][Branch1][C],CCC1CC2(OCCC2C)O1,3.338091503851731,1.5715010166168213,0.3234182596206665,35.76823043823242,16.13216781616211,18.46,,0.3545646364619292,mols/page_0218.png,14
4438,[O][C][C][Branch1][C][C][C][Ring1][Branch1][C][Branch1][Ring1][C][C][N][C][Ring1][Ring2],CC1CNC1C1OCC1C,3.4796683620478213,1.844295144081116,0.306292176246643,35.693702697753906,26.79762458801269,21.26,,0.3544465606539678,mols/page_0222.png,18
1665,[C][#C][C][Branch1][C][C][Branch1][C][O][C][C][O][C][Ring1][Ring2],C#CC(C)(O)C1COC1,2.021790468830701,2.5004687309265137,0.2765955030918121,36.097957611083984,29.431283950805664,29.46,,0.3543036098195805,mols/page_0084.png,5
1819,[C][#C][C][Branch1][C][C][C][Branch1][Ring1][C][Branch1][Ring2][C][C][Ring1][Ring1][C][C],C#CC(C)C(CC)C1CC1,2.5796683620478214,0.8368592262268066,0.3155213594436645,40.514495849609375,0.2849533259868622,0.0,,0.3541844927261927,mols/page_0091.png,19
1579,[C][C][C][Branch1][C][C][O][C][Ring1][Ring1][C][Branch1][Ring1][C][C][N][Ring1][Branch1][C][Ring1],CCC1CC2(O1)C(CC)N2C,3.8380915038517305,1.6612399816513062,0.3017740845680237,38.14305114746094,9.665109634399414,12.24,,0.3541456136480656,mols/page_0079.png,19
2516,[C][C][Branch1][C][C][C][C][Ring1][Ring2][C][C][C][C][Ring1][Ring1],CC1(C)CC1CC1CC1,2.001790468830701,0.2325182855129242,0.3455815017223358,39.6802978515625,0.2258291989564895,0.0,,0.354136304269482,mols/page_0126.png,16
1976,[C][C][C][Branch1][Ring1][C][C][O][C][Branch1][C][O][Ring1][Ring2][C][Ring1][Branch1][C][Ring1][Ring2],CCC1OC2(O)C(C)CC12,3.4796683620478213,1.2544726133346558,0.3174923956394195,36.52439880371094,29.403047561645508,29.46,,0.3536485031814039,mols/page_0099.png,16
1960,[C][C][Branch1][C][C][C][=Branch1][C][O][C][Branch1][Ring1][C][O],CC(C)C(O)CCO,2.0644996950521226,0.3594485819339752,0.3277847170829773,37.89607238769531,41.10589599609375,40.46,,0.3534319231556178,mols/page_0099.png,0
3604,[O][C][Branch1][C][C][C][Ring1][Branch1][C][Branch1][Ring1][C][C][Branch1][Branch1][C][O][C][Ring1][Ring2],CC1OC1C1CCCOC1,2.9796683620478217,1.7753839492797852,0.329074889421463,34.155128479003906,19.36533737182617,21.76,,0.3528543789747565,mols/page_0181.png,4
2690,[O][C][C][C][Branch1][Ring1][C][C][O][C][Ring1][Ring1][C][Ring1][=Branch1][C][Ring1][#Branch1],CC1C2CCC1(CCO)O2,3.7196683620478215,1.492140293121338,0.3210276067256927,35.280662536621094,29.09838485717773,29.46,,0.3523494996901767,mols/page_0135.png,10
3136,[C][C][C][Branch1][Ring1][C][C][Ring1][Branch1][C][Branch1][Branch1][C][C][O][C][Ring1][#Branch1],CCC12CC1C2CCOC,2.9996683620478217,1.0763185024261477,0.3256502747535705,37.84608840942383,9.517425537109377,9.23,,0.3521416323882348,mols/page_0157.png,16
1237,[C][C][C][Branch1][C][C][N][Ring1][=Branch1][C][C][O],CC1CCN1CCO,2.0044996950521226,2.5903215408325195,0.310011088848114,32.732147216796875,23.7312126159668,23.47,,0.3518563594649034,mols/page_0062.png,17
2537,[C][C][N][=C][NH1][C][=Ring1][Branch1][C][Branch1][C][N][=O],Cc1nc[nH]c1C(N)=O,1.381790468830701,4.896871566772461,0.2093982994556427,30.85302352905273,71.1464614868164,71.77000000000001,,0.3517099949197553,mols/page_0127.png,17
317,[O][C][C][#C][C][Branch1][C][O][C][C][O],OCC#CC(O)CCO,2.061790468830701,1.000660419464111,0.283882737159729,38.4314079284668,61.4501838684082,60.69,,0.3516154754889311,mols/page_0016.png,17
1162,[C][N][#C][C][C][C][O][C][=Branch1][C][Ring1][Ring1][=O],CN=CCCC1OC1O,2.5017904688307007,2.672896146774292,0.2667974531650543,35.097007751464844,46.64826583862305,45.120000000000005,,0.3513226224514618,mols/page_0059.png,2
1812,[C][C][C][Branch1][C][C][Ring1][Branch1][C][Ring1][Ring2][C][C][O][C][Ring1],COCCC1C2CC12C,2.9817904688307006,1.1628460884094238,0.3265113830566406,37.32991409301758,10.622925758361816,9.23,,0.3508056230089051,mols/page_0091.png,12
3108,[O][C][Branch1][Ring1][C][C][C][Branch1][C][C][O][C][Ring1][Branch1][C][Ring1][=Branch1],CC1OC2CC2CC1O,3.461790468830701,1.8818840980529783,0.3197254538536072,33.855865478515625,30.20328521728516,29.46,,0.3507830854276749,mols/page_0156.png,8
2506,[C][C][Branch1][C][C][C][Ring1][Ring2][C][Branch1][Ring1][C][C][N][C][Ring1][=Branch1],CCC1NCC12CC2C,3.301790468830701,1.5020129680633545,0.304153174161911,37.54906845092773,21.23700904846192,12.03,,0.3506661361712853,mols/page_0126.png,6
1204,[C][C][C][=C][C][Branch1][C][C][Branch1][Ring1][C][Branch1][Branch1][C][N][Branch1][Ring1][Branch1][Ring1],CCC=CC(C)CC=N,2.101790468830701,2.446106195449829,0.2535144984722137,38.92117691040039,25.34307289123535,23.85,,0.3506487241748774,mols/page_0061.png,4
2769,[C][C][Branch1][C][C][O][C][Branch1][Branch1][C][O][Ring1][Branch1][C][Branch1][Ring1][C][O],CC1COCC(CCO)O1,2.5196683620478213,1.1721878051757812,0.3182058930397033,35.995323181152344,38.665016174316406,38.69,,0.35037179216561,mols/page_0139.png,9
3708,[C][N][C][Branch1][C][C][C][Branch1][Ring1][C][Branch1][O][C][C][Ring1][Branch1][C][O][C][Ring1],CNC1CCCC(COC)C1,2.5780915038517307,1.408451795578003,0.3058306574821472,37.71104431152344,21.21479606628418,21.26,,0.3497224395856609,mols/page_0186.png,8
1748,[C][C][Branch1][Ring1][C][Branch1][C][C][C][O][C][Branch1][=Branch1][C][=O][C][Ring1][Branch1],CCC(C)COCC=O,2.081790468830701,3.0008020401000977,0.2275658100843429,39.36896514892578,27.133140563964844,26.3,,0.3496681723947033,mols/page_0088.png,8
2186,[C][C][C][Ring1][Branch1][C][Branch1][C][C][Branch1][Ring1][C][O][C][Branch1][Branch1][C][O][Ring1][Branch1],CC1(C2CC2)CCOC1O,2.4796683620478213,1.5599822998046875,0.3170675933361053,35.40806579589844,28.796968460083008,29.46,,0.3492857280849144,mols/page_0110.png,6
1492,[C][O][C][Branch1][C][C][C][N][Ring1][Ring2][C][O],COC1(C)CN1CO,2.484499695052122,1.531347393989563,0.3083072304725647,36.03070068359375,33.558963775634766,32.47,,0.3481612553356836,mols/page_0075.png,12
3726,[C][O][C][C][Branch1][Ring1][C][C][C][O][Branch1][Ring2][C][Branch1][C][C][N][C][Ring1][Ring2],CCC1(COC)CO1,2.0044996950521226,1.7383818626403809,0.3346319496631622,33.48759841918945,21.345849990844727,21.76,,0.3477184735993942,mols/page_0187.png,6
4274,[O][C][C][C][Branch1][C][O][C][Branch1][Branch1][C][Branch1][Ring1][C][C][O][Ring1][Branch1][C][Ring1],CCCC(=O)C(O)CCO,2.079668362047822,2.179769277572632,0.2344005554914474,39.27351760864258,58.675567626953125,57.53,,0.3476443884867665,mols/page_0214.png,14
1012,[C][O][C][C][Branch1][C][C][C][N][C][C][Ring1][Ring2],COCC(C)C1CCN1,2.5217904688307007,1.2032185792922974,0.3129647076129913,37.44791030883789,24.51396942138672,21.26,,0.3471611931832581,mols/page_0051.png,12
4317,[O][C][C][C][Branch1][Ring1][C][Branch1][C][C][Ring1][Branch1][C][Branch1][Ring2][C][C][N][Ring1][Ring1],CC1C(CCN)C12CCO2,3.299668362047821,1.8325871229171755,0.2956142127513885,36.50251770019531,29.41193008422852,35.25,,0.3464350434449638,mols/page_0216.png,17
2496,[C][C][C][Branch1][Ring1][C][C][O][C][Ring1][Ring2][O],CCC1OC(O)C1C,3.0044996950521226,1.5014079809188845,0.3138724565505981,35.771175384521484,30.57069396972656,29.46,,0.3464122945117754,mols/page_0125.png,16
726,[C][C][N][C][Ring1][Ring1][C][C][C][Ring1][Ring1][Ring1][=Branch1][C][O],CC12NC1C1CC12CO,3.401790468830701,2.801276922225952,0.2701258063316345,34.511966705322266,42.49212265014648,42.17,,0.3461303103802991,mols/page_0037.png,6
1461,[C][C][C][Branch1][C][C][O][C][C][Ring1][Branch1][O],CCC1(C)OCC1O,2.504499695052122,2.2385268211364746,0.3050422966480255,34.01803207397461,29.453428268432617,29.46,,0.3460981152192683,mols/page_0074.png,1
3435,[C][Branch1][Ring1][C][O][C][Branch1][C][C][C][Branch1][O][C][Ring1][Branch1][O],CC1CCOC(O)C1,2.504499695052122,2.232736587524414,0.3291129171848297,31.614595413208008,28.839624404907227,29.46,,0.345944433341813,mols/page_0172.png,15
3706,[N][#C][C][C][C][Ring1][Ring2][C][C][Branch1][Ring1][C][=O][C],CC(C=O)CCCCC#N,2.099668362047822,3.452951192855835,0.2256860584020614,36.8167610168457,40.08863830566406,40.86,,0.3451285265340562,mols/page_0186.png,6
3851,[C][C][C][Ring1][Ring1][C][Branch1][C][C][Branch1][Ring1][C][C][O][C][Ring1][Ring2][C][Ring1],C=C1OC(C)(C2CC2)C1C,2.4996683620478213,1.7113196849822998,0.3110722005367279,36.70786285400391,11.603825569152832,9.23,,0.3451059893104105,mols/page_0193.png,11
2153,[C][Branch1][Ring1][C][Branch1][C][C][C][O][C][Branch1][Branch1][C][N][C][Branch1][O][C][C][Ring1],C=CCNCCOCCCC,1.638091503851731,1.766950011253357,0.2623593807220459,40.23170852661133,28.146657943725582,21.26,,0.3450114998350073,mols/page_0108.png,13
1630,[C][C][C][C][Branch1][Ring2][C][C][=O][O][C],CCCC(CC=O)OC,2.081790468830701,3.1620736122131348,0.222333937883377,39.2264404296875,27.174394607543945,26.3,,0.3449439461501937,mols/page_0082.png,10
3487,[C][C][C][Branch1][C][C][N][C][C][Ring1][Branch1][C][Ring1][Ring2][C][Ring1][#Branch1],CCC1(C)C2CN1C2C,4.221790468830702,1.651873230934143,0.3120888173580169,37.44636154174805,3.382324457168579,3.24,,0.3446766777327306,mols/page_0175.png,7
1440,[C][C][C][Branch1][C][C][Ring1][Ring1][C][C][O][C][Branch1][Ring1][C][Ring1][Branch1][C],CC1CC(C2(C)CC2)CO1,2.4996683620478213,1.3294739723205566,0.3257257044315338,36.9129524230957,7.718777179718018,9.23,,0.3446239081787092,mols/page_0073.png,0
1840,[C][C][Branch1][C][C][N][Branch1][Ring1][C][O][C][Branch1][Branch1][C][N][Ring1][Branch1][C][Ring1][Ring1],CC(C)N1C(O)NC2CC21,2.9596683620478217,2.1109068393707275,0.2794082164764404,36.2637825012207,40.31195068359375,35.5,,0.3443883695139513,mols/page_0093.png,0
1844,[C][#C][C][C][Branch1][C][C][C][O][C][Branch1][Ring1][C][C][N][Ring1][=Branch1],C#CCC(C)C1NC(CC)O1,3.0780915038517307,1.6468989849090576,0.2973543405532837,37.759525299072266,19.1330680847168,21.26,,0.3439265560542575,mols/page_0093.png,4
3220,[C][C][Branch1][Ring1][C][Branch1][C][C][C][Ring1][Branch1][C][Ring1][Ring1][C][C][N],NCCC1CCC2CC12,2.9817904688307006,1.4716655015945437,0.318962812423706,35.4524040222168,28.78131866455078,26.02,,0.3437076283614607,mols/page_0162.png,0
2402,[C][C][C][Branch1][C][C][Ring1][Branch1][C][O][C][Branch1][Ring1][C][O][N][Ring1][Ring1][C][Ring1],CN1C(O)C1OCC1(C)CC1,2.9980915038517306,1.5774648189544678,0.2955864071846008,37.21686935424805,31.770967483520508,32.47,,0.3429775774028267,mols/page_0121.png,2
1219,[C][#C][C][C][Branch1][Ring1][C][O][C][Branch1][C][C][C][O][Ring1][Ring1],C#CCC(CO)C1COC1,2.0396683620478218,2.1194944381713867,0.2910031378269195,35.852012634277344,29.40315818786621,29.46,,0.3428668710184815,mols/page_0061.png,19
4142,[C][C][C][C][C][Branch1][C][O][C][Ring1][Branch1][C][Ring1][#Branch1][Ring1][Branch1][C],CC1C2C3C(O)C2C13C,4.601790468830701,1.9317976236343384,0.3123870193958282,34.99527740478516,21.0249137878418,20.23,,0.3427843014738168,mols/page_0208.png,2
2572,[C][C][Branch1][Ring1][C][Branch1][C][C][O][C][C][C][Ring1][Branch1][C],CC1CCOC(C)CC1,2.5417904688307007,1.191723346710205,0.3207191824913025,37.7689094543457,9.534235000610352,9.23,,0.342732854534951,mols/page_0129.png,12
4102,[O][C][Branch1][C][C][C][Ring1][Branch1][C][Ring1][Ring2][C][Branch1][Ring1][C][Ring1][Ring1][C],CC1CC12C1OC12C,3.7244996950521214,2.022329807281494,0.3149514198303222,34.960289001464844,13.53598976135254,12.53,,0.3422752783881913,mols/page_0206.png,2
511,[CH1-1][C][#C][C][C][C][O][C][O],[CH-]C#CCCCOCO,1.581790468830701,3.5954153537750244,0.2309613674879074,35.777191162109375,39.02219772338867,29.46,,0.3420207587345576,mols/page_0026.png,11
818,[N][C][C][C][Branch1][C][O][C][C][O][Ring1][=Branch1],NCC1OCCC1O,2.484499695052122,3.0609898567199707,0.2925421595573425,30.407405853271484,52.59609603881836,55.48,,0.3420163184592386,mols/page_0041.png,18
1547,[C][N][C][Branch1][C][C][C][Branch1][Ring1][C][C][Ring1][Ring1][C][N][Ring1][Ring2][O],CNC(C)=C1CN(O)C1C,2.0196683620478217,2.438698530197144,0.2600263953208923,37.79278564453125,29.60247039794922,35.5,,0.3406749738175105,mols/page_0078.png,7
1120,[C][C][C][O][C][Branch1][C][C][C][=Branch1][C][=N][O][Ring1][Branch2],CC1COC(C)C(=N)O1,2.5017904688307007,2.921182632446289,0.2710949182510376,33.89573669433594,42.22640228271485,42.31,,0.3404980557310956,mols/page_0057.png,0
2596,[C][C][C][Branch1][Ring1][C][Branch1][C][C][N][C][Branch1][Ring2][C][Ring1][Ring2][C][Branch1][Branch1][C],CCC1CCCC(CC)N1,2.5596683620478213,1.2788115739822388,0.3091967701911926,38.16811752319336,14.802189826965332,12.03,,0.3392686881816175,mols/page_0130.png,16
4047,[N][C][C][C][Ring1][Ring2][C][Branch1][Ring1][C][O][C][Ring1][Branch1][C][Branch1][C][O],OCC1C(CO)C12CCN2,2.779668362047821,1.9099403619766235,0.2890242338180542,35.13762664794922,50.75852966308594,52.49,,0.3390056239405615,mols/page_0203.png,7
3609,[C][#C][C][C][Branch1][Ring1][C][C][C][Ring1][Branch1][C][Branch1][C][C][O][C][Branch1],C#CC1C(CC)C1C(C)OC,3.598091503851731,1.1980818510055542,0.2961559295654297,40.23971176147461,9.056207656860352,9.23,,0.3389127272273029,mols/page_0181.png,9
2548,[C][#C][C][Branch1][C][C][Branch1][Ring1][C][Branch1][Branch1][C][Branch1][Ring2][C][C][C][Ring1][Branch1][C],CCCCCC1(C)C#C1,1.561790468830701,0.8094906210899353,0.3086504340171814,40.78683853149414,3.799934148788452,0.0,,0.3378518306527614,mols/page_0128.png,8
1645,[C][C][Branch1][C][C][C][O][C][C][Ring1][Ring2][O],CC(C)C1OCC1O,2.504499695052122,2.46293044090271,0.3029085099697113,33.26446914672852,29.49873352050781,29.46,,0.3377876609345281,mols/page_0083.png,5
117,[C][C][C][Ring1][Branch1][C][C][Branch1][C][N][C][C],CCC(N)CC1CC1,2.0244996950521226,1.3841840028762815,0.317293107509613,35.85880279541016,28.677663803100582,26.02,,0.3376807660346114,mols/page_0006.png,17
3602,[O][C][C][C][O][C][Ring1][Ring2][C][Branch1][C][O],OCC1COC1CO,2.484499695052122,2.723133087158203,0.3029784560203552,30.77216339111328,49.2535285949707,49.69,,0.3373492966830346,mols/page_0181.png,2
1541,[C][C][C][N][C][Branch1][Ring1][C][O][C][C][Ring1][Branch1][C][Ring1][Ring2],CCCNC12COCC1C2,2.4796683620478213,1.8082128763198853,0.3064305484294891,35.629493713378906,25.54512405395508,21.26,,0.3372212320057148,mols/page_0078.png,1
4363,[C][C][C][Branch1][Ring1][C][Branch1][Branch1][C][C][Ring1][Ring1][C][C][N][C][Ring1][Branch1][O],CCC1CCNC(O)C2CC12,3.518091503851731,1.7762205600738523,0.313907265663147,35.210182189941406,22.54518318176269,32.26,,0.3371825540091614,mols/page_0219.png,3
1580,[C][C][Branch1][C][C][O][C][Branch1][Ring1][C][C][C][N][Ring1][Branch1][C][Ring1][Ring1],CCC1(OC(C)C)C2CN21,2.9796683620478217,1.4591602087020874,0.3102554082870483,37.6460075378418,10.994891166687012,12.24,,0.337146770536529,mols/page_0080.png,0
3379,[O][C][C][Branch1][Ring1][C][C][C][Ring1][Ring2][C][Ring1][Branch1][C][C][N][C][Ring1][Ring1],CCC(=CCCC1CN1)CO,2.078091503851731,2.1364669799804688,0.2539211809635162,38.48604202270508,42.6380615234375,42.17,,0.3370315355351707,mols/page_0169.png,19
3686,[N][C][Branch1][C][C][C][Ring1][Ring1][C][Branch1][Ring1][C][O][C][Ring1][Branch1][C][Branch1][Ring2][C],CCC1C(=C(C)N)C1CO,2.5396683620478213,2.472358465194702,0.2380789071321487,38.61424255371094,45.8620719909668,46.25,,0.3368976845087171,mols/page_0185.png,6
1845,[C][C][C][Branch1][C][C][O][C][O][Branch1][Ring1][C][O],CCC(C)OC=O,2.047846708163529,4.125232696533203,0.284509927034378,29.2413387298584,25.764270782470703,26.3,,0.3366425133046556,mols/page_0093.png,5
416,[O][C][C][O][C][C][O][C][Ring1][Ring1][C][Ring1][#Branch1][Ring1][Branch1],OCC1OC2C3OC3C12,3.881790468830701,3.725931167602539,0.2897871732711792,28.98917007446289,41.1417121887207,41.99,,0.3355025562866154,mols/page_0021.png,16
2580,[C][#C][C][C][Branch1][Ring1][C][C][C][N][C][Ring1][Ring1],C#CCC(CC)C1CN1,2.5417904688307007,1.6373498439788818,0.2923498451709747,37.919071197509766,22.39259147644043,21.94,,0.3353086900537385,mols/page_0130.png,0
4447,[O][C][Branch1][C][C][Branch1][Ring1][C][C][C][O][C][Ring1][Ring1][C][Branch1][Ring2][C][C][Ring1],C=CCC1OC1C(C)(O)CC,3.0780915038517307,1.8162256479263303,0.2644712328910827,39.41106796264648,31.49930191040039,32.76,,0.3348930267985534,mols/page_0223.png,7
1342,[C][C][C][Branch1][C][C][Ring1][Branch1][C][O][C][Ring1][Ring1][C],CC1OC1C1(C)CC1,2.464499695052122,1.7607866525650024,0.3429740965366363,33.01063919067383,12.52650260925293,12.53,,0.3346445575692072,mols/page_0068.png,2
2877,[C][C][C][Branch1][Ring1][C][C][O][C][Ring1][Ring1][C][Branch1][C][C][Ring1][Branch1][C][Branch1][#Branch1],CCC1OC2CC1C2(C)C,3.7396683620478215,1.4637867212295532,0.3238537013530731,36.45727157592773,7.533029079437256,9.23,,0.3346062113778374,mols/page_0144.png,17
3698,[N][C][Branch1][C][C][Branch1][Ring1][C][Branch1][Branch1][C][Branch1][=Branch1][C][C][C][Ring1][Ring1][C][Ring1],CC1(N)CCC2CC2C1,2.9817904688307006,1.40272057056427,0.3109084367752075,36.1422119140625,31.936426162719727,26.02,,0.3343914924808792,mols/page_0185.png,18
4434,[C][#C][C][Branch1][C][C][C][Branch1][Branch1][C][Branch1][Ring1][C][Branch1][Ring2][C][C][Ring1][Ring1][C],C#CC(C)C(C)CC1CC1,2.5796683620478214,0.7850444316864014,0.3142853081226349,40.49131393432617,0.3411572277545929,0.0,,0.3333688338205011,mols/page_0222.png,14
3747,[C][N][C][Branch1][C][C][C][Ring1][Ring1][C][Branch1][Ring1][C][O][C][Ring1][Branch1][C],CNC(C)=C1C(C)C1CO,2.5396683620478213,2.8684186935424805,0.2343776971101761,38.32940673828125,34.4709587097168,32.26,,0.3329632429932972,mols/page_0188.png,7
2060,[C][#C][C][C][Branch1][Ring1][C][C][C][N][Ring1][Branch1][C][Branch1][C][O][C][Ring1][Ring2],C#CCC1(CC)CN1C(C)O,3.0780915038517307,1.4209305047988892,0.2828404605388641,39.63639450073242,22.567119598388672,23.24,,0.3322820131024337,mols/page_0104.png,0
1830,[C][C][Branch1][Ring1][C][Branch1][C][C][C][O][C][Ring1][Ring1][C][C][Ring1][Branch1][C][Ring1][Ring2],CCC(C)C12OC13CC2C3,3.5996683620478214,1.8079094886779783,0.313398540019989,36.04804229736328,9.54172706604004,12.53,,0.3315718818086893,mols/page_0092.png,10
3661,[C][N][C][Branch1][C][O][C][C][C][Ring1][Branch1][C][Branch1][Ring1][C][Branch1][O][C][Ring1][Ring2],CNC1(O)CCC12CCC2,2.299668362047821,1.6722049713134766,0.3004296123981476,36.35713958740234,29.472877502441406,32.26,,0.3314971379597922,mols/page_0184.png,1
3298,[C][C][Branch1][Ring1][C][C][C][O][C][C][Ring1][Branch1][C][Ring1][Ring2],CC1CCC(C)COC1,2.5417904688307007,1.20252525806427,0.3199743926525116,37.59059143066406,9.84458351135254,9.23,,0.3309884473454082,mols/page_0165.png,18
271,[C][C][C][O][C][=Branch1][C][=O][C][Ring1][=Branch1][C],CC1COC(=O)C1C,2.504499695052122,4.23896598815918,0.2763460576534271,29.544336318969727,25.963905334472656,26.3,,0.3306982415533797,mols/page_0014.png,11
649,[O][C][=C][C][C][C][O][C][C],CCOCCCC=CO,1.581790468830701,2.0510458946228027,0.2610639333724975,38.90373992919922,30.23358154296875,29.46,,0.3299068560481226,mols/page_0033.png,9
4473,[C][C][Branch1][C][O][C][C][C][Ring1][Branch1][C][C],CCC1CCC1(C)O,2.524499695052122,1.275006651878357,0.3295294940471649,35.55133819580078,19.86379623413086,20.23,,0.3295558552734689,mols/page_0224.png,13
2483,[C][C][C][Branch1][C][C][N][C][Branch1][Branch1][C][O][C][Ring1][Branch1],CCC(C)N1CCOC1,2.021790468830701,1.6072906255722046,0.3059066236019134,37.37018203735352,11.60859203338623,12.47,,0.3294836575850386,mols/page_0125.png,3
1334,[C][C][Branch1][C][C][C][#C][C][Branch1][C][C][C][N][Ring1][Ring2],CC(C)C#CC1(C)CN1,2.041790468830701,1.8721954822540283,0.2739387452602386,38.82493591308594,22.553422927856445,21.94,,0.3292862287115685,mols/page_0067.png,14
4472,[C][C][Branch1][C][C][C][O][C][C][Ring1][Ring2][C][Ring1][Ring1][C],CC(C)C1OC2C(C)C12,3.481790468830701,1.6315571069717407,0.3100255131721496,37.00983428955078,9.552582740783691,9.23,,0.3291840643621074,mols/page_0224.png,12
4337,[N][C][Branch1][C][C][C][Branch1][Ring1][C][Branch1][Branch1][C][Branch1][Ring2][C][C][Ring1][Branch1][C][Ring1],CC(N)C12CCCC1C2,2.9817904688307006,1.4754910469055176,0.3069016635417938,36.56365585327149,26.999481201171875,26.02,,0.328435189150089,mols/page_0217.png,17
1475,[C][C][=C][Branch1][C][C][C][=Branch1][C][=O][O][C][C][Ring1][Branch2],CC1=C(C)C(=O)OCC1,1.521790468830701,4.846421718597412,0.2193765491247177,33.0594482421875,26.34273910522461,26.3,,0.3280577806890171,mols/page_0074.png,15
3130,[C][C][C][Ring1][Ring1][C][Branch1][C][C][Branch1][Ring1][C][C][O][C][Ring1][Branch1],CCC1(C2CC2)CCO1,1.981790468830701,1.566761136054993,0.3214497566223144,36.139591217041016,8.510995864868164,9.23,,0.3280331693578545,mols/page_0157.png,10
1833,[C][C][C][Branch1][Ring1][C][O][C][C][Ring1][Branch1][C][C][N][Ring1][Branch1],CCC1(CO)C2CCNC21,2.9796683620478217,2.064175844192505,0.2911859452724457,35.56521224975586,32.30800247192383,32.26,,0.3273933010061758,mols/page_0092.png,13
1224,[C][C][C][Branch1][C][C][N][C][C][Ring1][Ring2][C][Branch1][Branch1][C][O][C][Ring1][Branch1][C],CCC1CC2(CN1)COCC2C,3.3770246155449355,1.4051263332366943,0.3087340593338012,37.37370681762695,17.13803482055664,21.26,,0.3273431585606055,mols/page_0062.png,4
2899,[C][N][C][C][Ring1][Branch1][C][O][C][Branch1][Ring1][C],CCOCC1CNC1,1.5044996950521223,2.1769859790802,0.3091160356998443,33.703407287597656,27.054079055786133,21.26,,0.3270869742482103,mols/page_0145.png,19
1468,[O][C][C][C][O][C][Ring1][Ring1][C][Ring1][Ring2][C][Ring1][Branch1][Ring1][Branch1],CC1C2OC12CCO,2.9444996950521225,1.4462192058563232,0.3149756491184234,35.194698333740234,35.16374206542969,32.76,,0.3268990245089833,mols/page_0074.png,8
4378,[N][#C][C][C][C][Branch1][C][C][O][C][Ring1][Branch1][C][Branch1][Ring1][C][Branch1][Ring2][C][Ring1],C=CCC1OC(C)C1CC#N,3.0780915038517307,3.346767902374268,0.2544262707233429,34.3482666015625,35.086822509765625,33.02,,0.3268374808545934,mols/page_0219.png,18
616,[C][C][C][Branch1][C][C][O][C][O],CCC(C)OCO,2.047846708163529,1.923969268798828,0.3259404599666595,32.77198028564453,28.903221130371094,29.46,,0.3268244263579155,mols/page_0031.png,16
734,[C][O][C][O][C][=N][C][=Ring1][Branch1][C][=O],COc1ocnc1C=O,1.381790468830701,6.139591217041016,0.2018591463565826,28.12952995300293,50.992034912109375,52.330000000000005,,0.3258547286993927,mols/page_0037.png,14
4446,[C][#C][C][C][Branch1][Ring1][C][C][C][Ring1][Branch1][C][C][O][C][C],C#CC1C(CC)C1CCOCC,3.137024615544936,1.060663104057312,0.2979763448238373,40.54230880737305,6.537791252136231,9.23,,0.3257452251981444,mols/page_0223.png,6
3032,[C][C][Branch1][Ring1][C][Branch1][C][O][C][Branch1][Branch1][C][C][C][Ring1][Branch1][C][Branch1],CC1CCCOCC1C,2.5417904688307007,1.2487976551055908,0.3202195465564728,37.35545349121094,9.111005783081056,9.23,,0.3251955422549561,mols/page_0152.png,12
2258,[#C][C][C][C][Branch1][C][C][O][C][Ring1][Branch1][C][Ring1][Ring1][C][Ring1][#Branch1],CCC12CCC1OC2C,2.9817904688307006,1.7935861349105835,0.3113553524017334,36.218994140625,9.24515438079834,9.23,,0.3245211238400848,mols/page_0113.png,18
2497,[C][C][Branch1][Ring1][C][C][C][O][C][Branch1][Branch1][C][Branch1][Ring2][C][C][Ring1][Ring1][C][Ring1],CCC(C)COC1CC2CC21,3.538091503851731,0.9438509345054626,0.3278735876083374,37.84165573120117,7.109619140625,9.23,,0.3242763819782448,mols/page_0125.png,17
2905,[C][C][C][O][C][Branch1][C][C][Ring1][Ring2][C][C][Branch1][Ring1][C][C][N][Ring1][=Branch1],CCC1CC2(CN1)OCC2C,3.338091503851731,1.8435535430908203,0.2991305291652679,36.218536376953125,23.01189994812012,21.26,,0.3235416795932577,mols/page_0146.png,5
2142,[C][C][C][Branch1][C][C][Ring1][Branch1][C][Branch1][Branch1][C][N][C][Ring1][=Branch1],CNCCC1(C)CC1,1.5244996950521223,1.2115707397460938,0.3125030100345611,37.62874221801758,17.296207427978516,12.03,,0.323310670355017,mols/page_0108.png,2
3046,[C][#C][C][C][Branch1][Ring1][C][C][C][Ring1][Ring1][C][Branch1][C][C][N][C][Ring1][Branch1][C],C#CCC1C(C)C12C(C)NC2C,3.897024615544936,1.385143518447876,0.2920166254043579,39.327880859375,13.894574165344238,12.03,,0.3222220300857212,mols/page_0153.png,6
2151,[O][=C][N][C][C][Branch1][C][O][C][O][C][Ring1][Branch2][Ring1][=Branch1],O=C1NC2C(O)COC12,2.9217904688307006,4.251598358154297,0.2561298310756683,29.10029602050781,56.35862731933594,58.56,,0.3216984594775609,mols/page_0108.png,11
3710,[C][C][C][Branch1][Ring1][C][C][O][C][Branch1][C][C][Ring1][Ring2][C][Branch1][=Branch1][C][Ring1][=Branch1],CCC1OC2(C)CCCC12,2.9996683620478217,1.5574814081192017,0.3218514025211334,36.04270553588867,8.27293872833252,9.23,,0.3213638096548136,mols/page_0186.png,10
2546,[C][O][C][Branch1][Ring1][C][C][Branch1][Branch1][C][C][C][Ring1][Branch1][C][Branch1][C][O][Ring1][Ring1],COC12CC(CC1C)C2O,4.2196683620478215,1.3447537422180176,0.316418319940567,35.820213317871094,28.799585342407227,29.46,,0.3213393846088609,mols/page_0128.png,6
328,[C][C][C][C][Ring1][Ring1][O][C][C][N][C][Ring1][Ring1][Ring1][=Branch1],CC1CC12OCC1NC12,3.721790468830701,2.7198705673217773,0.3009302616119385,32.12018203735352,31.048282623291016,31.17,,0.3209359344005486,mols/page_0017.png,8
2278,[C][#C][C][Branch1][C][C][Branch1][Ring1][C][Branch1][Branch1][C][Branch1][Ring2][C][C][Ring1][Branch1][C][O],C#CC1(CO)CCCCC1,1.5596683620478216,1.4148966073989868,0.3108627796173095,36.86569213867188,18.997234344482425,20.23,,0.3205053656217427,mols/page_0114.png,18
3650,[O][C][C][C][C][=C][N][=N][N][Ring1][Branch1][Ring1][#Branch1],OCC1Cc2cnnn21,1.8217904688307007,4.616851806640625,0.2577438950538635,28.049829483032227,49.89332962036133,50.940000000000005,,0.3203450462542692,mols/page_0183.png,10
3491,[C][C][Branch1][Ring1][C][C][C][O][C][Ring1][Ring1][C][Ring1][Branch1][C][C][Ring1][Ring2][C],CC1CCC2CC(C)C23OC13,4.298091503851731,1.7519527673721311,0.3303022980690002,34.245853424072266,10.657269477844238,12.53,,0.3198388548658267,mols/page_0175.png,11
3465,[N][#C][C][N][C][C][Branch1][C][C][C][N][Ring1][Ring1][C][Ring1][Branch1],N#CCNCC12CN(C1)C2,2.199668362047821,3.630349636077881,0.2631014585494995,31.943506240844727,39.6098518371582,39.06,,0.3197648355681501,mols/page_0174.png,5
3204,[C][C][C][O][C][Branch1][C][C][Branch1][Ring1][C][Branch1][Branch1][C][O][Ring1][Ring2][C][Ring1][Ring1],CCCOC12COC(C1)C2,2.219668362047821,1.7972029447555542,0.3228074014186859,34.38047790527344,16.708166122436523,18.46,,0.319636317400719,mols/page_0161.png,4
738,[C][C][C][Branch1][C][C][O][C][C][C][=O],CCC(C)OCCC=O,2.081790468830701,2.9890685081481934,0.224823772907257,39.19856643676758,27.15780639648437,26.3,,0.319303316304678,mols/page_0037.png,18
2152,[C][#C][C][C][C][Branch1][Ring1][C][Branch1][Branch1][C][C][Ring1][Ring2][C][Branch1][C][O][C][Ring1],C#CCCC1(C2CO2)CCC1,2.038091503851731,1.772308111190796,0.3167395293712616,35.65637969970703,9.174281120300291,12.53,,0.3186903747497301,mols/page_0108.png,12
1143,[C][C][C][O][C][Branch1][C][C][Branch1][C][C][C][Ring1][=Branch1][O],CCC1OC(C)(C)C1O,2.5217904688307007,0.5873514413833618,0.3024665415287018,39.86041641235352,30.8789119720459,29.46,,0.3184575471064926,mols/page_0058.png,3
1864,[C][Branch1][C][C][Branch1][Branch1][C][Branch1][Ring1][C][C][O][C][Branch1][Ring2][C][Branch1][O][O][Ring1],CCCC(C)OCC=O,2.081790468830701,2.89471435546875,0.2271901965141296,39.31267547607422,26.889026641845703,26.3,,0.3184214795335904,mols/page_0094.png,4
1575,[C][C][C][Branch1][C][C][O][C][Branch1][Ring1][C][Branch1][Branch1][C][O][Ring1][Branch1][C][=O],CCC(C)OC(C=O)CCO,2.6180915038517307,2.4489288330078125,0.2156063616275787,40.404823303222656,49.60376739501953,46.53,,0.3174663051874878,mols/page_0079.png,15
4191,[#C][O][#C][#C][C][C][Branch1][C][C][C][O][C],COC#CCC(C)COC,2.099668362047822,1.1088175773620603,0.2969236075878143,39.34840774536133,19.20376968383789,18.46,,0.3162591474302794,mols/page_0210.png,11
2709,[C][C][C][#C][C][C][O][C][Ring1][Ring1][C],CCC#CCC1OC1C,2.5417904688307007,1.7459317445755005,0.2987786829471588,37.35042190551758,11.728615760803224,12.53,,0.3155389845039594,mols/page_0136.png,9
3061,[C][C][C][Branch1][Ring1][C][C][O][C][C][Ring1][Ring1][C][Ring1][Branch1],CCC1CCCCCO1,2.041790468830701,1.188568353652954,0.3254522979259491,36.8592643737793,9.411456108093262,9.23,,0.3153362145506823,mols/page_0154.png,1
2668,[C][#C][C][Branch1][C][C][Branch1][Ring1][C][O][C][C][C][Ring1][Branch1],C#CC1(C)CCCC1O,2.5417904688307007,1.5009486675262451,0.3050377368927002,36.94570541381836,20.4840030670166,20.23,,0.3153324046215904,mols/page_0134.png,8
3994,[C][#C][C][C][C][Ring1][Branch1][C][O][C][Ring1][Ring1][C][Branch1][C][C][Branch1][Ring1][C][C],CCC(C)C1OC1C1C#CCC1,3.5770246155449352,1.6493988037109375,0.2985981404781341,38.02296829223633,7.789480686187744,12.53,,0.315168444189454,mols/page_0200.png,14
1691,[C][C][Branch1][C][C][C][#C][C][C][N][C][Branch1],CNCCC#CC(C)C,1.601790468830701,1.2795193195343018,0.281240314245224,40.42103576660156,17.469335556030273,12.03,,0.3141298745222093,mols/page_0085.png,11
1213,[C][C][C][Branch1][Ring1][C][C][Ring1][Branch1][C][O][C][Ring1][Ring1],CCC1(C2CO2)CC1,1.9644996950521223,1.7169009447097778,0.3517511487007141,31.98686408996582,11.905838966369627,12.53,,0.3140963852109265,mols/page_0061.png,13
1940,[C][C][C][C][Branch1][C][O][C][C][Ring1][=Branch1][Ring1][Branch1][C][O],CC1C2C(O)CC12CO,3.461790468830701,0.8684897422790527,0.3146806061267853,36.693397521972656,41.3036994934082,40.46,,0.3140389894713965,mols/page_0098.png,0
4350,[C][C][Branch1][C][C][C][Ring1][Ring1][C][Branch1][Ring1][C][C][N][C][C],CCNC(C=C(C)C)CC,2.119668362047822,1.6482824087142944,0.2524876296520233,42.06664657592773,16.57829475402832,12.03,,0.3140169533999041,mols/page_0218.png,10
2587,[C][C][C][O][C][C][Ring1][Ring2][C][Ring1][Branch1][C][O][O],CCC12OCC1C2COO,2.9596683620478217,2.050096273422241,0.2986281216144562,34.87900924682617,29.135093688964844,38.69,,0.3139947738832074,mols/page_0130.png,7
2935,[O][#C][C][C][Branch1][Ring1][C][C][C][Ring1][Branch1][C][C][O],CCC1C(C=O)C1CCO,3.0396683620478218,3.451853036880493,0.2180029600858688,37.2978401184082,37.49514389038086,37.3,,0.3137692407175906,mols/page_0147.png,15
1036,[C][O][C][=N][C][C][O],COC=NCCO,1.5278467081635287,4.757119178771973,0.2571408450603485,28.16669273376465,40.89176559448242,41.82,,0.3134382032713337,mols/page_0052.png,16
3711,[C][C][Branch1][C][C][C][Ring1][Branch1][C][O][C][C][N][C][Ring1],C=NCCOCC1CC1C,2.5396683620478213,1.3911776542663574,0.3139565885066986,36.87417984008789,14.309309005737305,21.59,,0.3130692131867728,mols/page_0186.png,11
2625,[O][=C][C][C][C][Branch1][C][C][O][C][Branch1][Ring1][C][O],CC(CCC=O)OCCO,2.079668362047822,2.726285696029663,0.2253425866365432,38.4089241027832,48.19806289672852,46.53,,0.3129230399065472,mols/page_0132.png,5
3584,[C][C][C][Branch1][Ring1][C][C][Ring1][Ring1][C][Branch1][C][C][O][C][Branch1][Ring2][C][Ring1][Ring2],CCC1(C2CCCO2)CC1,1.9996683620478213,1.37327241897583,0.326930433511734,36.04925155639648,8.525154113769531,9.23,,0.312890665739751,mols/page_0180.png,4
1861,[C][C][C][Branch1][C][C][N][C][Branch1][Ring1][C][C][O][C][Ring1][Ring1][C][Ring1][Branch1],CCC(C)NC1OC2CC1C2,3.258091503851731,1.7742819786071775,0.3057273626327514,35.99099349975586,18.147584915161133,21.26,,0.3124479105045159,mols/page_0094.png,1
4328,[C][N][C][Branch1][Ring1][C][Branch1][C][C][C][Ring1][Branch1][C][Branch1][Branch1][C][O][C][Ring1],CCC1C(CCOC)N1C,3.0396683620478218,0.9726399183273317,0.3004331588745117,39.96050262451172,12.300704956054688,12.24,,0.3124471599789367,mols/page_0217.png,8
2910,[C][C][C][Branch1][Ring1][C][C][Ring1][Ring1][C][O][C][Ring1][Branch1][C][Ring1][#Branch1],CC1OCC2(CC2)C1C,2.801790468830701,1.5185331106185913,0.3204402029514313,36.09798431396485,9.393932342529297,9.23,,0.3122253325048393,mols/page_0146.png,10
134,[O][=C][N][C][C][=C][N][C][Ring1][Branch1][=O],O=CNC1C=CNC1=O,1.981790468830701,5.307081699371338,0.2122412323951721,29.412006378173828,57.83620071411133,58.2,,0.3121429639024666,mols/page_0007.png,14
4173,[O][C][C][C][Branch1][C][C][Ring1][Ring2][C][Branch1][Ring1][C][Branch1][Branch1][C][O][C][Ring1][Branch1],CC1(C2CCOC2)CCO1,2.4796683620478213,2.054999589920044,0.3173271119594574,33.79129409790039,17.628416061401367,18.46,,0.3120694863010392,mols/page_0209.png,13
4247,[N][#C][C][C][C][Branch1][C][C][Ring1][Ring1][C][Ring1][Ring2][C][Ring1][Branch1][C][Ring1][#Branch1][O],CC12C3C4C(O)C1(C#N)C432,4.779668362047821,4.425786972045898,0.2407851070165634,30.856489181518555,43.30360412597656,44.02,,0.3112840211401628,mols/page_0213.png,7
1523,[C][C][C][Branch1][C][C][N][C][Ring1][Branch1][C][O][C][Ring1][Ring2],CC1NC2(COC2)C1C,2.781790468830701,2.224727869033813,0.291121244430542,35.30476760864258,24.52141189575196,21.26,,0.3110240144548993,mols/page_0077.png,3
1399,[C][C][C][O][C][Branch1][C][C][Branch1][O][C][C][N][Ring1][Ring2],CCCOC1CCNC1,2.021790468830701,1.5127602815628052,0.304865151643753,36.67861175537109,22.59545516967773,21.26,,0.3104460516050383,mols/page_0070.png,19
2863,[C][C][Branch1][C][C][C][O][C][Ring1][Ring2][C][Ring1][Branch1][C][Branch1][Ring1][C][O],CC1COC2C(CCO)C12,3.4796683620478213,1.6774076223373413,0.3068886697292328,35.337745666503906,29.267236709594727,29.46,,0.3097644066562493,mols/page_0144.png,3
2639,[C][C][C][Branch1][Ring1][C][C][O][C][Ring1][Branch1][C][C][Ring1][=Branch1][C][Ring1][Ring1],CCC12OC1C1CC1C2C,3.939668362047821,1.766683578491211,0.3227559924125671,34.76900863647461,11.069738388061523,12.53,,0.3097016899327461,mols/page_0132.png,19
572,[#C][C][N][C][O][C][O],CCNCOCO,1.5278467081635287,2.484570980072021,0.2831708490848541,34.00898742675781,39.1883430480957,41.49,,0.3095531013980218,mols/page_0029.png,12
2779,[C][C][C][Branch1][C][C][O][C][C][Ring1][Branch1][C][Ring1][=Branch1][C][Ring1][Ring2],CCC1(C)OC2CCC21,2.9817904688307006,1.6193987131118774,0.3148127198219299,36.2403678894043,9.573442459106444,9.23,,0.3093724209723989,mols/page_0139.png,19
807,[C][C][O][C][C][C][Branch1][C][O],CCOCCCO,1.5478467081635288,2.203126907348633,0.3273519873619079,31.301631927490234,28.93256950378418,29.46,,0.3092334072141959,mols/page_0041.png,7
4432,[C][C][Branch1][C][C][C][Ring1][Ring1][C][C][O][C][Branch1][Ring1][C][O][Ring1][Ring1],CC(C)=CCC1OC1CO,2.5396683620478213,2.42466139793396,0.2595762610435486,37.27241516113281,30.9725399017334,32.76,,0.3090486302753517,mols/page_0222.png,12
373,[C][C][C][C][Ring1][Ring1][N][Branch1][Ring1][C][=O][C][Ring1][#Branch1][=N],CC12CC1N(C=O)C2=N,2.4417904688307006,4.655670642852783,0.2299913316965103,30.96763610839844,44.63206481933594,44.16,,0.3088070361815615,mols/page_0019.png,13
3165,[C][#C][C][C][C][Branch1][C][C][O][C][Ring1][Ring1][C][C],C#CCCC1CC(CC)O1,2.5596683620478213,1.612268328666687,0.3054505884647369,37.351810455322266,7.8158087730407715,9.23,,0.3087597386954551,mols/page_0159.png,5
3594,[C][O][C][C][Branch1][C][C][C][Ring1][Ring1][C][O],COCC(C)=CCO,1.5644996950521224,2.4453163146972656,0.2507244050502777,38.06106948852539,31.46445655822754,29.46,,0.3087365188840776,mols/page_0180.png,14
3768,[N][#C][C][C][C][C][Ring1][Ring2][C][O],N#CC1CCC1CO,2.504499695052122,3.0048906803131104,0.3047873377799988,29.43914031982422,44.47275924682617,44.02,,0.3086711209128703,mols/page_0189.png,8
2941,[C][C][C][Branch1][Ring1][C][Branch1][C][C][O][C][Ring1][Ring1][C][Ring1][=Branch1][C],CCC12CCC(O1)C2C,3.721790468830701,1.6378263235092163,0.3211364448070526,35.526371002197266,9.209333419799805,9.23,,0.3078578002299187,mols/page_0148.png,1
2470,[C][C][C][Ring1][Ring2][C][C][Branch1][Ring1][C][C][O][Ring1][Branch1],CCC1OC1C1CC1,2.464499695052122,1.7621101140975952,0.3467321395874023,32.19386672973633,12.292888641357422,12.53,,0.307309811761165,mols/page_0124.png,10
2451,[C][Branch1][Branch1][C][C][Branch1][C][O][C][C][C][Ring1][Ring1][C][C][N][Ring1][Ring2],OCCCC1CC12CCN2,2.799668362047821,1.5235763788223269,0.3000717461109161,36.28572082519531,32.63611602783203,32.26,,0.305740782361639,mols/page_0123.png,11
3281,[N][#C][C][C][C][Ring1][Branch1][C][Branch1][C][C][Branch1][Ring1][C][Branch1][=Branch1][C][=O][C],CC(CC=O)CCCC#N,2.099668362047822,3.181816577911377,0.2290606647729873,36.71329879760742,41.66283798217773,40.86,,0.3054677121417712,mols/page_0165.png,1
1612,[C][#C][C][C][C][Branch1][Ring1][C][C][Ring1][Ring1][C][O][C][C],C#CC1CC1(CC)COCC,2.5980915038517307,1.0797854661941528,0.3017155230045318,39.730464935302734,6.7419753074646,9.23,,0.3047260105135018,mols/page_0081.png,12
1235,[C][C][C][Branch1][C][C][O][C][Ring1][Ring2][C][C][Ring1][Ring1],CCC1(C)OC12CC2,2.2844996950521224,1.7918494939804075,0.3286768198013305,33.86284637451172,12.681319236755373,12.53,,0.3046584053233052,mols/page_0062.png,15
2994,[C][N][C][C][C][Ring1][Branch1][C][Branch1][C][C][Branch1][Branch1][C][O][C][Branch1][O],COCC(C)C1CCNC1,2.5396683620478213,1.1522364616394043,0.3089501559734344,37.483734130859375,22.85670280456543,21.26,,0.3045602960624759,mols/page_0150.png,14
1794,[C][C][C][Branch1][C][C][O][C][Branch1][Ring1][C][C][N][C][Ring1][Ring1][C][Ring1][Ring2],CCC(C)OC1CC2CC2N1,3.518091503851731,1.6214284896850586,0.3014017045497894,36.56292724609375,22.21296501159668,21.26,,0.3045131876846176,mols/page_0090.png,14
466,[C][C][C][N][C][C][O][C],CCCNCCOC,1.5644996950521224,1.5671942234039309,0.3078495264053345,35.954833984375,24.04335594177246,21.26,,0.3040109927255862,mols/page_0024.png,6
3671,[C][#C][C][C][C][Branch1][Ring1][C][Branch1][C][C][Ring1][Branch1][C][Branch1][Branch1][C][O][C][Ring1],CCC1(CCOC)C#CCC1,2.098091503851731,1.1342414617538452,0.2994807362556457,39.574520111083984,8.935469627380371,9.23,,0.3037993062422234,mols/page_0184.png,11
700,[C][C][C][O][C][C][Branch1][Ring1][C][Branch1][Branch1][C][=O],CCCOCCCC=O,1.581790468830701,3.0240492820739746,0.2279091328382492,38.45505905151367,27.736713409423828,26.3,,0.3037523615146809,mols/page_0036.png,0
1982,[N][C][C][C][Ring1][Ring1][C][O][C][C][Branch1][Ring1][C][=O][C][Ring1][Branch1],NC1CC1COC1CC1C=O,3.498091503851731,3.67861008644104,0.2221112996339798,34.52897644042969,54.97657012939453,52.32,,0.303457566724384,mols/page_0100.png,2
2243,[C][O][C][Branch1][Ring1][C][C][Branch1][Branch1][C][O],CCC(CO)OC,2.047846708163529,2.1946821212768555,0.3222910165786743,31.692611694335938,29.657590866088867,29.46,,0.3028238771405945,mols/page_0113.png,3
1561,[O][C][C][C][C][O][C][C][Ring1][Branch1][Ring1][Ring2][O],OCCC1C2OCC12O,2.9417904688307006,1.91912853717804,0.2919426560401916,34.3211784362793,49.30662155151367,49.69,,0.3024541924570669,mols/page_0079.png,1
4249,[C][C][C][Branch1][C][C][N][C][C][Ring1][Ring2][C][Ring1][Branch1][O],CCC1NCC2C(O)C12,3.461790468830701,2.170262336730957,0.2919897735118866,34.52456283569336,34.346275329589844,32.26,,0.3022836198609034,mols/page_0213.png,9
3387,[O][=C][N][C][C][Ring1][Ring1][C][C][O][C][Ring1][Ring2],O=CN1CC1C1COC1,2.4417904688307006,4.468206882476807,0.2535606920719147,30.29264068603516,29.52442169189453,29.31,,0.3020841298725824,mols/page_0170.png,7
2010,[C][C][C][Branch1][C][C][N][C][Branch1][Ring1][C][C][Ring1][Ring1][C][Ring1][Branch1],CCC1CC2(CC)CN12,2.9817904688307006,1.5162224769592283,0.3079881966114044,37.69691848754883,3.1285393238067627,3.01,,0.3019893591070774,mols/page_0101.png,10
4499,[C][Branch1][Ring1][C][Branch1][Branch1][C][Branch1][C][C][Branch1][=Branch1][C][Branch1][Ring2][C][Ring1][Ring2][C][O],CC1CCC(CO)C1,2.524499695052122,1.342754602432251,0.3447168171405792,33.26363754272461,20.242027282714844,20.23,,0.301929229376623,mols/page_0225.png,19
4329,[O][C][C][C][Branch1][C][O][C][C][C][Ring1][#Branch1][C][Ring1][=Branch1],OC1CC2(O)CCC1C2,3.761790468830701,1.5379846096038818,0.3189954757690429,33.64712905883789,40.23199462890625,40.46,,0.3018844143306691,mols/page_0217.png,9
907,[O][C][C][C][Branch1][C][C][O][C][Branch1][Ring1][Branch1],COC(C)CCO,2.047846708163529,1.8915446996688845,0.3251721262931824,32.48686599731445,29.79962730407715,29.46,,0.3012319076150486,mols/page_0046.png,7
3564,[N][#C][C][C][Branch1][C][C][C][Ring1][Ring1][C][Branch1][Ring1][C][C][N][C][Ring1][#Branch1],CCC1C=C(CC#N)CCN1,2.078091503851731,3.405844211578369,0.2450403124094009,34.6403694152832,35.54094314575195,35.82,,0.3012051458944197,mols/page_0179.png,4
3080,[O][C][#C][C][C][Branch1][Ring1][C][Branch1][C][C][C][Ring1][Ring2][C][O],CCC(=CCO)CC#CO,1.5996683620478216,2.141904354095459,0.2503705024719238,38.39704513549805,40.59041595458984,40.46,,0.3007434811322031,mols/page_0155.png,0
3682,[N][C][C][C][Ring1][Branch1][C][C][Branch1][Ring1][C][Branch1][Branch1][C][O][C][Ring1][Ring2][C],CC(CC1CCN1)C1COC1,2.51809150385173,1.8774628639221191,0.3051419854164123,35.31708526611328,20.174354553222656,21.26,,0.3004180274419006,mols/page_0185.png,2
2784,[C][C][C][Branch1][Ring1][C][O][C][Branch1][C][C][O][Branch1][Ring1][Branch1][C][N][C][C][Ring1],CCC1C(C)OC1O,3.0044996950521226,1.8446630239486688,0.3133179843425751,33.874053955078125,29.617176055908203,29.46,,0.30017880909373,mols/page_0140.png,4
598,[C][C][C][Branch1][Ring2][C][C][O][C][O][C][Ring1][#Branch1],CCC1(CCO)COC1,1.521790468830701,0.6626779437065125,0.3153431117534637,37.94367599487305,31.035871505737305,29.46,,0.2997626960143472,mols/page_0030.png,18
1763,[C][C][Branch1][Branch1][C][C][C][N][C][C][Ring1][Ring2][C][Ring1][Branch1],CC1CCC2(N)CC2C1,2.9817904688307006,1.3623201847076416,0.3158824145793915,35.88458633422852,23.22869682312012,26.02,,0.2997127415225447,mols/page_0089.png,3
2123,[C][#C][C][C][C][Ring1][Branch1][C][Branch1][Ring1][C][Branch1][C][C][Branch1][Branch1][C][O][C][Ring1],CCC(COC)C1C#CCC1,2.5980915038517307,1.2268294095993042,0.3002741038799286,39.064823150634766,9.01830768585205,9.23,,0.2990065667886252,mols/page_0107.png,3
4296,[O][C][C][C][Branch1][Ring1][C][Branch1][C][C][Ring1][Ring2][C][C][O][Ring1][Branch1][C][Ring1][#Branch1],CC1OCCC12CCO2,2.781790468830701,2.247710943222046,0.3154990077018738,33.02588653564453,17.754703521728516,18.46,,0.298093147606577,mols/page_0215.png,16
2846,[C][#C][C][C][Branch1][C][C][C][Ring1][Branch1][C][O][C][Ring1][Ring2][O],C#CCC(C)C1COC1O,3.0396683620478218,1.7468894720077517,0.2928226292133331,36.303993225097656,29.56926918029785,29.46,,0.297735441804533,mols/page_0143.png,6
3081,[C][C][N][C][C][Ring1][Ring1][C][Branch1][C][O][C][#N],CCN1CC1C(O)C#N,3.0017904688307007,2.894974946975708,0.2457781881093979,35.36959457397461,49.09620666503906,47.03,,0.2977083229812877,mols/page_0155.png,1
2043,[C][C][Branch1][C][C][C][O][C][C][Ring1][Ring2][C][Ring1][Branch1][C][Ring1][=Branch1],CC(C)C12OCC1C2C,2.9817904688307006,1.5333596467971802,0.3035997152328491,37.59911346435547,8.408549308776855,9.23,,0.2970370350301783,mols/page_0103.png,3
1115,[C][C][C][Branch1][C][C][O][C][Ring1][Ring1][C][Ring1][Branch1][C][O],CCC12CC(O1)C2CO,3.701790468830701,1.6495318412780762,0.3051665425300598,35.38456344604492,29.51736259460449,29.46,,0.2965753713893232,mols/page_0056.png,15
2343,[C][C][C][Branch1][Ring1][C][Branch1][C][C][O][C][Ring1][Ring2][C][C][Ring1][Ring1],CCC1OC2(CC2)C1C,2.801790468830701,1.585172176361084,0.304733395576477,37.2139892578125,9.159667015075684,9.23,,0.2958791451308377,mols/page_0118.png,3
3332,[C][C][O][C][C][C][Ring1][Ring1][C][O][Ring1][Ring1][O],CCOC1CC12CO2,2.764499695052122,2.100072860717773,0.3179793059825897,32.919227600097656,22.47675895690918,21.76,,0.2956502279752185,mols/page_0167.png,12
3071,[C][O][C][C][Branch1][Ring1][C][O][Branch1][Ring1][O][C][Ring1][Ring2][C][Branch1][Branch1][C][C][Ring1],COC1(CO)COC1,1.4844996950521223,2.6027050018310547,0.3078541457653045,30.831920623779297,38.85312271118164,38.69,,0.2953116963308204,mols/page_0154.png,11
69,[C][C][Branch1][C][C][Branch1][C][C][C][=Branch1][C][=O][C][C][O][Ring1][Ring1],CC(C)(C)C(=O)C1CO1,2.021790468830701,3.579320907592773,0.2121282815933227,37.764404296875,29.055116653442383,29.6,,0.2948172109675303,mols/page_0004.png,9
884,[C][C][C][O][C][C][Ring1][Ring2][C][O],CCC1OCC1CO,2.504499695052122,2.2607216835021973,0.3105169534683227,32.55328750610352,29.174495697021484,29.46,,0.294285212750175,mols/page_0045.png,4
497,[N][C][C][C][O][C][C],CCOCCCN,1.5478467081635288,2.0303003787994385,0.3138167262077331,32.60932540893555,35.103904724121094,35.25,,0.2937785936622476,mols/page_0025.png,17
1955,[N][#C][C][Branch1][Ring1][C][C][Branch1][C][C][C][O][C][Branch1][=Branch1][C][=O],CCC(C)(C#N)COCC=O,2.118091503851731,2.783641576766968,0.2255922853946685,37.71796798706055,49.98597717285156,50.09,,0.293511653816236,mols/page_0098.png,15
3290,[C][#C][C][C][C][Branch1][C][C][Ring1][Ring1][C][Branch1][Ring1][C][C][N][C][Ring1][Branch1],C#CC1CC1(C)C1(CC)CN1,3.0380915038517307,1.7689327001571655,0.2853124439716339,37.69902801513672,19.397817611694336,21.94,,0.2933347734631704,mols/page_0165.png,10
2609,[C][C][Branch1][C][C][C][O][C][Branch1][Ring1][C][C][Ring1][Branch1][C][Branch1][Branch1][C][Ring1][Ring1],CC1(C)COC12CCCC2,1.8196683620478216,1.6138184070587158,0.3150137960910797,36.16489410400391,7.117382049560547,9.23,,0.2931603728192827,mols/page_0131.png,9
1946,[C][C][Branch1][Ring1][C][Branch1][C][C][C][N][C][Ring1][Ring1][C][C][Ring1][#Branch1],CC1CCC2NC2C1C,3.481790468830701,1.5429739952087402,0.311555951833725,35.599952697753906,22.545209884643555,21.94,,0.2929807396933865,mols/page_0098.png,6
3838,[C][C][C][C][O][C][C][C][=O],CCCCOCCC=O,1.581790468830701,3.0611793994903564,0.2258621603250503,38.38185501098633,27.2662296295166,26.3,,0.2926013837648488,mols/page_0192.png,18
3940,[N][#C][C][C][Branch1][C][C][C][O][C][Ring1][Ring2],N#CCC1CCOC1,2.0044996950521226,4.133163928985596,0.2907046973705292,27.28249740600586,33.285831451416016,33.02,,0.2924245141954882,mols/page_0198.png,0
3857,[C][Branch1][C][C][Branch1][Ring1][C][Branch1][Branch1][C][Branch1][Ring2][C][C][C][Ring1][Ring1][C][Ring1][Branch1],CCCC1CC(C)C1,1.5444996950521224,0.1322735100984573,0.3761108219623565,35.97189712524414,-0.5511627793312073,0.0,,0.2920821087356785,mols/page_0193.png,17
1814,[C][C][C][Branch1][C][C][O][C][C][N][Ring1][Ring1][C][C][Ring1][Branch1],CCC(C)OC12CCN1C2,2.9796683620478217,1.5019893646240234,0.3104813396930694,36.77944564819336,10.360273361206056,12.24,,0.2920535665534562,mols/page_0091.png,14
4292,[N][#C][C][Branch1][C][O][C][Branch1][Ring1][C][O][Ring1][Ring1][C][Branch1],CC(CO)=C(O)C#N,1.5444996950521224,4.250161647796631,0.2150107771158218,31.875228881835938,68.99689483642578,64.25,,0.2920282165700231,mols/page_0215.png,12
4021,[C][Branch1][Ring1][C][Branch1][C][C][C][Branch1][Ring2][C][C][O][C][Ring1][=Branch1],OCCC1CCCC1,1.5244996950521223,1.350142240524292,0.3462681770324707,32.92145156860352,20.11881446838379,20.23,,0.2917751988043801,mols/page_0202.png,1
2110,[C][#C][C][C][Branch1][C][C][C][O][C][Ring1][Branch1][C][Branch1][Ring2][C][Branch1],C#CCC1(C)COC1CC,2.5596683620478213,1.5284072160720823,0.2967431545257568,38.28454208374024,7.761868953704834,9.23,,0.2917536179574974,mols/page_0106.png,10
3251,[C][C][Branch1][Ring1][C][C][C][O][C][Ring1][Branch1][C][C][Ring1][Ring1][C][Branch1][C],CC1COC2(CC2C)C1C,3.8196683620478216,1.4812227487564087,0.3031092584133148,37.79511260986328,7.904958248138428,9.23,,0.2917081258808056,mols/page_0163.png,11
2605,[C][O][C][C][Branch1][Ring1][C][C][C][Ring1][Branch1][C][O][Ring1][Branch1],COC1C2COC(C)C21,3.461790468830701,2.106619119644165,0.3125495314598083,33.65947723388672,18.803333282470703,18.46,,0.2911310183535006,mols/page_0131.png,5
2531,[C][C][C][Ring1][Branch1][C][C][Branch1][Ring1][C][Branch1][C][N][Branch1][C][O][C][Ring1][Ring1][C],CC1NCC1(O)CC1CC1,2.4796683620478213,1.0824267864227295,0.3054149150848388,37.0913314819336,33.26070785522461,32.26,,0.2910993887216495,mols/page_0127.png,11
1376,[C][C][C][Branch1][C][C][Ring1][Ring1][C][Branch1][Ring1][C][C][O][C][Ring1][=Branch1],CCC1OCCC12CC2,2.301790468830701,1.394546389579773,0.3284963071346283,35.442901611328125,8.652831077575684,9.23,,0.2909285915887453,mols/page_0069.png,16
1457,[C][C][C][N][C][Branch1][C][C][Branch1][Ring1][C][N][Ring1][Ring2][C][Branch1][=Branch1][C][=O],CC1CNC1(C)CN,2.504499695052122,1.8449394702911377,0.2912777960300445,34.88130569458008,43.9749641418457,38.05,,0.2906632672842823,mols/page_0073.png,17
3163,[C][#C][C][Branch1][C][C][Branch1][Ring1][C][C][C][Ring1][Ring1][C][Branch1][Ring2][C][Branch1][Branch1][C],C#CC1(C)C(C)C1CCC,3.079668362047822,0.9177565574645996,0.295868843793869,41.25748443603516,-0.5055812001228333,0.0,,0.2906152585075041,mols/page_0159.png,3
2027,[C][#C][C][C][Branch1][C][C][C][O][C][C][Ring1][Ring2],C#CCC(C)C1CCO1,2.5417904688307007,2.0088672637939453,0.3016342520713806,35.88840866088867,8.853304862976074,9.23,,0.2901953180297535,mols/page_0102.png,7
1408,[C][C][C][Branch1][Ring1][C][C][Ring1][Branch1][C][Ring1][Ring1][C][Branch1][C][O][C][Ring1][=Branch1],CC12CC(O)C1C21CC1,3.2417904688307013,1.5413564443588257,0.3177975714206695,35.06565475463867,20.50947380065918,20.23,,0.2895535854133022,mols/page_0071.png,8
2528,[C][C][C][Branch1][C][O][C][Branch1][Ring1][C][C][Ring1][Branch1][C][C][N][C][Ring1][=Branch1],CC1CNCCC12CCC2O,3.338091503851731,1.739248275756836,0.2971777021884918,35.7791748046875,29.1591739654541,32.26,,0.2892556055040994,mols/page_0127.png,8
1796,[N][C][C][O][C][C][Ring1][Ring1][C][Branch1][C][O][Ring1][=Branch1],NC1COCCC1O,2.484499695052122,2.4718406200408936,0.3064331412315368,30.32260513305664,52.36848449707031,55.48,,0.2886858508787151,mols/page_0090.png,16
1470,[C][C][C][Branch1][C][C][#C][C][Branch1][Ring1][C][=O][C],CCC(C)=CC(C)C=O,2.101790468830701,3.17484188079834,0.2166528850793838,39.56120300292969,17.7508602142334,17.07,,0.2882421885073183,mols/page_0074.png,10
2759,[C][C][C][O][C][C][Branch1][C][C][Ring1][Ring2][C][C][Ring2][C][Ring1][=Branch1],CCC1OCC12CCC2,2.301790468830701,1.7360745668411257,0.3178441822528839,35.17850875854492,9.201849937438965,9.23,,0.2880997738115404,mols/page_0138.png,19
1919,[C][C][Branch1][Ring1][C][Branch1][C][C][C][O][C][C][Ring1][Ring1][C][Ring1][=Branch1],CC1CCCCCOC1,2.041790468830701,1.2072975635528564,0.3214470744132995,36.7440299987793,9.582712173461914,9.23,,0.2880480802782471,mols/page_0096.png,19
3285,[C][#C][C][C][C][Branch1][C][C][O][C][C][Ring1][Branch1],C#CCCC1(C)CCO1,2.041790468830701,1.9018014669418333,0.3016328811645508,36.28504180908203,8.40501594543457,9.23,,0.2879990583695547,mols/page_0165.png,5
1632,[C][C][Branch1][Ring1][C][O][C][Branch1][Branch1][C][O][Ring1][Branch1][C],CC1COC(O)C1C,3.0044996950521226,2.159123182296753,0.3171057999134063,32.1334228515625,29.36889839172364,29.46,,0.2877239558297468,mols/page_0082.png,12
2254,[C][C][Branch1][C][C][C][Ring1][Ring2][C][Ring1][Branch1][C][Branch1][Ring1][C][O][C][Ring1][Ring1],CC1C2C1C2C1CC1O,3.421790468830701,1.539182424545288,0.3133561313152313,35.44660949707031,21.13618850708008,20.23,,0.2874098036252626,mols/page_0113.png,14
508,[N][C][=Branch1][C][=O][C][Branch1][C][O][C][C][O][Ring1][Ring1],NC(=O)C(O)C1CO1,2.464499695052122,3.46057677268982,0.2743352055549621,28.32396125793457,73.07613372802734,75.85000000000001,,0.286642234070248,mols/page_0026.png,8
3436,[C][#C][C][C][C][Branch1][C][C][Ring1][Branch1][C][O][C][C],CCOCC1(C)C#CCC1,2.0596683620478218,1.2612520456314087,0.3002574145793915,38.66767883300781,9.913920402526855,9.23,,0.2865494063173975,mols/page_0172.png,16
3831,[C][N][C][C][Branch1][C][C][C][Ring1][Ring1][C][Branch1][Ring1][C][C][O][C][Ring1][Branch1],CCC1(C=C(C)CNC)CO1,2.078091503851731,2.1963324546813965,0.2491528540849685,39.18336868286133,26.25739097595215,24.56,,0.2864278105960126,mols/page_0192.png,11
879,[C][#C][C][C][Branch1][C][C][C][Ring1][Branch1][C][O],C#CCC(C)CCO,2.084499695052122,1.3951988220214844,0.3158794939517975,35.78140640258789,20.058347702026367,20.23,,0.2859411899106686,mols/page_0044.png,19
2960,[C][Branch1][Branch1][C][C][C][O][C][C][Ring1][Branch1][C][Branch1][C][O][Ring1][Branch1][O],OC1C2CCCC2C1(O)O,2.9596683620478217,1.7675836086273191,0.2922630906105041,33.8612060546875,58.69782638549805,60.69,,0.2857170271098498,mols/page_0149.png,0
542,[C][C][=Branch1][C][=N][O][C][C][=C][NH1][N][=Ring1][Branch1],CC(=N)Oc1cc[nH]n1,1.381790468830701,4.061964511871338,0.2442544102668762,30.04911422729492,61.41619110107422,61.76,,0.285551483369554,mols/page_0028.png,2
1043,[C][Branch1][C][C][C][Branch1][Ring1][C][Branch1][Ring2][C][C][O],CCCCCCO,1.5678467081635288,1.387704849243164,0.343838483095169,32.87144088745117,20.62291717529297,20.23,,0.2843215811548382,mols/page_0053.png,3
3573,[C][C][C][Ring1][Ring2][C][C][Branch1][Ring1][C][C][O][C][Ring1][#Branch1],CCC1CC2(CC2)CO1,2.301790468830701,1.436553716659546,0.3275169134140014,35.234642028808594,9.20071029663086,9.23,,0.2841152233969142,mols/page_0179.png,13
3068,[N][#C][C][C][C][Branch1][C][C][O][C][Ring1][Branch1][C][Ring1][#Branch1],CC1OC2CC(C#N)C12,3.461790468830701,3.557423591613769,0.2748084962368011,30.921850204467773,33.215301513671875,33.02,,0.2840256940621616,mols/page_0154.png,8
3090,[C][O][C][C][C][C][Branch1][C][C][O][C][Ring1][=Branch1][Ring1][Ring2],COCC1CC2(C)OC12,2.9617904688307006,1.0460312366485596,0.3329414427280426,35.14068603515625,22.07616806030273,21.76,,0.2838722901563472,mols/page_0155.png,10
2856,[C][#C][C][C][Branch1][Ring1][C][C][C][Ring1][Ring1][C][Ring1][Branch1][C][O],C#CCC12C(C)C1C2CO,3.4996683620478213,1.774941325187683,0.2905840277671814,36.96971130371094,19.54966163635254,20.23,,0.2838232700496673,mols/page_0143.png,16
1779,[C][C][Branch1][C][C][C][Ring1][Ring1][C][O][C][Branch1][Ring1][C][=O][C],CC(C)=CCOC(C)C=O,2.099668362047822,3.29236912727356,0.2199161946773529,37.93266296386719,27.950580596923828,26.3,,0.2835141844347886,mols/page_0089.png,19
2161,[C][C][C][Branch1][C][C][Ring1][Branch1][C][Branch1][Branch1][C][O][C][Branch1][Ring1][C][C][O][Ring1],CC1(C2COCCCO2)CC1,2.018091503851731,1.3700672388076782,0.3250824809074402,35.249305725097656,15.343915939331056,18.46,,0.2833589574713339,mols/page_0109.png,1
1572,[C][C][C][Branch1][C][C][O][C][C][Ring1][Ring2][C][Ring1][Branch1][C],CCC1OCC2C(C)C12,3.481790468830701,1.479100227355957,0.3235177397727966,35.45394515991211,9.357450485229492,9.23,,0.28283112239532,mols/page_0079.png,12
2758,[C][#C][C][C][C][Branch1][Ring1][C][C][O][C][Branch1][C][C][Ring1][Ring1],C#CCCC1CCC(C)O1,2.5596683620478213,1.6240646839141846,0.3082718253135681,36.56044387817383,8.146429061889648,9.23,,0.2821251150054394,mols/page_0138.png,18
1348,[C][C][C][N][C][Branch1][Ring1][C][#N][C][Ring1][#Branch1][Ring1][Branch1][C],CC1CN2C(C#N)C12C,3.461790468830701,3.31646728515625,0.2624228000640869,33.533748626708984,26.96185111999512,26.8,,0.2820232069961181,mols/page_0068.png,8
2772,[N][=C][O][C][C][C][C][Ring1][Ring2][C][O],N=COC1CCC1CO,2.5017904688307007,1.998916387557984,0.2796123027801513,34.62906265258789,53.55189514160156,53.31,,0.2817858944407214,mols/page_0139.png,12
2281,[C][Branch1][C][C][C][Branch1][Ring1][C][C][O][C][C][Ring1][Branch1][C][Ring1][=Branch1][C][Ring1][Ring1],CCC1OCC23CC2C13C,3.759668362047822,1.5141388177871704,0.3237168192863464,35.34269332885742,8.618127822875977,9.23,,0.2817749638556523,mols/page_0115.png,1
3078,[C][O][C][C][C][Branch1][Ring1][C][Branch1][Branch1][C][O][N][Ring1][Branch1],COCCC1CCON1,2.001790468830701,2.028681516647339,0.3170603811740875,32.6320915222168,27.90007972717285,30.49,,0.2813790795793949,mols/page_0154.png,18
2003,[O][=C][N][C][C][C][C][Branch1][C][O][C][Ring1][=Branch1][Ring1][#Branch1],O=CN1C2CCC(O)C21,3.441790468830701,4.039622783660889,0.2497376650571823,31.04312896728516,41.186614990234375,40.31,,0.2810093931483911,mols/page_0101.png,3
672,[N][=C][N][C][O][C][O],N=CNCOCO,1.5078467081635287,3.224767208099365,0.2598263323307037,31.017024993896484,67.40983581542969,65.34,,0.2801711220292173,mols/page_0034.png,12
3539,[C][N][C][C][Branch1][C][C][O][C][C][Ring1][Ring1],CCOC(C)CNC,2.0644996950521226,1.5610435009002686,0.2978796660900116,36.655006408691406,23.203691482543945,21.26,,0.2787972666339223,mols/page_0177.png,19
2090,[C][C][C][Branch1][C][C][O][C][Branch1][Branch1][C][O][Branch1][Branch1][Ring1][Branch1][C][=O],CC1OC(C=O)(CO)C1C,3.0196683620478217,3.6873373985290527,0.2103174328804016,35.97907638549805,46.17295455932617,46.53,,0.2787944452984843,mols/page_0105.png,10
698,[C][C][C][O][C][C][Ring1][Branch1][C][O],CC1COCC1CO,2.504499695052122,2.344343662261963,0.3136627376079559,31.629697799682617,29.647083282470703,29.46,,0.2786574294508972,mols/page_0035.png,18
3700,[N][#C][C][C][C][Branch1][C][C][O][C][Ring1][Branch1][C][Ring1][=Branch1],CC1OC2CC12CC#N,2.9617904688307006,3.2086756229400635,0.2740274369716644,32.22986602783203,32.83224868774414,33.02,,0.2780270399895891,mols/page_0186.png,0
2741,[C][C][C][Ring1][Branch1][C][Branch1][Ring1][C][C][Branch1][C][C][=Branch1][C][Ring1][Ring1][C][Branch1][=Branch1],CC1CCC1(C)C1CC1,2.5017904688307007,0.1867876946926117,0.3451811373233795,38.66153335571289,0.0669204369187355,0.0,,0.2777082308707785,mols/page_0138.png,1
1081,[C][C][O][C][C][C][Branch1][Ring1][C][O],CCOCCCCO,1.5644996950521224,0.5739511251449585,0.3341748118400574,36.053497314453125,30.10399627685547,29.46,,0.2776547981199296,mols/page_0055.png,1
2937,[C][C][C][O][C][C][Ring1][Ring2][C][Ring1][Branch1][C][C],CCC1C2COC12CC,2.9817904688307006,1.5016535520553589,0.3055339753627777,37.17527389526367,8.753798484802246,9.23,,0.2775397913661159,mols/page_0147.png,17
2959,[C][#C][C][Branch1][C][C][Branch1][Branch1][C][Branch1][Ring1][C][C][C][O][C][C][Ring1][#Branch1],C#CC1(C)COCCC1CC,2.5980915038517307,1.2779618501663208,0.3058050274848938,38.11309051513672,6.8562421798706055,9.23,,0.2768733046303571,mols/page_0148.png,19
3733,[O][C][Branch1][Ring1][C][C][C][Branch1][C][C][Ring1][Ring2][C][Branch1][Branch1][C][Branch1][=Branch1][C][Branch1],CCCC(C)=C(O)CC,1.603215468830701,1.3228418827056885,0.2573734521865845,41.765380859375,21.74579811096192,20.23,,0.2762181903974606,mols/page_0187.png,13
3614,[C][C][C][N][C][=C][C][=N][NH1][Ring1][Branch1],CCCNc1ccn[nH]1,1.401790468830701,3.734335660934448,0.2347889840602874,33.63360977172852,41.14822769165039,40.71,,0.2760498716934381,mols/page_0181.png,14
1781,[C][C][C][Branch1][C][C][O][C][Branch1][Ring1][C][C][N][Ring1][Ring1][C][Ring1][Ring1],CCC(C)OC1C2CCN21,3.4796683620478213,1.6362192630767822,0.3053595721721649,36.487186431884766,10.945796012878418,12.24,,0.2751873770780074,mols/page_0090.png,1
178,[C][C][Branch1][Ring2][O][C][=N][C][C][Ring1][=Branch1][C][#N],CC1(OC=N)CC1C#N,2.5017904688307007,2.443100929260254,0.2729076743125915,33.274410247802734,57.24200439453125,56.87,,0.2750478599432449,mols/page_0009.png,18
2989,[C][C][C][O][C][Branch1][Ring1][C][Branch1][C][C][Branch1][O][C][C][Ring1][Ring2][C][Ring1][Ring1],CCCOC1C(C)C2CC21,3.4996683620478213,0.9960283041000366,0.3246088624000549,37.080345153808594,8.435504913330078,9.23,,0.2749887237575469,mols/page_0150.png,9
4101,[C][#C][C][Branch1][C][O][C][C][C][Ring1][Ring2][C][Branch1][Branch1][C][N][C][Branch1][Ring1][C],C#CC1CCC(CCNCC)O1,2.617024615544936,1.913860559463501,0.2797932922840118,37.39105987548828,19.879623413085938,21.26,,0.2749514930903965,mols/page_0206.png,1
2025,[C][C][Branch1][C][O][C][N][C][Branch1][Ring1][C][O][C][Ring1][Branch1][Ring1][Branch2],CC1(O)CN2C(CO)C21,3.441790468830701,1.577739953994751,0.2914026975631714,35.60149383544922,43.76639938354492,43.47,,0.2736812756052411,mols/page_0102.png,5
977,[C][#C][C][Branch1][C][O][C][C][Branch1][Branch1][C][O][Ring1][Ring1][C][Ring1][#Branch1],C#CC1(O)CC2(CO2)C1,1.7817904688307011,2.6958096027374268,0.2817837297916412,33.2723388671875,32.769081115722656,32.76,,0.273557873335839,mols/page_0049.png,17
1862,[C][Branch1][C][C][C][Branch1][Ring1][C][C][O][C][Branch1][=Branch1][C][=O][C][O],CCC(CC)OCC=O,1.581790468830701,2.7271764278411865,0.2245529592037201,39.45018768310547,27.20713233947754,26.3,,0.273415563161521,mols/page_0094.png,2
2370,[C][C][C][Branch1][C][C][Ring1][Branch1][C][Branch1][Ring1][C][C][O][C][Branch1][Branch1][C][O][Ring1],CCC(OCC=O)C1(C)CC1,2.078091503851731,2.8306846618652344,0.2281677573919296,38.96430206298828,23.614057540893555,26.3,,0.2730956172470012,mols/page_0119.png,10
1884,[C][#C][C][O][C][Branch1][C][C][Branch1][Branch1][C][O][Branch1][Ring1][C][O][Ring1][Ring1][C][Ring1],C#CCOC1(C)OC1=O,2.001790468830701,3.392674684524536,0.2580009996891022,32.8615608215332,36.055213928222656,38.83,,0.2729723682929384,mols/page_0095.png,4
4220,[N][#C][C][Branch1][C][C][C][Ring1][Branch1][C][O][C][Ring1][=Branch1],CC1(C#N)CCOC1,2.0044996950521226,3.484484434127808,0.2997557818889618,28.424823760986328,33.567481994628906,33.02,,0.2728371595226622,mols/page_0212.png,0
402,[N][#C][C][C][=Branch1][C][=N][N][C][Ring1][Branch1][C][=O],N#CC1C(=N)NC1C=O,2.4817904688307006,4.855545520782471,0.209316685795784,29.353309631347656,76.0286865234375,76.74000000000001,,0.2724330637648859,mols/page_0021.png,2
1104,[C][C][C][C][Branch1][C][C][C][C],CCCC(C)CC,2.087846708163529,0.1677519530057907,0.383184015750885,34.73062896728516,0.2547251582145691,0.0,,0.2722580119556356,mols/page_0056.png,4
86,[N][=C][#Branch2][=NH1+1][C-1][O-1][NH3+1],N=C([NH3+])[O-],1.482440063862291,6.066877365112305,0.2252026349306106,22.75637626647949,81.87080383300781,74.55,,0.2712870110489048,mols/page_0005.png,6
2831,[C][C][C][C][C][Ring1][Ring2][C][C][C][C][Ring1][Ring1],CC1CCC1CC1CC1,2.5017904688307007,0.2252504676580429,0.3545253872871399,37.4000129699707,0.6594990491867065,0.0,,0.2706541626459721,mols/page_0142.png,11
4078,[O][C][C][C][#C][C][Branch1][C][F][Branch1][C][F][F],OCCC#CC(F)(F)F,1.541790468830701,2.9889168739318848,0.2897472977638244,32.20982360839844,21.03632164001465,20.23,,0.2702555075391293,mols/page_0204.png,18
2500,[C][C][C][Branch1][Ring1][C][Branch1][C][C][O][C][Ring1][Ring1][C][Ring1][Branch1][C],CCC1OC2CC1C2C,4.221790468830702,1.509169578552246,0.3245070874691009,35.06731033325195,8.882469177246094,9.23,,0.2699251289082672,mols/page_0126.png,0
1355,[C][C][Branch1][C][C][O][C][C][Ring1][Ring2][C][C][C][N][Ring1][Branch1],CC1CC2(CCCN2)CO1,2.799668362047821,1.5331475734710691,0.3157835006713867,34.39783477783203,27.942258834838867,21.26,,0.2688498998559266,mols/page_0068.png,15
105,[C][C][C][O][C][C][Ring1][C][C][N][C][Ring1][Ring1][C],CCCOC=CC1NC1C,2.5396683620478213,2.761383295059204,0.2423086762428283,37.04632568359375,32.14625930786133,31.17,,0.2686528416796677,mols/page_0006.png,5
2919,[C][C][Branch1][C][C][O][C][Branch1][Ring1][C][C][Ring1][Ring1][C][Branch1],CCC1(C)CC(C)O1,2.524499695052122,1.4957953691482544,0.3233856856822967,35.19120788574219,9.137361526489258,9.23,,0.2686110238165183,mols/page_0146.png,19
1848,[C][C][C][=Branch1][C][=O][C][C][Ring1][Branch1][C][C][O],CC1C(=O)CC1CCO,2.5217904688307007,3.379913091659546,0.2209506630897522,36.51470184326172,37.59410858154297,37.3,,0.2681984910061569,mols/page_0093.png,8
4144,[N][#C][C][C][C][Branch1][C][C][O][C][Ring1][=Branch1],CC1CC(C#N)CO1,2.504499695052122,3.400909423828125,0.3007642924785614,28.54836082458496,33.54207992553711,33.02,,0.267573371265813,mols/page_0208.png,4
3396,[C][C][C][Branch1][C][C][O][C][C][Ring1][Ring1][C][Branch1][Ring1][C][C][=O],CCC(=O)CCOC(C)CC,2.138091503851731,1.9899400472640991,0.231550320982933,41.504676818847656,25.42625617980957,26.3,,0.2670348328260844,mols/page_0170.png,16
2921,[C][C][C][Ring1][Branch1][C][C][Branch1][C][N][C][Ring1][Ring2][C][Branch1][Ring1][C][Ring1][Ring1][C],CC1CC12C(N)C2C1CC1,3.759668362047822,1.439130187034607,0.3005841076374054,36.54572677612305,24.38239288330078,26.02,,0.2668128178739531,mols/page_0147.png,1
691,[C][C][C][O][C][C][Branch1][C][C][Ring1][Ring2][C],CCC1OCC1(C)C,2.0244996950521226,1.6559609174728394,0.3188600838184356,34.980438232421875,9.73485279083252,9.23,,0.2665112277720659,mols/page_0035.png,11
533,[=C][O][C][C][C][N],COCCCN,1.5318943340952076,2.465687990188598,0.3214601874351501,29.68678855895996,36.03655624389648,35.25,,0.2661469212672575,mols/page_0027.png,13
141,[O][=C][C][C][C][=Branch1][C][C][N][C][C][Ring1][Ring1][C],CC(CCC=O)N1CC1C,3.0396683620478218,3.535203695297241,0.2154497802257537,37.78569793701172,20.27882194519043,20.08,,0.2656975269765431,mols/page_0008.png,1
2105,[C][C][C][Branch1][Ring1][C][C][O][C][C][Ring1][Ring2][C][Ring1][=Branch1][C],CCC1OCC2CC1C2C,4.239668362047822,1.312509059906006,0.3299570381641388,35.22368621826172,8.163244247436523,9.23,,0.265593868178034,mols/page_0106.png,5
478,[N][C][C][O][C][C][C],CCCOCCN,1.5478467081635288,2.032145500183105,0.3145084679126739,32.37153625488281,31.203311920166016,35.25,,0.2655742898868736,mols/page_0024.png,18
3170,[C][C][C][N][C][C][Ring1][Ring1][Branch1][C][C][O],CCCN1CC1(C)O,2.504499695052122,1.5985974073410034,0.2991626858711242,36.13343811035156,23.54604721069336,23.24,,0.265000556992055,mols/page_0159.png,10
1686,[C][#C][C][Branch1][Ring1][C][C][C][Ring1][Ring1][C][Branch1][C][C][O][C],C#CC1C(C)C1C(C)OC,3.5596683620478213,1.183241367340088,0.2932673096656799,39.279422760009766,10.432917594909668,9.23,,0.2646668156394191,mols/page_0085.png,6
1293,[C][C][C][N][C][C][O][C][Ring1][Ring2],CCCNC1COC1,1.5044996950521223,2.3154659271240234,0.303349882364273,33.09088516235352,22.77143096923828,21.26,,0.2645013512219087,mols/page_0065.png,13
3073,[C][C][C][Branch1][Ring1][C][C][N][C][C][Ring1][Ring2][C],CCC1CCC(C)CN1,2.5417904688307007,1.3441057205200195,0.2979365885257721,37.6572265625,17.518503189086914,12.03,,0.2644584599356095,mols/page_0154.png,13
3459,[C][C][C][Branch1][C][C][O][C][C][Ring1][Ring2][C][Branch1][Ring1][C][N][Ring1][=Branch1],CCC12CC(CO1)C2CN,3.7196683620478215,1.5898337364196775,0.3020186722278595,35.35487365722656,30.20328712463379,35.25,,0.2644505177844509,mols/page_0173.png,19
2409,[C][C][C][Branch1][C][C][#C][C][C][O][C][Branch1][Ring1][C][C],CCCOCCC=C(C)CC,1.666061503851731,1.0600519180297852,0.2712849676609039,42.10154342651367,8.956478118896484,9.23,,0.2644334163527997,mols/page_0121.png,9
3578,[O][C][Branch1][Ring1][C][C][Branch1][C][C][C][O][C][Ring1][Ring2][C][Branch1][Branch1][C][Ring1][Ring1],CCC1(O)COC2(CC2)C1,2.299668362047821,1.2893677949905396,0.3035013079643249,36.39849090576172,29.14634895324707,29.46,,0.2643425208091214,mols/page_0179.png,18
1664,[C][C][Branch1][C][C][C][O][C][Branch1][Ring1][C][=O][C][C][Ring1][Branch1][C][Ring1][=Branch1],CC(C)COC1(C=O)CC1C,2.5780915038517307,2.643815994262696,0.22583569586277,39.67619705200195,24.586565017700195,26.3,,0.2640227129905357,mols/page_0084.png,4
2943,[C][#C][C][C][C][Ring1][Ring1][C][C][Branch1][C][C][N][C][Ring1][Ring2][C][Ring1][Branch1],C#CC1CC1CC1(C)NC1C,3.538091503851731,1.6202527284622192,0.285634696483612,37.66651153564453,20.35042762756348,21.94,,0.2638490294683543,mols/page_0148.png,3
1768,[C][#C][C][Branch1][C][C][Branch1][Branch1][C][N][C][C][Ring1][Ring1][C][Branch1][=Branch1][C][O],CCNCC1(C)C#C1,1.5244996950521223,2.107147455215454,0.2606688439846039,38.31295394897461,21.53633499145508,12.03,,0.2629485100754057,mols/page_0089.png,8
2260,[C][C][Branch1][C][C][C][Ring1][Ring1][C][Branch1][Ring1][C][C][N][Branch1][Ring2][O],CCC(C=C(C)C)NO,2.081790468830701,1.9225491285324097,0.247279405593872,40.17509841918945,24.0525016784668,32.26,,0.262637628553073,mols/page_0114.png,0
1511,[O][C][C][C][Branch1][Ring1][C][O][C][O][Branch1][Ring1][Branch1][C],OCCC1(CO)CO1,1.9844996950521223,1.1883515119552612,0.3311790525913238,32.134483337402344,52.29436111450195,52.99,,0.2625326501070621,mols/page_0076.png,11
297,[C][N][C][C][C][O][C],CNCCCOC,1.5478467081635288,2.257321357727051,0.3003447353839874,33.36001205444336,25.657257080078125,21.26,,0.2623767181969546,mols/page_0015.png,17
2788,[C][C][C][Branch1][Ring1][C][C][O][C][Ring1][Ring2][C][Branch1][Branch1][C][C][Ring1][Ring1][C][Ring1],CCC1OC(C23CC2C3)C1C,2.9780915038517306,1.4588332176208496,0.3167179822921753,36.04776763916016,7.222642421722412,9.23,,0.2617618843221729,mols/page_0140.png,8
4428,[C][C][Branch1][C][C][C][N][C][Branch1][Ring1][C][Branch1][Branch1][C][O][C][Ring1][Ring2][C][Ring1],CC(C)CNC1CC2OCC12,3.01809150385173,1.452203631401062,0.2998995780944824,36.43818283081055,24.99039459228516,21.26,,0.2617247828664481,mols/page_0222.png,8
162,[O][C][C][Branch1][C][C][O][C][Ring1][Ring2][C],CC1OC1(C)CO,2.487846708163529,2.224493265151977,0.3349220156669616,29.418500900268555,32.258155822753906,32.76,,0.2616791031112369,mols/page_0009.png,2
2203,[C][C][C][Branch1][Ring1][C][C][O][C][Branch1][Branch1][C][C][Ring1][Branch1][C][Ring1][Ring1][C],CCC1CCCC2C(C)C2O1,3.538091503851731,1.2840319871902466,0.3225529789924621,36.1275749206543,6.724112033843994,9.23,,0.261187603810511,mols/page_0111.png,3
1640,[C][#C][C][Branch1][Ring1][C][Branch1][C][C][C][Branch1][Branch1][C][O][C][Branch1][=Branch1][C][=O][C],C#CC(CC)CCOCC=O,2.138091503851731,2.7898764610290527,0.228920891880989,38.73110961914063,25.09097671508789,26.3,,0.261118954010524,mols/page_0083.png,0
3002,[O][C][C][C][Branch1][C][C][Ring1][Ring2][C][C][N][Ring1][Ring1],CC1(C2CN2)CCO1,2.444499695052122,2.675971746444702,0.313019335269928,30.0994873046875,30.379623413085938,31.17,,0.2597190805560295,mols/page_0151.png,2
3527,[O][C][Branch1][C][C][Branch1][Ring1][C][C][O][C][Ring1][Ring1][C][Ring1][Ring2][C],CC1C2CC(C)(O)OC12,3.461790468830701,1.2696129083633425,0.3128615915775299,35.40215301513672,29.542016983032227,29.46,,0.2594675303134047,mols/page_0177.png,7
3441,[C][#C][C][C][C][Branch1][C][C][Ring1][Branch1][C][O][C][Ring1][Ring1][C],CC1OC1C1(C)C#CCC1,2.9996683620478217,1.83220899105072,0.2994993925094604,35.99234771728516,12.403477668762209,12.53,,0.2594225439084514,mols/page_0173.png,1
900,[C][C][C][Branch1][C][C][O][C][C][Ring1][Branch1][C],CCC1(C)OCC1C,2.524499695052122,1.6271387338638306,0.3174047768115997,35.14529037475586,9.37328052520752,9.23,,0.259174729939035,mols/page_0046.png,0
1324,[C][C][C][N][Branch1][Ring1][C][C][O][C][Ring1][Branch1],CCCN(CC)OC,1.5644996950521224,1.440535068511963,0.2977871596813202,37.90357208251953,8.655908584594727,12.47,,0.2590120583362987,mols/page_0067.png,4
2379,[C][#C][C][Branch1][C][C][C][Branch1][Ring1][C][C][Ring1][Branch1][C][Branch1][=Branch1][C][Branch1][Ring2][C],CCCC1(CC)C#CC1C,2.5796683620478214,0.8210639953613281,0.2936758399009704,41.08221054077149,2.684168815612793,0.0,,0.2588845366206573,mols/page_0119.png,19
3474,[#C][C][C][C][Ring1][Ring1][C][Branch1][C][C][O][C],COC(C)C1CC1C,3.0244996950521226,1.0633957386016846,0.3322928249835968,35.66751480102539,9.833488464355469,9.23,,0.2585428233733565,mols/page_0174.png,14
1378,[C][C][C][=C][C][=Branch1][C][=O][N][C][C][Ring1][#Branch1],CCC1=CC(=O)NCC1,1.521790468830701,4.61067008972168,0.2101680636405944,33.5296630859375,29.2165470123291,29.1,,0.2584690432173077,mols/page_0069.png,18
2290,[C][C][Branch1][C][C][O][C][Branch1][Ring1][C][O][C][C][Ring1][Branch2][Ring1][Branch1],CC1(C)OC2(CO)CC12,2.4617904688307006,1.211462140083313,0.3002706468105316,36.86396026611328,29.924346923828125,29.46,,0.2584359652380924,mols/page_0115.png,10
2585,[C][C][C][Branch1][C][C][O][C][Branch1][Ring1][C][C][Ring1][Ring1][C][Branch1][Branch1][C][O][Ring1],CCC1CC(CC)(CC=O)O1,2.5780915038517307,3.146315097808838,0.2215378284454345,38.116641998291016,25.094701766967773,26.3,,0.258228737562462,mols/page_0130.png,5
2455,[C][#C][C][Branch1][Ring1][C][C][C][Branch1][C][C][Ring1][Branch1][C][Branch1][=Branch1][C][Ring1][Ring2],C#CC(CC)C1(C)CC1,2.061790468830701,0.6880167126655579,0.3098308145999908,40.08317565917969,0.3314011394977569,0.0,,0.2578936220647602,mols/page_0123.png,15
1260,[C][C][C][Branch1][C][C][O][C][Ring1][Branch1][C][Ring1][Ring1][C],CCC1OC(C)C1C,3.0244996950521226,1.6341105699539185,0.3195637166500091,34.84291076660156,9.71897315979004,9.23,,0.2574182320984496,mols/page_0064.png,0
2801,[C][C][Branch1][Ring1][C][C][C][Ring1][Branch1][C][C][N][Ring1][Ring1][C][Branch1][C],CCC1CC1C1CN1C,3.481790468830701,1.5321930646896362,0.2980978488922119,37.92632675170898,3.138257503509521,3.01,,0.2573644034315899,mols/page_0141.png,1
1939,[C][C][Branch1][C][C][C][O][C][Ring1][Ring2][C][Branch1][Ring1][C][C][Ring1][Ring1][C][Ring1][Branch1],CCC1CC12CC(C)CO2,3.3196683620478216,1.3919211626052856,0.308637410402298,36.99770736694336,7.90580415725708,9.23,,0.2571180994161615,mols/page_0097.png,19
3870,[C][C][Branch1][C][C][C][Ring1][Ring1][C][Branch1][Ring1][C][C][O][C][Ring1][Branch1][C][Ring1][=Branch1],CCC1(C=C(C)C)OC1C,2.5596683620478213,1.991569995880127,0.2548571527004242,39.95022964477539,12.300765991210938,12.53,,0.2571095788700531,mols/page_0194.png,10
2827,[C][Branch1][Ring1][C][C][Branch1][C][C][C][O][C][Ring1][Ring1][C][Ring1][Branch1][C][Ring1][=Branch1],CCC1C2CC2C2OC12,3.921790468830701,1.8631577491760247,0.3352889120578766,32.22274398803711,11.600844383239746,12.53,,0.2566944838087021,mols/page_0142.png,7
2621,[O][C][Branch1][Ring1][C][C][C][Branch1][C][C][N][C][Ring1][Branch1][C][O][C][Ring1][#Branch1],CC12COCC(CCC1O)N2,3.798091503851731,2.1396193504333496,0.2907335460186004,33.6525764465332,39.165164947509766,41.49,,0.2563658940329898,mols/page_0132.png,1
4345,[C][N][C][=C][C][=Branch1][C][=O][C][Branch1][C][O][C][Ring1][Branch2],CN1C=CC(=O)C(O)C1,2.001790468830701,5.670830726623535,0.1795172393321991,31.81480026245117,40.620155334472656,40.540000000000006,,0.2555657092685245,mols/page_0218.png,5
1650,[C][C][C][Branch1][C][C][=C][C][C][Ring1][Branch1][C][=O],CCC(C)=CCCC=O,1.601790468830701,3.0768816471099854,0.2200468331575393,39.01877212524414,17.993698120117188,17.07,,0.2550280104388753,mols/page_0083.png,10
3753,[N][N][#C][C][C][Branch1][Ring1][C][C][C][Ring1][Ring2][C][Ring1][Ring1][O],NN=CCC1=CC(O)CC1,2.0196683620478217,2.6752915382385254,0.240308403968811,35.187889099121094,60.27668380737305,58.61,,0.2543788961103478,mols/page_0188.png,13
2461,[N][C][#C][C][C][C][Branch1][C][C][O][C][Ring1][Branch1],CC1OCC1CC#CN,2.5217904688307007,2.258784532546997,0.2791155874729156,34.7357063293457,34.365386962890625,35.25,,0.2543335691742138,mols/page_0124.png,1
2545,[C][C][Branch1][C][C][O][C][Branch1][Ring1][C][Branch1][Branch1][C][O][N][Ring1][Branch1],CC(C)OC1CCON1,2.001790468830701,1.942046999931336,0.3168328404426574,32.91789245605469,22.8229923248291,30.49,,0.2538192686774847,mols/page_0128.png,5
1469,[C][C][C][Branch1][C][C][N][C][C][Ring1][Ring2][C][Ring1][=Branch1][C],CCC12CC(CN1)C2C,3.721790468830701,1.3392726182937622,0.3079510629177093,36.34303665161133,19.13627243041992,12.03,,0.2533182931375742,mols/page_0074.png,9
3775,[C][C][C][Branch1][C][C][C][#C][C][Branch1][C][C][C],CCC(C)C#CC(C)C,2.121790468830701,0.1970911175012588,0.3015967011451721,42.709251403808594,-0.1361085474491119,0.0,,0.2530402536023092,mols/page_0189.png,15
2391,[C][#C][C][C][C][Branch1][Ring1][C][C][O][C][Ring1][Ring1],C#CCCC1CCCO1,2.041790468830701,2.0237817764282227,0.3034241497516632,35.02241897583008,9.061419486999512,9.23,,0.2525937851861686,mols/page_0120.png,11
2242,[C][C][C][Branch1][C][C][O][C][C][Ring1][Ring2][C][Ring1][Ring1][C][Branch1][Ring1][C],CCC1CC2C(CC)C2O1,3.4996683620478213,1.360558032989502,0.3158018887042999,36.24434280395508,8.598638534545898,9.23,,0.2520766489369309,mols/page_0113.png,2
4349,[O][#C][C][Branch1][Ring1][C][C][C][Branch1][C][O][C][Branch1][Branch1][C][C][Ring1][Ring1][C][Branch1],CCC(C=O)C(O)C1(C)CC1,2.5780915038517307,2.3418338298797607,0.2248137593269348,39.549598693847656,39.736209869384766,37.3,,0.2520263060311889,mols/page_0218.png,9
2304,[C][C][Branch1][C][C][C][Ring1][Branch1][C][Branch1][Ring1][C][C][O][C][Ring1][Ring1],CC1CC1C1CCCO1,2.9817904688307006,1.5183038711547852,0.3253661096096039,34.56884765625,9.95550537109375,9.23,,0.2518132429744067,mols/page_0116.png,4
2933,[C][C][Branch1][C][C][C][O][C][Branch1][Ring1][C][C][Ring1][Ring2][C][Ring1][Ring1][C],CC1COC2(C1)C(C)C2C,3.3196683620478216,1.4291796684265137,0.3010946810245514,37.48778533935547,8.545273780822754,9.23,,0.251188549141672,mols/page_0147.png,13
2555,[N][C][C][Branch1][C][C][O][C][Branch1][Ring1][C][=O][O],CC(CN)OC(O)C=O,2.5417904688307007,2.853205680847168,0.2100502103567123,36.80818557739258,70.30235290527344,72.55000000000001,,0.2509412814791126,mols/page_0128.png,15
1318,[C][C][Branch1][C][C][O][C][Ring1][Ring2][C][Ring1][Branch1][C],CCC1OC1(C)C,2.007846708163529,1.7855987548828125,0.3455017507076263,31.282146453857425,12.70698070526123,12.53,,0.250756516984136,mols/page_0066.png,18
1233,[C][C][C][Branch1][C][C][=C][Branch1][C][O][C][C][O],CCC(C)=C(O)CCO,1.581790468830701,1.3064873218536377,0.2524158656597137,40.50257873535156,40.20083999633789,40.46,,0.2503354499903399,mols/page_0062.png,13
3128,[C][O][C][Branch1][C][C][C][Branch1][Ring1][C][C][O][Ring1][Branch1][C][O],CCC1OCC1OC,2.504499695052122,2.156130313873291,0.3185567557811737,32.165283203125,19.090394973754883,18.46,,0.2497794697610242,mols/page_0157.png,8
3522,[C][Branch1][C][C][Branch1][Ring1][C][C][C][O][C][Ring1][Ring2][C][Branch1][Ring2][C][Ring1][Ring1][C],CC1CCC2(CC2C)OC1,3.3196683620478216,1.4049537181854248,0.3143011033535003,36.19886016845703,8.54924488067627,9.23,,0.2497235779442601,mols/page_0177.png,2
3683,[C][#C][C][Branch1][C][O][C][C][Branch1][Ring1][C][Branch1][Ring2][C][Branch1][Branch1][C][C][C][Ring1],C#CC(O)CCCCCC=C,2.158091503851731,1.597038745880127,0.2638568580150604,39.64344787597656,21.761722564697266,20.23,,0.2493518111040742,mols/page_0185.png,3
2149,[C][C][Branch1][Ring1][C][C][C][Ring1][Ring1][C][Branch1][Branch1][C][C][=Branch1][C][=O][C],CC(CC=O)C1C(C)C1C,3.0596683620478218,2.8159656524658203,0.224607229232788,39.55322265625,16.336572647094727,17.07,,0.2492371636097878,mols/page_0108.png,9
17,[F][N-1][#C][O-1],[O-]C[N-]F,1.482440063862291,4.625485420227051,0.2772907316684723,25.869768142700195,36.51337814331055,37.16,,0.2485860451516028,mols/page_0001.png,17
3166,[C][C][C][C][Branch1][#Branch1][C][N][C][C][Ring1][Ring1][O][Ring1][Branch2],CC1CC(CN2CC2)O1,2.4617904688307006,1.6221405267715454,0.3178466856479645,34.78574752807617,11.465003967285156,12.24,,0.2485413507220746,mols/page_0159.png,6
3327,[C][O][C][C][C][Branch1][Ring1][C][Branch1][C][C][O][Ring1][Ring1][C][O],COCCC1OC1C,2.504499695052122,0.9896474480628968,0.346905916929245,33.33037185668945,22.110734939575195,21.76,,0.2478968196903245,mols/page_0167.png,7
1447,[C][C][C][Branch1][Ring1][C][C][O][C][C][Ring1][Branch1][C][Ring1][#Branch1],CCC12CC(CO1)C2C,3.721790468830701,1.4825667142868042,0.3172015249729156,35.55425262451172,8.760404586791992,9.23,,0.2471102664964402,mols/page_0073.png,7
2793,[C][C][C][Branch1][Ring1][C][C][N][C][Ring1][Ring2][C][Ring1][Branch1][C][C][Ring1][Ring1],CCC1NC2C3(CC3)C12C,3.259668362047822,1.398376226425171,0.3035728335380554,36.609806060791016,17.30900001525879,12.03,,0.2470099787777524,mols/page_0140.png,13
3798,[C][O][C][Branch1][Ring1][C][C][C][Branch1][C][C][Ring1][Branch1][C][Ring1][Ring1][C][Ring1][Ring2][C],CCC=C(C)C(CC)OC,2.119668362047822,1.243003010749817,0.2622826993465423,41.86146926879883,11.475049018859863,9.23,,0.2465212909299828,mols/page_0190.png,18
1643,[C][C][C][Branch1][C][C][O][C][C][Ring1][Branch1][C][Branch1][Ring1][C][C][=Branch1][C][O][Ring1],CCC(O)=C1COC1(C)CC,2.078091503851731,1.8318235874176023,0.2500993311405182,39.50162124633789,29.840211868286133,29.46,,0.2454893318896949,mols/page_0083.png,3
1328,[N][#C][C][Branch1][C][N][C][C][C][C][Ring1][Ring2][Ring1][=Branch1],N#CC1(N)C2CCC21,2.444499695052122,3.221188306808472,0.2967420518398285,28.071796417236328,49.14872360229492,49.81,,0.2452107469814508,mols/page_0067.png,8
3412,[C][C][Branch1][Ring1][C][Branch1][C][C][C][Ring1][Ring1][C][C][O][C][Ring1][#Branch1],CC1C2CCOCC12C,2.9817904688307006,1.3839771747589111,0.3220790922641754,35.32756805419922,9.562313079833984,9.23,,0.2451810041828084,mols/page_0171.png,12
4528,[C][Branch1][C][O][C][C][C][Branch1][Ring1][C][C][Ring1][Ring2][C][Ring1][Ring1][C][Branch1][Branch1][C],CCC1C(C)C12CCCO2,3.3196683620478216,1.3761800527572632,0.3101266622543335,36.68337631225586,8.064444541931152,9.23,,0.2443232669362974,mols/page_0227.png,8
2713,[C][C][C][Branch1][C][C][Ring1][Ring1][C][Branch1][Ring1][C][C][N][C][Ring1][=Branch1],CCC1NCCC12CC2,2.301790468830701,1.2787128686904907,0.3124836385250091,36.12685012817383,16.87910270690918,12.03,,0.2441553466674936,mols/page_0136.png,13
1697,[O][=C][N][C][C][C][O][C][C][Ring1][Branch1][Ring1][=Branch1],O=CNC1C2COCC21,2.4417904688307006,3.718338489532471,0.2695201337337494,29.7837142944336,38.860958099365234,38.33,,0.2439741831407939,mols/page_0085.png,17
1646,[C][C][C][O][C][Ring1][Ring1][C][Ring1][Ring2][C][Ring1][#Branch1][C],CC1CCC23OC2C13,3.7244996950521214,2.276505470275879,0.317892462015152,32.0789909362793,13.69894313812256,12.53,,0.2424274384727575,mols/page_0083.png,6
2982,[C][C][C][Branch1][C][C][Ring1][Branch1][C][Branch1][Branch1][C][N][C][Ring1][=Branch1][C][Ring1][Ring2],CNC1CC1C1(C)CC1,2.4817904688307006,1.227073311805725,0.2966822683811188,38.02866363525391,15.34954833984375,12.03,,0.2424228542991008,mols/page_0150.png,2
650,[C][C][N][C][C][Ring1][Ring2][Branch1][C][C][C][C][Ring1][Branch1][Ring1][=Branch1][C],CC1N2C3C1(C)CC32C,3.921790468830701,1.7084946632385254,0.3133579790592193,35.49897003173828,2.551987886428833,3.01,,0.2418894396740601,mols/page_0033.png,10
1201,[O][C][C][C][Branch1][Ring1][C][C][N][C][Ring1][Ring2],CC1CNC1CCO,2.504499695052122,1.6546028852462769,0.3097860813140869,33.2738037109375,38.98601150512695,32.26,,0.2415743673222901,mols/page_0061.png,1
1126,[C][C][C][N][C][C][Branch1][C][C][=C][C][C][O][C][Ring1][Ring1],CCCNCC(C)=CCC1CO1,2.117024615544936,1.372851014137268,0.2635155022144317,40.0586166381836,25.939817428588867,24.56,,0.2411404132363922,mols/page_0057.png,6
236,[C][C][C][C][C][C][C][Ring1][Ring1][C],CCCCC1CC1C,2.544499695052122,0.1943840086460113,0.3554446697235107,36.98466873168945,0.0638507604598999,0.0,,0.2410350657066627,mols/page_0012.png,16
2786,[N][C][Branch1][C][C][C][Branch1][Ring1][C][C][O][C][Ring1][Ring1][C][Ring1][=Branch1],CC(N)C12CCC(C1)O2,3.701790468830701,1.533210277557373,0.3133496344089508,33.903377532958984,31.63713836669922,35.25,,0.2404618678650853,mols/page_0140.png,6
4116,[O][C][C][Branch1][Ring1][C][C][C][Ring1][Branch1][C][C][O][Ring1][Branch1][O],OC1C2CCOCCC12,2.4617904688307006,2.1696372032165527,0.3055081367492676,32.47087478637695,29.87615394592285,29.46,,0.2400631087959831,mols/page_0206.png,16
3206,[C][C][Branch1][Ring1][C][C][C][Ring1][Ring1][C][O][C],COCC1C(C)C1C,2.524499695052122,1.0015846490859983,0.3317131102085113,35.66070556640625,9.73873805999756,9.23,,0.2398816790447049,mols/page_0161.png,6
2974,[C][C][C][Branch1][C][O][C][C][Ring1][Ring1][C][Branch1][Ring1][C][O][Ring1][Ring2][C][Ring1][=Branch1],CCC1OC2C(CO)CC12,3.4796683620478213,1.1955283880233765,0.3147697150707245,35.198326110839844,29.059993743896484,29.46,,0.2397587354663483,mols/page_0149.png,14
1773,[C][C][Branch1][Ring1][C][Branch1][C][C][C][O][C][Ring1][Branch1][C][Branch1][Ring2][C][Ring1][Ring1][Ring1],CC1COC2(CC2)C1C,2.801790468830701,1.4829893112182615,0.3065203130245209,36.51296615600586,8.953869819641113,9.23,,0.2396822243598192,mols/page_0089.png,13
3351,[C][O][C][C][O][C][Branch1][C][C][C][Ring1][=Branch1][C][Ring1][#Branch1],COC12COC(C)C1C2,2.9617904688307006,1.1332038640975952,0.3319214880466461,34.410545349121094,19.226158142089844,18.46,,0.2390221608723091,mols/page_0168.png,11
4523,[N][C][C][Branch1][C][C][C][Ring1][Ring2][C][C][N][Ring1][Ring1],CC1C(N)C1C1CN1,3.444499695052122,2.3331124782562256,0.2913216054439544,31.83369255065918,49.04523468017578,47.96,,0.2389034405446195,mols/page_0227.png,3
3145,[C][#C][C][C][Branch1][Ring1][C][Branch1][C][C][C][O][C][Ring1][=Branch1],C#CCC1(CC)COC1,1.541790468830701,2.004245042800904,0.2898485362529754,36.3149528503418,8.36584758758545,9.23,,0.2386861152018392,mols/page_0158.png,5
3031,[C][O][C][Branch1][C][C][Branch1][Branch1][C][O][Ring1][Ring1][C][Branch1][Ring1][C][C][C][Ring1][=Branch1],CCC1CC2OCC12OC,2.9796683620478217,1.509021520614624,0.3113329410552978,35.285057067871094,17.00284194946289,18.46,,0.2383414980148718,mols/page_0152.png,11
126,[O][=C][C][C][C][N][C][C][=Branch1],CCNCCCC=O,1.5644996950521224,3.409205198287964,0.212849959731102,37.23863983154297,31.20227813720703,29.1,,0.2382195201405146,mols/page_0007.png,6
3304,[CH1-1][O][=C][#C][C][#C][C][Branch1][C][C][Branch1][Ring1][C][Branch1][N][C][O][C][Branch1][O],[CH-]OC#CC#CC(C)CCOC,2.177024615544936,3.1074702739715576,0.2188777178525924,38.66006088256836,19.18263053894043,18.46,,0.2381641934020394,mols/page_0166.png,4
2766,[C][#C][C][C][C][Branch1][Ring1][C][O][Branch1][Ring2][C][Ring1][=Branch1][C][Ring1][#Branch1],C#CC12CC(CO)(C1)C2,2.2217904688307013,1.8855736255645752,0.3040437400341034,34.37129592895508,20.389280319213867,20.23,,0.2381480140242309,mols/page_0139.png,6
623,[C][C][C][Branch1][C][C][O][C][Ring1][Ring2][C],CCC1(C)OC1C,2.507846708163529,1.7906864881515503,0.3413300216197967,31.42120361328125,13.142932891845703,12.53,,0.2361921802313499,mols/page_0032.png,3
2647,[C][C][#C][C][C][C][Branch1][C][O][C][Ring1][Branch1][N][Ring1][=Branch1],CC#CC12CC(O)C1N2,2.9617904688307006,2.722496271133423,0.2634653449058532,33.67041015625,42.778770446777344,42.17,,0.2356242569286301,mols/page_0133.png,7
1101,[C][#C][C][Branch1][C][C][C][C][Ring1][Ring2][O][C][=N],C#CC1(C)CC1OC=N,2.5217904688307007,2.5921454429626465,0.2608305811882019,35.21002197265625,32.51307678222656,33.08,,0.2356046048484259,mols/page_0056.png,1
2385,[C][C][C][O][C][C][Branch1][Ring1][C][C][Ring1][Branch1][C][C][N][Ring1][Branch1],CC1COCC12CCNC2C,3.338091503851731,1.3717525005340576,0.30487722158432,35.96493911743164,22.83403968811035,21.26,,0.2354779849623702,mols/page_0120.png,5
2372,[C][#C][C][C][O][C][Branch1][Ring1][C][O][C][Ring1][#Branch1],C#CC1COC(CO)C1,2.5217904688307007,1.999614953994751,0.2997413575649261,33.592140197753906,30.16020965576172,29.46,,0.2351103198412877,mols/page_0119.png,12
2686,[C][C][C][Branch1][C][C][N][C][C][Ring1][Branch1][C][Branch1][Ring1][C][=O],CCC1(C)NCC1CC=O,2.5396683620478213,3.140957355499268,0.2133441567420959,37.70042419433594,36.795223236083984,29.1,,0.2347350615664921,mols/page_0135.png,6
2859,[C][C][Branch1][C][C][C][Ring1][Branch1][C][O][C][C],CCOCC1CC1C,2.524499695052122,0.971485435962677,0.3380364179611206,35.05241394042969,9.516972541809082,9.23,,0.2344413546021485,mols/page_0143.png,19
2053,[C][C][O][C][Ring1][Ring1][C][=C][N][=C][NH1][Ring1][Branch1],CC1OC1c1cnc[nH]1,2.3417904688307005,4.586477756500244,0.2364586740732193,29.65789604187012,40.61421203613281,41.21,,0.2343005817075724,mols/page_0103.png,13
1619,[C][C][C][O][C][=C][N][=N][N][Ring1][Branch1][Ring1][Branch2],CC1COc2cnnn21,1.8217904688307007,5.142679691314697,0.2410278767347335,27.36034393310547,37.451419830322266,39.940000000000005,,0.2340741631960866,mols/page_0081.png,19
839,[N][#C][C][Branch1][C][N][C][=Branch1][C][=O][N][C][C][Ring1][Ring1][Ring1][#Branch1],N#CC1(N)C(=O)N2CC21,2.9217904688307006,4.760010719299316,0.2072952985763549,29.817256927490234,69.15228271484375,69.89,,0.2340062351118952,mols/page_0042.png,19
2019,[C][C][C][Branch1][Ring1][C][Branch1][C][C][Ring1][Branch1][C][Branch1][Branch1][C][O][C][Ring1][=Branch1][C],CC1COCC(C)C12CC2,2.819668362047821,1.2569448947906494,0.3204650282859802,35.90118408203125,7.965171337127685,9.23,,0.2337206997129579,mols/page_0101.png,19
2742,[C][#C][C][Branch1][C][C][C][Branch1][Ring1][C][C][O][C][Ring1][Ring1][C],C#CC(C)C1CCC(C)O1,3.0596683620478218,1.4174015522003174,0.3023545145988464,37.12584686279297,8.435165405273438,9.23,,0.2336569451764713,mols/page_0138.png,2
3512,[C][C][O][C][Branch1][Ring1][C][C][C][Ring1][Ring1][C][Branch1][C][O][Ring1][Ring2][C][Ring1][Branch1],CCOC1C2C3(O)CCC123,3.739668362047822,1.7799748182296753,0.2962363362312317,34.84250259399414,28.80730056762696,29.46,,0.2333283844687047,mols/page_0176.png,12
3161,[C][C][C][Branch1][Ring1][C][C][Ring1][Ring1][C][Branch1][C][C][O][C][Ring1][Branch1],CC1OCCCC12CC2,2.301790468830701,1.326034426689148,0.328193336725235,34.73941802978516,9.215415000915527,9.23,,0.2327034763754626,mols/page_0159.png,1
1172,[C][C][C][Branch1][C][C][Ring1][Ring1][C][C][O][C][Ring1][=Branch1],COCCC1(C)CC1,1.5244996950521223,0.9982412457466124,0.3367607593536377,35.07719421386719,9.208386421203612,9.23,,0.2325792319130027,mols/page_0059.png,12
1901,[C][C][C][Branch1][C][C][N][C][Branch1][Ring1][C][C][Ring1][Ring1][C][Ring1][Branch1][O],CCC1CC2(CC)C(O)N12,3.4796683620478213,1.2305010557174685,0.2930057048797607,37.66305541992188,22.79656219482422,23.24,,0.2325494664862248,mols/page_0096.png,1
2819,[C][C][C][Branch1][Ring1][C][C][Ring1][Branch1][C][Branch1][C][C][O][C][Branch1][Ring2][C][Ring1][=Branch1],CC1OCCCCC12CC2,2.3196683620478216,1.2022528648376465,0.3253710269927978,35.59420394897461,7.75762414932251,9.23,,0.2323174650870068,mols/page_0141.png,19
1817,[N][#C][C][C][Branch1][Ring1][C][Branch1][C][C][C][Ring1][Branch1][C][Ring1][=Branch1][C][=O],CCC1C2C(C=O)C12C#N,3.4796683620478213,4.508397102355957,0.2143856883049011,32.31756591796875,38.7213020324707,40.86,,0.2318538987675678,mols/page_0091.png,17
2761,[C][C][C][Branch1][C][C][N][C][C][Ring1][Branch1][C][O][C][Ring1][=Branch1],CCC1(C)C2COCN1C2,3.7196683620478215,1.6566036939620972,0.3113942742347717,35.11014175415039,10.37643814086914,12.47,,0.2305261040063339,mols/page_0139.png,1
3339,[C][#C][C][Branch1][C][C][C][Branch1][Ring1][C][O][C][C][Ring1][Ring1][C][Branch1][Branch1][C][Branch1],C#CC(C)C1COC(CC)C1,3.0980915038517307,1.3210653066635132,0.3031363189220428,37.4421272277832,7.050325393676758,9.23,,0.2295057641104561,mols/page_0167.png,19
2988,[C][C][C][Branch1][Ring1][C][C][O][C][C][Ring1][Ring2][C][Ring1][Ring1][C][Branch1],CCC1CCC2C(C)C2O1,3.4996683620478213,1.3097164630889893,0.3191548883914947,35.76889419555664,7.951897621154785,9.23,,0.2293147713820628,mols/page_0150.png,8
4100,[C][O][C][Branch1][C][C][C][Ring1][Ring1][C][Branch1][Branch1][C][O][O][C][Ring1][Ring2],COOCCC=C(C)OC,1.5796683620478216,2.100595474243164,0.2544663250446319,38.08125305175781,25.90659523010254,27.69,,0.2286038717778992,mols/page_0206.png,0
2579,[C][#C][C][Branch1][Ring1][C][C][C][Ring1][Ring1][C][Branch1][C][C][Branch1][Ring2][C][C],C#CC1C(C)C1C(C)CC,3.5796683620478214,0.7663596272468567,0.2946028411388397,40.90374755859375,-0.1132658272981643,0.0,,0.2280760768354285,mols/page_0129.png,19
3774,[O][=C][N][=C][O][C][Branch1][Ring1][C][O][=N][Ring1][Branch2],O=c1ncoc(CO)n1,1.361790468830701,5.217235088348389,0.2129974961280822,26.998624801635746,74.87761688232422,76.22,,0.2280662484771021,mols/page_0189.png,14
502,[C][C][C][O][C][C][Ring1][Ring2][C][C],CCC1COC1CC,2.524499695052122,1.704524040222168,0.322328507900238,33.88467025756836,8.860966682434082,9.23,,0.2279688407550189,mols/page_0026.png,2
1918,[C][C][C][Branch1][Ring1][C][C][O][C][Branch1][Branch1][C][C][Ring1][Ring1][C][Ring1][=Branch1],CCC1CCCC2(CC2)O1,2.3196683620478216,1.3115592002868652,0.317421942949295,35.86470031738281,8.637624740600586,9.23,,0.2279191444824629,mols/page_0096.png,18
4041,[C][C][Branch1][Ring1][C][C][C][Ring1][Ring2][C][Branch1][C][C][N][C][Branch1][Branch1],CCC(C)=CC(C)NC,2.101790468830701,1.6830745935440063,0.2461919784545898,41.12388229370117,17.334583282470703,12.03,,0.2277705471981902,mols/page_0203.png,1
2308,[N][C][C][C][Branch1][C][C][Ring1][Ring2][C][C][O],CC1(CCO)CCN1,2.0044996950521226,1.654440999031067,0.3050217926502228,33.925838470458984,33.919063568115234,32.26,,0.2277344310500555,mols/page_0116.png,8
2776,[C][O][C][=Branch1][C][=O][C][Branch1][Ring1][C][O][O][C],COC(=O)C(CO)OC,2.041790468830701,2.088828563690185,0.251975804567337,35.90068054199219,57.98963165283203,55.760000000000005,,0.2270139564074523,mols/page_0139.png,16
3541,[C][C][C][Branch1][C][C][Ring1][Branch1][C][O][C][Branch1][Branch1][C],CCOCC1(C)CC1,1.5244996950521223,0.9199606776237488,0.3375522792339325,35.214046478271484,8.900208473205566,9.23,,0.226644732714322,mols/page_0178.png,1
3249,[C][O][C][C][C][Branch1][Ring1][C][O][Branch1][C][C][Ring1][Ring2][C][Ring1][Branch1][C][O],COCCC(C)CO,2.0644996950521226,0.4055788218975067,0.3261866867542267,36.6197509765625,30.752416610717773,29.46,,0.2266154533132912,mols/page_0163.png,9
3447,[N][C][Branch1][C][C][C][Ring1][Branch1][C][O][C][Branch1][Branch1][C][N][Ring1][Branch1],CC1NC1C1NCCO1,2.9417904688307006,1.804939031600952,0.3031871914863586,33.046539306640625,40.32362365722656,43.2,,0.2266059738267817,mols/page_0173.png,7
2812,[C][O][C][Branch1][C][C][Branch1][Branch1][C][O][N][C][C][Ring1][Branch1][C][Ring1][Ring1][C],COC1(C)C2ONCC(C)C21,3.498091503851731,1.139204025268555,0.3077573478221893,36.5801887512207,20.280725479125977,30.49,,0.2263206799499929,mols/page_0141.png,12
534,[C][C][C][C][C][Ring1][Ring2][C][C][C][Ring1][Ring2][C],CC1CCC12CCC2C,2.821790468830701,0.1642531752586364,0.3452534675598144,37.9279899597168,-0.2876014709472656,0.0,,0.2262008703638219,mols/page_0027.png,14
3763,[C][C][C][Branch1][C][O][C][C][C][C][C][Ring1][Branch2][Ring1][Branch1],CC1C(O)C2CCCC12,3.481790468830701,1.4285495281219482,0.3103664219379425,35.18426513671875,20.794885635375977,20.23,,0.225482148088468,mols/page_0189.png,3
690,[C][O][C][C][C][C][C][C][C][Ring1][Branch1][Ring1][Ring1],COCCC1CC2CC12,2.9817904688307006,1.1146994829177856,0.3292724192142486,35.22377395629883,10.084527015686035,9.23,,0.2250814782006257,mols/page_0035.png,10
3571,[C][C][C][Branch1][Ring1][C][Branch1][C][C][O][C][Ring1][Ring1][C][C][Ring1][Branch1][C],CCC1CC2C(C)CC2O1,3.4996683620478213,1.4036372900009155,0.3158042430877685,35.66915512084961,8.242295265197754,9.23,,0.2248698876696147,mols/page_0179.png,11
96,[C][C][C][Ring1][Ring1][C][C][O][C][C],CCOCCC1CC1,1.5244996950521223,0.9606109857559204,0.3425044119358063,34.49875259399414,9.250554084777832,9.23,,0.2248362963918579,mols/page_0005.png,16
3067,[N][#C][C][C][C][=C][C][C][Ring1][=Branch1][O][Ring1][#Branch1],N#CC12CC=CCC1O2,2.4617904688307006,4.369485378265381,0.2597258388996124,28.376747131347656,34.67890167236328,36.32,,0.224788714014919,mols/page_0154.png,7
3764,[C][C][C][Branch1][Ring1][C][O][C][Branch1][C][C][O][Branch1][Ring1][O][C][C][Ring1][Ring2][C],CC1OCCC1CO,2.504499695052122,2.0840914249420166,0.3146512806415558,31.58119010925293,30.115684509277344,29.46,,0.2245992690447783,mols/page_0189.png,4
3404,[C][#C][C][Branch1][C][C][C][Branch1][Ring1][C][O][C][Ring1][Ring2][C][Ring1][Branch1][C],C#CC(C)C(=CCC)CO,2.119668362047822,1.479354977607727,0.2628520727157593,39.82566833496094,21.16571998596192,20.23,,0.2245023027487601,mols/page_0171.png,4
4512,[C][#C][C][C][C][Branch1][Ring1][C][C][Ring1][Branch1][C][C][N][C][Ring1][Ring1][C][Ring1][Ring2],CCC1(CC23CC2N3)C#CCC1,3.017024615544936,1.5794994831085205,0.2912156581878662,36.80942916870117,17.58307456970215,21.94,,0.2239930058426283,mols/page_0226.png,12
2102,[C][C][C][Branch1][C][O][C][Branch1][Branch1][C][C][O][Ring1][Ring2],CCC(O)C1CCO1,2.504499695052122,1.663976788520813,0.3244034051895141,32.19485092163086,29.262920379638672,29.46,,0.2238372917693473,mols/page_0106.png,2
2689,[C][#C][C][Branch1][C][C][C][Branch1][Ring1][C][Branch1][Branch1][C][O][C][Ring1][Branch1][C][Branch1][=Branch1],C#CC(C)C1(C)CCOC1,2.5596683620478213,1.4021326303482056,0.3010542392730713,37.17731475830078,8.134367942810059,9.23,,0.2237073422395403,mols/page_0135.png,9
2162,[C][C][C][Branch1][Ring1][C][C][N][C][C][Ring1][Ring1][C][Ring1][Branch1][C][C],CCC1CCC(CC)N2CC12,3.538091503851731,1.3501580953598022,0.3121552169322967,36.7798957824707,0.9388063549995422,3.01,,0.2235782088552284,mols/page_0109.png,2
306,[C][O][C][C][O][C][O][C][Ring1][=Branch1][C][Ring1][#Branch1],COC12COCOC1C2,2.4417904688307006,1.832950472831726,0.3218482732772827,31.897823333740234,27.99607276916504,27.69,,0.222108394890681,mols/page_0016.png,6
3679,[C][C][=C][C][C][C][C][Ring1][=Branch1][Ring1][Ring1][C][#N],CC1=CCC2CC12C#N,2.4817904688307006,4.229957580566406,0.2446529120206833,31.27662849426269,23.176517486572266,23.79,,0.2220330838005834,mols/page_0184.png,19
2684,[C][C][O][C][Branch1][C][C][Branch1][Ring1][C][Branch1][Branch1][C][O][=C][Ring1][=Branch1][C][=O],CCOC(C)(C=O)CCOC,2.118091503851731,2.4070193767547607,0.2119341790676117,40.58340835571289,33.95172500610352,35.53,,0.222013685428281,mols/page_0135.png,4
2487,[C][C][C][C][C][C][Ring1][Ring1][C][C],CCCC1CC1CC,2.544499695052122,0.1962472647428512,0.3556384146213531,36.64273071289063,-0.0746137797832489,0.0,,0.2209900428766935,mols/page_0125.png,7
1543,[C][C][C][Branch1][C][C][O][C][Branch1][Ring1][C][Branch1][N][C][O][Ring1][=Branch1],CCC1COCCCO1,2.021790468830701,1.081024408340454,0.3229542076587677,35.23323059082031,19.194271087646484,18.46,,0.220952794203996,mols/page_0078.png,3
2183,[C][C][C][Branch1][Ring1][C][C][N][C][Ring1][Branch1][C][C][Ring1][Ring2],CCC1(CC)C2CCN21,2.4817904688307006,1.3783670663833618,0.303728312253952,37.31660461425781,3.22975754737854,3.01,,0.2206401218109838,mols/page_0110.png,3
2760,[C][Branch1][C][C][C][Ring1][Branch1][C][Branch1][Ring1][C][C][Branch1][N][C][C][O][C],CC=CC(CC)CCOC,2.119668362047822,1.0573183298110962,0.2711874544620514,41.33349990844727,9.9570951461792,9.23,,0.2206378009726889,mols/page_0139.png,0
2275,[N][#C][C][C][Branch1][C][C][Ring1][Branch1][C][O][C][Branch1][Ring1][C][=O],CC(CC#N)COCC=O,2.079668362047822,3.021219253540039,0.2290481626987457,35.34059143066406,49.37354278564453,50.09,,0.2204792940790387,mols/page_0114.png,15
2197,[C][#C][C][C][C][Branch1][C][C][Branch1][Ring1][C][C][C][Ring1][#Branch1],C#CC1CC(C)(CC)C1,1.561790468830701,0.940679371356964,0.304382860660553,39.07443618774414,0.5703012347221375,0.0,,0.2203305841849526,mols/page_0110.png,17
460,[C][C][C][C][C][Ring1][Ring2][O][C][Ring1][Ring1][C],CC1CCC12OC2C,3.2844996950521224,1.774431824684143,0.3330270946025848,32.17462158203125,11.765337944030762,12.53,,0.2199361769495095,mols/page_0024.png,0
2907,[C][C][C][Branch1][Ring1][C][C][Ring1][Ring2][C][Branch1][C][C][N][C][Ring1][Ring1],CCC1(C2CCN2)CC1,1.981790468830701,1.20019268989563,0.3123492002487182,36.37865829467773,12.373748779296877,12.03,,0.2196383388212154,mols/page_0146.png,7
1033,[C][C][Branch1][C][C][C][=C][O][C][Branch1][Ring2][C][Branch1][Ring1],CCOC=CC(C)C,1.5844996950521224,1.6526583433151243,0.2610739171504974,39.73808288574219,15.166614532470703,9.23,,0.2192830014292438,mols/page_0052.png,13
2074,[C][#C][C][C][C][Branch1][C][C][N][C][Ring1][Ring2][C][C][Ring1][Branch1],C#CCCC12CCCC1N2,2.4996683620478213,1.774714112281799,0.3059322535991668,34.25230407714844,20.784387588500977,21.94,,0.2192543052663796,mols/page_0104.png,14
1641,[C][C][C][Branch1][C][O][C][Ring1][Branch1][C][C][O][Ring1][Ring1],OC1CCC1C1CO1,2.9444996950521225,2.292319059371948,0.32913738489151,28.958969116210938,33.62162399291992,32.76,,0.2188094184686724,mols/page_0083.png,1
1478,[C][N][C][C][Branch1][C][C][Branch1][C][O][C][C][Ring1][=Branch1][Ring1][#Branch1][C],CN1C2C(C)(O)CC21C,3.461790468830701,0.9217078685760498,0.2913688719272613,38.69346618652344,23.541921615600582,23.24,,0.2185135913496718,mols/page_0074.png,18
2715,[O][#C][C][Branch1][C][C][C][Ring1][Ring2][C][Branch1][Ring1][C][Branch1][Branch1][C][Branch1][Ring2][C][C],CCCCCC1C(=O)C1C,2.5596683620478213,2.61702561378479,0.2286936342716217,39.34566116333008,16.454971313476562,17.07,,0.2173224134562589,mols/page_0136.png,15
984,[N][#C][C][N][C][Ring1][Ring1][C][C][O][C][Ring1][Ring2][Ring1][#Branch1],N#CC12NC1C1COC12,3.381790468830701,4.623662948608398,0.2530778050422668,26.59642601013184,52.90726089477539,54.96000000000001,,0.217189738822935,mols/page_0050.png,4
1167,[C][C][Branch1][C][C][C][Ring1][Ring1][C][Branch1][Ring1][C][C][O][C][Ring1],CCC(C=C(C)C)OC,2.101790468830701,1.5331286191940308,0.2578740119934082,40.69415283203125,12.27338695526123,9.23,,0.2169618298976187,mols/page_0059.png,7
4118,[C][C][C][Branch1][Ring1][C][C][O][C][Branch1][C][O][Ring1][Ring1][C][Branch1][Branch1][C][Ring1][Ring1],CCC1CCC2(CCO2)O1,2.799668362047821,1.6082199811935425,0.3173312842845917,33.97064971923828,16.647008895874023,18.46,,0.2163351689383403,mols/page_0206.png,18
2862,[C][C][Branch1][Ring1][C][C][C][O][C][Ring1][Ring1][C][Ring1][Branch1][C][Ring1][=Branch1],CC1CC2CC2C2OC12,3.921790468830701,1.8370921611785889,0.3355026841163635,31.590970993041992,12.242477416992188,12.53,,0.2162243031650002,mols/page_0144.png,2
1849,[C][C][C][O][C][Branch1][Ring1][C][Branch1][C][C][Branch1][Branch1][C][N][C][Ring1][Ring2],CCCOC1CCCNC1,2.0396683620478218,1.2802300453186035,0.2971753478050232,36.75192260742188,23.025279998779297,21.26,,0.2152529718288101,mols/page_0093.png,9
2719,[C][C][Branch1][C][C][C][O][C][Ring1][Branch1][C][Ring1][Ring1][C][C][Ring1][#Branch1],CC12CCCCC1OC2,2.4817904688307006,1.8293298482894893,0.3175932168960571,33.70340347290039,8.752305030822754,9.23,,0.2149501497253383,mols/page_0136.png,19
2381,[C][C][C][Branch1][Ring1][C][C][O][C][C][Ring1][Branch1][C][Ring1][Ring1],CCC1OC2CC2C1C,3.481790468830701,1.3822067975997925,0.3118766546249389,35.89856719970703,9.429698944091797,9.23,,0.2148796137239743,mols/page_0120.png,1
4373,[C][#C][C][C][C][Ring1][Ring1][C][C][=Branch1][C][=O][O][Ring1][Branch1],C#CC1CC12CC(=O)O2,2.781790468830701,3.7662532329559326,0.2647306025028229,30.613178253173828,25.89464569091797,26.3,,0.2147064797739454,mols/page_0219.png,13
3823,[C][C][Branch1][C][C][C][Ring1][Ring1][C][C][O][C][Ring1][Ring2][O],CC(C)=CC1COC1O,2.5217904688307007,2.723084211349488,0.2459930479526519,36.11573791503906,29.69173812866211,29.46,,0.2143333826493314,mols/page_0192.png,3
47,[O][C][N][=C][C][Branch1][C][O][C][C][C][Ring1][Ring1][C][Ring1][=Branch1][C][C],CCC1C2CC2C1(O)C=NCO,3.537024615544935,1.8622406721115112,0.2606166303157806,36.47053146362305,47.19952392578125,52.82000000000001,,0.2140244267368978,mols/page_0003.png,7
3561,[N][#C][C][O][C][Branch1][Ring1][C][O][N][Ring1][Ring2],N#CCOC(=N)CO,1.5244996950521223,2.77417254447937,0.2797247767448425,28.76770401000977,77.81954193115234,77.1,,0.2133222922737171,mols/page_0179.png,1
1363,[N][=C][NH1][C][Branch1][C][N][=C][Branch1][C][N][O][Ring1][#Branch1],N=c1[nH]c(N)c(N)o1,1.3444996950521224,3.8983371257781982,0.2259441167116165,28.2356014251709,102.13046264648438,104.82,,0.212571868337353,mols/page_0069.png,3
1471,[C][C][C][Branch1][Ring1][C][C][O][C][Ring1][Ring1][C][Branch1][C][O][Ring1][Branch1][C][Ring1][Ring2],CCC1OC23CC1C2(O)C3,4.579668362047822,1.9265708923339844,0.2922496497631073,34.35763168334961,28.893341064453125,29.46,,0.212252229685981,mols/page_0074.png,11
932,[C][C][C][Branch1][C][C][=C][C][C][O][C][C],CCOCCC=C(C)CC,1.6196683620478216,1.1203343868255615,0.2677713930606842,41.28228759765625,10.240131378173828,9.23,,0.2116636450474218,mols/page_0047.png,12
4305,[C][C][C][C][Branch1][C][C][N][Ring1][Ring2][C][=O],CCC1C(C)N1C=O,3.0044996950521226,3.706521034240722,0.2571383118629455,32.00106430053711,20.18236351013184,20.08,,0.2116348232213091,mols/page_0216.png,5
1780,[C][#C][C][C][Branch1][C][C][C][N][C][Branch1][Ring1][C][C][Ring1][Branch1][C][Ring1][=Branch1],C#CCC1(C)C2CC1(CC)N2,3.7780915038517313,1.531528353691101,0.287696361541748,37.28701019287109,15.708051681518556,12.03,,0.2113677875985639,mols/page_0090.png,0
1151,[O][C][C][C][Branch1][Ring1][C][C][Ring1][Branch1][C][Branch1][C][O][C][Ring1][Ring1],C=C(O)C1(CC)CCO1,2.021790468830701,1.76225483417511,0.27968230843544,36.14004135131836,30.186580657958984,29.46,,0.2111069156167667,mols/page_0058.png,11
3529,[C][C][C][Branch1][C][C][N][C][Ring1][Ring1][C][C][Ring1][Branch1][C],CCC1NC2CC(C)C12,3.481790468830701,1.4574857950210571,0.2975276410579681,36.25126647949219,19.59179306030273,12.03,,0.2110441285923266,mols/page_0177.png,9
3899,[N][=C][O][C][O][C][C][C][Ring1][Branch1][C][Ring1][Ring2],N=COC1OC2CC1C2,2.6817904688307013,3.3667352199554443,0.2811799049377441,29.04794883728028,42.90311813354492,42.31,,0.210922251712281,mols/page_0195.png,19
3669,[O][#C][C][Branch1][Ring1][C][C][Branch1][C][C][O][C][Ring1][Branch1][C][O],CC1C(CO)OC1(C)C=O,3.0196683620478217,3.1392710208892822,0.2137395441532135,36.386966705322266,48.34946060180664,46.53,,0.2104024617142382,mols/page_0184.png,9
1554,[C][C][C][Branch1][C][C][O][C][Branch1][Branch1][C][N][C][Ring1][Ring2][C][Ring1][#Branch1],CCC1CCC2(CNC2)O1,2.299668362047821,1.5022659301757812,0.3017279505729675,35.06029510498047,27.17955017089844,21.26,,0.2102274749557239,mols/page_0078.png,14
1639,[C][#C][C][C][C][Ring1][Branch1][C][C][Branch1][Ring1][C][Branch1][C][O][C][Ring1][Ring1],OC1CC1CC1C#CCC1,2.9996683620478217,1.6129168272018433,0.2991474270820617,35.43741226196289,20.290552139282227,20.23,,0.2100226141886012,mols/page_0082.png,19
2694,[C][C][Branch1][C][C][C][Ring1][Ring1][C][Branch1][Branch1][C][O][C][Ring1][Ring2][O],CC(C)=CC1(O)COC1,1.521790468830701,2.606834173202514,0.2466257661581039,36.42625045776367,29.41903114318848,29.46,,0.2095665612020014,mols/page_0135.png,14
2064,[C][C][Branch1][C][C][O][C][C][C][Ring1][Branch1][O],CC1CC(O)CCO1,2.504499695052122,1.6936546564102173,0.3268631100654602,31.5620174407959,29.761371612548828,29.46,,0.2095556811102705,mols/page_0104.png,4
3138,[C][O][C][C][C][Branch1][C][C][O][Ring1][Ring2][C][C][Ring1][Branch1][C],COCC1OC1C,2.487846708163529,2.4925994873046875,0.336418479681015,28.17263412475586,22.41983413696289,21.76,,0.2094640517812942,mols/page_0157.png,18
2036,[C][Branch1][Ring1][C][Branch1][Branch1][C][C][C][Branch1][C][O][C][C][Ring1][Ring2],OC1CCCCCC1,1.5244996950521223,1.433907151222229,0.3394906222820282,31.89986228942871,20.89580726623535,20.23,,0.2089330923230358,mols/page_0102.png,16
1195,[C][C][C][Branch1][C][C][#C][C][Branch1][Ring1][C][C][=O][C][C],CCC(=O)C=C(C)CC,1.601790468830701,3.240853071212769,0.2033968269824981,39.379005432128906,17.684734344482422,17.07,,0.2081259158310834,mols/page_0060.png,15
1386,[C][C][Branch1][Branch1][C][C][C][O][C][C][Ring1][Branch1][C][Ring1][Ring2][C],CC1CC2COC(C)C2C1,3.4996683620478213,1.4253523349761963,0.3209942579269409,34.80316925048828,7.965579509735107,9.23,,0.2080077403611679,mols/page_0070.png,6
993,[C][C][O][C][C][Branch1][C][C][Ring1][Branch1][C][O],CC1(CO)CCOC1,2.0044996950521226,1.914916753768921,0.3154789209365845,31.877180099487305,29.78919792175293,29.46,,0.2078123330645837,mols/page_0050.png,13
95,[C][C][C][Branch1][C][C][N][C][C][Ring1][Branch1][C],CCC1(C)NCC1C,2.524499695052122,1.3387531042099,0.3052732646465301,35.92783737182617,18.489219665527344,12.03,,0.2076970466711611,mols/page_0005.png,15
3302,[N][=C][O][C][Branch1][Branch1][C][C][Ring1][Ring1][C][N][C][Ring1][Branch2][Ring1][Ring1],N=C1OC2(CC2)C2NC12,2.7017904688307013,3.776364326477051,0.2598112821578979,28.82864570617676,53.75042343139648,55.02,,0.2072605299964285,mols/page_0166.png,2
3047,[C][C][C][Branch1][Ring1][C][O][C][C][O][Ring1][Branch1][C][O],CCC1CCOC1O,2.504499695052122,1.7287237644195557,0.3227152228355407,31.873167037963867,29.041698455810547,29.46,,0.207149489657191,mols/page_0153.png,7
3461,[C][Branch1][C][C][C][Branch1][Ring1][C][Branch1][Branch1][C][Branch1][O][C][Ring1][Ring2][C][Branch1][Ring2][C],CCC1CCC1CC,2.544499695052122,0.1466881483793258,0.366039514541626,35.530399322509766,-0.0783900842070579,0.0,,0.2068514833984684,mols/page_0174.png,1
4038,[N][#C][C][Branch1][C][C][C][Ring1][Ring1][C][C][Branch1][Ring1][C][O][C][Ring1],CC(C#N)=CCC1COC1,1.5396683620478215,4.387095928192139,0.2154594361782074,32.82584381103516,31.155675888061523,33.02,,0.2065587129018571,mols/page_0202.png,18
2462,[C][C][Branch1][Ring1][C][C][O][C][C][C][Ring1][Ring1][C][Branch1][C][C][=Branch1][C][Ring1][=Branch1],CC1CCC(C)C2CC2O1,3.4996683620478213,1.172133207321167,0.3203287422657013,35.80588150024414,7.734431743621826,9.23,,0.206512910262188,mols/page_0124.png,2
3705,[C][Branch1][C][C][C][Branch1][Branch1][C][O][C][Branch1][Ring1][C][C][Ring1][Branch1][C][Branch1][=Branch1][C],CC=C(CC)COCCC,1.6196683620478216,1.1554890871047974,0.2659783661365509,41.208946228027344,10.79197597503662,9.23,,0.2064677812836155,mols/page_0186.png,5
1379,[C][#C][C][Branch1][C][C][C][Branch1][Ring1][C][C][O][C][Ring1][Ring2],C#CC(C)C1OCC1C,3.0417904688307007,1.634917378425598,0.2949483692646026,36.63916397094727,8.382312774658203,9.23,,0.2064467894779864,mols/page_0069.png,19
1275,[C][C][C][Branch1][C][C][Ring1][Branch1][C][O][C][Ring1][=Branch1][C][Ring1][#Branch1][C][C],CCC1C2OCC3(C)CC123,3.759668362047822,1.6297857761383057,0.3063959777355194,35.4390983581543,8.92884635925293,9.23,,0.2062669593435396,mols/page_0064.png,15
346,[C][C][=Branch1][C][=N][O][C][C][O][C][Ring1][Ring2][C][Ring1][Branch1],CC(=N)OC12COC1C2,2.4417904688307006,3.191070556640625,0.2567414939403534,32.11861038208008,43.07247924804688,42.31,,0.2062236418664371,mols/page_0018.png,6
4003,[C][Branch1][C][O][C][C][C][Branch1][Ring1][C][C][O][Ring1][Branch1][C][C][Ring1][Branch1],CCC1OC1CCO,2.504499695052122,0.7551994323730469,0.3372035026550293,33.66612243652344,33.20104217529297,32.76,,0.2058882122199823,mols/page_0201.png,3
456,[C][C][C][C][C][Ring1][Ring2][C][Ring1][Ring2][C][Ring1][=Branch1][C][O][Ring1][Ring1],CC12C3CC1C3C21CO1,4.961790468830701,1.896283507347107,0.3430273532867431,30.439674377441406,12.125531196594238,12.53,,0.2058666332956086,mols/page_0023.png,16
2811,[C][C][C][Branch1][C][O][C][C][C][Ring1][Branch1][C][Ring1][Ring1][Ring1][#Branch1][C],CC1C2(O)CC3C2C31C,3.921790468830701,1.282849907875061,0.3113352060317993,35.33052062988281,20.378374099731445,20.23,,0.2053167648733262,mols/page_0141.png,11
1501,[C][C][C][C][O][C][=Branch1][C][=O][C][Ring1][Branch1][O][Ring1][Branch2],CC1CC2OC(=O)C2O1,2.9417904688307006,4.302699565887451,0.2539725303649902,28.86771774291992,35.05819320678711,35.53,,0.2051916417712281,mols/page_0076.png,1
4429,[C][Branch1][C][C][C][Branch1][Ring1][C][Branch1][Branch1][C][Branch1][Ring2][C][Branch1][O][C][Ring1][Branch1][C],CCC1CCCC1C,2.544499695052122,0.1392606496810913,0.3728099465370178,34.83118438720703,-0.0298350509256124,0.0,,0.2050960738582624,mols/page_0222.png,9
512,[N][#C][C][C][C][O][C][Ring1][Ring2][C][Branch1],CC1OCC1CC#N,2.504499695052122,3.3186423778533936,0.2880396246910095,29.139667510986328,33.58266067504883,33.02,,0.2050037178607976,mols/page_0026.png,12
2192,[C][#C][C][C][C][Branch1][Ring1][C][C][O][C][Ring1][Ring2][C][Ring1],C#CCCC1OC(=C)C1C,2.5596683620478213,1.7016998529434204,0.2937822341918945,36.25619125366211,11.20494556427002,9.23,,0.2040761361363724,mols/page_0110.png,12
3932,[C][C][Branch1][C][C][C][O][C][C][Ring1][Branch1][C][Branch1][Ring1][C][Branch1][O][C][Ring1][Ring2],CC1COCC2(CCC2)C1,2.3196683620478216,1.315121054649353,0.3212937116622925,35.1291389465332,7.796982765197754,9.23,,0.2039546775748982,mols/page_0197.png,12
1874,[C][C][Branch1][C][C][O][C][C][C][Ring1][Ring1][C][Branch1],CC(C)OC1CC1C,2.524499695052122,1.030388116836548,0.3199853301048279,36.16046905517578,9.89777374267578,9.23,,0.2039316004175008,mols/page_0094.png,14
1384,[N][C][#C][C][C][Branch1][C][C][Ring1][Ring1][C][Branch1][Ring1][C][=O],CC(CC#CN)CC=O,2.081790468830701,3.055482864379883,0.2137227654457092,37.0259895324707,42.70363235473633,43.09,,0.203884116441195,mols/page_0070.png,4
2484,[C][C][C][Branch1][C][C][#C][C][Branch1][Ring1][C][C][O][C][Ring1][Branch1],CCC(C)=CC1(CC)CO1,2.0596683620478218,2.017556667327881,0.2529662847518921,39.14363861083984,12.752304077148438,12.53,,0.2036035999878669,mols/page_0125.png,4
4066,[O][C][C][C][Ring1][Branch1][C][C][Branch1][C][O][C][Ring1][Ring2],OC1CC1C1CCO1,2.9444996950521225,3.1829912662506104,0.2962750792503357,29.054214477539062,29.730419158935547,29.46,,0.20258197126798,mols/page_0204.png,6
2522,[N][N][C][C][Branch1][Ring1][C][C][O][C][C][Ring1][Branch1][Ring1][=Branch1],CC1C2COC12CNN,2.9417904688307006,1.7512054443359375,0.284195065498352,34.644100189208984,42.3694953918457,47.28,,0.202356488518431,mols/page_0127.png,2
400,[C][C][Branch1][Ring1][C][=O][O][C][Ring1][Branch1][Branch1][C][C][C][=O],CC1(C=O)OC1(C)C=O,2.5017904688307007,4.201959133148193,0.1946329027414322,34.48829650878906,45.37168884277344,46.67,,0.2019544655455082,mols/page_0021.png,0
423,[N][=C][O][C][C][Ring1][Ring2][C][C][C][N][Ring1][Ring1],N=C1OCC1CC1CN1,2.4417904688307006,2.92976188659668,0.2589878439903259,31.81190299987793,55.79998397827149,55.02,,0.2016781660712251,mols/page_0022.png,3
1123,[C][C][C][#C][C][=Branch1][C][=O][N][C],CCC#CC(=O)NC,1.5644996950521224,3.9884095191955566,0.2340142428874969,32.50986099243164,28.65269088745117,29.1,,0.2012943127871593,mols/page_0057.png,3
1411,[C][C][Branch1][C][C][C][O][C][Ring1][Ring2][C][Ring1][=Branch1][C][O],CC12COC(C1)C2CO,3.701790468830701,1.6412131786346436,0.3034073710441589,34.03194046020508,29.665924072265625,29.46,,0.2010267562913797,mols/page_0071.png,11
32,[C][O][C][C][Branch1][C][C][C][O][C][Ring1][=Branch1][C][Ring1][Ring2][Ring1][#Branch1],COC12C(C)C3OC1C32,3.901790468830701,2.375588178634644,0.3040634393692016,32.140220642089844,17.833274841308594,18.46,,0.2010092166903929,mols/page_0002.png,12
2332,[N][#C][C][C][C][C][Ring1][Ring2][N][Ring1][Ring1][C][=O],N#CC1CC2C1N2C=O,3.441790468830701,4.401583671569824,0.2476159185171127,28.349727630615234,44.52264022827149,43.87,,0.2003478057369032,mols/page_0117.png,12
3390,[O][C][Branch1][C][C][C][Branch1][Ring1][C][Branch1][Branch1][C][Branch1][N][C][C][Ring1][Ring1][C][Ring1],C=C1CC1CCC(C)O,2.5417904688307007,1.4898236989974976,0.2692379355430603,38.66677474975586,21.881792068481445,20.23,,0.1992656461253464,mols/page_0170.png,10
3212,[C][C][C][Ring1][Ring2][C][C][Branch1][Ring1][C][O][C][Ring1][Ring1],OC1CC1CC1CC1,2.464499695052122,1.3028883934020996,0.3379193544387817,32.47442626953125,19.698659896850582,20.23,,0.1987723776860976,mols/page_0161.png,12
3974,[C][N][Branch1][C][C][C][C][=C][Branch1][C][N][O][N][=Ring1][=Branch1],CN(C)c1cc(N)on1,1.381790468830701,3.447617530822754,0.2229934483766555,33.60396194458008,54.82844543457031,55.29,,0.1985770049398926,mols/page_0199.png,14
1811,[C][C][C][Branch1][Ring1][C][C][O][C][C][Ring1][Branch1][C][Branch1][Branch1][C][C][=N][C][Ring1],CCC1OCC(=CCC=NC)C1C,2.6564374998423634,1.7783299684524536,0.2445878684520721,40.84966659545898,12.182334899902344,21.59,,0.1983015634583687,mols/page_0091.png,11
3411,[C][#C][C][Branch1][C][C][C][Branch1][Ring1][C][Branch1][Branch1][C][O][C][C][Ring1][Ring2][C][Ring1],C#CC(C)C1CCCOCC1,2.5980915038517307,1.2458020448684692,0.3088658154010772,36.622337341308594,7.049595832824707,9.23,,0.1980125058530802,mols/page_0171.png,11
428,[C][C][C][C][=N][O][C][=Branch1][C][=O][C][=Ring1][#Branch1],CCc1cnoc(=O)c1,1.401790468830701,5.766314029693604,0.1835818290710449,30.008766174316406,41.88644409179688,43.1,,0.1978824135916798,mols/page_0022.png,8
3521,[O][C][Branch1][C][C][Branch1][Ring1][C][C][C][Ring1][Ring1][C][Branch1][Ring2][C][Branch1][=Branch1][C][Ring1],C=CCC1C(C)C1(C)O,3.0417904688307007,1.4504655599594116,0.2654366791248321,39.19475936889648,21.680463790893555,20.23,,0.1978100096278646,mols/page_0177.png,1
3947,[C][Branch1][C][C][Branch1][Ring2][C][Branch1][Branch1][C][O][C][Branch1][Ring1][C][C][C][O][Ring1][Ring2],CC1CCOCC(C)OC1,2.5396683620478213,0.8658923506736755,0.3176188468933105,36.2821159362793,18.032594680786133,18.46,,0.1971477826256382,mols/page_0198.png,7
1316,[C][C][C][Branch1][C][C][O][C][C][N][Ring1][Ring2][C][Ring1][=Branch1],CCC1CCNCCO1,2.021790468830701,1.2496427297592163,0.3065142333507538,35.77177429199219,20.917348861694336,21.26,,0.1969773417937639,mols/page_0066.png,16
2751,[C][#C][C][C][C][Ring1][Ring1][C][Branch1][C][C][Branch1][Ring1][C][C][N][Ring1][Ring1],C#CC1CC1C1(C)NC1C,3.4996683620478213,1.6390137672424316,0.2812486886978149,36.8497314453125,21.788843154907227,21.94,,0.1969561889740532,mols/page_0138.png,11
817,[C][C][C][Branch1][C][C][O][C][Branch1][Ring2][C][C][Ring1][Ring1][C][Ring1][=Branch1],CCC1CCC2(CC2)O1,2.301790468830701,1.356316089630127,0.3102730512619018,35.83793640136719,9.768731117248535,9.23,,0.1966990330129377,mols/page_0041.png,17
2630,[C][Branch1][C][C][C][Branch1][Ring1][C][Branch1][Branch1][C][O][C][C][Ring1][Ring1][C][C],CC=C(CC)CCOCC,1.6196683620478216,1.005339741706848,0.2691714167594909,41.32009506225586,10.12145709991455,9.23,,0.1959711654641914,mols/page_0132.png,10
2627,[C][#C][C][C][C][Ring1][Ring1][C][Branch1][C][C][O][C][Ring1][Ring2],C#CC1CC1C1(C)CO1,2.9817904688307006,2.1518373489379883,0.2874113023281097,35.06208419799805,11.66710376739502,12.53,,0.1954920993246784,mols/page_0132.png,7
336,[C][C][Branch1][C][O][C][C][Ring1][Ring2][Branch1][C][C][N][C][C][Ring1][Ring1],CC1(O)CC1(C)N1CC1,2.4617904688307006,0.8290725350379944,0.2933125793933868,38.4944953918457,23.128801345825195,23.24,,0.1954100430528155,mols/page_0017.png,16
3089,[C][C][Branch1][Ring1][C][C][C][Ring1][Ring1][C][Branch1][C][C][O][C][Ring1][Branch1][C][Ring1][Ring2],CC1C(C)C12C1CCC2O1,4.599668362047822,1.7065883874893188,0.3152329921722412,34.019588470458984,9.572218894958496,9.23,,0.1952954375992869,mols/page_0155.png,9
2291,[C][N][C][C][=N][C][=C][Branch1][C][N][O][Ring1][=Branch1],CNCc1ncc(N)o1,1.381790468830701,3.505224227905273,0.2200907170772552,33.01665496826172,62.769378662109375,64.08,,0.194661522559532,mols/page_0115.png,11
2383,[C][C][C][Branch1][C][C][#C][C][Branch1][Ring1][C][O][C][Ring1][Branch1][C][Ring1][=Branch1],CCC(C)=C1C(C)C1CO,2.5596683620478213,1.7064610719680786,0.2528686821460724,39.58742904663086,20.26547241210937,20.23,,0.1945148204306478,mols/page_0120.png,3
1765,[C][C][C][N][C][Branch1][C][O][C][Branch1][Ring1][C][Branch1][O][C][Ring1][Branch1][C][Ring1][#Branch1],CCCN1CC2CCC21O,2.4796683620478213,1.6122959852218628,0.2842536568641662,36.50816345214844,22.966697692871094,23.47,,0.1943414778280506,mols/page_0089.png,5
3530,[C][Branch1][C][C][Branch1][Ring1][C][Branch1][Branch1][C][Branch1][Ring2][C][Branch1][O][C][C][C][Ring1][Branch1],CCCC1CCCC1,1.5444996950521224,0.0619998797774314,0.3806082308292389,34.17738723754883,-0.6492732763290405,0.0,,0.1935096497895581,mols/page_0177.png,10
2997,[C][C][C][=N][NH1][C][Branch1][C][C][=C][Ring1][=Branch1][C],CCc1n[nH]c(C)c1C,1.421790468830701,2.360797643661499,0.2555597424507141,36.219974517822266,28.64323806762696,28.68,,0.1933551659145324,mols/page_0150.png,17
2347,[C][C][C][Branch1][C][C][N][C][C][Ring1][Ring1][C][Branch1][Branch1][C][N][Ring1][Branch1],CCC(C)N1C2CCNC21,3.4796683620478213,1.6555414199829102,0.2889269590377807,36.28706359863281,17.260482788085938,15.04,,0.1932701945430198,mols/page_0118.png,7
3988,[C][#C][C][Branch1][Ring1][C][Branch1][C][C][Branch1][O][C][C][C][Ring1][Branch1][C][Branch1][Branch1][C],C#CC1CCC(CC)C1C,3.079668362047822,0.777889609336853,0.310311496257782,38.675289154052734,-0.0578394867479801,0.0,,0.1930099927855967,mols/page_0200.png,8
1099,[N][=C][C][C][Branch1][Branch1][C][C][C][O][Ring1][Branch1],OCCCC1CC=N1,2.0044996950521226,2.4848599433898926,0.2602883279323578,34.55109786987305,37.99688720703125,32.59,,0.1929077157477859,mols/page_0055.png,19
3308,[C][Branch1][Ring1][C][C][Branch1][C][C][C][Ring1][Ring1][C][Branch1][Ring2][C][Branch1][Branch1][C][Branch1][O],CCCC1CCC1C,2.544499695052122,0.1711319237947464,0.3633022606372833,35.48046112060547,0.0171775501221418,0.0,,0.1925373501386819,mols/page_0166.png,8
4115,[C][#C][C][C][Branch1][Ring1][C][C][C][O][C][Ring1][Branch1],C#CCC1COCC1C,2.5417904688307007,1.813055157661438,0.2988805770874023,35.30031967163086,8.963473320007324,9.23,,0.1923563626483997,mols/page_0206.png,15
4497,[C][N][C][C][C][Branch1][Ring1][C][C][Ring1][Ring2][C][Branch1][C][C][O][C][Ring1][Ring1],CCC1(C2CCO2)CCN1C,2.51809150385173,1.386786937713623,0.3026785552501678,36.468017578125,9.305853843688965,12.47,,0.1923172449648033,mols/page_0225.png,17
2199,[C][O][C][C][C][Ring1][Ring1][C][Ring1][Branch1][C][C][Branch1][C],CCCC1CC1OC,2.524499695052122,1.038707256317139,0.3294647932052612,34.99267578125,9.55589771270752,9.23,,0.1922067195799798,mols/page_0110.png,19
3325,[C][C][Branch1][C][O][C][Branch1][Branch1][C][C][C][O][Branch1][C][Ring1][Ring1][C][C][Ring1][Branch1],CC(O)=C1CCC(CO)C1,2.0396683620478218,2.0107192993164062,0.2542197108268738,36.797149658203125,39.53217697143555,40.46,,0.1916053533052634,mols/page_0167.png,5
1914,[C][C][C][Branch1][C][C][Ring1][Ring1][C][Branch1][Branch1][C][N][C][C][=Branch1][C][Ring1][=Branch1],CCNCC1C2CC12C,2.9817904688307006,1.2918294668197632,0.2936521470546722,37.30644607543945,14.904783248901367,12.03,,0.1915643734544566,mols/page_0096.png,14
1006,[C][C][C][O][C][Ring1][Branch1][C][C][Branch1][C][O],OCCC1CCCO1,2.0044996950521226,1.6477856636047363,0.3280807733535766,31.351146697998047,29.279481887817383,29.46,,0.1915078536640053,mols/page_0051.png,6
3791,[O][C][Branch1][Ring1][C][Branch1][C][C][Branch1][Branch1][C][O][C][C][C][Ring1][Branch1][C][Ring1][Ring2],CCC1(O)C2CC(C)OC21,3.4796683620478213,1.0939693450927734,0.2996367514133453,36.33753967285156,29.122499465942383,29.46,,0.1913936094545136,mols/page_0190.png,11
223,[C][C][C][Branch1][C][C][C][C][C][C][C][Ring1][Ring2][Ring1][#Branch1],CCC1(C)CC2CCC21,3.0017904688307007,0.2321520149707794,0.3400741219520569,37.62019729614258,-0.0507528968155384,0.0,,0.191204124761364,mols/page_0012.png,3
2164,[C][#C][C][C][Branch1][C][C][O][C][Branch1][Ring1][C][O][N][C][Ring1][Ring1],C#CCC(C)OC1COCN1,2.5580915038517307,1.5359313488006592,0.2912706434726715,35.54633331298828,29.154455184936523,30.49,,0.1911128754992501,mols/page_0109.png,4
1842,[#C][C][#C][C][C][Branch1][C][C][O][C][Branch1][Branch1][C][O][Ring1][Branch1][C][N][C][Ring1],C=NCC1COCC(CC#CC)O1,2.6364374998423634,1.669081449508667,0.2814353704452514,36.60403060913086,21.980669021606445,30.82,,0.1907939618307528,mols/page_0093.png,2
1673,[C][C][C][Branch1][Ring1][C][C][Ring1][Branch1][C][C][O][C][Ring1][=Branch1],CC1COCCC12CC2,2.301790468830701,1.2451280355453491,0.3238177895545959,34.80270767211914,9.065935134887695,9.23,,0.1897672068527468,mols/page_0084.png,13
2375,[C][C][Branch1][C][C][C][O][C][Ring1][Branch1][C][Branch1][Ring1][C][Branch1][Branch1][C][O][Ring1][Ring2],CC1(C)COC1C1CCO1,2.4796683620478213,1.265689730644226,0.3143584132194519,35.03955078125,17.639041900634766,18.46,,0.1896785636564327,mols/page_0119.png,15
2967,[C][#C][C][Branch1][Ring1][C][Branch1][C][C][Branch1][Branch1][C][N][C][C][C][Ring1][=Branch1],C#CC1(CNCC)CCC1,1.5596683620478216,1.4781512022018433,0.2822301685810089,37.81074523925781,13.977825164794922,12.03,,0.1887367015436752,mols/page_0149.png,7
992,[C][C][C][O][C][C][Branch1][C][C][Ring1][Branch1][C],CC1COCC1(C)C,2.0244996950521226,1.6080551147460938,0.31598961353302,34.17167282104492,9.75903606414795,9.23,,0.1877761325339263,mols/page_0050.png,12
527,[C][C][=C][Branch1][C][N][N][=C][N][=C][Ring1][#Branch1][N],Cc1c(N)ncnc1N,1.381790468830701,3.4628548622131348,0.2205888479948043,32.13292694091797,74.23683166503906,77.82,,0.1877100390557928,mols/page_0027.png,7
3171,[C][C][Branch1][C][C][C][O][C][Ring1][Ring2][C][Branch1][Ring1][C][C][Ring1][Branch1],CCC1C2OCC(C)C12,3.481790468830701,1.4910695552825928,0.3042088150978088,35.893028259277344,8.723505020141602,9.23,,0.1877022270662141,mols/page_0159.png,11
2310,[C][C][C][Branch1][C][C][Ring1][Ring1][C][C][=Branch1][C][C][N][Ring1][Ring1],CC(=N)CC1(C)CC1,1.5244996950521223,2.300739288330078,0.2721242904663086,34.97522735595703,24.35699462890625,23.85,,0.1874207843809889,mols/page_0116.png,10
3517,[C][C][Branch1][Ring1][C][C][C][Ring1][Ring1][C][Branch1][C][C][N][C][Ring1][Ring2][C][Ring1][#Branch1],CC1C2CCC3NC3(C)C12,3.939668362047821,1.4878580570220947,0.3084657192230224,34.52461242675781,20.99494743347168,21.94,,0.1873935473673171,mols/page_0176.png,17
3131,[N][Branch1][Ring1][C][O][C][C][Branch1][Ring1][N][C][C][Ring1][Branch1][C][Ring1][Ring2],CN1CC2C(NCO)C21,2.9417904688307006,2.095795154571533,0.2704035639762878,34.94285202026367,37.02790451049805,35.5,,0.1873362920807937,mols/page_0157.png,11
3585,[C][C][C][C][C][#C][C][C][O][Ring1][Ring1],CCCCC#CC1CO1,2.041790468830701,2.1197948455810547,0.2746537327766418,36.27003479003906,12.80714511871338,12.53,,0.1873239824001062,mols/page_0180.png,5
1229,[N][C][Branch1][C][C][Branch1][Branch1][C][=O][C][C][C][Ring1][Branch1][C][Branch1][Ring1][C][O],CC(N)(C=O)CCCO,2.061790468830701,1.694939136505127,0.2215638905763626,39.32503890991211,64.56346893310547,63.32000000000001,,0.1866068958808268,mols/page_0062.png,9
3511,[C][C][Branch1][C][C][C][C][O][C][Ring1][=Branch1][=N],CC1(C)CCOC1=N,1.5044996950521223,2.902069568634033,0.2852720618247986,30.72892951965332,32.78907775878906,33.08,,0.1863273909440444,mols/page_0176.png,11
137,[N][C][N][=C][NH1][=Branch1][=N],NCN=CNN,1.4918943340952076,3.09515118598938,0.2377978265285492,31.35735321044922,78.83601379394531,76.42999999999999,,0.1861819090279179,mols/page_0007.png,17
455,[C][C][C][O][C][O],CCCOCO,1.5318943340952076,2.2134690284729004,0.3312861323356628,28.758440017700195,30.181915283203125,29.46,,0.1858109773237296,mols/page_0023.png,15
661,[C][C][C][C][Branch1][C][O][C][Branch1][C][O][C][Ring1][#Branch1][Ring1][Branch1],CC1CC2(O)C(O)C12,3.444499695052122,2.078707218170166,0.2994986474514007,31.71390914916992,40.65425491333008,40.46,,0.1854772902845038,mols/page_0034.png,1
4383,[C][C][=N][C][Branch1][Ring1][C][=O][C][=Branch1][C][=O][N][Ring1][Branch2],CC1=NC(C=O)C(=O)N1,1.981790468830701,4.719475746154785,0.2056211978197097,30.27772331237793,57.029178619384766,58.53,,0.1854399262274944,mols/page_0220.png,3
2549,[C][C][C][Branch1][Ring1][C][C][O][C][Ring1][Ring1][C][Branch1][C][C][Ring1][Branch1][C][Ring1][#Branch1],CCC1OC2CC13CC23C,4.599668362047822,1.520933747291565,0.3128689527511596,34.88098907470703,8.334200859069824,9.23,,0.1850937787066313,mols/page_0128.png,9
1113,[C][#C][C][Branch1][Branch1][C][C][C][O][C][C][Ring1][Ring2],C#CC1CCC(O)CC1,1.541790468830701,1.454295039176941,0.3022772073745727,35.31190490722656,20.128337860107425,20.23,,0.1850178841029807,mols/page_0056.png,13
1431,[N][C][Branch1][Ring1][C][C][C][Branch1][C][O][C][Ring1][Branch1][C][Ring1][Ring2],CC1C(N)C2(O)CC12,3.444499695052122,1.9845002889633176,0.2927893698215484,32.47313690185547,44.18661117553711,46.25,,0.1849234934008157,mols/page_0072.png,11
1464,[C][C][C][Branch1][C][C][Ring1][Branch1][C][N][C][Ring1][Ring1][C][Ring1][Ring2],CC1(C23CC2N3)CC1,2.404499695052122,1.647734761238098,0.3066238760948181,33.930362701416016,22.87848854064941,21.94,,0.1846254929300227,mols/page_0074.png,4
1345,[C][C][Branch1][C][C][C][O][C][Ring1][Branch1][C][Ring1][Ring2][C][Ring1][#Branch1],CC1C2OC1C2(C)C,3.2044996950521223,1.8858277797698968,0.32138192653656,32.55733871459961,9.420358657836914,9.23,,0.1844072169077406,mols/page_0068.png,5
2591,[C][C][O][C][C][=Branch1][C][=O][C][Ring1][=Branch1][C][#N],CC1OCC(=O)C1C#N,2.5017904688307007,4.500062465667725,0.2155489921569824,30.58311080932617,50.07186126708984,50.09,,0.1839823808450275,mols/page_0130.png,11
3546,[C][C][C][C][C][Ring1][Ring2][Branch1][C][O][C][Ring1][Branch1][O],CC1C2CC1(O)C2O,4.184499695052122,1.7595165967941284,0.3150793015956878,31.28828239440918,40.38415145874024,40.46,,0.1833796615488869,mols/page_0178.png,6
3687,[C][C][Branch1][C][C][C][C][O][C][Ring1][=Branch1][C][O][Ring1][=Branch1],CC1(C)C2COC1CO2,3.261790468830701,1.3972753286361694,0.3294320702552795,32.790191650390625,19.003570556640625,18.46,,0.1829360223306325,mols/page_0185.png,7
3608,[C][C][C][Ring1][Branch1][C][C][Branch1][C][O][C][Ring1][Ring1][C][O],OCC=C(O)CC1CC1,1.521790468830701,1.7878984212875366,0.2636584341526031,36.4285888671875,40.66792297363281,40.46,,0.1829007635483977,mols/page_0181.png,8
1787,[C][C][C][Branch1][Ring1][C][C][N][C][Ring1][Ring2][C][C][Ring1][Branch1][C],CCC1NC2CC(C)CC12,3.4996683620478213,1.258509397506714,0.3042054176330566,36.117794036865234,16.06813621520996,12.03,,0.1828973666000851,mols/page_0090.png,7
2977,[C][#C][C][C][C][Ring1][Branch1][C][C][Branch1][C][O],OCCC1C#CCC1,2.0244996950521226,1.7043378353118896,0.2837659418582916,36.07098007202149,22.421527862548828,20.23,,0.1828423674316078,mols/page_0149.png,17
3399,[C][#C][C][C][Branch1][C][O][C][Branch1][Ring1][C][Branch1][Ring2][C][C][C][Ring1][Ring1],C#CCC(O)=CCCCC,1.6196683620478216,1.3380616903305054,0.2633993625640869,39.59135055541992,21.49449920654297,20.23,,0.1827715714115017,mols/page_0170.png,19
2320,[C][C][Branch1][C][C][C][O][C][C][Ring1][Branch1][C][N][C][Ring1],C=NCC1COCC(C)C1,2.5396683620478213,1.4589393138885498,0.3038723170757293,35.49251174926758,14.85190200805664,21.59,,0.1824286014919413,mols/page_0117.png,0
366,[N][=C][C][C][C][Branch1][C][O][C],CC(O)CCC=N,2.047846708163529,2.7560317516326904,0.2873861193656921,30.1728458404541,43.44012069702149,44.08,,0.1821888503830829,mols/page_0019.png,6
758,[N][=C][C][C][Branch1][C][O][C][Branch1][Branch1][C][N][C][Branch1][Ring1][=Branch1][O][=O],N=CCC(O)C(=O)CNCO,2.078091503851731,2.5042173862457275,0.2035026401281356,36.35622787475586,87.25050354003906,93.41,,0.1817528206775324,mols/page_0038.png,18
386,[C][C][C][C][C][Ring1][Ring2][C][Ring1][Branch1][C][Ring1][Branch1][C][O],CC12C3CC1C2C3CO,3.921790468830701,1.4731600284576416,0.3170473277568817,33.62065124511719,20.81637382507324,20.23,,0.1817408712918231,mols/page_0020.png,6
1979,[C][C][C][Branch1][Ring1][C][C][O][C][C][Ring1][Ring2][C][Ring1][Branch1],CCC1CC2CC2CO1,2.9817904688307006,1.246565818786621,0.3272534608840942,34.31071472167969,9.086435317993164,9.23,,0.1816061401881407,mols/page_0099.png,19
1739,[C][C][C][Branch1][C][C][O][C][Branch1][Ring1][C][O][Ring1][Ring1][C][=O],CCC1CC(C=O)(CO)O1,2.5196683620478213,3.2632436752319336,0.2121558934450149,35.64885711669922,47.6050033569336,46.53,,0.1798301738718181,mols/page_0087.png,19
2821,[C][N][C][C][Branch1][Ring1][C][C][C][Ring1][Ring2][C][Branch1][C][C],CCC=C(CC)CNC,1.601790468830701,1.4840903282165527,0.2467899471521377,40.88002014160156,19.140769958496094,12.03,,0.1795326490038413,mols/page_0142.png,1
2267,[C][#C][C][Branch1][Ring1][C][Branch1][C][C][C][O][C][C][Ring1][Ring2],C#CC(CC)C1CCO1,2.5417904688307007,1.6076010465621948,0.2968221008777618,36.063175201416016,8.972146034240723,9.23,,0.1793594810180288,mols/page_0114.png,7
102,[N][C][C][=Branch1][C][=O][O][C][C][C][O][Ring1][Ring1],NCC(=O)OCC1CO1,1.981790468830701,2.1848886013031006,0.2574571669101715,33.62887191772461,65.54656982421875,64.85000000000001,,0.1793538546076148,mols/page_0006.png,2
938,[N][#C][C][C][Branch1][C][C][C][N][C][C][Ring1][Branch1][Ring1][Branch1],N#CCC1C=CCNC1,2.021790468830701,4.0467848777771,0.2344968914985656,31.302284240722656,36.23337173461914,35.82,,0.1790609817180079,mols/page_0047.png,18
1433,[C][#C][C][C][C][Branch1][Branch1][C][C][Ring1][Ring2][C][C],C#CCC1CCC1CC,2.5617904688307007,0.8342394828796387,0.3129002749919891,37.94300079345703,0.3284783661365509,0.0,,0.1789949767163574,mols/page_0072.png,13
2411,[C][C][C][Branch1][C][C][O][C][Ring1][Branch1][C][Ring1][=Branch1][C][Ring1][Ring1][C],CC1OC23C(C)C2C13C,4.241790468830702,1.8137344121932983,0.2875791490077972,36.21036529541016,9.263397216796877,9.23,,0.1785775273681412,mols/page_0121.png,11
1962,[C][C][Branch1][Ring1][C][C][C][Ring1][Ring1][C][Branch1][C][C][O][C][Ring1][=Branch1],CC1OCCC2C(C)C12,3.481790468830701,1.2498208284378052,0.3195143342018127,35.031150817871094,9.176352500915527,9.23,,0.1782493597030174,mols/page_0099.png,2
2079,[C][#C][C][Branch1][C][C][C][Branch1][Ring1][C][C][N][C][Ring1][Ring2],C#CC(C)C1NCC1C,3.0417904688307007,1.3370665311813354,0.2849954068660736,37.542930603027344,18.25425148010254,12.03,,0.1775764999217191,mols/page_0104.png,19
1522,[C][C][C][Branch1][Ring1][C][Branch1][C][C][N][C][Ring1][Branch1][C][Ring1][Ring2][C][Ring1][Ring1],CCC12CCC3CC31N2,3.2417904688307013,1.733371019363403,0.3043770492076874,33.718017578125,22.9886417388916,21.94,,0.1774765773106926,mols/page_0077.png,2
1402,[O][=C][C][C][C][Branch1][C][O][C][Branch1][Ring1][C],CCC(O)CCC=O,2.0644996950521226,3.2903072834014893,0.2280897051095962,34.65267562866211,37.38595962524414,37.3,,0.1772093424615086,mols/page_0071.png,2
4355,[C][O][C][C][Branch1][C][C][C][O][Ring1][Ring2][C][Ring1][Branch1][C][O],COCC1(C)CO1,1.987846708163529,2.293210029602051,0.3343998491764068,28.598058700561523,22.236352920532227,21.76,,0.1764360396811464,mols/page_0218.png,15
4090,[N][C][C][C][Branch1][C][C][Ring1][Ring2][C][Branch1][Ring1][C][Branch1][Branch1][C][O][C][Ring1][Branch1],CC1(C2CCOC2)CCN1,2.4796683620478213,1.3885993957519531,0.3063637316226959,34.639835357666016,24.781307220458984,21.26,,0.1763357389312385,mols/page_0205.png,10
486,[N][=C][C][C][C][O][C][C],CCOCCCC=N,1.5644996950521224,2.382317543029785,0.2712950706481933,34.030067443847656,31.465972900390625,33.08,,0.1761403309361438,mols/page_0025.png,6
1815,[C][#C][C][C][Branch1][Ring1][C][C][C][O][C][Ring1][Ring2][C][O],C#CCC1CCC(CO)OC1,2.5780915038517307,2.036975622177124,0.3026487529277801,32.36906814575195,27.902019500732425,29.46,,0.1761138741996598,mols/page_0091.png,15
4422,[N][C][Branch1][Ring1][C][Branch1][C][O][C][C][C][Branch1][Ring2][C][Ring1][Branch1][C][C][Ring1][Ring1],NC1CCC2CCC2OC1,2.9796683620478217,1.4709577560424805,0.307302713394165,33.76847076416016,30.78618431091309,35.25,,0.1757411736379492,mols/page_0222.png,2
2327,[C-1][C][C][C][Branch1][C][C][Ring1][Ring1][C][C][N][C][Branch1][Ring1][C][=O],[C-]C1CC1(C)CCNCC=O,2.5780915038517307,3.246101856231689,0.2078098803758621,37.0797004699707,34.665313720703125,29.1,,0.1756177654174903,mols/page_0117.png,7
251,[C][O][C][=C][N][Branch1][C][C][C][=Branch1][C][=O][O][Ring1][#Branch1],COc1cn(C)c(=O)o1,1.381790468830701,3.8009769916534415,0.2355271279811859,31.51160049438477,43.30203628540039,44.370000000000005,,0.1755022805899155,mols/page_0013.png,11
183,[N][#C][C][C][C][=C][O],N#CCCC=CO,1.5478467081635288,4.8950042724609375,0.2424101531505584,26.61648941040039,44.76823806762695,44.02,,0.1748216583224015,mols/page_0010.png,3
1716,[C][Branch1][C][C][C][Branch1][Branch1][C][Branch1][Ring1][C][C][Ring1][Branch1][C][O][C][Branch1],CC=C(CCC)COC,1.601790468830701,1.3190953731536863,0.2634059488773346,40.20890808105469,12.560750961303713,9.23,,0.1744282779681077,mols/page_0086.png,16
3844,[C][O][C][C][Branch1][Ring1][C][O][Ring1][Ring2][C][Ring1][Branch1][C][Branch1][Branch1][C][C][Ring1][Ring1],OCC12COC1C2C1CC1,2.9196683620478217,1.8905029296875,0.2984009385108948,33.22224426269531,29.14824867248535,29.46,,0.1741675340681418,mols/page_0193.png,4
1397,[C][C][C][C][C][C][Ring1][Branch1][C][C][O][Ring1][Ring2],CC1CCCC12CCO2,2.801790468830701,1.5675315856933594,0.3134194016456604,34.39551544189453,9.220026969909668,9.23,,0.1735198293435814,mols/page_0070.png,17
1317,[C][C][C][Ring1][Branch1][C][C][Branch1][Ring1][C][O][C][Ring1][=Branch1],OCC1CC2(CC2)C1,1.7844996950521226,1.3528192043304443,0.3393124639987945,31.711076736450195,19.954805374145508,20.23,,0.173216500028722,mols/page_0066.png,17
536,[C][C][C][C][C][Branch1][C][C][Branch1][C][C][O][Ring1][#Branch1],CC1CCC(C)(C)O1,2.0244996950521226,1.316491723060608,0.3220148086547851,34.45627212524414,8.980901718139648,9.23,,0.1729857343120632,mols/page_0027.png,16
3814,[O][#C][C][C][C][Ring1][Branch1][C][Branch1][C][C][Branch1][Ring1][C][Branch1][Ring2][C][Ring1][Ring1][C],CC1(CCCC=O)CCC1,1.5596683620478216,2.827463150024414,0.2284086495637893,37.82901763916016,17.01410484313965,17.07,,0.1729492426054129,mols/page_0191.png,14
3352,[C][C][Branch1][Branch1][C][C][C][Ring1][Branch1][C][Branch1][C][O][C][C][=O],O=CCC(O)C1CCCC1,2.0396683620478218,3.0257630348205566,0.2266494184732437,35.67421340942383,37.86452865600586,37.3,,0.1727322414470815,mols/page_0168.png,12
385,[Branch1][C][#C][C][C][C][O][C][C],C#CCCCOCC,1.5844996950521224,1.520975112915039,0.3089893758296966,34.94083404541016,9.881270408630373,9.23,,0.1715751717066712,mols/page_0020.png,5
3894,[C][#C][C][Branch1][Ring1][C][Branch1][C][C][Branch1][Branch1][C][O][C][C][C][Ring1][Ring1],C#CC1(CC)COC(C)C1,2.5596683620478213,1.234383225440979,0.2967898845672607,37.42053985595703,7.74445629119873,9.23,,0.1715534117796495,mols/page_0195.png,14
4381,[N][#C][C][C][=Branch1][C][=O][O][C][C][C][Ring1][Ring1],N#CCC(=O)OC1CC1,1.5017904688307009,2.419543027877808,0.280964732170105,31.42654800415039,49.74615859985352,50.09,,0.1715279788467732,mols/page_0220.png,1
1435,[C][C][C][Branch1][C][C][O][C][C][Ring1][Ring2][C],CCC1CC(C)CO1,2.524499695052122,1.4820246696472168,0.3261017799377441,33.38670349121094,8.983133316040039,9.23,,0.1708356145682417,mols/page_0072.png,15
4548,[C][#C][C][C][Branch1][C][C][C][O][C][Ring1][Branch1][C][Ring1][Ring2][C],C#CCC1(C)C2OC1C2C,3.239668362047821,1.7792364358901978,0.2950585186481476,35.59341049194336,7.323306083679199,9.23,,0.1708084769268468,mols/page_0228.png,8
2626,[#C][#C][C][C][C][Branch1][C][C][Ring1][Ring1][C][Branch1][Ring1][C][Ring1][Branch1][C][O],C#CC1C2CC(CO)C12C,3.4996683620478213,1.63722026348114,0.2849479615688324,36.205543518066406,19.764863967895508,20.23,,0.1707309964249473,mols/page_0132.png,6
3019,[C][C][Branch1][Ring1][C][Branch1][C][C][C][Ring1][Ring2][C][Branch1][Ring2][C][C][O][C][Ring1][Ring1],CCC(C)=CC1CC(O)C1,1.5596683620478216,1.976837158203125,0.2504849135875702,38.423736572265625,20.33521270751953,20.23,,0.1700160667756149,mols/page_0151.png,19
1085,[C][C][C][Branch1][C][C][O][C][C][Ring1][Ring2][C][Ring1][Branch1][C][Ring1][Ring1],CCC1OCC23CC2C13,3.741790468830701,1.5849801301956177,0.3269233703613281,32.84088134765625,9.749515533447266,9.23,,0.1695864414263159,mols/page_0055.png,5
1247,[C][C][C][Branch1][Ring1][C][C][Ring1][Branch1][C][C][N][Ring1][Ring1],CCC1(C2CN2)CC1,1.9644996950521223,1.6252294778823853,0.3191049993038177,32.56095123291016,21.889917373657227,21.94,,0.1693500449188451,mols/page_0063.png,7
2581,[C][C][C][Branch1][Ring1][C][Branch1][C][C][O][C][Branch1][Ring2][C][Ring1][Ring2][C][C][Ring1][Ring1],CCC1CCC2CCC2O1,2.9996683620478217,1.2628520727157593,0.3225068151950836,34.62809371948242,7.884458541870117,9.23,,0.1692373090294716,mols/page_0130.png,1
2975,[#C][C][Branch1][C][C][O][C][C][Branch1][Ring1][C][C][=O][C][Branch1][Branch1],CCC(=O)COC(C)C,1.581790468830701,2.0891032218933105,0.2250088453292846,40.04981994628906,27.60252952575684,26.3,,0.1691282666592267,mols/page_0149.png,15
1707,[=C][O][C][=C][C][C][C][O][C][Ring1][Ring2],COC=CCC1COC1,1.521790468830701,4.020539283752441,0.2164675295352935,33.82832336425781,26.300994873046875,18.46,,0.167932249973436,mols/page_0086.png,7
947,[O][C][C][C][Branch1][Ring1][C][=O][O][C][O],O=CC(CCO)OCO,2.041790468830701,2.644752264022827,0.2124753892421722,36.32493209838867,65.79521179199219,66.76,,0.1676247006868623,mols/page_0048.png,7
4103,[C][O][C][C][Branch1][C][C][Branch1][C][C][O],COCC(C)(C)O,1.5478467081635288,0.8814219832420349,0.3311533331871032,33.378395080566406,30.64704322814941,29.46,,0.1668305921221086,mols/page_0206.png,3
4442,[C][N][C][C][C][Ring1][Branch1][C][C][Branch1][C][O][C][Ring1][C][O],OC1OC1CC1CCNC1,2.9596683620478217,1.832682728767395,0.2903822660446167,33.20245742797852,41.30302810668945,44.79,,0.1663147206294953,mols/page_0223.png,2
2665,[C][C][C][Branch1][Ring1][C][C][N][C][Branch1][C][C][Ring1][Ring2][C][Ring1][Ring1][C][Ring1][Branch1],CCC1C(C)C2(C)CCN12,2.9996683620478217,1.397624373435974,0.2867989838123321,38.16455459594727,2.32405972480774,3.24,,0.1660832687752361,mols/page_0134.png,5
2482,[N][#C][C][Branch1][Ring2][O][C][=N][C][N][C][Ring1][#Branch1],N#CC1(OC=N)CNC1,1.4817904688307009,3.123877048492432,0.2488819807767868,30.596330642700195,68.09675598144531,68.89999999999999,,0.1653467025592223,mols/page_0125.png,2
1810,[C][C][C][Branch1][Ring1][C][#N][O][C][Ring1][=Branch1][C][=O],CC1C(C#N)OC1C=O,3.0017904688307007,4.160578727722168,0.2184392064809799,31.16855812072754,50.99748229980469,50.09,,0.1649740237768934,mols/page_0091.png,10
1278,[C][C][C][Branch1][C][C][O][C][Ring1][Branch1][C][Ring1][Ring2][C][C][Ring1][Ring1],CC1C2CC3(CC3)C1O2,4.081790468830702,1.7481704950332642,0.3268342316150665,32.23461151123047,8.878146171569824,9.23,,0.1649344819529019,mols/page_0064.png,18
1905,[N][C][C][C][Branch1][Ring1][C][C][Ring1][Ring1][C][Ring1][Ring2],CCC1(C)CC1N,2.507846708163529,1.6313905715942385,0.3053769767284393,32.89997863769531,34.56210708618164,26.02,,0.1646014751982751,mols/page_0096.png,5
1353,[C][O][C][C][Branch1][Ring1][C][C][C][Ring1][Branch1][C],CCC1C(C)C1OC,3.0244996950521226,1.096094012260437,0.3151554763317108,35.71887969970703,10.362459182739258,9.23,,0.163478474612203,mols/page_0068.png,13
4285,[C][#C][C][C][Branch1][C][C][C][O][C][Ring1][Ring2][O],C#CCC1COC(O)C1,2.5217904688307007,1.4867876768112185,0.3013395369052887,34.2265625,29.4123649597168,29.46,,0.1634381261930633,mols/page_0215.png,5
4338,[O][C][C][C][Branch1][Ring1][C][O][C][Branch1][C][C][Ring1][Ring2][C][Ring1][Branch1][O],CC1=C(CCO)C(O)C1O,2.5196683620478213,1.585614800453186,0.2479751259088516,37.149681091308594,57.92875289916992,60.69,,0.1632472509630352,mols/page_0217.png,18
1952,[C][C][C][Ring1][C][C][Branch1][Ring1][C][Branch1][C][C][O][C][C],CC=CC(CC)OCC,2.101790468830701,1.1588190793991089,0.2647542059421539,40.55739974975586,11.582837104797363,9.23,,0.1631278472104225,mols/page_0098.png,12
1131,[C][#C][C][C][Branch1][C][C][C][O][C][Ring1][#Branch1],C#CCC(C)COC,2.084499695052122,1.402402639389038,0.3077811002731323,35.37961959838867,9.663506507873535,9.23,,0.162806884455127,mols/page_0057.png,11
2454,[C][#C][C][Branch1][C][C][C][Ring1][Ring2][C][C][Branch1][Ring1][C][=O][C],C#CC(C)CCC(C)C=O,2.6196683620478214,2.461972236633301,0.2256803661584854,39.27622604370117,17.351396560668945,17.07,,0.1627845166830861,mols/page_0123.png,14
2171,[O][C][Branch1][Ring1][C][C][C][O][C][Ring1][Branch1][C],CC1OCC(O)C1C,3.0044996950521226,1.7814934253692627,0.3093518614768982,32.280860900878906,29.628963470458984,29.46,,0.1627043578599664,mols/page_0109.png,11
3729,[C][#C][C][Branch1][Ring1][C][C][Branch1][C][C][C][O][C][Branch1][Branch1][C][Branch1][#Branch1][C][Ring1],C#CC(C)(CC)COCC=C,2.158091503851731,1.0461188554763794,0.2700671553611755,40.5523567199707,9.791409492492676,9.23,,0.1621529410415402,mols/page_0187.png,9
3632,[O][C][Branch1][C][C][C][Branch1][Ring1][C][O][C][Ring1][Branch1][C][Branch1][=Branch1][C][Ring1],C=CC1CC(O)C1CO,3.0217904688307007,2.976829290390014,0.2587208151817322,32.1664924621582,40.67145919799805,40.46,,0.1613676908528261,mols/page_0182.png,12
1145,[C][C][Branch1][C][C][C][N][C][C][Ring1][Ring1][C],CC(C)CN1CC1C,2.524499695052122,1.1809288263320925,0.3104598224163055,36.430084228515625,2.7545180320739746,3.01,,0.1611913870245951,mols/page_0058.png,5
3951,[C][C][C][Branch1][C][C][Ring1][Branch1][C][Branch1][Ring1][C][C][N][C][Ring1][Ring1][C][Ring1][=Branch1],CC1(C23CCC(C2)N3)CC1,3.279668362047821,1.3554295301437378,0.311026006937027,34.55728912353516,17.832271575927734,12.03,,0.1603951517270493,mols/page_0198.png,11
4236,[C][Branch1][C][C][Branch1][Branch1][C][O][C][C][C][Ring1][Ring1][C][Ring1][Ring2][O],CC1COC2(C)C(O)C12,3.461790468830701,1.3392239809036257,0.2964628636837005,35.24073791503906,29.185302734375,29.46,,0.1602450588238244,mols/page_0212.png,16
2744,[C][C][C][O][C][Branch1][Ring1][C][C][Branch1][C][C][Ring1][Branch1][C][O],CCC1(C)CCCO1,2.0244996950521226,1.4989413022994995,0.3216211497783661,33.53650665283203,9.710179328918455,9.23,,0.1590578432474706,mols/page_0138.png,4
871,[C][C][C][Branch1][C][C][N][C][C][O][C][Ring1][=Branch1],CCC1CCOCCN1,2.021790468830701,1.2027571201324463,0.3001304268836975,35.81357192993164,22.858549118041992,21.26,,0.1576611297650118,mols/page_0044.png,11
2929,[C][#C][C][Branch1][C][C][Branch1][Branch1][C][Branch1][Ring1][C][C][C][O][C][Ring1][Ring2],C#CC1(C)CCCCOC1,2.0596683620478218,1.2971426248550415,0.3029143512248993,36.28368377685547,8.087857246398926,9.23,,0.1562273697602199,mols/page_0147.png,9
2072,[C][C][C][Branch1][C][C][O][C][Ring1][Branch1][C][Branch1][Ring1][C][Branch1][Branch1][C][O][Ring1][Ring2],CC1OC(C2CCO2)C1C,3.4796683620478213,1.158822536468506,0.3150824606418609,34.747581481933594,18.526254653930664,18.46,,0.1560177354697867,mols/page_0104.png,12
2119,[C][#C][C][Branch1][Branch1][C][Branch1][C][C][C][Branch1][Ring1][C][C][N][C][C][Ring1][#Branch1],C#CC1CCCCNC1CC,2.5980915038517307,1.4509754180908203,0.283444344997406,37.21529769897461,14.482874870300291,12.03,,0.155921012224523,mols/page_0106.png,19
70,[=C][=C][#C][C][C][=C][C][=C][N][=C][Branch1][C][O][C][C][O],C=C=CCC=CC=CN=C(O)CCO,1.7363039679725396,1.492198824882507,0.2143486738204956,41.024452209472656,55.30424499511719,52.82000000000001,,0.1556854776223233,mols/page_0004.png,10
2146,[C][C][C][Branch1][C][C][N][C][Ring1][Ring2][C][Ring1][=Branch1][C],CC1C(C)C2(C)NC12,3.464499695052122,1.6457877159118652,0.30901038646698,33.29811096191406,21.84160614013672,21.94,,0.155458133510719,mols/page_0108.png,6
3192,[N][#C][C][C][Branch1][C][C][C][Ring1][Ring2][C][Ring1][Ring1][C][Ring1][=Branch1],N#CC12CC3CC1C32,3.404499695052122,4.628891468048096,0.2906093299388885,23.94719314575196,23.79282569885254,23.79,,0.1552600261002257,mols/page_0160.png,12
3402,[C][O][C][C][C][Branch1][Ring1][C][Branch1][C][C][Ring1][Ring1][C][C][O][Ring1][Branch1][C][O],COC1CC12CCOC2C,3.299668362047821,1.0052597522735596,0.3168341219425201,35.12962341308594,18.469480514526367,18.46,,0.1551999640853407,mols/page_0171.png,2
4388,[O][#C][C][Branch1][C][C][Branch1][Ring1][C][Branch1][Branch1][C][O][C][Branch1][=Branch1][C][=O],CC(C=O)CCOCC=O,2.079668362047822,2.697268486022949,0.2191340327262878,36.82143020629883,45.135284423828125,43.370000000000005,,0.1549808133626208,mols/page_0220.png,8
1732,[C][C][C][Branch1][Ring1][C][C][Ring1][Ring2][C][Ring1][Ring1][C][O][C][Ring1][=Branch1],CC12COCC1C21CC1,2.7417904688307013,1.607274055480957,0.3205170929431915,33.22751235961914,9.040030479431152,9.23,,0.1546936789125973,mols/page_0087.png,12
2782,[C][C][Branch1][C][C][C][O][C][Ring1][Ring2][C][Ring1][Ring1][C][Ring1][Branch1][C],CC1CC2CC(C)C1O2,3.281790468830701,1.5189650058746338,0.320651113986969,33.53371047973633,9.065112113952637,9.23,,0.1543047267323782,mols/page_0140.png,2
4128,[C][Branch1][C][O][C][C][C][Branch1][Ring1][C][Branch1][Branch1][C][C][Ring1][Ring1][C][Ring1][Branch1][C],CC=C(CCCO)C1CC1,1.5596683620478216,1.6661193370819092,0.2556889653205871,38.76964569091797,20.586589813232425,20.23,,0.1542797922871671,mols/page_0207.png,8
3215,[C][#C][C][Branch1][C][C][C][Branch1][Ring1][C][C][O][C][C][Ring1][#Branch1],C#CC1CCCOC1CC,2.5596683620478213,1.3756306171417236,0.3017744123935699,36.06543731689453,8.1725492477417,9.23,,0.153948754947459,mols/page_0161.png,15
4205,[C][#C][C][Branch1][Ring1][C][C][C][Branch1][C][C][O][C][C][Ring1][#Branch1],C#CC1C(C)CCOC1C,3.0596683620478218,1.277212142944336,0.2973967492580414,36.9170150756836,7.5655999183654785,9.23,,0.1533513588842862,mols/page_0211.png,5
2930,[C][#C][C][Branch1][C][C][Branch1][Branch1][C][Branch1][Ring1][C][Branch1][N][C][Branch1][Ring2][C][Branch1][=Branch1],C#CC(C)CCCC,2.104499695052122,0.7921887040138245,0.31737020611763,37.19999313354492,0.5214042663574219,0.0,,0.15278204916631,mols/page_0147.png,10
279,[C][#C][C][#C][C][C][N][C][=O],C#CC#CCCNC=O,1.581790468830701,3.587595701217652,0.2252608090639114,34.04798126220703,29.41341018676757,29.1,,0.1526003495107249,mols/page_0014.png,19
2680,[C][#C][C][Branch1][C][C][C][Branch1][Ring1][C][O][C][C][Ring1][Ring1],C#CC(C)C1CCOC1,2.5417904688307007,1.705115556716919,0.2970921695232391,35.20392227172852,9.29753589630127,9.23,,0.1520200272631987,mols/page_0135.png,0
4372,[C][C][Branch1][C][C][C][O][C][C][Ring1][Branch1][C][O][Ring1][=Branch1],CC1CC2COC1OC2,2.7017904688307013,2.1427242755889893,0.3190490901470184,30.658233642578125,17.84876823425293,18.46,,0.1512349057420788,mols/page_0219.png,12
745,[O][=C][C][C][C][Ring1][Branch1][C][C][O],O=CCCCCCO,1.5644996950521224,3.3638274669647217,0.2280990481376648,33.905643463134766,38.04433059692383,37.3,,0.1512096556560451,mols/page_0038.png,5
2376,[C][C][Branch1][C][C][C][Ring1][Branch1][C][O][C][C][N][Ring1][Branch1],CC1CC1C1NCCO1,2.9617904688307006,1.342699646949768,0.3129424750804901,33.88308334350586,22.687301635742188,21.26,,0.1509457014933915,mols/page_0119.png,16
2247,[C][#C][C][C][Branch1][Ring1][C][C][C][Ring1][Branch1][C][C],C#CC1C(CC)C1CC,2.5617904688307007,0.8457037806510925,0.2920117974281311,39.57239532470703,0.4960110783576965,0.0,,0.150801672791517,mols/page_0113.png,7
3329,[C][C][Branch1][Ring1][C][C][C][O][C][Ring1][Branch1][C][C][Ring1][Ring2][C][Ring1][#Branch1],CC1COC2CCCCC12,2.9996683620478217,1.5527467727661133,0.3170965015888214,33.778594970703125,8.234704971313477,9.23,,0.1507505213959276,mols/page_0167.png,9
1222,[C][C][C][Branch1][C][C][Ring1][Branch1][C][N][C][C],CCNCC1(C)CC1,1.5244996950521223,1.179323434829712,0.3084311485290527,35.6118049621582,13.97166347503662,12.03,,0.1504596060303938,mols/page_0062.png,2
4267,[C][#C][C][C][Branch1][Ring1][C][Branch1][C][C][C][Ring1][Ring1][C][C][N][Ring1][=Branch1],C#CCC1C2CCNC12C,2.9996683620478217,1.8275319337844849,0.2888297736644745,35.20123291015625,14.031782150268556,12.03,,0.1499722973640916,mols/page_0214.png,7
3216,[C][C][Branch1][Ring1][C][C][C][O][C][Ring1][Ring1][C][Ring1][=Branch1],CC1CC2OC2C1C,3.464499695052122,1.825010895729065,0.3364132940769195,30.451562881469727,12.303906440734863,12.53,,0.1493812420449823,mols/page_0161.png,16
3414,[C][#C][C][C][C][Branch1][Ring1][C][Branch1][C][C][Ring1][Branch1][C][Branch1][Ring2][C][Branch1],CCC1(CC)C#CCC1,1.561790468830701,0.7673069834709167,0.293719083070755,39.62607192993164,1.0108803510665894,0.0,,0.1493776310697965,mols/page_0171.png,14
1598,[C][Branch1][C][C][Branch1][Ring1][C][C][C][O][C][Ring1][Branch1][C],CC1COC(C)C1C,3.0244996950521226,1.5699447393417358,0.3139164447784424,33.94415664672852,9.141175270080566,9.23,,0.1490623210746378,mols/page_0080.png,18
3457,[C][#C][C][Branch1][C][C][C][Branch1][Ring1][C][O][C][Ring1][Branch1][C][Ring1][=Branch1][C][=O],C#CC1C(CO)C2C(C=O)C12,4.018091503851731,3.7927069664001465,0.2179630845785141,33.306182861328125,38.1593017578125,37.3,,0.148953937485568,mols/page_0173.png,17
2437,[C][Branch1][C][C][C][Branch1][Ring1][C][C][Ring1][Ring2][C][C][N][C][Ring1][Ring1],CC=C(CC)CC1CN1,2.041790468830701,1.77610445022583,0.2565154135227203,37.93132781982422,23.950645446777344,21.94,,0.1488963090068634,mols/page_0122.png,17
653,[O][C][C][C][C][Ring1][Ring2][Branch1][C][O][C][O][C][Ring1][Branch2],OC12CCC1(O)COC2,2.4417904688307006,1.1597858667373655,0.3064207434654236,33.11222457885742,49.86827850341797,49.69,,0.148442734209457,mols/page_0033.png,13
632,[C][C][=C][Branch1][Ring1][C][O][C][Branch1][C][C][O][C][Ring1][Branch2],CC1=C(CO)C(C)OC1,2.021790468830701,2.4145281314849854,0.2451795935630798,36.26113128662109,29.86884117126465,29.46,,0.1484119892837318,mols/page_0032.png,12
695,[C][C][C][O][C][C][Ring1][Branch1][C][C],CCC1COCC1C,2.524499695052122,1.7323484420776367,0.3176347613334656,32.95166778564453,9.046205520629885,9.23,,0.1481550081825741,mols/page_0035.png,15
177,[O][=C][C][O][C][=Branch1][C][=O][C][C][O],O=CCOC(=O)CCO,1.541790468830701,2.8961663246154785,0.2245675772428512,33.91241455078125,64.63274383544922,63.60000000000001,,0.1475288086216083,mols/page_0009.png,17
893,[C][C][Branch1][Branch2][C][=C][NH1][N][=N][Ring1][Branch1][C][C][Ring1][Branch2],CC1(c2c[nH]nn2)CC1,1.341790468830701,3.917049169540405,0.2376415878534317,30.57807731628418,40.94615173339844,41.57,,0.146859861588497,mols/page_0045.png,13
4268,[C][C][Branch1][Ring1][C][O][C][=Branch1][C][=O][C][=Branch1][C][=N][N],CC(CO)C(=O)C(=N)N,2.041790468830701,2.310333728790283,0.1978435963392257,37.22017288208008,85.12577819824219,87.17,,0.1448496665900794,mols/page_0214.png,8
2154,[O][C][C][#C][C][N][C][Ring1][Ring1][C][O],OCC#CC1NC1CO,2.5017904688307007,1.64199960231781,0.2645837664604187,34.72506332397461,60.6923942565918,62.400000000000006,,0.1447974649606563,mols/page_0108.png,14
629,[C][C][Branch1][C][C][C][=Branch1][C][=O][C][Branch1][C][O][C][C][Ring1][Ring2],CC(C)C(=O)C1(O)CC1,1.521790468830701,2.394664764404297,0.2200785875320434,38.25069808959961,37.684078216552734,37.3,,0.1446215692238867,mols/page_0032.png,9
3732,[C][#C][C][C][C][Ring1][Branch1][C][Branch1][C][C][Branch1][Ring1][C][Branch1][Ring2][C][Branch1][Branch1][C],CCCC(C)C1C#CCC1,2.5796683620478214,0.7949253916740417,0.2930001318454742,39.57345962524414,0.2658109366893768,0.0,,0.1444102450836756,mols/page_0187.png,12
3228,[N][#C][C][C][Branch1][C][C][C][Ring1][Ring1][C][Ring1][Branch1][C][Ring1][Ring2][C],CC1CC2=CC1C2C#N,3.721790468830701,4.3513689041137695,0.2353941649198532,30.445838928222656,24.001070022583008,23.79,,0.1441017099561091,mols/page_0162.png,8
3020,[C][#C][C][C][Branch1][C][C][Ring1][Ring2][C][C][C],CCCC1(C)C#CC1,2.0444996950521226,0.8682820796966553,0.2931890189647674,39.07845306396485,2.777449369430542,0.0,,0.1437394628332141,mols/page_0152.png,0
755,[O][C][C][C][C][C][C][Branch1][Ring2][C][Ring1][Branch1][C][Ring1][Ring2][Ring1][=Branch1],OCCC12CC3C(C1)C32,2.4217904688307006,1.2624751329421997,0.325197696685791,32.971473693847656,20.4002742767334,20.23,,0.1431045519418128,mols/page_0038.png,15
2987,[N][C][C][C][Ring1][Branch1][C][Branch1][Ring1][C][O][C][Ring1][Ring1][C][Ring1][=Branch1][C],CC1C2C(O)C2C12CCN2,4.239668362047822,1.725130558013916,0.2880674004554748,34.07728958129883,33.226036071777344,32.26,,0.1429210161058448,mols/page_0150.png,7
481,[C][O][C][C][Branch1][=Branch1][C][Branch1][C][C][=O][C][N][Ring1][=Branch1],COCC1(C(C)=O)CN1,2.001790468830701,2.7934484481811523,0.2233974635601043,35.546852111816406,48.7983627319336,48.24,,0.1426992318359038,mols/page_0025.png,1
3014,[C][C][C][Branch1][Ring2][C][Ring1][Ring2][O][C][C][Ring1][Branch1][C][N][Ring1][Ring1],C1CC2(C1)OCC21CN1,2.541790468830701,2.0089831352233887,0.2993101477622986,31.98249626159668,31.389732360839844,31.17,,0.1412617612642664,mols/page_0151.png,14
2251,[C][C][C][Branch1][C][C][N][C][C][Ring1][Ring1][C][Ring1][Ring2],CCC(C)N1CC1C,3.0244996950521226,1.1727415323257446,0.3084577023983001,36.270118713378906,3.6818935871124254,3.01,,0.1411999887091987,mols/page_0113.png,11
1249,[C][O][C][C][C][Ring1][Ring1][Branch1][C][C][O][O][Ring1][Ring2],COC1CC1(C)OO,2.484499695052122,1.558768391609192,0.2990610897541046,33.41754913330078,34.66761016845703,38.69,,0.1404661060891734,mols/page_0063.png,9
1675,[C][C][C][N][C][C][Branch1][Ring1][C][C][Ring1][Ring1][C][O][C][Ring1][#Branch1],CCCN1C2COCC21CC,3.01809150385173,0.9651085734367372,0.3083104491233825,36.56998825073242,9.849218368530272,12.24,,0.1402680054587461,mols/page_0084.png,15
2602,[C][C][Branch1][Ring1][C][Branch1][C][C][C][O][C][Ring1][Ring1][O][Ring1][Branch1][C][Ring1][Branch1],CC1CCOC2OC12,2.9444996950521225,2.246981143951416,0.3344075977802276,28.3355712890625,20.20689582824707,21.76,,0.1402064904787197,mols/page_0131.png,2
2909,[C][C][Branch1][C][C][C][O][C][C][Ring1][Branch1][C][Ring1][Ring1][C],CC1COC2C(C)C2C1,3.481790468830701,1.32583487033844,0.3059465587139129,35.522823333740234,9.138298034667969,9.23,,0.140054281532989,mols/page_0146.png,9
3168,[C][Branch1][Ring1][C][C][Branch1][C][C][C][O][C][Ring1][Ring1][C][Ring1][Branch1],CCC1CCC2OC12,2.9644996950521225,1.8031761646270752,0.3417601883411407,29.876768112182617,11.676986694335938,12.53,,0.1398209148765482,mols/page_0159.png,8
1850,[C][C][Branch1][Ring1][C][Branch1][C][C][O][C][Branch1][Branch1][C][Ring1][Branch1][C][Branch1][=Branch1][C][Ring1],CC1OC2CCC2C1C,3.481790468830701,1.3663285970687866,0.3120761811733246,34.73508834838867,9.1759672164917,9.23,,0.1397141518326385,mols/page_0093.png,10
4111,[C][N][C][C][C][Branch1][Ring1][C][Branch1][C][C][Ring1][Branch1][C][O][C][Ring1][#Branch1],CCC12CNCC1COC2,2.4796683620478213,1.4705140590667725,0.3057584166526794,33.76892852783203,25.188146591186523,21.26,,0.1395682491549801,mols/page_0206.png,11
1984,[C][#C][C][C][Branch1][Ring1][C][C][C][O][C][C][Ring1][Branch1],C#CCC1CCCCOC1,2.0596683620478218,1.482572078704834,0.302367091178894,35.37378692626953,8.031641006469727,9.23,,0.1389212262060135,mols/page_0100.png,4
1205,[C][C][C][Ring1][Ring1][C][Branch1][Ring1][C][C][Branch1][C][C][O][C][Ring1][Branch1][C][Ring1][Ring2],CC1C2CCC1(C1CC1)O2,3.779668362047822,1.6053096055984497,0.3156861960887909,33.56673049926758,7.543790340423584,9.23,,0.137577867945526,mols/page_0061.png,5
1243,[C][Branch1][C][C][C][Branch1][Branch1][C][O][C][Branch1][Ring1][C][C][Ring1][Ring2][C],CC=C(C)COCCC,1.601790468830701,1.147640347480774,0.2631845474243164,40.38032531738281,11.011338233947754,9.23,,0.1370744852157246,mols/page_0063.png,3
1706,[C][C][C][Branch1][Ring1][C][O][C][Branch1][C][C][N][Ring1][Ring1][C][Ring1][Ring1],CCC(CO)C1=NCC1,2.021790468830701,2.092878818511963,0.2427579760551452,36.82711410522461,38.92333984375,32.59,,0.1370120302333895,mols/page_0086.png,6
1455,[C][C][C][O][C][Branch1][Ring1][C][C][N][Branch1][Ring1][Ring2],CCCOC1CCN1,2.0044996950521226,1.554097056388855,0.3131910562515259,32.80304336547852,23.04977798461914,21.26,,0.1361031495685455,mols/page_0073.png,15
4471,[C][C][#C][C][O][C][=N],CC#CCOC=N,1.5478467081635288,3.8615317344665527,0.2770952582359314,27.242843627929688,32.043216705322266,33.08,,0.1360924313441268,mols/page_0224.png,11
174,[C][C][N][=C][O][C][O][C][Ring1][Branch1][=O],CCN=C1OCOC1=O,1.4817904688307009,4.3375091552734375,0.2239542603492736,29.668581008911133,48.44084548950195,47.89,,0.135914852009503,mols/page_0009.png,14
4071,[O][#C][C][Branch1][C][C][C][Branch1][Ring1][C][O][C][Branch1][Branch1][C][O][Ring1][Ring1],CC(C=O)C(CO)C1CO1,3.0196683620478217,2.761347770690918,0.2209127843379974,35.75421524047852,49.481224060058594,49.83,,0.1356464498966753,mols/page_0204.png,11
3452,[C][Branch1][Ring1][C][Branch1][C][C][C][Ring1][Branch1][C][O][C][Ring1][Ring1][C][O],CCC=CC1OC1CO,2.5217904688307007,2.428865671157837,0.2482446730136871,35.49734878540039,32.208404541015625,32.76,,0.1350515980721715,mols/page_0173.png,12
2582,[C][Branch1][C][C][Branch1][Ring1][C][C][O][C][C][C][Ring1][Ring1][C][Ring1][Branch1][C][Ring1][#Branch1],CC1CCCCC2CC2O1,2.9996683620478217,1.2693790197372437,0.3169553875923157,34.61582565307617,7.793110370635986,9.23,,0.1344972374719913,mols/page_0130.png,2
3469,[C][C][Branch1][C][C][C][Ring1][Ring1][C][Branch1][Ring1][C][O][C][Ring1][Branch1][C],CC(C)=C1C(C)C1CO,2.5417904688307007,1.6516340970993042,0.2502529323101043,39.02766418457031,20.91800308227539,20.23,,0.1340858914937127,mols/page_0174.png,9
335,[C][C][N][C][=Branch1][C][=O][C][=C][C][Ring1][=Branch1][C],CCN1C(=O)C=CC1C,2.021790468830701,4.180539131164551,0.2083225399255752,34.0044059753418,19.93796157836914,20.31,,0.1339875723188215,mols/page_0017.png,15
1666,[C][C][Branch1][C][C][C][N][C][Ring1][Ring1][C][C][Ring1][Branch1],CC(C)C12CCC1N2,2.464499695052122,1.3738007545471191,0.3240910470485687,32.46350860595703,21.171127319335938,21.94,,0.1339468069177368,mols/page_0084.png,6
1474,[C][O][C][C][C][O][Ring1][Branch1][C][O],COCCCO,1.5318943340952076,2.393578290939331,0.3304059207439422,27.42196655273437,29.00301742553711,29.46,,0.1336504587600752,mols/page_0074.png,14
3386,[C][O][C][Branch1][C][C][Branch1][Ring1][C][C][C][Ring1][Ring1][C][Ring1][Ring2][C][Ring1][=Branch1][C],COC12CC(C)C3C1C32C,4.779668362047821,1.0784536600112915,0.3120697438716888,35.73673248291016,8.708300590515137,9.23,,0.1332754676872121,mols/page_0170.png,6
3874,[C][C][C][Branch1][Ring1][C][C][O][C][C][Ring1][Ring2][C][Ring1][=Branch1],CCC1OCC2CC1C2,2.7217904688307013,1.3618308305740356,0.3234556913375854,33.55369186401367,8.053746223449707,9.23,,0.1325433953921704,mols/page_0194.png,14
2136,[C][C][O][C][Branch1][Branch1][C][Ring1][Ring2][O][C][Ring1][=Branch1][O],CC12OC(C1O)C2O,3.1644996950521223,2.1795334815979004,0.3061229884624481,29.053794860839844,50.11257553100586,49.69,,0.1311770271818192,mols/page_0107.png,16
1820,[C][C][C][Branch1][C][C][Ring1][Branch1][C][Branch1][Ring1][C][O][C][Ring1][Ring1][C][Ring1][=Branch1],OC1C2CCC3(CC3)C12,3.2417904688307013,1.4963380098342896,0.3126044571399688,33.16740798950195,20.776424407958984,20.23,,0.1309122566216445,mols/page_0092.png,0
2526,[N][C][C][C][Ring1][Ring1][C][Branch1][C][C][O][C][Ring1][Branch1][C][Ring1][Ring2],NC1CC12C1CCC2O1,4.061790468830702,2.017944574356079,0.3064807057380676,31.033206939697266,31.397340774536133,35.25,,0.1301985255506495,mols/page_0127.png,6
2263,[O][C][C][C][Ring1][Ring1][C][Branch1][Ring1][C][O][C][Ring1][Ring2],C=C(CO)C1CC1O,2.504499695052122,3.0308454036712646,0.2376608252525329,33.28125,45.08378219604492,40.46,,0.1301331354069547,mols/page_0114.png,3
4213,[C][C][C][C][Branch1][#Branch1][C][O][C][Ring1][=Branch1][=N][O][Ring1][Branch2],CC12CC(COC1=N)O2,3.181790468830701,3.037939548492432,0.2679640352725982,30.28982925415039,43.20137023925781,42.31,,0.1301189620629991,mols/page_0211.png,13
3675,[C][C][Branch1][Ring1][C][Branch1][Branch1][C][C][C][Ring1][Ring1][C][C][O][C][Ring1][Branch1],CC1CCOCC2CC2C1,2.9996683620478217,1.1942322254180908,0.3205561637878418,34.457763671875,7.682460308074951,9.23,,0.1297961190240451,mols/page_0184.png,15
1797,[C][C][C][Branch1][Branch1][C][C][Ring1][Ring1][C][C][O][C][Ring1][Branch1][C][Ring1][Ring2],CCC12CC3CC(O3)C1C2,4.279668362047822,1.6835289001464844,0.326686292886734,31.955013275146484,8.398773193359375,9.23,,0.1297543157358961,mols/page_0090.png,17
3265,[C][N][C][Branch1][C][C][C][Branch1][Ring1][C][C][Ring1][Ring2][C][Branch1],CCC1(C)C(C)N1C,3.0244996950521226,1.3034056425094604,0.2911370694637298,37.36840438842773,3.687772035598755,3.01,,0.1293476986045275,mols/page_0164.png,5
2970,[C][#C][C][Branch1][Ring1][C][C][Branch1][C][O][C][Ring1][Ring1][C][O],C#CC1(O)CCC1CO,2.5217904688307007,0.9312966465950012,0.2834449410438537,36.61700820922852,41.807918548583984,40.46,,0.1288751615337157,mols/page_0149.png,10
3876,[C][C][C][O][C][C][O][C],CCCOCCOC,1.5644996950521224,0.217264175415039,0.3392446041107178,35.29734802246094,18.57977867126465,18.46,,0.1273102287788958,mols/page_0194.png,16
3248,[C][C][C][O][C][C][Branch1][Ring1][C][C][Ring1][Ring1][C][Ring1][Ring2],C=C(CC)COCCC,1.601790468830701,1.170955777168274,0.2641093730926513,40.010555267333984,11.386033058166504,9.23,,0.1272537978823374,mols/page_0163.png,8
3822,[C][C][Branch1][C][C][O][C][Branch1][Ring1][C][O][Branch1][Ring1][Ring2][C][O],CC1CC(CO)O1,2.487846708163529,2.6636812686920166,0.3237799406051636,26.92991828918457,29.70122528076172,29.46,,0.1265974779597695,mols/page_0192.png,2
464,[C][N][C][C][C][C][C][Ring1][=Branch1][=O],CN1CCCCC1=O,1.5044996950521223,3.7560110092163086,0.2664702534675598,29.48601722717285,20.06001091003418,20.31,,0.1265188496330884,mols/page_0024.png,4
3310,[N][#C][C][C][C][Branch1][Ring1][C][Branch1][C][C][=O][C][Branch1][Branch1][C][O][C][=O],CCC(=O)CCC#N,1.5644996950521224,3.721129894256592,0.2336684614419937,31.332294464111328,41.580528259277344,40.86,,0.126369426394389,mols/page_0166.png,10
263,[C][C][O][N][=N][C][=Ring1][Branch1][C][Branch1][C][C][O],Cc1onnc1C(C)O,1.881790468830701,3.1834466457366943,0.2267525643110275,32.68463516235352,59.246070861816406,59.150000000000006,,0.1261127589286793,mols/page_0014.png,3
2004,[C][#C][C][C][C][Branch1][C][C][O][C][Ring1][Ring1][C][Branch1][Ring1][C][=O],C#CCCC1CC(CC=O)O1,2.5780915038517307,3.2580368518829346,0.2270852178335189,34.95436477661133,25.397581100463867,26.3,,0.1256237501231151,mols/page_0101.png,4
1669,[C][C][C][Branch1][C][C][Ring1][Ring1][C][C][O][Ring1][Branch1],CC1(CCO)CC1,1.5078467081635287,1.377716302871704,0.3383098244667053,30.926448822021484,20.129112243652344,20.23,,0.1251156520616154,mols/page_0084.png,9
2351,[C][C][Branch1][C][C][C][O][C][Branch1][Ring1][C][=O][C][C][Ring1][Branch1],CC(C)COC1(C=O)CC1,1.5396683620478215,2.601332187652588,0.2207437753677368,37.97982406616211,26.07883071899414,26.3,,0.1247906245185342,mols/page_0118.png,11
1847,[N][#C][C][Branch1][#Branch1][C][=Branch1][C][=O][C][O][C][C][Ring1][#Branch1],N#CC1(C(=O)CO)CC1,1.5017904688307009,3.289778232574463,0.2289649844169616,31.889265060424805,61.04806137084961,61.09,,0.1239340887752874,mols/page_0093.png,7
1832,[C][C][C][O][C][C][Branch1][C][C][=O][C][O][N],CCCOCC(C)=O,1.5644996950521224,3.1804001331329346,0.233959749341011,34.398643493652344,26.760746002197266,26.3,,0.1234870474270615,mols/page_0092.png,12
4061,[C][C][C][Branch1][Ring1][C][C][Ring1][Ring1][C][O][C][Ring1][=Branch1][C][Ring1][Branch1],C1CCC2(CC2)COC1,1.8017904688307007,1.299114227294922,0.3221907913684845,33.6976203918457,8.923917770385742,9.23,,0.1231675437298659,mols/page_0204.png,1
2252,[C][C][=N][N][=C][O][N][=C][N][Ring1][Branch2][Ring1][Branch1],Cc1nnc2oncn12,1.2017904688307008,5.707238674163818,0.2119420617818832,25.19331359863281,53.79096984863281,56.22,,0.1231145685147736,mols/page_0113.png,12
3743,[C][C][C][Branch1][C][C][N][C][Ring1][Ring1][C][Branch1][Ring1][C][C][Ring1][Ring2][C][Ring1][=Branch1],CCC1C2C3N1CC23CC,3.439668362047821,1.7253342866897583,0.2983375787734985,35.02790832519531,2.8003172874450684,3.24,,0.1230924945584172,mols/page_0188.png,3
1704,[O][C][C][C][Branch1][C][C][=Branch1][C][=O][C][Branch1][Ring1],CC(C)(O)CCO,1.5478467081635288,0.8768393993377686,0.316479355096817,33.50212097167969,39.59477233886719,40.46,,0.1228723058503716,mols/page_0086.png,4
4331,[C][C][C][Branch1][Ring1][C][C][Ring1][Ring2][C][C][N][C][Ring1][Branch1][C],CC1CCC2(CCN1)CC2,2.3196683620478216,1.174035668373108,0.3036496043205261,35.68278121948242,13.508633613586426,12.03,,0.1212512888937325,mols/page_0217.png,11
1418,[C][#C][C][Branch1][C][C][C][Branch1][Ring1][C][C][O][C][Ring1][Ring1],C#CC(C)C1CCCO1,2.5417904688307007,1.517156958580017,0.2961598038673401,35.47140121459961,9.599432945251465,9.23,,0.1210290164578592,mols/page_0071.png,18
2380,[O][C][Branch1][#Branch2][C][C][N][C][C][Ring1][Branch1][Ring1][Ring1][C][C][Ring1][Branch2],OC1(C2CN3CC23)CC1,2.901790468830701,2.0943989753723145,0.2886579930782318,33.03253936767578,23.41287040710449,23.24,,0.1206176784792208,mols/page_0120.png,0
3484,[N][C][C][Branch1][C][C][C][Ring1][Ring1][C][C][N][C][Ring1][Branch1][C][Ring1][=Branch1],CC(CN)=C1CCNC1C,2.0396683620478218,1.9331928491592407,0.2391189187765121,37.435523986816406,40.068016052246094,38.05,,0.1203463696281769,mols/page_0175.png,4
2810,[C][C][C][Branch1][Ring1][C][Branch1][C][C][O][C][C][Ring1][Branch1][C][Branch1][Branch1][C][O][Ring1],CCC1OCC(CC=O)C1C,3.0780915038517307,2.8545081615448,0.2205444425344467,37.095584869384766,24.56464385986328,26.3,,0.1198909588553533,mols/page_0141.png,10
1190,[O][C][C][O][C][C][C][C][Ring1][=Branch1][Ring1][Ring2],OCC1OC2CCC12,2.9444996950521225,2.6735427379608154,0.3060415089130401,28.67341041564941,28.637826919555664,29.46,,0.119152263488213,mols/page_0060.png,10
1136,[C][C][C][Branch1][Ring1][C][Branch1][C][C][O][C][O][Ring1][Branch1],CCC1OCOC1C,2.504499695052122,1.3686485290527344,0.3344687521457672,31.38402366638184,18.43912696838379,18.46,,0.1189959798615414,mols/page_0057.png,16
3523,[C][C][N][C][=C][C][=Branch1][C][=N][N][=N][Ring1][#Branch1],CCn1ccc(=N)nn1,1.381790468830701,5.581878662109375,0.1669567078351974,30.22663116455078,53.4467658996582,54.56,,0.1185643475608754,mols/page_0177.png,3
3343,[#C][#C][C][C][C][Branch1][C][C][N][C][C][Ring1][Ring1][C][Ring1],C#CCCC(C)N1CC1=C,2.5596683620478213,1.564948797225952,0.2809178531169891,37.1225814819336,5.592076301574707,3.01,,0.11848149585469,mols/page_0168.png,3
3630,[O][C][Branch1][C][O][C][Ring1][Ring2][C][Ring1][Branch1][C][Ring1][=Branch1][C][Ring1][Ring1],OC1OC1C1CC1,2.427846708163529,1.9661303758621216,0.3295258581638336,28.668535232543945,31.35963630676269,32.76,,0.1181423321383353,mols/page_0182.png,10
3092,[N][#C][C][Branch1][Ring1][C][C][C][Branch1][C][C][Ring1][Ring1][C][=O][C][Ring1][=Branch1],CC1C(C#N)C1(C)C=O,3.0217904688307007,3.122856616973877,0.2211515456438064,34.707271575927734,41.41463851928711,40.86,,0.1174334634187763,mols/page_0155.png,12
2828,[C][C][C][Ring1][Ring1][C][Branch1][Branch1][C][O][Ring1][Ring1][C][Ring1][=Branch1][C][O][Ring1][Ring1],C1C2C1C1(CO1)C21CO1,4.081790468830701,3.097043752670288,0.2973200380802154,28.396961212158203,22.900854110717773,25.06,,0.1169292970236408,mols/page_0142.png,8
2972,[C][C][C][O][C][C][Branch1][C][O][Ring1][Ring2][C][Ring1][Ring2],CCC1OC2CC12O,2.9444996950521225,2.167414665222168,0.2996603548526764,31.120098114013672,29.15695571899414,29.46,,0.1161251118924839,mols/page_0149.png,12
2421,[C][C][Branch1][C][C][C][Ring1][Ring1][C][O][C][Branch1][Ring1][C][Branch1][=Branch1][C][=O],CC(C)=CCOCCC=O,1.5996683620478216,2.6937026977539062,0.2199067622423172,37.51430130004883,26.89290237426757,26.3,,0.1158154335866682,mols/page_0122.png,1
3179,[C][#C][C][Branch1][C][C][C][Branch1][Ring1][C][O][C][C][Ring1][=Branch1],C#CC1CCCC1CO,2.5417904688307007,0.9773027896881104,0.3051239848136902,35.646751403808594,20.33627700805664,20.23,,0.11548719318107,mols/page_0159.png,19
3198,[C][Branch1][Ring1][C][C][Branch1][C][C][C][O][C][Ring1][Ring2][C][Ring1][Ring1][C][Ring1][Branch1],CCC1CC2CCC1O2,3.781790468830701,1.5211549997329712,0.3212993741035461,32.81299591064453,9.259851455688477,9.23,,0.1154627371783047,mols/page_0160.png,18
1970,[C][#C][C][C][Branch1][C][C][O][C][Ring1][Ring2][C][C][Ring1][Branch1],C#CCC12CCCC1O2,2.4817904688307006,1.963153600692749,0.3049940168857574,32.69719696044922,11.077913284301758,12.53,,0.1150386858910486,mols/page_0099.png,10
2220,[C][#C][C][C][C][Ring1][Branch1][C][C][Branch1][Ring1][C][C][O][C][Ring1][Ring2],CC1COC1CC1C#CCC1,3.0380915038517307,1.749672770500183,0.2905153036117553,35.17058181762695,8.269102096557617,9.23,,0.1137959344240492,mols/page_0112.png,0
187,[O][C][C][C][N][C][C][Ring1][Ring1][C][Ring1][Ring2][C][Ring1],C=CC1CN1CCCO,2.5217904688307007,2.278003215789795,0.2464135736227035,36.37946701049805,25.92661666870117,23.24,,0.1137054071284827,mols/page_0010.png,7
1937,[C][C][C][N][C][Branch1][C][C][Branch1][Ring1][C][C][Ring1][Branch1][C],CCC1(C)CCCN1,2.0244996950521226,1.260992407798767,0.3095386028289795,34.483253479003906,15.42712116241455,12.03,,0.1135297861301347,mols/page_0097.png,17
244,[C][N][=C][N][=N][NH1][C][=C][Ring1][=Branch1][N],CN=c1nn[nH]cc1N,1.361790468830701,4.909476280212402,0.1586015373468399,31.591529846191406,78.3927001953125,79.95,,0.1134524979784628,mols/page_0013.png,4
2147,[C][C][C][Branch1][Ring1][C][Branch1][C][C][Ring1][Ring1][C][Ring1][Ring2][O],CCC1(CO)CC1,1.5078467081635287,1.3955093622207642,0.3299832940101623,31.521240234375,20.14499855041504,20.23,,0.1132947399076097,mols/page_0108.png,7
2857,[C][C][C][Branch1][Ring1][C][Branch1][C][C][N][C][Branch1][O][C][Ring1][#Branch1],CCC1NCCC1C,2.524499695052122,1.2792600393295288,0.3101413547992706,34.1165885925293,18.334964752197266,12.03,,0.1126359586437728,mols/page_0143.png,17
1882,[C][C][C][Ring1][Ring1][C][C][Branch1][C][C][=C][Branch1][C][O][C][C][O],CC(CC1CC1)=C(O)CCO,1.578091503851731,1.2300052642822266,0.2507625818252563,38.86381530761719,38.2009391784668,40.46,,0.1121446968331551,mols/page_0095.png,2
1303,[C][C][C][O][C][Ring1][Ring2][C][Branch1][Ring1][C][O],CC1COC1CCO,2.504499695052122,1.146844506263733,0.3205651044845581,32.641056060791016,29.901046752929688,29.46,,0.1117994566604048,mols/page_0066.png,3
3149,[C][C][Branch1][Ring1][C][C][C][Ring1][Ring2][C][Branch1][C][C][O][C][Ring1][Branch1][C][Ring1][=Branch1],CCC(C)=C1C(C)OC1C,2.5596683620478213,1.7943288087844849,0.2496567219495773,39.122318267822266,8.676485061645508,9.23,,0.1111601398105992,mols/page_0158.png,9
205,[C][C][C][O][C][C][Ring1][C][C][Branch1][C][C],CCC=COCCC,1.5844996950521224,1.777573823928833,0.2518727481365204,38.558048248291016,13.85324478149414,9.23,,0.1109610834083992,mols/page_0011.png,5
1065,[C][C][Branch1][C][C][C][Ring1][Ring2][C][Branch1][Ring1][C][O][C][Ring1][#Branch1],CC12CC(CO)C1C2,2.9644996950521225,1.290130853652954,0.3276544511318207,32.11652374267578,20.00739288330078,20.23,,0.1104774860967937,mols/page_0054.png,5
3195,[C][C][C][Branch1][Ring1][C][C][O][C][Branch1][Branch1][C][C][Ring1][Ring1][C][Ring1][Ring2][C][Ring1],C=CC1(OC(CC)CC)CC1,1.598091503851731,0.9236695170402528,0.2701673507690429,40.32367706298828,7.538279056549072,9.23,,0.1101030763467784,mols/page_0160.png,15
24,[=NH1+1][N][#C][#C][C][O][C][Branch1][Ring1][C][=O][C],CC(C=O)OCC=C=N[NH+],2.0596683620478218,2.8570284843444824,0.2131651937961578,34.5606575012207,65.38323211669922,62.46,,0.1100161397158606,mols/page_0002.png,4
1659,[C][C][C][Branch1][C][C][Ring1][Ring1][C][Branch1][Ring1][C][Ring1][Branch1][C][O],CC12CC1CC2CO,2.9644996950521225,1.3192840814590454,0.3249393701553345,32.29330825805664,19.78877830505371,20.23,,0.1098538488770955,mols/page_0083.png,19
3778,[O][#C][C][Branch1][Ring1][C][O][C][C][C][Branch1][C][O],O=CC(CO)CCCO,2.061790468830701,1.8501765727996824,0.2226283103227615,37.98616790771485,56.789039611816406,57.53,,0.1098424715594528,mols/page_0189.png,18
2185,[C][C][Branch1][C][C][C][O][C][Ring1][Ring1][C][C][Ring1][=Branch1],CC1CCCC2OC12,2.9644996950521225,1.7924243211746216,0.3429442644119262,29.29295539855957,11.854538917541504,12.53,,0.1097458141005084,mols/page_0110.png,5
3129,[C][C][Branch1][Ring1][C][C][C][Ring1][Ring1][C][O][C][Ring1][Ring2],CC1C(C)C12COC2,2.784499695052122,2.074984550476074,0.3100464940071106,31.770301818847656,9.85426425933838,9.23,,0.109712214830756,mols/page_0157.png,9
4224,[C][O][C][O][C][C][C][C][Ring1][=Branch1][O][Ring1][Ring2],COC1OCC2CC1O2,3.681790468830701,1.798554539680481,0.3248805105686188,29.881086349487305,28.02355194091797,27.69,,0.109406589081942,mols/page_0212.png,4
3121,[O][C][Branch1][C][C][C][Ring1][Ring1][C][C][O],CC(O)=CCCO,1.5478467081635288,2.108149528503418,0.2538328468799591,34.47720718383789,48.130859375,40.46,,0.1091521094599174,mols/page_0157.png,1
4087,[N][C][Branch1][C][C][C][Ring1][Branch1][C][Branch1][Ring1][C][Branch1][O][C][C][Branch1][Ring2][C][Ring1],C=CCCCC1NC1C,2.5417904688307007,1.610065221786499,0.2655938565731048,36.96136093139648,23.80129623413086,21.94,,0.1078441734701885,mols/page_0205.png,7
1930,[C][#C][C][C][Branch1][Ring1][C][C][C][Ring1][Ring1][C][Ring1][Branch1][C][C],C#CCC12C(C)C1C2CC,3.5196683620478213,0.8129693269729614,0.2989763021469116,38.295555114746094,0.1491861492395401,0.0,,0.107076188982094,mols/page_0097.png,10
2912,[C][C][Branch1][C][C][O][C][C][C][Ring1][Ring2],CCCOC(C)C,1.5678467081635288,0.9607327580451964,0.3343467712402344,33.38068389892578,9.688544273376465,9.23,,0.10661914620351,mols/page_0146.png,12
2938,[C][C][C][Branch1][C][C][N][C][C][Ring1][Ring2][C][Branch1][Ring1][C][Ring1][Branch1][C],CCC1CC2CN1CC2C,4.2996683620478215,1.411596179008484,0.3015860617160797,35.60771560668945,2.412604093551636,3.24,,0.1057050674391824,mols/page_0147.png,18
2232,[C][C][C][Branch1][C][O][C][Branch1][Ring1][C][Branch1][Branch1][C][C][Ring1][Ring1][C][Ring1][Branch1],C=C(C(O)CC)C1CC1,2.041790468830701,1.8215876817703247,0.2528839111328125,37.61803817749024,21.484519958496094,20.23,,0.105483913637006,mols/page_0112.png,12
637,[N-1][C][O][C][C][=C],C=CCOC[N-],1.5318943340952076,4.770127296447754,0.241545170545578,27.067955017089844,31.349672317504883,31.53,,0.105422881673806,mols/page_0032.png,17
2733,[C][C][C][Branch1][Ring1][C][Branch1][C][C][O][C][C][Ring1][Branch1],CCC1OCCC1C,2.524499695052122,1.4105225801467896,0.3204123675823211,33.16150665283203,8.932321548461914,9.23,,0.1044665076802519,mols/page_0137.png,13
1112,[C][#C][C][Branch1][Ring1][C][#N][C][N][Ring1][Branch1],C#CC1(C#N)CN1,1.987846708163529,4.924498081207275,0.2598913013935089,23.570396423339844,44.71104431152344,45.73,,0.1042075694634777,mols/page_0056.png,12
3458,[C][Branch1][Ring1][C][C][Branch1][C][O][C][C][Ring1][Branch1][C][Ring1][Ring1][C][Ring1][Ring2],CC1C(O)C23CC2C13,4.224499695052123,1.529041409492493,0.3095320165157318,32.87376403808594,21.437406539916992,20.23,,0.104034937501558,mols/page_0173.png,18
3188,[O][C][C][O][C][C][Ring1][Ring2][C][C][C][Ring1][Branch1][Ring1][#Branch1],OCC12OC3C1CCC32,4.081790468830701,2.218280076980591,0.3020015954971313,30.446758270263672,29.62856101989746,29.46,,0.1033221046244937,mols/page_0160.png,8
2223,[C][C][C][C][Branch1][C][O][C][Branch1][Ring2][N][Ring1][=Branch1][C][Ring1][#Branch1][Ring1][Branch1][O],CC12CC3(O)C(N1)C23O,3.381790468830701,1.7462815046310425,0.2713879942893982,33.63591003417969,51.84626007080078,52.49,,0.1029395347895142,mols/page_0112.png,3
3393,[C][N][C][Branch1][Ring1][C][#N][C][Branch1][C][F][Branch1][C][F][F],CNC(C#N)C(F)(F)F,2.021790468830701,2.7908172607421875,0.2687718868255615,31.4981632232666,32.509613037109375,35.82,,0.1027359008956339,mols/page_0170.png,13
1283,[C][C][Branch1][C][C][C][O][C][C][Ring1][Ring1],CCOCC(C)C,1.5678467081635288,0.9862138032913208,0.3353606760501861,33.110633850097656,9.67134952545166,9.23,,0.1021481731835411,mols/page_0065.png,3
2425,[C][#C][C][Branch1][Ring1][C][Branch1][C][C][Branch1][Ring2][C][Branch1][Branch1][C][Branch1][O][C][Branch1][=O],C#CC(CC)CCC,2.104499695052122,0.683190643787384,0.3150870501995086,37.072975158691406,-0.2927252054214477,0.0,,0.1017912353373143,mols/page_0122.png,5
1054,[C][C][C][Ring1][Branch1][C][C][Branch1][C][O][C],CC(O)CC1CC1,2.007846708163529,1.4312713146209717,0.3308635652065277,31.083271026611328,20.44493293762207,20.23,,0.1014904736639953,mols/page_0053.png,14
123,[C][C][C][Branch1][Branch1][C][C][O][C],CCCCCOC,1.5678467081635288,1.0229884386062622,0.3373747766017914,32.72343444824219,9.988004684448242,9.23,,0.1009367497193791,mols/page_0007.png,3
3590,[C][=N][C][=C][Branch1][#Branch1][C][C][C][C][Ring1][Ring1][NH1][Ring1][=Branch2],c1ncc(CC2CC2)[nH]1,1.361790468830701,3.709954738616944,0.2465352267026901,30.64068603515625,28.370580673217773,28.68,,0.1003051433338312,mols/page_0180.png,10
1182,[C][C][C][Branch1][C][C][N][C][Branch1][Ring1][C][C][Ring1][Ring1],CCC1CC(CC)N1,2.524499695052122,1.238222599029541,0.3103742003440857,34.29962158203125,14.916162490844728,12.03,,0.0998920751895573,mols/page_0060.png,2
3654,[C][C][C][N][=C][Branch1][C][N][O][C][Ring1][#Branch1][Ring1][=Branch1][C],CC1C2N=C(N)OC12C,2.9417904688307006,1.7777894735336304,0.2695233225822449,34.05955505371094,46.56295394897461,47.61,,0.0995753536238843,mols/page_0183.png,14
3478,[C][C][N][C][C][C][Ring1][Branch1][C][C][Branch1][C],CCC1CCNC1C,2.524499695052122,1.2998182773590088,0.3085286021232605,34.09807586669922,16.94590950012207,12.03,,0.0994782834524839,mols/page_0174.png,18
3839,[C][C][Branch1][Ring1][C][#N][Branch1][Ring1][C][=O][C][Branch1][C][N][=O],CC(C#N)(C=O)C(N)=O,2.041790468830701,2.7921204566955566,0.2120306640863418,33.35868453979492,83.52628326416016,83.94999999999999,,0.0994401602871559,mols/page_0192.png,19
2980,[N][#C][C][O][C][Branch1][Ring1][C][Branch1][C][C][Branch1][Branch1][C][=O][C],CCC(C=O)OCC#N,2.061790468830701,2.9517080783843994,0.2174588143825531,34.64041519165039,51.58494186401367,50.09,,0.098735856592806,mols/page_0150.png,0
2509,[C][Branch1][C][C][Branch1][Branch1][C][Branch1][Ring2][C][Ring1][Branch1][C][O][C][Ring1][Ring2][C][Branch1][Ring1],CC1OCC2(C)CC12,2.9644996950521225,1.4698370695114136,0.3380655348300934,31.05902862548828,8.642687797546387,9.23,,0.0987335617086569,mols/page_0126.png,9
3315,[C][C][C][O][C][C][Branch1][Branch1][O][C][Ring1][#Branch1][C][Ring1][Branch1][Ring1][Branch2],CC12COC3C(OC1)C32,2.401790468830701,2.902405500411988,0.2955726683139801,29.34563636779785,18.40781211853028,18.46,,0.0986156825378648,mols/page_0166.png,15
3982,[C][Branch1][C][C][C][Branch1][Branch1][C][O][C][Branch1][Ring1][C][Branch1][Ring2][C][Branch1][O][C][Ring1],C=CCCOCCCC,1.601790468830701,1.1007038354873655,0.269185721874237,39.31855773925781,10.889019966125488,9.23,,0.0983113293478146,mols/page_0200.png,2
654,[C][C][C][Branch1][C][C][O][C][C],CCOC(C)CC,2.067846708163529,0.9925810098648072,0.3298926651477813,33.550682067871094,9.997156143188477,9.23,,0.0976969027860032,mols/page_0033.png,14
467,[NH1][C-1][NH1][=C][=C][NH1][NH2+1],[NH][C-]NC=CN[NH2+],1.5078467081635287,4.38939380645752,0.217791274189949,28.29054450988769,63.967472076416016,73.16,,0.0971528787380333,mols/page_0024.png,7
1448,[C][C][C][Branch1][Ring1][C][O][C][O][Ring1][Branch1],CCC1(CO)CO1,1.987846708163529,1.864131450653076,0.3343905508518219,28.17484474182129,31.704946517944336,32.76,,0.0967715393163442,mols/page_0073.png,8
2139,[C][C][C][Branch1][C][O][C][C][C][C][Ring1][#Branch1][N][Ring1][Ring2][Ring1][Branch2],CC12C(O)CC3CC1N32,3.901790468830701,1.9164304733276367,0.3020902574062347,31.980636596679688,22.67503929138184,23.24,,0.0965120563772301,mols/page_0107.png,19
762,[#C][C][#C][C][Branch1][C][C][C][O][C][Branch1][Ring1],CC#CC(C)COC,2.084499695052122,1.091767191886902,0.3067918121814728,35.52651596069336,10.027956008911133,9.23,,0.0962741820832939,mols/page_0039.png,2
2204,[C][C][C][Branch1][Ring1][C][O][C][C][Ring1][Ring1][C][Branch1][C][C][O][Ring1][Branch1],CCC1COC2C(C)OC12,3.4796683620478213,0.9868364930152892,0.3213225603103637,33.79085922241211,18.315147399902344,18.46,,0.0962106090536245,mols/page_0111.png,4
2340,[C][C][C][Branch1][Ring1][C][C][Ring1][Branch1][C][C][N][Ring1][Branch1][O],CC1N(O)CCC12CC2,2.281790468830701,1.3766614198684692,0.3276360332965851,31.705034255981445,18.165393829345703,23.47,,0.0961577535313554,mols/page_0118.png,0
2861,[C][#C][C][C][Branch1][Ring1][C][C][Ring1][Branch1][C][C][C][=Branch1][C][=O],CCC1(CCC=O)C#CC1,2.0596683620478218,2.891572952270508,0.2215380221605301,37.01882553100586,17.32144546508789,17.07,,0.0958229546200016,mols/page_0144.png,1
2962,[C][#C][C][C][C][Branch1][Ring1][C][O][C][Ring1][Ring2],C#CCCC(=C)CO,1.5844996950521224,1.915855407714844,0.2563324272632599,36.743446350097656,21.62953186035156,20.23,,0.0956754379734818,mols/page_0149.png,2
2296,[O][C][C][C][Branch1][C][C][N][C][Ring1][Ring1][C][O][C][Ring1][Branch1],OCCC1CC2COCN12,2.459668362047821,1.1742920875549316,0.3087807297706604,33.419925689697266,30.74704933166504,32.7,,0.0955914938566825,mols/page_0115.png,16
2054,[C][#C][C][Branch1][Ring1][C][Branch1][C][C][C][Branch1][Branch1][C][O][C][Ring1][Branch1][C][Branch1],C#CC1CCCOCC1C,2.5596683620478213,1.2051054239273071,0.3017711639404297,35.72509002685547,8.291481018066406,9.23,,0.0945442511312655,mols/page_0103.png,14
1731,[C][C][Branch1][Ring1][C][Branch1][C][C][C][Ring1][Branch1][C][O][C][Ring1][Ring2],CCC1CC12COC2,2.2844996950521224,2.1212430000305176,0.3107047975063324,31.346660614013672,9.003785133361816,9.23,,0.0943738766964467,mols/page_0087.png,11
908,[C][C][C][=C][Branch1][Ring2][N][C][=O][NH1][N][=Ring1][Branch2],Cc1cc(NC=O)[nH]n1,1.381790468830701,4.007185459136963,0.2112660259008407,30.825454711914062,57.42212677001953,57.78,,0.0937330732134762,mols/page_0046.png,8
2480,[C][O][C][C][Branch1][=Branch1][N][C][C][Ring1][Ring1][C][O][Ring1][=Branch2],C1OCC(N2CC2)CO1,1.441790468830701,1.7577366828918457,0.3234874010086059,30.394750595092773,21.79582405090332,21.47,,0.0935729001425443,mols/page_0125.png,0
729,[O][=C][C][=C][C][N][C][=Branch1][C][=O][C][Ring1][Branch2][Ring1][Branch1],O=C1C=CC2NC(=O)C12,2.4417904688307006,5.983198642730713,0.189617708325386,26.79087257385254,43.14864730834961,46.17,,0.093505132110618,mols/page_0037.png,9
1181,[C][C][C][Branch1][C][C][N][C][C][Ring1][Ring2][C][Branch1][Ring1],CCC1CC(C)CN1,2.524499695052122,1.2461271286010742,0.309034526348114,34.154815673828125,16.650815963745117,12.03,,0.0924958738434837,mols/page_0060.png,1
4076,[C][#C][C][Branch1][C][C][Branch1][Branch1][C][O][C][C][C][Ring1][Branch1],C#CC1(C)CC1OCC,2.5417904688307007,0.8700866103172302,0.2855446338653564,38.58113479614258,8.532876014709473,9.23,,0.092377151455996,mols/page_0204.png,16
3902,[C][C][Branch1][C][C][C][Ring1][Ring1][C][Branch1][Branch1][C][O][C][Ring1][Ring2][C][C],CCC1(C=C(C)C)COC1,1.5596683620478216,1.8966455459594729,0.2542416453361511,37.90804672241211,9.352344512939451,9.23,,0.0919620683283096,mols/page_0196.png,2
1679,[C][C][C][C][N][Ring1][Ring2][C][Ring1][Branch1][Branch1][C][C][C][Ring1][Branch1][Ring1][=Branch1][O],CC12C3C4N1C2(C)C43O,4.481790468830701,2.37211275100708,0.2722357511520386,33.225582122802734,23.020214080810547,23.24,,0.0904837175346315,mols/page_0084.png,19
1917,[C][#C][C][=Branch1][C][=O][C][=Branch1][C][=N][O][C][=O],C#CC(=O)C(=N)OC=O,1.541790468830701,5.372079849243164,0.167807787656784,29.598228454589844,64.65498352050781,67.22,,0.0900422742320301,mols/page_0096.png,17
53,[C][C][C][C][C][C][O][C][Ring1][Branch1][C][Ring1][Ring2][Ring1][=Branch1],CCCC12CC3OC1C32,3.421790468830701,1.757551908493042,0.3057541847229004,33.12168502807617,9.186339378356934,9.23,,0.0900356919330361,mols/page_0003.png,13
2387,[C][C][C][Branch1][C][C][=Branch1][C][=O][C][Ring1][Ring2],CCC(C)(C)O,1.5518943340952076,1.5237928628921509,0.3234235346317291,31.2457275390625,21.237417221069336,20.23,,0.089406660564482,mols/page_0120.png,7
1127,[C][C][C][O][C][C][Ring1][Ring2][C][O][Ring1][Ring1],CCC1OCC12CO2,2.764499695052122,1.7907212972640991,0.3275052607059479,29.84615707397461,21.08813095092773,21.76,,0.0893913680505641,mols/page_0057.png,7
2165,[C][#C][C][Branch1][C][C][C][Branch1][Branch1][C][Branch1][Ring1][C][C][Ring1][Ring2][C][Ring1][Branch1][C],C#CC(C)C(=CC)CCC,2.139773362047822,0.911748468875885,0.2617637813091278,41.33892059326172,1.714605450630188,0.0,,0.0893875729773882,mols/page_0109.png,5
1199,[C][C][C][Branch1][C][C][Ring1][Ring1][C][C][O][C][Ring1][Ring2],CC1(C2COC2)CC1,1.4644996950521223,1.875284433364868,0.3233693242073059,30.880971908569336,8.993636131286621,9.23,,0.0893722636971774,mols/page_0060.png,19
4201,[C][#C][C][Branch1][C][C][Branch1][Ring2][C][C][C][O][C][Ring1][Ring1],C#CC1(C)CCCCO1,2.041790468830701,1.2959519624710083,0.2981342673301697,35.57212829589844,9.591652870178224,9.23,,0.0890668258074455,mols/page_0211.png,1
3413,[O][#C][C][C][Branch1][C][C][C][Ring1][Ring1][C][C][O][C][Ring1][#Branch1],COCCC=C(C)CC=O,1.5996683620478216,2.411083221435547,0.2190699130296707,38.13215637207031,27.733531951904297,26.3,,0.0878761502575296,mols/page_0171.png,13
3146,[C][#C][C][C][Branch1][C][C][C][Ring1][Branch1][C][O][C][Ring1][#Branch1],C#CC1COCCC1C,2.5417904688307007,1.4478464126586914,0.2986435890197754,34.989070892333984,8.68603515625,9.23,,0.086877016548029,mols/page_0158.png,6
2534,[C][C][C][Branch1][C][C][N][C][Ring1][Ring1][C][Branch1][Ring1][C][Ring1][Branch1][C][Ring1][Ring2],CCC1NC23CC2CC13,3.741790468830701,1.4119446277618408,0.3055205047130584,33.71566390991211,17.82712745666504,12.03,,0.086745168228076,mols/page_0127.png,14
2512,[C][Branch1][Ring1][C][C][Branch1][Branch1][C][C][C][Ring1][Ring1][C][Branch1][C][O][Ring1][Ring1],CCC1C(O)C2CC12,3.464499695052122,1.4424399137496948,0.3203144073486328,31.893909454345703,20.253475189208984,20.23,,0.0864294932993065,mols/page_0126.png,12
1508,[C][C][C][Ring1][Ring2][C][Branch1][Ring1][C][O][C][Ring1][Ring1][C],CC1C(O)C1C1CC1,2.9644996950521225,1.419675588607788,0.3102283775806427,33.03396224975586,19.96186065673828,20.23,,0.0863323494123454,mols/page_0076.png,8
1406,[C][C][C][Branch1][C][C][Ring1][Branch1][C][N][C][C][O][C][Ring1][=Branch1],CC1(C2COCCN2)CC1,1.9796683620478217,1.171880125999451,0.3026127517223358,34.6756706237793,20.68922996520996,21.26,,0.0860347725946823,mols/page_0071.png,6
4261,[C][C][O][C][C][Ring1][Ring2][C][Branch1][C][F][Branch1][C][F][F],CC1OCC1C(F)(F)F,2.4817904688307006,1.6616935729980469,0.3335431218147278,30.55175018310547,8.9839506149292,9.23,,0.0844486628565648,mols/page_0214.png,1
439,[C][C][=C][C][=C][C][Branch1][Ring1][C][#N][=C][Ring1][Branch2],Cc1cccc(C#N)c1,1.441790468830701,4.933300495147705,0.2110562622547149,29.75964736938477,24.606809616088867,23.79,,0.0841605892860619,mols/page_0022.png,19
3725,[C][N][C][C][C][Branch1][C][C][N][Ring1][Branch1][C][Branch1][Ring1][C][=O][C][Branch1][Branch1][C],CCC(C=O)N1C(C)CC1NC,3.097024615544936,2.4691720008850098,0.1980782002210617,39.87956619262695,29.424543380737305,32.34,,0.0841277001756802,mols/page_0187.png,5
3213,[C][Branch1][C][C][C][Branch1][Ring1][C][C][O][C][Ring1][Ring2][C][Ring1][=Branch1],CCC12CC(O1)C2C,3.704499695052123,1.690504550933838,0.3215922117233276,31.61515998840332,9.442327499389648,9.23,,0.0831869168016346,mols/page_0161.png,13
1635,[C][C][C][Branch1][Ring1][C][C][N][C][C][Ring1][Ring2][C][Ring1][Branch1],CCC1CC2CC2CN1,2.9817904688307006,1.256811261177063,0.2990204095840454,35.00634002685547,16.42186164855957,12.03,,0.0830415596601391,mols/page_0082.png,15
1031,[C][C][O][C][Branch1][C][C][C][Branch1][Branch1][C][=O],CCOC(C)CC=O,2.0644996950521226,3.2591803073883057,0.2255385965108871,34.28501892089844,27.10268783569336,26.3,,0.0829559634312485,mols/page_0052.png,11
2703,[C][#C][C][C][C][Ring1][Ring1][C][Branch1][C][C][Branch1][Ring1][C][N][C][Ring1][Ring2],C#CC1CC1C1(CN)CC1,2.4996683620478213,1.3914906978607178,0.2804096937179565,36.022560119628906,21.51263427734375,26.02,,0.0828472850415558,mols/page_0136.png,3
3432,[C][#C][C][Branch1][Ring1][C][C][C][Branch1][C][C][O][C][Ring1][Branch1],C#CC1CCCOC1C,2.5417904688307007,1.3281102180480957,0.2995739579200744,35.24651336669922,9.011944770812988,9.23,,0.0827438772053468,mols/page_0172.png,12
3559,[C][#C][C][C][Branch1][C][C][Ring1][Ring2][C][C][C][O][Ring1][Ring2],CC1(C2CCO2)C#CC1,2.4817904688307006,1.8385009765625,0.2893749177455902,34.28530502319336,10.301443099975586,9.23,,0.0819984425072018,mols/page_0178.png,19
2213,[C][C][Branch1][C][C][O][C][Branch1][Ring1][C][=O][C][C][Ring1][=Branch1],CCC(C=O)OC(C)C,2.081790468830701,2.0715622901916504,0.2102817893028259,40.224491119384766,27.26027107238769,26.3,,0.08127838927766,mols/page_0111.png,13
1035,[C][C][C][Branch1][C][C][O][C][C][Ring1][Ring1][C][Ring1][Branch1],CCC1CCCCO1,2.0244996950521226,1.2140841484069824,0.3340885639190674,32.09714126586914,9.01417636871338,9.23,,0.0807681566627357,mols/page_0052.png,15
1049,[C][C][C][=N][NH1][C][Branch1][C][O][=C][Ring1][=Branch1][O],CCc1n[nH]c(O)c1O,1.381790468830701,2.120779275894165,0.2443507015705108,33.33964157104492,69.04169464111328,69.14,,0.0805995596493858,mols/page_0053.png,9
889,[O][C][C][C][Branch1][C][C][O][C][Ring1][Ring1][C],CC1CC(CCO)O1,2.504499695052122,0.8554297685623169,0.3241340816020965,32.82355499267578,30.11640739440918,29.46,,0.0799294294149619,mols/page_0045.png,9
25,[O][C][C][C][#C][C][C][=C][C][C],CCC=CCC#CCCO,1.6196683620478216,1.3280295133590698,0.2603037655353546,38.364742279052734,20.28606605529785,20.23,,0.0797612666705456,mols/page_0002.png,5
560,[C][C][C][N][Branch1][C][C][C][Ring1][Branch1][C][Ring1][Branch1][C][N][Ring1][Ring1],CC1C2N(C)C1C21CN1,3.561790468830701,1.5021915435791016,0.2912991940975189,34.20060348510742,24.66983413696289,25.18,,0.0796526439604066,mols/page_0029.png,0
1288,[C][C][C][Branch1][C][O][C][C][Ring1][Branch1][Branch1][Ring1][C][=O][C][Ring1][#Branch1],CC1C2(O)CC1(C=O)C2,2.7017904688307013,3.334212064743042,0.2228033691644668,33.42138671875,37.64080810546875,37.3,,0.0793032656780233,mols/page_0065.png,8
304,[C][C][=Branch1][C][=O][C][C][C][C][Branch1][C][C][C][Ring1][=Branch1],CC(=O)C1CCC(C)C1,2.5417904688307007,2.627173662185669,0.2314607501029968,36.69179916381836,17.615877151489258,17.07,,0.079260963025454,mols/page_0016.png,4
1626,[C][C][C][Branch1][C][C][O][C][Ring1][Branch1][C][Ring1][=Branch1][C][=O],CC1OC2C(C=O)C12C,3.461790468830701,3.727585792541504,0.2117765992879867,33.907691955566406,26.93490982055664,26.3,,0.079186602252366,mols/page_0082.png,6
2990,[C][C][C][Ring1][C][C][Branch1][C][C][O][C][Ring1][Branch1][C][Branch1][Ring1][C][O],CC=C1C(C)OC1CCO,2.5396683620478213,1.700711965560913,0.2491288185119629,37.38967514038086,29.66318321228028,29.46,,0.0785763578195611,mols/page_0150.png,10
982,[C][C][C][O][C][C][Ring1][Ring1][C],CCCOCCC,1.5678467081635288,0.864185094833374,0.3424322009086609,32.50743865966797,8.931771278381348,9.23,,0.078283563664494,mols/page_0050.png,2
165,[N][C][C][O][C][C],CCOCCN,1.5318943340952076,2.026904344558716,0.3197888433933258,28.7163143157959,32.34638977050781,35.25,,0.0781535650800024,mols/page_0009.png,5
3252,[C][C][C][Branch1][Ring1][C][Branch1][C][C][O][C][Ring1][Ring1][C][C][Ring1][=Branch1],CCC1OC2CCC1C2,3.781790468830701,1.4040069580078125,0.31694495677948,33.07954788208008,9.130170822143556,9.23,,0.076973177409772,mols/page_0163.png,12
1383,[C][C][C][Branch1][C][C][N][Branch1][Branch1][C][O][C][Ring1][Branch1],CCC1CCOCN1,2.0044996950521226,1.7330824136734009,0.3106967210769653,31.499998092651367,22.13472366333008,21.26,,0.0767941983792862,mols/page_0070.png,3
3761,[C][Branch1][C][O][C][C][Branch1][Branch1][C][C][Ring1][Branch1][C][Branch1][Ring1][C][C][C][O][Ring1],CCC(C=O)C1CCOCC1,2.078091503851731,2.6332485675811768,0.2268235385417938,36.56756210327149,24.61053466796875,26.3,,0.0766526440056598,mols/page_0189.png,1
1442,[C][C][Branch1][C][C][C][O][C][C][Ring1][Branch1][C][Ring1][Ring2][C][Ring1][#Branch1],CC1COCC2CCC12,2.9817904688307006,1.334624409675598,0.3162896633148193,33.42972183227539,8.649739265441895,9.23,,0.0762563165841474,mols/page_0073.png,2
2092,[C][C][C][Branch1][Ring1][C][C][N][C][Ring1][Branch1],CCC1(CC)CN1,1.5078467081635287,1.5634584426879885,0.3144949972629547,31.79764938354492,21.152952194213867,21.94,,0.0756768346699742,mols/page_0105.png,12
3995,[C][O][C][C][O][C][Branch1][C][C][O][C][Ring1][#Branch1][Ring1][=Branch1],COC1C2OC(C)OC12,2.4417904688307006,1.5434861183166504,0.3033649921417236,32.42699432373047,28.75680351257324,27.69,,0.0753627965339604,mols/page_0200.png,15
2101,[C][C][C][Branch1][C][C][Ring1][Ring1][C][C][O][C][Ring1][Ring2][C][Ring1][=Branch1],C1CC2(CC2)C2COC12,2.7417904688307013,1.781009078025818,0.3208338618278503,31.231172561645508,9.378870010375977,9.23,,0.0751686767205818,mols/page_0106.png,1
1323,[C][C][=N][C][C][C][Branch1][C][O][C][O][Ring1][Branch2],CC1=NCCC(O)CO1,2.001790468830701,2.152616500854492,0.2563612759113312,34.00439453125,41.53167724609375,41.82000000000001,,0.0751255695843157,mols/page_0067.png,3
2623,[C][C][C][Branch1][C][O][C][=Branch1][Ring1][=N][O][C][Ring1][#Branch1][O],CC1C(O)C(=NO)C1O,2.4817904688307006,1.3780854940414429,0.2454552352428436,35.73371124267578,71.14043426513672,73.05000000000001,,0.0749263851671611,mols/page_0132.png,3
2957,[C][#C][C][C][Branch1][Ring1][C][Branch1][C][C][C][Ring1][Ring1][C][Ring1][Branch1][C][Ring1][=Branch1],C#CCC12C(C)C1C2C,2.5017904688307007,0.7981414794921875,0.2990711033344269,37.79116821289063,0.5013298392295837,0.0,,0.0749015818882661,mols/page_0148.png,17
1994,[O][C][C][Branch1][C][C][C][N][C][Ring1][Ring1],CC(CO)C1CN1,2.487846708163529,1.83141839504242,0.3063544034957886,29.99549865722656,42.18560791015625,42.17,,0.0736633810091041,mols/page_0100.png,14
1220,[O][C][Branch1][C][C][Branch1][Ring1][C][C][C][Ring1][Ring1][C][Ring1][Ring2],CC1(O)C2CC21C,2.947846708163529,1.3552840948104858,0.3088898956775665,33.07319259643555,21.2034912109375,20.23,,0.0714143312129936,mols/page_0062.png,0
3709,[C][C][C][C][C][Branch1][C][O][C][Ring1][=Branch1][C][Ring1][=Branch1][Ring1][Ring2][O],CC1C2CC3(O)C1C23O,3.901790468830701,1.3073910474777222,0.2885644733905792,33.800880432128906,41.22840881347656,40.46,,0.0711793632248882,mols/page_0186.png,9
1727,[C][C][C][Branch1][C][C][O][C][C][N][Ring1][Branch1][C][Ring1][Branch1],CCC1CN(C)CCO1,2.021790468830701,0.9895873665809632,0.2970819473266601,36.23955154418945,13.230253219604492,12.47,,0.0705571513125157,mols/page_0087.png,7
132,[C-1][CH1-1][C][#C][=NH2+1][=C],[C-][CH-]C#C[NH2+]C,1.5518943340952076,5.359933376312256,0.1828160285949707,30.22753524780273,32.68718719482422,16.61,,0.0702702557789978,mols/page_0007.png,12
278,[C][N][C][C][C][O][C][Branch1][Ring2][O][Ring1][Branch1][C][Ring1][#Branch1][Ring1][Branch2],CN1C2C3COC(O3)C21,4.681790468830702,2.600781440734864,0.3153892457485199,27.7634506225586,20.94603729248047,21.47,,0.0693233925416265,mols/page_0014.png,18
2481,[O][#C][C][C][Branch1][Ring1][C][C][Ring1][Ring2][C][Ring1][Ring1][C][Ring1][Branch1][C],CC1C2C(C)C12CC=O,2.4817904688307006,3.0447471141815186,0.2207044810056686,36.08404541015625,17.5288028717041,17.07,,0.0690419909158406,mols/page_0125.png,1
4252,[C][Branch1][Branch1][C][C][C][Branch1][C][O][C][C][Ring1][Branch1][C][Ring1][Ring1],OCC1CCC2CC12,2.9644996950521225,1.3368743658065796,0.3373525440692901,30.27858543395996,19.860803604125977,20.23,,0.0685996184115975,mols/page_0213.png,12
65,[C][C][C][N][N][=C][C][=C][Ring1][Branch1][C],CCCn1nccc1C,1.421790468830701,2.5146706104278564,0.2557382583618164,34.42622375488281,17.80299949645996,17.82,,0.068262017294646,mols/page_0004.png,5
1062,[O][C][C][C][Ring1][Branch1][C][C][Branch1][C][O][C][Ring1][=Branch1],OC1CC2COC2C1,2.9444996950521225,2.5607612133026123,0.3213326632976532,26.664209365844727,28.90939712524414,29.46,,0.0675306095990964,mols/page_0054.png,2
1015,[C][C][N][C][=C][C][Branch1][C][O][=C][NH1][Ring1][=Branch1],CCNc1cc(O)c[nH]1,1.401790468830701,2.5477426052093506,0.2250228077173233,35.08099365234375,48.655399322509766,48.05,,0.0674261114533234,mols/page_0051.png,15
715,[C][N][C][C][Ring1][Ring1][C][C][C][C][Ring1][Ring2][O],CN1CC1C1CCC1O,3.461790468830701,0.8823782801628113,0.2950890064239502,35.97962951660156,23.842979431152344,23.24,,0.067415193912366,mols/page_0036.png,15
1453,[C][C][C][Branch1][C][C][=C][C][C][N][Ring1][Ring1],CCC(C)=CC1CN1,2.0244996950521226,1.982380747795105,0.2469075620174408,36.80030059814453,24.22549057006836,21.94,,0.0671057244601001,mols/page_0073.png,13
1693,[C][C][C][C][C][Ring1][Ring1][Branch1][C][C][C][C][C][Ring1][Ring1][Ring1][#Branch1],CCC12CC1(C)C1CC12,3.441790468830701,0.3709000647068023,0.3305771946907043,36.00871658325195,0.600878894329071,0.0,,0.0668769702281671,mols/page_0085.png,13
2652,[C][Branch1][Ring1][C][C][C][Branch1][C][C][Ring1][Branch1][C][Branch1][=Branch1][C][C][O][C][Ring1][Ring2],CCC=C(C)CC1COC1,1.5596683620478216,1.987420558929444,0.2594376802444458,36.56397247314453,9.96906566619873,9.23,,0.0657162258347737,mols/page_0133.png,12
4001,[C][O][C][C][Branch1][Ring1][C][Branch1][C][C][C][Ring1][Branch1][C][O][Ring1][Ring2][C][Ring1][#Branch1],COC1C2CCOCC21,2.9617904688307006,1.5608556270599363,0.30788055062294,32.551570892333984,18.132598876953125,18.46,,0.0655014089480912,mols/page_0201.png,1
3408,[C][C][C][Branch1][C][C][Ring1][Ring2][C][Branch1][Ring1][C][C][N][C][Ring1][Ring1][C][Ring1][Branch1],CC1(C2NC3CC2C3)CC1,2.779668362047822,1.2558536529541016,0.3084149658679962,33.84104537963867,15.361604690551758,12.03,,0.0654313814698778,mols/page_0171.png,8
4450,[C][Branch1][Ring1][C][C][Branch1][C][C][C][Ring1][Branch1][C][Branch1][Branch1][C][O][C][C][N][Ring1],CCC(C)=CC1COCCN1,2.078091503851731,2.26301383972168,0.2404535412788391,36.59660720825195,21.5126953125,21.26,,0.0652361011669023,mols/page_0223.png,10
121,[C][O][C][C][Branch1][C][C][O],COCC(C)O,2.031894334095208,2.130802869796753,0.3344526588916778,26.804323196411133,29.74107551574707,29.46,,0.0645667823649885,mols/page_0007.png,1
1661,[C][C][C][#C][C][C][Branch1][Ring1][C][C][N][C][Ring1][Ring1][C][=O],CCC#CCC1CCC(C=O)N1,2.617024615544936,2.899765968322754,0.2147548496723175,36.03419494628906,32.159263610839844,29.1,,0.0641209032421215,mols/page_0084.png,1
4436,[C][C][=C][C][Branch1][C][O][C][C][Branch1][C][O][C][Ring1][Branch2][Ring1][Ring2],CC1=CC(O)C2C(O)C12,3.461790468830701,2.8842897415161133,0.2318365722894668,33.6974983215332,40.51301193237305,40.46,,0.0639464694260082,mols/page_0222.png,16
3385,[C][#C][C][C][C][Branch1][C][C][N][C][Ring1][Ring1][C][Branch1][=Branch1][C][=O],C#CCCC1CC(CC=O)N1,2.5780915038517307,3.0228400230407715,0.2177154570817947,35.27109909057617,32.05542755126953,29.1,,0.0635101584125423,mols/page_0170.png,5
2333,[C][#C][C][C][Branch1][C][C][C][Ring1][Ring1][C][C][N][Ring1][=Branch1],C#CCC(C)=CCCN,1.601790468830701,1.4887229204177856,0.2497992366552353,38.03588485717773,27.389938354492188,26.02,,0.0633939862960453,mols/page_0117.png,13
60,[N][#C][C][O][C][Ring1][Ring1][C][C][C][Ring1][Ring2][O][Ring1][Ring2],N#CC1OC12C1CC2O1,4.041790468830702,3.960714340209961,0.2552855610847473,27.120323181152344,42.60122680664063,45.55,,0.06324112511894,mols/page_0004.png,0
869,[#C][C][C][C][O][C][Branch1][C][C][Branch1],CCCCOCC,1.5678467081635288,0.9295976161956788,0.33836629986763,32.39827346801758,9.386815071105955,9.23,,0.0629981165734518,mols/page_0044.png,9
1886,[C][C][Branch1][Branch1][C][C][C][N][C][Ring1][Branch1][C][N][Ring1][Branch1][O],CC1C2CC(N)N(O)CC12,3.459668362047821,1.526140570640564,0.3036104142665863,31.21586799621582,42.3625602722168,49.49,,0.0624560447251772,mols/page_0095.png,6
2720,[C][N][C][C][Branch1][Ring1][C][C][C][Ring1][Branch1][C][Branch1][Branch1][C][C][N][Ring1][=Branch1],CNC1C2CCCNCCC21,3.01809150385173,1.5834403038024902,0.2806507349014282,35.116695404052734,19.3282413482666,24.06,,0.0622398746114287,mols/page_0137.png,0
971,[C][#C][C][C][Branch1][C][C][C][O],C#CCC(C)CO,2.067846708163529,1.743316888809204,0.3108952939510345,31.42671203613281,19.20330238342285,20.23,,0.0620802915382736,mols/page_0049.png,11
615,[C][C][N][C][C][=Branch1][C][=O][C][Ring1][Branch1][C][O],CCN1CC(=O)C1CO,2.001790468830701,3.377319574356079,0.2009548097848892,34.91313171386719,41.63522338867188,40.540000000000006,,0.0618278165355335,mols/page_0031.png,15
2658,[C][N][C][C][Branch1][Ring1][C][C][C][Ring1][Ring1][C][Ring1][Branch1][C][Ring1][#Branch1],CNC1CC2C3C(C)C123,4.241790468830702,1.3568754196166992,0.2864563763141632,35.50707244873047,17.17943000793457,12.03,,0.0609862164104494,mols/page_0133.png,18
1513,[N][Branch1][C][C][C][Branch1][Ring1][C][C][N][Ring1][Ring1][O][C][Ring1][Ring1],CNC1C(C)N1OC,2.9844996950521225,2.0243399143218994,0.278234452009201,33.42449188232422,22.916040420532227,24.27,,0.0605700244174879,mols/page_0076.png,13
4133,[O][C][C][C][Ring1][Ring1][C][Branch1][Ring1][C][O][C][Branch1][C][O][Ring1][Ring1],OC1CC1C1C(O)C1O,3.441790468830701,0.5313692688941956,0.2853105962276459,35.41542053222656,59.85710144042969,60.69,,0.0602031595816693,mols/page_0207.png,13
588,[C][C][C][O][C][C][Ring1][=Branch1][C][C],CCC1CCCOC1,2.0244996950521226,1.390968918800354,0.3261551260948181,31.933637619018555,8.677066802978516,9.23,,0.0594868841314474,mols/page_0030.png,8
52,[C][C][C][Branch1][C][C][=C][C][O][C][C][Ring1][Ring2][C][C][O][Ring1][Branch1][C][O],CCC(C)=CC1OC2OCCC12,3.057024615544936,2.229377269744873,0.2605743408203125,35.01932907104492,15.524388313293455,18.46,,0.0593207856801225,mols/page_0003.png,12
3485,[C][O][C][C][Branch1][C][C][Ring1][Ring1][C][Ring1][Branch1][C][O][Branch1][Ring1][C][O],COCC(C)CC=O,2.0644996950521226,3.1743974685668945,0.2257242947816848,34.16752624511719,27.46365547180176,26.3,,0.0592071676873337,mols/page_0175.png,5
4408,[C][C][Branch1][Ring1][C][Branch1][C][C][Ring1][Ring2][C][Branch1][Branch1][C][Branch1][=Branch1][C][C][C],C=C(CC)CCCCC,1.648435468830701,0.4973934888839721,0.2683079540729522,41.51477813720703,4.295531749725342,0.0,,0.0589104381701363,mols/page_0221.png,8
3680,[#C][C][C][O][C][C][C][Branch1][Ring1][C][Branch1][C][C][Ring1][Branch1][C][Branch1][Ring2][C][Ring1],C=CC1(CC)CCOC1CC,2.5980915038517307,1.3227602243423462,0.26779705286026,38.2500228881836,7.46893310546875,9.23,,0.058473491454825,mols/page_0185.png,0
2240,[C][C][C][Branch1][C][C][O][C][Ring1][Ring1][C][Branch1][Ring1][C][C][Ring1],CCC=C1CC(CC)O1,2.041790468830701,1.7187353372573853,0.2611452341079712,37.09688186645508,12.135007858276367,9.23,,0.0580380694996718,mols/page_0113.png,0
1651,[N][C][#C][C][Branch1][C][C][C][Ring1][Branch1][C][Ring1][=Branch1][C],CCCC(C)C#CN,2.084499695052122,1.511031150817871,0.2960084974765777,33.395263671875,23.82636260986328,26.02,,0.0578753866904406,mols/page_0083.png,11
3255,[C][N][C][Branch1][C][O][C][Branch1][Ring2][C][C][C][Ring1][Ring2][C][=O],CCCC1(C=O)C(O)N1C,3.0196683620478217,2.477579355239868,0.2066382467746734,37.73276138305664,39.720306396484375,40.31,,0.0564423792812616,mols/page_0163.png,15
3275,[C][#C][C][C][C][Ring1][Branch1][C][C][Branch1][Ring1][C][O][C][Ring1][=Branch1],OCC1CC2(C#CCC2)C1,1.8196683620478216,1.6183969974517822,0.2795571088790893,34.95671844482422,19.880590438842773,20.23,,0.0560851526130857,mols/page_0164.png,15
2413,[C][C][Branch1][C][C][C][O][C][Branch1][Ring1][C][O][Ring1][Branch1][C][Ring1][=Branch1][C][=O],CC1(C)C2OC1(CO)C2C=O,3.7380915038517313,2.898826360702514,0.212386205792427,35.142181396484375,45.308929443359375,46.53,,0.0559538994554851,mols/page_0121.png,13
4520,[N][C][C][C][Branch1][Ring1][C][C][Ring1][Branch1][C][C][N][C][Ring1][=Branch1],CC1CNCCC12CCN2,2.799668362047821,1.4136273860931396,0.2843527495861053,34.7774543762207,25.68800544738769,24.06,,0.0558344422650157,mols/page_0227.png,0
887,[C][C][Branch1][Branch1][C][C][C][O][C][Ring1][Ring2],CC1CC(CO)C1,1.5078467081635287,1.3569930791854858,0.3401384353637695,29.67483329772949,20.31958198547364,20.23,,0.0557940414903024,mols/page_0045.png,7
2693,[C][Branch1][C][C][C][Branch1][Ring1][C][Branch1][O][C][Branch1][=Branch1][C][=O][C][Ring1][Branch1][C][Branch1],CCCCC(C)C=O,2.084499695052122,2.821094036102295,0.2273431569337844,36.04669952392578,17.099912643432617,17.07,,0.0554874501016408,mols/page_0135.png,13
2855,[O][=C][C][C][C][Branch1][Ring1][C][Branch1][C][C][O][C][Ring1][Ring2][C][Ring1],C=C1OC(CCC=O)C1C,2.5396683620478213,2.9481163024902344,0.2221594005823135,35.340030670166016,27.11481094360352,26.3,,0.0554632608973642,mols/page_0143.png,15
228,[C][N][C][=Branch1][C][=O][C][C][C][Branch1][Ring2][C][Ring1][Ring2][C][Ring1][Branch2][Ring1][Branch1],CN1C(=O)C23CC(C2)C13,3.061790468830701,3.697690963745117,0.258351981639862,29.322668075561523,20.8166732788086,20.31,,0.0554371927508789,mols/page_0012.png,8
442,[C][C][C][Branch1][#Branch2][C][C][C][N][C][Ring1][Ring1][Ring1][Branch1][O][Ring1][=Branch2],C1CC(C2CC3NC32)O1,3.401790468830701,1.782052755355835,0.3023469448089599,31.14047241210937,31.11103820800781,31.17,,0.0554057466423949,mols/page_0023.png,2
2127,[C][C][Branch1][Ring1][C][Branch1][C][C][C][O][C][Ring1][Ring2][C][Ring1][Ring1],CC1CCC(C)OC1,2.524499695052122,1.2153222560882568,0.3243246972560882,32.61695861816406,9.808621406555176,9.23,,0.0551376306451825,mols/page_0107.png,7
211,[#C][#C][=C][C][C][C][O][C],C#CCCCCOC,1.5844996950521224,1.0310887098312378,0.3109825551509857,34.73573303222656,8.942264556884766,9.23,,0.0550799866995035,mols/page_0011.png,11
2434,[C][#C][C][C][Branch1][Ring1][C][O][C][Ring1][Ring2][O],C#CCC(=CO)CO,1.5644996950521224,1.6886746883392334,0.2531738579273224,35.696258544921875,41.93186569213867,40.46,,0.0548984019353198,mols/page_0122.png,14
1042,[O][=C][N][C][=Branch1][C][=O][C][Branch1][C][F][Branch1][C][F][F],O=CNC(=O)C(F)(F)F,1.501790468830701,4.706752777099609,0.2139784842729568,28.17511558532715,46.15111923217773,46.17,,0.0546965090097035,mols/page_0053.png,2
3364,[O][C][C][C][O][C][Ring1][Branch1][C][C][Ring1][Ring1][C][Ring1][=Branch1],OC1CC2CC3CC13O2,4.521790468830701,2.070330619812012,0.3058955371379852,29.80415725708008,29.51112937927246,29.46,,0.0539718212227775,mols/page_0169.png,4
1866,[C][C][C][Branch1][Ring1][C][Branch1][C][C][O][C][Ring1][Ring1][C][O][Ring1][Branch1],CCC1CC2OCC2O1,2.9617904688307006,1.0373635292053225,0.3291952908039093,32.05941390991211,18.916309356689453,18.46,,0.0537471250776069,mols/page_0094.png,6
2792,[N][C][Ring1][Ring1][C][Branch1][C][C][C][Ring1][Ring2][C][Ring1][Branch1][C][Ring1][=Branch1][C][Ring1],C=CCC1C(=N)C1C,2.524499695052122,2.763458728790283,0.2296347618103027,34.99736022949219,30.124971389770508,23.85,,0.0535074780712758,mols/page_0140.png,12
440,[N+1][=C][C][C][C][=C][C][O][C][Ring1][Ring1],[N+]=CCCC=CC1CO1,2.021790468830701,3.869141340255737,0.2138941884040832,32.01772689819336,36.468238830566406,34.83,,0.0534960174399254,mols/page_0023.png,0
320,[O][=C][O][C][C][C],CCCOC=O,1.5318943340952076,4.24342679977417,0.288115382194519,23.810283660888672,25.94900894165039,26.3,,0.0530830412507623,mols/page_0017.png,0
2806,[C][Branch1][C][C][C][Branch1][Ring1][C][C][Ring1][Branch1][C][Branch1][Ring2][C][C][O][C][Ring1][=Branch1],CC=C1CCCC1CCO,2.0596683620478218,1.512353777885437,0.2600729763507843,37.275028228759766,20.155723571777344,20.23,,0.0527856366851399,mols/page_0141.png,6
1738,[O][=C][C][C][C][Branch1][Ring1][C][Branch1][C][C][N][C][Ring1][Ring2][C][Ring1][Branch1],CC12CC1NC2CCC=O,2.9796683620478217,3.10664176940918,0.2201507538557052,34.44715881347656,33.05609130859375,29.1,,0.0520559636256369,mols/page_0087.png,18
3042,[O][#C][C][C][C][Ring1][Branch1][C][C][O][C][Ring1][Ring1],O=CCCCCC1CO1,2.021790468830701,2.7339870929718018,0.226986825466156,35.4156608581543,29.241283416748047,29.6,,0.0516324155316281,mols/page_0153.png,2
1910,[C][C][C][C][O][C][C][C][Ring1][Ring1][C][Ring1][Branch2],CC1CCOC2CC2C1,2.9817904688307006,1.3362880945205688,0.305774062871933,34.08648681640625,8.768057823181152,9.23,,0.0512223018033141,mols/page_0096.png,10
4222,[C][Branch1][Branch1][C][C][C][Branch1][C][N][C][C][Ring1][Ring2][C][Ring1][Ring1][C][Ring1][=Branch1],NC12CCCC3C(C1)C32,3.421790468830701,1.3646501302719116,0.309672087430954,32.41050338745117,23.97363471984864,26.02,,0.0507523322552416,mols/page_0212.png,2
2257,[O][=C][C][Branch1][C][C][C][Branch1][Ring1][C][C][Ring1][Branch1][C][Ring1][Ring1][C][Ring1][Ring2],CC(C=O)C1C2CC21C,3.481790468830701,2.947706699371338,0.2232644855976104,35.91570281982422,17.053651809692383,17.07,,0.0504147236624716,mols/page_0113.png,17
640,[C][#C][C][C][Branch1][Ring1][C][#C][N][C][Ring1][Branch1][C],C#CCC1(C#C)NC1C,2.5417904688307007,1.3791077136993408,0.2694177329540252,36.5010986328125,23.301734924316406,21.94,,0.0484898721553135,mols/page_0033.png,0
1005,[C][C][C][Branch1][C][C][Ring1][Branch1][C][O][C][Ring1][Ring1],CC1(C2CO2)CC1,1.947846708163529,1.7836122512817385,0.3536573350429535,27.204404830932617,12.079300880432127,12.53,,0.0478957332444491,mols/page_0051.png,5
472,[C][C][C][C][Branch1][Ring2][O][Ring1][Branch1][O][C][C][C][Ring1][Ring1][Ring1][#Branch1],C1CC2C(O1)OC1CC12,3.401790468830701,2.5009140968322754,0.3163536190986633,27.92214775085449,17.77446174621582,18.46,,0.0474095494181302,mols/page_0024.png,12
1417,[C][C][C][Branch1][C][C][N][Ring1][Branch1][C][N][C][Ring1][Ring1],CC1CCN1C1CN1,2.444499695052122,2.1576058864593506,0.2953424751758575,30.83405113220215,24.44508552551269,25.18,,0.046839870062169,mols/page_0071.png,17
2649,[C][C][Branch1][Ring1][C][C][O][C][Branch1][Branch1][C][C][C][Ring1][Branch1][C][Ring1][Ring1][C][Ring1],C=C1C(C)CC1OC(C)CC,3.0980915038517307,0.9778681993484496,0.2634328007698059,39.78296661376953,7.524987697601318,9.23,,0.0466436597383617,mols/page_0133.png,9
2892,[C][C][Branch1][Ring1][C][Branch1][C][C][C][O][C][Branch1][=Branch1][C][Ring1][=Branch1],CC1CCOCC1C,2.524499695052122,1.3476797342300415,0.3222913444042206,32.277809143066406,8.732582092285156,9.23,,0.0466347438844145,mols/page_0145.png,12
752,[C][C][C][Branch1][C][C][O][C][C][=Branch1][C][=O],CCC(C)OCC=O,2.0644996950521226,2.908853769302368,0.2275414764881134,34.78883361816406,27.02791976928711,26.3,,0.0461334071538518,mols/page_0038.png,12
866,[C][C][C][Branch1][C][C][O][C][C][Ring1][Branch1][C][Ring1][Ring1],CCC1(C)OC2CC21,2.9644996950521225,1.484493374824524,0.3164872825145721,32.32416534423828,8.784629821777344,9.23,,0.0443789512189354,mols/page_0044.png,6
1228,[C][#C][C][Branch1][C][C][C][Branch1][Branch1][C][O][C][Branch1][Ring1][C][C][Ring1][Branch1][C][Ring1],CC1C#CC12CCCCOC2,2.858091503851731,1.6387475728988647,0.2849595844745636,35.01802444458008,8.308341979980469,9.23,,0.0441488462315759,mols/page_0062.png,8
3930,[O][#C][C][C][C][Ring1][Ring2][C][Branch1][C][C][Branch1][Ring1][C][O][C][Ring1][Ring1][C],CC1C(O)C1(C)C1CCC1=O,3.518091503851731,2.431107759475708,0.2167220711708068,36.748382568359375,38.515281677246094,37.3,,0.0432266832548453,mols/page_0197.png,10
3269,[C][C][Branch1][C][C][C][O][C][C][Ring1][Branch1][C][Ring1][Ring2],CC1COCC(C)C1,2.524499695052122,1.249775528907776,0.319673478603363,32.7669677734375,9.434483528137209,9.23,,0.0411229096679813,mols/page_0164.png,9
1565,[C][C][C][Branch1][C][C][#C][C][O][C][Ring1][Ring2][C],CCC(C)=C1COC1C,2.041790468830701,2.0096092224121094,0.2450598776340484,37.515869140625,10.475074768066406,9.23,,0.0409800330354232,mols/page_0079.png,5
3928,[C][#C][C][C][Branch1][Ring1][C][=O][N][Ring1][Branch1][C][=O],C#CC1C(C=O)N1C=O,3.0017904688307007,4.466738224029541,0.2016790956258773,30.788890838623047,37.14386749267578,37.15,,0.0406076200366549,mols/page_0197.png,8
3622,[C][C][Branch1][Ring1][C][C][C][Ring1][Branch1][C][C][O][C][Ring1][=Branch1],C1COCCC2CC2C1,2.4817904688307006,1.1467586755752563,0.319195955991745,33.241634368896484,8.724464416503906,9.23,,0.0404166979782659,mols/page_0182.png,2
1604,[C][O][C][O][N][=C][C][=Ring1][Branch1][C][#N],COc1oncc1C#N,1.381790468830701,4.185367107391357,0.2280321419239044,27.55329322814941,57.7210807800293,59.05,,0.0403740309940916,mols/page_0081.png,4
4091,[C][O][C][Branch1][Ring1][C][C][Branch1][C][C][C][O][Ring1][Ring2][C][C][Ring1][Branch1][C][Ring1],COC1(C)CCOC1,2.0044996950521226,1.117643117904663,0.3245261907577514,31.943937301635746,19.917945861816406,18.46,,0.0402380176026268,mols/page_0205.png,11
2145,[C][C][C][Branch1][C][O][C][N][=C][O][C][Ring1][#Branch1],CCC1(O)CN=COC1,2.001790468830701,1.6895331144332886,0.2644104361534118,34.36825942993164,41.04733657836914,41.82000000000001,,0.0401472549503601,mols/page_0108.png,5
1949,[C][#C][C][Branch1][Ring1][C][Branch1][C][C][C][Branch1][Ring2][C][C][Ring1][Ring1][C][Ring1][Branch1][C],C#CC1CCC(C)C12CC2,2.839668362047821,0.7929818630218506,0.3099004328250885,36.14950942993164,0.3061928451061249,0.0,,0.0401456562511342,mols/page_0098.png,9
59,[C][C][C][O][C][=N],CCCOC=N,1.5318943340952076,3.692906856536865,0.2871394753456116,25.161630630493164,33.5787353515625,33.08,,0.0400917555868464,mols/page_0003.png,19
2805,[C][O][C][C][Branch1][Ring1][C][C][C][Ring1][Branch1][C][C][N][C][Ring1][=Branch1],COC1C2CCCNCCC21,3.01809150385173,1.298524022102356,0.2907154560089111,34.78031539916992,19.307785034179688,21.26,,0.0398242951504049,mols/page_0141.png,5
4171,[C][C][C][C][N][C][Branch1][Ring1][O][C][=N][Ring1][#Branch1],CCC1CNC(OC)=N1,2.001790468830701,1.4299812316894531,0.2770540416240692,34.65338897705078,32.8170051574707,33.62,,0.0394169996299468,mols/page_0209.png,11
1975,[N][#C][C][C][C][Branch1][C][C][Ring1][=Branch1][C][=O][C],CC(C=O)CCC#N,2.0644996950521226,3.5046656131744385,0.2272143363952636,31.51102066040039,39.855506896972656,40.86,,0.0389961364449513,mols/page_0099.png,15
3563,[C][#C][C][C][C][Branch1][Ring1][C][C][Ring1][Ring1][C][O][C][Ring1][Ring2][C],C#CC1CC12CCC(C)OC2,3.358091503851731,1.4416531324386597,0.2917970418930053,35.0385856628418,7.075037002563477,9.23,,0.0377004028202247,mols/page_0179.png,3
4451,[O][C][C][C][C][C][C][C][Ring1][#Branch1][C][Ring1][=Branch1][Ring1][Ring2],OC1CC2CC3CC1C23,3.921790468830701,1.4127875566482544,0.3254074454307556,30.645782470703125,20.526573181152344,20.23,,0.0362787190971461,mols/page_0223.png,11
1356,[C][C][C][O][C][C][Ring1][Branch1][Branch1][C][O][C][Ring1][#Branch1],CC12COCC1(O)C2,2.444499695052122,1.5447496175765991,0.3179340660572052,30.225801467895508,29.51061248779297,29.46,,0.0357194361658668,mols/page_0068.png,16
1401,[C][O][C][Branch1][Ring1][C][O][Branch1][Ring1][Branch1][C][C][C][Ring1][Ring1][C][Ring1][Branch1],COC12COCC(C1)C2,2.2017904688307013,1.1060614585876465,0.3209766745567322,32.34334945678711,18.95423698425293,18.46,,0.0352234093762372,mols/page_0071.png,1
321,[NH2+1][=C][N][C][C][Branch1][=Branch1][C][=Branch1][C][=O][O-1][C][Ring1][#Branch1],[NH2+]=CN1CC(C(=O)[O-])C1,1.4817904688307009,2.637150526046753,0.2604094445705414,29.1369743347168,67.68016052246094,68.96,,0.0350402235609243,mols/page_0017.png,1
3313,[C][O][C][C][C][Ring1][Branch1][C][C][Branch1][C][O][Ring1][Ring2],OC1CC2COCC12,2.9444996950521225,2.5698766708374023,0.314802885055542,26.745525360107425,29.22373390197754,29.46,,0.0348745505071608,mols/page_0166.png,13
2832,[C][#C][C][C][C][Branch1][C][C][Ring1][Branch1][C][Ring1][Ring2][C][Branch1][Ring1][C][C],CCCC1C2CC#CC21C,3.0196683620478217,0.9367722272872924,0.28553506731987,37.94435501098633,1.342592477798462,0.0,,0.0345361715045592,mols/page_0142.png,12
927,[C][C][O][C][C][C][Branch1][Ring1][C][=O],CCOCCCC=O,1.5644996950521224,3.10292649269104,0.2276272922754287,33.840362548828125,27.27959442138672,26.3,,0.0338762010727626,mols/page_0047.png,7
2702,[O][C][C][Branch1][C][O][C][Ring1][Branch1][C][C][Ring1][Ring1][C][Ring1][Ring2],CC1CC12OCC2O,3.2644996950521223,2.0854830741882324,0.2907145321369171,31.01639938354492,28.98812866210937,29.46,,0.0337334607443214,mols/page_0136.png,2
1808,[C][C][C][O][C][Branch1][Ring1][C][C][Ring1][Ring1][C][Ring1][C][O][Ring1][Ring1],CCC1OC12CC1OC12,3.721790468830701,0.6260676980018616,0.3311881422996521,32.50062561035156,25.811262130737305,25.06,,0.0318715691460711,mols/page_0091.png,8
1825,[C][C][C][Branch1][C][C][#C][C][Branch1][O][C][C][O][C][Ring1][Branch1],CCC(C)=CC1CCOC1,2.0596683620478218,1.756845235824585,0.2562809884548187,37.16421508789063,10.356852531433104,9.23,,0.0318181893922007,mols/page_0092.png,5
436,[N][=C][O][C][C][C][O][C][Ring1][#Branch1][Ring1][Branch1][C][Ring1][Branch1],N=C1OC2C3COC12C3,4.041790468830702,3.686146259307861,0.2653597891330719,26.66519927978516,41.59628677368164,42.31,,0.0313108325444303,mols/page_0022.png,16
377,[C][C][C][Branch1][Ring1][C][O][C],CCC(C)CO,2.051894334095208,1.3938509225845337,0.3407285511493683,29.086933135986328,20.106470108032227,20.23,,0.0307670342420414,mols/page_0019.png,17
391,[C][C][C][C][C][C][Branch1][Ring2][C][Ring1][Ring2][C][Ring1][Branch1],CCCC12CC(C1)C2,2.2244996950521223,0.2114391475915908,0.3756498396396637,31.46834754943848,-0.4846430718898773,0.0,,0.0304455915057189,mols/page_0020.png,11
36,[C][C][C][Branch1][C][O][C][C][O],CCC(O)CCO,2.047846708163529,0.3219709098339081,0.3299089074134826,32.60142135620117,40.5291748046875,40.46,,0.0297286122723718,mols/page_0002.png,16
2279,[C][C][O][C][C][N][C][Ring1][=Branch1][=O],CC1OCCNC1=O,1.9844996950521223,3.3529093265533447,0.2621358036994934,28.466835021972656,38.02365493774414,38.33,,0.0288001856085794,mols/page_0114.png,19
160,[N][C][=C][O][C][Branch1][=Branch1][N+1][=Branch1][C][=O][O-1][=N][Ring1][Branch2],Nc1coc([N+](=O)[O-])n1,1.341790468830701,5.850680351257324,0.1475213319063186,26.77503967285156,92.4719009399414,95.19,,0.0286216259896393,mols/page_0009.png,0
2326,[C][#C][C][C][C][Branch1][C][O][C][C][Ring1][Ring1][C][Ring1][Branch1],C#CCCC12CC(C1)O2,2.2217904688307013,1.7532192468643188,0.2965574562549591,33.20347595214844,7.5884904861450195,9.23,,0.0284953357514264,mols/page_0117.png,6
1880,[O][C][C][C][Branch1][C][C][N][C][Ring1][Branch1][C][Branch1][Branch1][C][Ring1][Ring1][C][=O],CC1NC2(C(=O)C2C)C1CO,3.8180915038517305,2.626267910003662,0.2064707577228546,35.953826904296875,49.99257659912109,49.33,,0.0282676507879221,mols/page_0095.png,0
2768,[C][Branch1][Ring1][C][C][C][Branch1][C][C][O][C][Ring1][Branch1][C][Ring1][=Branch1][C][Ring1][#Branch1],CC1CCC23CC2C3O1,3.741790468830701,1.4182978868484497,0.3142457902431488,32.495487213134766,9.274991989135742,9.23,,0.0279399518202517,mols/page_0139.png,8
3044,[C][C][C][Ring1][Branch1][C][C][O][C][Ring1][Ring1],C1CC1CC1CO1,1.947846708163529,1.8099480867385864,0.3558096289634704,26.5074462890625,12.743690490722656,12.53,,0.0277438941151277,mols/page_0153.png,4
312,[C][#C][C][C][C][C][Ring1][Ring1][C][C][C][Ring1][Ring1],C#CCC1CC1C1CC1,2.5017904688307007,0.8304272294044495,0.3069042563438415,36.11734008789063,0.2851458191871643,0.0,,0.0277149058868624,mols/page_0016.png,12
2752,[C][C][C][Ring1][Branch1][C][C][Branch1][C][O][C][Ring1][Ring2][O],OC1C(O)C1C1CC1,2.444499695052122,2.0360326766967773,0.2836670279502868,30.886837005615234,41.24113845825195,40.46,,0.0276329820253863,mols/page_0138.png,12
4054,[C][N][C][=N][C][=C][C][=Branch1][C][=O][NH1][Ring1][#Branch1],CNc1nccc(=O)[nH]1,1.381790468830701,4.581197261810303,0.1909921765327453,29.6733341217041,57.68819046020508,57.78,,0.027366572581316,mols/page_0203.png,14
541,[N][#C][C][=C][O][C][C][C],CCCOC=CC#N,1.5644996950521224,4.34961462020874,0.2427453100681305,27.22881126403809,31.47721099853516,33.02,,0.027327699800997,mols/page_0028.png,1
3846,[C][C][C][C][Branch1][C][O][C][Ring1][Branch1][C],CC1CC(O)C1C,3.007846708163529,1.446100115776062,0.3257018327713012,30.35231208801269,20.38369369506836,20.23,,0.0270234168762548,mols/page_0193.png,6
1354,[C][#C][C][C][Branch1][Ring1][C][O][C][Ring1][Branch1][C],C#CC1C(C)C1CO,3.0244996950521226,1.6818137168884275,0.2896035611629486,33.079803466796875,21.09511947631836,20.23,,0.024227952373495,mols/page_0068.png,14
1419,[C][C][C][Ring1][Branch1][C][C][Branch1][C][N][C][Ring1][Ring1],C=C(N)CC1CC1,1.5078467081635287,1.870218276977539,0.2884525060653686,31.4426383972168,34.865257263183594,26.02,,0.0241155855297136,mols/page_0071.png,19
4080,[C][#C][C][Branch1][C][O][C][Branch1][Ring1][C][C][C][Branch1][Branch1][C][C][Ring1][Ring2][C][Ring1],C#CC(O)C1CCC2CC1C2,3.278091503851731,1.2825851440429688,0.2962808310985565,34.05440902709961,18.67726707458496,20.23,,0.0236754734037272,mols/page_0205.png,0
1094,[C][C][Branch1][Branch1][C][C][C][O][C][C][Ring1][Ring1],CC1CCCOCC1,2.0244996950521226,1.209272384643555,0.3285521268844604,31.748741149902344,9.050581932067873,9.23,,0.0234456263653161,mols/page_0055.png,14
2564,[O][C][C][O][C][Branch1][Ring2][C][Ring1][Branch1][C][N][C][Ring1][Ring1][Ring1][Branch2],OC12COC(C1)C1NC12,4.181790468830702,1.8466604948043823,0.303004115819931,28.8756160736084,49.878684997558594,51.400000000000006,,0.0232926535278971,mols/page_0129.png,4
1923,[C][#C][C][Branch1][C][C][Branch1][Ring1][C][O][C][Ring1][Ring1][C][Ring1][Ring2],C#CC1(C)C2CC21O,2.9644996950521225,1.4733511209487915,0.2718276977539062,35.6214485168457,21.461782455444336,20.23,,0.0224646200251878,mols/page_0097.png,3
3978,[O][C][C][C][C][C][C][Branch1][Ring2][C][Ring1][Branch1][C][Ring1][Branch2][Ring1][Ring2],OC1CC2CC3C(C2)C13,4.561790468830701,1.4406296014785769,0.3237008452415466,30.522884368896484,20.052318572998047,20.23,,0.0220765530958975,mols/page_0199.png,18
1806,[C][C][C][Branch1][C][O][=N][NH1][C][=Ring1][=Branch1][N],Cc1c(O)n[nH]c1N,1.3644996950521224,2.6646957397460938,0.2467788904905319,29.72601890563965,74.08873748779297,74.93,,0.0217005148166163,mols/page_0091.png,6
73,[C][C][C][Branch1][C][C][Ring1][C][C][O][C][C],CC=C(C)COCC,1.5844996950521224,1.274236798286438,0.2626865208148956,37.98921203613281,12.22960090637207,9.23,,0.0214702723363015,mols/page_0004.png,13
1978,[C][#C][C][Branch1][C][C][C][Ring1][Branch1][C][Branch1][Ring1][C][O][Ring1][Ring2],CC12C#CC1C2CO,2.9644996950521225,1.802044034004212,0.258461058139801,35.45553970336914,25.158836364746094,20.23,,0.0204412704551388,mols/page_0099.png,18
1368,[C][O][C][C][C][Ring1][Branch1][C][C][O][Ring1][Ring2],C1CC2(CCO2)CO1,2.2644996950521223,2.585864782333374,0.3158917427062988,27.20200729370117,17.62174415588379,18.46,,0.0188861608810087,mols/page_0069.png,8
2361,[C][C][C][Branch1][C][C][Ring1][Ring1][C][C][O][C][Ring1][Branch1][C][Ring1][Ring2],C1C2CC3(CC3)CC1O2,3.581790468830701,1.866641640663147,0.318504124879837,30.291704177856445,8.585714340209961,9.23,,0.0184970688737886,mols/page_0119.png,1
1868,[C][C][Branch1][C][C][O][C][C][C][=Branch1][C][=O],CC(C)OCCC=O,1.5644996950521224,2.955051183700561,0.2253670394420623,34.369903564453125,27.223386764526367,26.3,,0.0181103588259145,mols/page_0094.png,8
919,[C][C][C][O][C][C][Branch1][C][C][Ring1][Ring2][C][Ring1][#Branch1],CC1CC2(C)COC12,2.9644996950521225,1.814333438873291,0.3122740983963012,31.058195114135746,9.02739715576172,9.23,,0.0164503191270723,mols/page_0046.png,19
2952,[C][#C][C][C][C][Branch1][Ring1][C][C][Ring1][Branch1][C][C][=O],CCC1(CC=O)C#CCC1,2.0596683620478218,2.896572589874268,0.2162227779626846,36.25853729248047,17.149904251098633,17.07,,0.0158147089272544,mols/page_0148.png,12
2067,[C][C][C][Branch1][C][C][Ring1][Branch1][C][O][C][Ring1][Ring2][C][Ring1][=Branch1],CC1CC2(CC2)CO1,2.2844996950521224,1.4365038871765137,0.3325409889221191,30.36233139038086,9.10235595703125,9.23,,0.0155216523026082,mols/page_0104.png,7
1028,[C][C][C][Branch1][C][C][O][C][C][Ring1][Ring2][C][Ring1][Branch1],CCC1OCC2CC21,2.9644996950521225,1.4578341245651243,0.3360869586467743,29.898237228393555,9.294973373413086,9.23,,0.0151333638631153,mols/page_0052.png,8
2231,[O][#C][C][C][Branch1][Ring1][C][Branch1][C][C][O][C][Branch1][Ring2][C][C][Ring1][Ring1][C][Ring1],CCC(CC=O)OC12CC1C2,2.018091503851731,2.7726094722747803,0.221262902021408,35.576324462890625,25.08639907836914,26.3,,0.0146585212264651,mols/page_0112.png,11
1648,[C][C][Branch1][C][C][C][O][C][C][Ring1][Ring1][C][Ring1][=Branch1],CC1CCCCOC1,2.0244996950521226,1.2494115829467771,0.3236621022224426,31.934404373168945,9.274728775024414,9.23,,0.0142338737982097,mols/page_0083.png,8
3093,[O][#C][C][C][C][Branch1][C][C][O][C][Ring1][Ring1][C][Ring1][Branch1][O],O=CCCC12CC(O1)C2O,3.6996683620478215,2.9591052532196045,0.2288793623447418,32.45744705200195,46.42021942138672,46.53,,0.0138806294631698,mols/page_0155.png,13
161,[N][C][C][C][Ring1][Ring1][C][Branch1][C][C][O][C][Ring1][=Branch1],CC1OCC2C(N)C12,3.444499695052122,1.7765032052993774,0.3143899440765381,29.310190200805664,30.14967155456543,35.25,,0.0130085379925657,mols/page_0009.png,1
828,[O][C][C][C][O][C][O][Ring1][Ring2][C],OCCC1OCO1,1.4678467081635287,1.686613917350769,0.3376176357269287,26.687480926513672,37.58283996582031,38.69,,0.0126830448863501,mols/page_0042.png,8
4540,[O][#C][C][C][C][Branch1][C][C][Ring1][Ring2][C][Branch1][Branch1][C][Ring1][Branch1][C][Branch1][Ring1][C],CC1C(C)C2(C)C(=O)CC12,3.4996683620478213,2.8652684688568115,0.2191296070814132,36.09026336669922,16.244312286376953,17.07,,0.0123890856258763,mols/page_0228.png,0
4147,[C][C][C][Branch1][C][C][O][C][Ring1][Ring1][C][Ring1][Ring2][C][C][Ring1][#Branch1],CCC12CCC3C(O1)C32,3.421790468830701,1.5840061902999878,0.3104808330535888,32.08479309082031,8.307520866394043,9.23,,0.0122404973475882,mols/page_0208.png,7
2750,[C][#C][C][Branch1][C][C][C][Ring1][Branch1][C][Ring1][Ring1][C][Branch1][Ring1][C][C][Branch1][Ring2][C],CCC(C)C1CC2C#CC21,3.5196683620478213,0.8301792144775391,0.2874728739261627,37.81732177734375,0.8305395841598511,0.0,,0.0121645440664294,mols/page_0138.png,10
2330,[C][C][C][Branch1][C][C][#C][C][C][O][C][C][Ring1][Ring2],CCC(C)=CCC1CCO1,2.0596683620478218,1.6576918363571167,0.2581382691860199,37.03010559082031,10.219258308410645,9.23,,0.0119667312007932,mols/page_0117.png,10
2190,[C][C][O][C][Branch1][C][N][=O],CCOC(N)=O,1.5118943340952076,2.500839948654175,0.3219085931777954,24.18519401550293,51.32669448852539,52.32,,0.010424593708536,mols/page_0110.png,10
1683,[C][C][Branch1][C][C][C][Ring1][C][C][O][C][Ring1][Ring1],CC1CC1C1CO1,2.947846708163529,1.8270517587661743,0.3508345186710357,26.695268630981445,12.043251991271973,12.53,,0.0085075819633845,mols/page_0085.png,3
383,[C][C][C][=C][C][=N][N][Ring1][Branch1][C][Ring1][#Branch1][C],CC1c2ccnn2C1C,2.3617904688307005,2.9463534355163574,0.2640168070793152,31.03099250793457,17.188711166381836,17.82,,0.0074219017820006,mols/page_0020.png,3
4104,[C][C][Branch1][C][C][C][Ring1][Ring1][C][Branch1][Ring1][C][C][O][C][Ring1][=Branch1],CCC1OCC1=C(C)C,2.041790468830701,1.880412220954895,0.2447753697633743,37.55409622192383,9.472100257873535,9.23,,0.0072679296259617,mols/page_0206.png,4
301,[C][C][C][=C][Branch1][Ring1][C][C][C][O][C][Ring1][#Branch1],CCC1=C(CC)COC1,1.541790468830701,2.037296772003174,0.2473158985376358,36.681888580322266,9.696828842163086,9.23,,0.0065694788489837,mols/page_0016.png,1
151,[C][C][C][N][C][C][Ring1][Branch1][C][C],CCC1CNCC1C,2.524499695052122,1.2321902513504028,0.3048408031463623,33.336910247802734,15.368566513061523,12.03,,0.0064635223271008,mols/page_0008.png,11
3648,[O][C][C][C][Ring1][Ring1][C][C][O][C][Ring1][=Branch1],OC1C2CCOCC12,2.9444996950521225,2.520832061767578,0.3055011034011841,27.384571075439453,29.690099716186523,29.46,,0.0064545805953875,mols/page_0183.png,8
2221,[C][C][C][Branch1][C][C][C][Ring1][Ring2][C][C][C][Ring1][Ring2][=O],CC1C(C)C12CCC2=O,2.801790468830701,3.02286696434021,0.2182011157274246,35.45619583129883,16.842235565185547,17.07,,0.0063645040985961,mols/page_0112.png,1
2099,[C][C][C][Ring1][Ring1][C][Branch1][C][C][Branch1][Branch1][C][O][C][Ring1][=Branch1],CC1COCC12CC2,2.2844996950521224,1.547252178192139,0.3280545175075531,30.28919982910156,8.57979965209961,9.23,,0.0055652201372243,mols/page_0105.png,19
2241,[C][#C][C][Branch1][C][C][C][Branch1][Ring1][C][O][C][Ring1][Ring1][C][Ring1][=Branch1],C#CC1CCC2C(O)C12,3.481790468830701,1.381269454956055,0.2980891764163971,33.12111282348633,19.66448402404785,20.23,,0.0048738266117886,mols/page_0113.png,1
2125,[C][N][N][=C][C][Branch1][C][N][=C][C][Ring1][#Branch1][=O],Cn1ncc(N)cc1=O,1.381790468830701,4.371495723724365,0.1818674206733703,30.820951461791992,60.07787704467773,60.91,,0.0036720981459221,mols/page_0107.png,5
2471,[C][C][C][Branch1][C][C][O][C][Ring1][Ring1][C][C][Ring1][Branch1][C][Ring1][#Branch1],CCC12CC3CC(O1)C32,3.421790468830701,1.6138758659362793,0.3120167553424835,31.65169143676757,8.629424095153809,9.23,,0.0036309429190486,mols/page_0124.png,11
2708,[C][C][Branch1][C][C][C][O][C][C][Ring1][Ring2][C][Ring1][Branch1],CC(C)C12CC1CO2,2.464499695052122,1.5760952234268188,0.3108186721801758,31.90593338012696,8.559386253356934,9.23,,0.0027428012896628,mols/page_0136.png,8
3730,[O][C][C][O][C][C][C][Ring1][=Branch1][O][C][Ring1][Branch2],OC12COCCC1OC2,2.4417904688307006,1.1884238719940186,0.3112064301967621,31.014930725097656,38.51568984985352,38.69,,0.0027033852956995,mols/page_0187.png,10
2756,[C][C][C][Branch1][Ring1][C][C][N][C][Ring1][Ring1][C],CCC1CCC(C)N1,2.524499695052122,1.260764241218567,0.3095979690551758,32.805206298828125,13.712194442749023,12.03,,0.002514673622052,mols/page_0138.png,16
4366,[N][#C][C][C][C][Branch1][C][C][Ring1][Ring1][C][C][N][Ring1][Ring2][Ring1][=Branch1],N#CC1C2N3CCC12C3,4.5617904688307,3.561321496963501,0.2611877620220184,28.138202667236328,27.81193351745605,27.03,,0.0021883999958603,mols/page_0219.png,6
863,[C][C][C][Branch1][Ring1][C][O][C][C][Ring1][Ring2],CCC1CCC1O,2.507846708163529,1.4145727157592771,0.3284401893615722,29.810211181640625,19.95305824279785,20.23,,0.0017137507121858,mols/page_0044.png,3
3981,[O][#C][C][C][C][Branch1][Ring1][C][C][Ring1][Ring2][C][Ring1][Branch1][C][C][N][Ring1][Ring2][O],CCC12C(=O)CC1C21CCN1O,3.297024615544936,3.024240255355835,0.2243910133838653,33.97537612915039,26.449737548828125,40.540000000000006,,-0.0001484852632015,mols/page_0200.png,1
3685,[C][O][C][C][C][Branch1][C][C][Ring1][Branch1][C][Branch1][Ring1][C][O][Ring1][Ring1][C][Ring1][Ring2],C=C(CO)C1(C)CCOC1,2.0396683620478218,1.5622512102127075,0.257045716047287,35.81187057495117,29.65512084960937,29.46,,-0.0002425256526513,mols/page_0185.png,5
1500,[C][C][C][Branch1][Ring1][C][C][N][Branch1][Ring1],CCC(N)CC,1.5518943340952076,1.651045799255371,0.3075313866138458,30.681774139404297,24.36051368713379,26.02,,-0.0018272744374606,mols/page_0076.png,0
1636,[#C][C][C][C][O][C][Ring1][Ring2][C][C][Ring1][Ring1],CCC1COC12CC2,2.2844996950521224,1.7898383140563965,0.3027213513851166,31.77997398376465,9.64551830291748,9.23,,-0.002133961343165,mols/page_0082.png,16
4315,[O][C][C][C][=C][C][Branch1][Branch1][C][O][Ring1][Ring1][C][Ring1][Branch2],OC1CC=CC2(CO2)C1,2.781790468830701,2.735249280929565,0.2491767853498459,31.96063232421875,33.159629821777344,32.76,,-0.0021627315983034,mols/page_0216.png,15
1319,[C][C][C][Branch1][C][C][N][C][C][Ring1][Ring1][C][Ring1][=Branch1],CCC1(C)CC2CN21,2.9644996950521225,1.4193058013916016,0.3138715326786041,32.53204727172852,2.719411849975586,3.01,,-0.0027996337541068,mols/page_0066.png,19
2951,[C][#C][C][Branch1][C][C][Branch1][Ring1][C][C][C][Ring1][Ring2][C][Ring1][Branch1][C],C#CC1(CC)C2C(C)C21,2.5017904688307007,0.9794788360595704,0.2826206684112549,37.48817825317383,1.182384371757507,0.0,,-0.0029231228237388,mols/page_0148.png,11
1576,[C][C][Branch1][C][C][C][O][C][C][=C][C][C][Ring1][Ring1],CC(C)COCC=C1CC1,1.5596683620478216,1.0990554094314575,0.2626182734966278,38.47331619262695,9.314353942871094,9.23,,-0.002955345281102,mols/page_0079.png,16
491,[O][=C][C][C][C][C][O][C][=N][Ring1][=Branch1],O=CCC1CCOC=N1,2.001790468830701,3.805769205093384,0.2215733230113983,30.38111686706543,38.510589599609375,38.66,,-0.0036186838414652,mols/page_0025.png,11
3929,[C][O][C][C][C][Branch1][C][C][Ring1][Ring1][C][C][O][Ring1][Ring2][C][Ring1][Ring2],COC1CC12CCOC2,2.781790468830701,0.6384349465370178,0.3208423852920532,33.44457244873047,19.08847618103028,18.46,,-0.0041704803864965,mols/page_0197.png,9
1688,[C][C][Branch1][C][C][C][Ring1][Ring1][C][C][O][C][Ring1][Branch1][C][Ring1][=Branch1],CC(C)=C1CCOC1C,2.041790468830701,1.823978066444397,0.249143898487091,37.084598541259766,10.008538246154783,9.23,,-0.0044261831165154,mols/page_0085.png,8
156,[O][C][N][=C][C][C][N][C][C][Ring1][Ring1],OCN=CCCN1CC1,1.5017904688307009,2.3188042640686035,0.231294959783554,34.841217041015625,39.23302459716797,35.6,,-0.0044409592295328,mols/page_0008.png,16
158,[C][#C][C][O][C][Ring1][Ring1][C][C][C][C][Ring1][Ring1],C#CC1OC1CC1CC1,2.4817904688307006,1.8184926509857176,0.2781796753406524,33.96123123168945,12.061939239501951,12.53,,-0.0049129654419848,mols/page_0008.png,18
1599,[C][C][C][Branch1][C][C][Ring1][Ring1][C][C][N][C][Ring1][Ring2],CC1(C2CNC2)CC1,1.4644996950521223,1.4225276708602903,0.3071342408657074,31.98656272888184,18.08357810974121,12.03,,-0.0058467407882518,mols/page_0080.png,19
3593,[N][#C][C][C][C][Branch1][Ring1][C][O][C][Ring1][Ring2][C][Ring1][Ring1][C][Ring1][Branch1],N#CCCC1=CC2CC1O2,3.219668362047821,4.056038856506348,0.2322152853012085,28.912742614746094,30.596349716186523,33.02,,-0.0068109095237686,mols/page_0180.png,13
2882,[C][#C][C][C][Branch1][C][C][C][Ring1][Ring1][C][C][O][C][Ring1],C#CCC(C)=CCCOC,1.6196683620478216,1.1108909845352173,0.2579545974731445,38.77071762084961,10.15911865234375,9.23,,-0.007413608150466,mols/page_0145.png,2
905,[O][C][C][C][O][C][C][N][Ring1][=Branch1][C][Ring1][Ring2][Ring1][#Branch1],OCC12COC3CN1C32,3.381790468830701,1.6779662370681765,0.3130185604095459,29.30663299560547,32.37651824951172,32.47,,-0.0079219616345559,mols/page_0046.png,5
2344,[C][C][Branch1][C][C][C][N][Ring1][Branch1][C][Ring1][Branch1][Branch1][C][O][C][Ring1][=Branch1][C],CC1CC23CN(C2)C13O,3.561790468830701,2.4122519493103027,0.2520730495452881,33.453857421875,24.20036506652832,23.47,,-0.0080268377279427,mols/page_0118.png,4
2447,[C][#C][C][Branch1][C][C][Branch1][Ring1][C][Branch1][Ring2][C][C][Ring1][Ring1][C][Ring1][=Branch1],C#CC(C)(C)C1CC1,1.5444996950521224,0.6631214022636414,0.3160832226276397,35.2329216003418,0.0193506348878145,0.0,,-0.0082758058009169,mols/page_0123.png,7
2607,[C][#C][C][Branch1][C][C][C][Branch1][Ring1][C][Branch1][Ring2][C][C][Ring1][Ring2][C][Ring1][=Branch1][C],C#CC1CC(C)C12CCC2,2.839668362047821,0.7135869860649109,0.3059576749801636,36.10796356201172,-0.3206029832363128,0.0,,-0.0084108153497452,mols/page_0131.png,7
1805,[C][C][Branch1][C][C][C][Ring1][Ring1][C][C][O][C][Ring1][Ring2],CC(C)=CC1COC1,1.5244996950521223,2.157663106918335,0.249819278717041,35.583187103271484,11.669190406799316,9.23,,-0.0084273328252458,mols/page_0091.png,5
395,[C][#C][C][C][C][Ring1][Ring1][Branch1][C][C][C][Branch1][C][C][=O],C#CC1CC1(C)C(C)=O,2.5417904688307007,2.621931791305542,0.2213066667318344,36.41490173339844,16.47614860534668,17.07,,-0.008448391717282,mols/page_0020.png,15
1549,[C][N][=C][N][C][=Branch1][C][=N][O][C],CN=CNC(=N)OC,1.5244996950521223,2.4492509365081787,0.2402275800704956,31.909467697143555,58.358394622802734,57.47,,-0.008607469320133,mols/page_0078.png,9
2886,[C][#C][C][C][C][Branch1][C][C][Ring1][Ring1][C][O][C][Ring1][Ring2][C],C#CC1CC12COC(C)C2,3.3196683620478216,1.4589320421218872,0.2870101034641266,34.64170837402344,7.894958972930908,9.23,,-0.0091334007703852,mols/page_0145.png,6
3937,[C][C][C][Branch1][C][C][Ring1][C][C][N][C][Ring1][Branch1][C][Ring1][Ring1][C],CC=C(C)CN1CC1C,2.5417904688307007,1.4394937753677368,0.2493998408317566,38.84655380249024,3.932938098907471,3.01,,-0.0109106643974719,mols/page_0197.png,17
201,[N][#C][C][=N][C][Branch1][=Branch1][O],N#CC=NCO,1.5118943340952076,5.107581615447998,0.228511244058609,23.453657150268555,54.96870803833008,56.38,,-0.0109341281161368,mols/page_0011.png,1
1998,[C][#C][C][C][C][Ring1][Ring2][C][Ring1][Branch1][O],C#CCCCCO,1.5678467081635288,1.4594178199768066,0.3178610503673553,30.513404846191406,20.048559188842773,20.23,,-0.0110960282650597,mols/page_0100.png,18
4019,[C][O][C][C][C][C][=Branch1][C][=O][C][Ring1][Branch1][N][Ring1][=Branch1],COCC12CC(=O)C1N2,2.4417904688307006,3.156601428985596,0.2186906635761261,32.16742706298828,48.925540924072266,48.24,,-0.0113313158229936,mols/page_0201.png,19
195,[O][C][C][C][O][C][Ring1][Branch1][C],CC1OCCC1O,2.487846708163529,2.478025197982788,0.3045336604118347,27.35434913635254,29.411983489990234,29.46,,-0.0126120421106267,mols/page_0010.png,15
836,[C][C][Branch1][Branch1][C][C][C][O][C][Ring1][Ring1],CC1CCC(O)C1,2.507846708163529,1.5076593160629272,0.3332884907722473,28.680179595947266,20.64789772033692,20.23,,-0.0126590766228505,mols/page_0042.png,16
2373,[C][#C][C][C][Branch1][Ring1][C][Branch1][C][C][O][C][Ring1][Branch1][C][Ring1][Ring1][C][Ring1],C#CCC1(CC)OC1C=C,2.5596683620478213,1.80286717414856,0.2565858960151672,36.10314178466797,12.077500343322754,12.53,,-0.0129300322981145,mols/page_0119.png,13
2459,[O][#C][C][Branch1][C][C][C][O][C][Branch1][Ring1][C][O][Ring1][=Branch1],CC1COC(CO)C1=O,2.5017904688307007,3.1025631427764893,0.2097727060317993,33.33927536010742,47.81637573242188,46.53,,-0.0130979754433362,mols/page_0123.png,19
1743,[N][C][C][C][Ring1][Branch1][C][C][Branch1][C][O][C][Ring1][=Branch1],OC1CC2CNC2C1,2.9444996950521225,2.2668778896331787,0.2949323058128357,28.57504844665528,36.44460678100586,32.26,,-0.0132943355870399,mols/page_0088.png,3
2414,[C][C][Branch1][Ring1][C][O][C][C][O][Ring1][Ring1],CC(CO)C1CO1,2.487846708163529,1.2665324211120603,0.3336879312992096,28.57980155944824,32.85048294067383,32.76,,-0.0140225497104098,mols/page_0121.png,14
2517,[O][#C][C][Branch1][C][C][C][Branch1][Ring1][C][Branch1][=Branch1][C][C][O][C][Ring1][=Branch1],CC(C=O)C1CCCOC1,2.5396683620478213,2.7051455974578857,0.2240514159202575,35.065711975097656,25.18450927734375,26.3,,-0.0141265834171292,mols/page_0126.png,17
1218,[N][C][O][C][=C][C][=Branch1][C][=O][C][=Ring1][#Branch1][O],Nc1occc(=O)c1O,1.381790468830701,4.54489278793335,0.1761724650859832,29.40878868103028,73.94757843017578,76.46,,-0.0142444134780871,mols/page_0061.png,18
3820,[C][C][Branch1][C][C][C][Ring1][Ring1][C][C][N][C][Ring1][Branch1][C],CC(C)=C1CCNC1C,2.041790468830701,1.6205320358276367,0.2413590252399444,37.785118103027344,18.453096389770508,12.03,,-0.0172446142939298,mols/page_0192.png,0
3437,[C][C][Branch1][C][C][O][C][Branch1][Branch1][C][O][Ring1][Branch1][C][Ring1][Ring1][C],CC1COC2C(C)C2O1,3.461790468830701,0.8641363978385925,0.3040193915367126,34.1120491027832,19.140846252441406,18.46,,-0.0174387448161672,mols/page_0172.png,17
1171,[C][C][C][C][C][C][Branch1][Ring2][C][Ring1][#Branch1][C][C][Ring1][#Branch1],C1CC2CCC(C1)CC2,2.2417904688307013,0.1962883323431015,0.3490634858608246,33.382102966308594,0.6232961416244507,0.0,,-0.0178811883803462,mols/page_0059.png,11
1601,[N][C][C][Branch1][C][C][C][O][C][C][Ring1][Branch1][C][Branch1][Ring2][C][Ring1][Ring2][C][=O],NCC1COC2CC(C=O)C2C1,3.537024615544935,2.491211414337158,0.2263555824756622,33.70024490356445,49.4873161315918,52.32,,-0.0181425985353501,mols/page_0081.png,1
4419,[C][N][C][C][C][Branch1][C][C][Ring1][Ring2][C][C],CCC1(C)CCN1C,2.0244996950521226,1.0120806694030762,0.2947714328765869,35.53950500488281,5.465826988220215,3.24,,-0.0185130720772553,mols/page_0221.png,19
2707,[C][C][Branch1][C][C][C][N][C][Ring1][Branch1][C][Ring1][Ring1][C][Ring1][Ring2][C][Ring1][#Branch1],CC12CCCC3C1N3C2,3.421790468830701,1.856409311294556,0.2991129457950592,32.141448974609375,2.897632598876953,3.01,,-0.0192076200729778,mols/page_0136.png,7
3243,[C][Branch1][C][C][Branch1][Ring1][C][C][C][O][C][C][Ring1][Ring2][C][Branch1][Branch1][C][O][Ring1],CCC(C)C1OCC1CC=O,3.0780915038517307,2.1375436782836914,0.2180730402469635,37.64468002319336,25.79885482788086,26.3,,-0.0200813469896595,mols/page_0163.png,3
1621,[C][Branch1][C][C][Branch1][Ring1][C][C][O][C][Ring1][Branch1][C],CCC1CC(C)O1,2.507846708163529,1.603026032447815,0.3317434787750244,29.22077751159668,9.396740913391112,9.23,,-0.0202941878019475,mols/page_0082.png,1
655,[C][C][C][Branch1][Ring1][C][C][O],CCC(O)CC,1.5518943340952076,1.4700748920440674,0.3335364758968353,28.70027732849121,20.098407745361328,20.23,,-0.0210386910443243,mols/page_0033.png,15
1633,[C][#C][C][C][C][O][C][C][Ring1][Branch1][C][Ring1][=Branch1],C#CCC12COCC1C2,2.4817904688307006,1.462647795677185,0.3017680644989013,32.85251998901367,8.739704132080078,9.23,,-0.0212409970535058,mols/page_0082.png,13
2559,[C][C][C][O][C][C][Ring1][Ring2][C][Ring1][Branch1][C],CCC12OCC1C2C,2.9644996950521225,1.4736347198486328,0.3085485696792602,32.09999465942383,8.864492416381836,9.23,,-0.0216432750597727,mols/page_0128.png,19
548,[O][C][C][N][C][=C][N][=C][Ring1][Branch1],OCCn1ccnc1,1.3844996950521224,3.705233573913574,0.2525549829006195,27.288009643554688,38.32258987426758,38.05,,-0.0222466264501374,mols/page_0028.png,8
4321,[C][C][C][C][Branch1][Ring1][C][=O][C][C][Ring1][#Branch1][O],CC1CC(C=O)CC1O,3.0217904688307007,2.369198799133301,0.2241071760654449,35.25070571899414,37.0963020324707,37.3,,-0.0231523721022572,mols/page_0217.png,1
4214,[O][=C][N][C][C][N][=C][O][C][Ring1][=Branch1],O=CNC1CN=COC1,1.981790468830701,2.786771774291992,0.2645130157470703,28.757301330566406,47.50239181518555,50.69,,-0.0231759545154843,mols/page_0211.png,14
2128,[C][C][Branch1][Ring1][C][C][C][O][C][Ring1][Branch1][C][Ring1][Ring2],CC1C2CC(O2)C1C,4.204499695052123,1.6963763236999512,0.3250117599964142,29.585338592529297,8.423357963562012,9.23,,-0.0235912936738554,mols/page_0107.png,8
1179,[C][C][C][Branch1][Ring1][C][C][=C][C][Branch1][C][C][Ring1][Ring1][O][C][Ring1][Ring2],CCC1=CC(C)(OC)CC1,2.0596683620478218,1.106560230255127,0.2581382393836975,38.56938552856445,9.31227684020996,9.23,,-0.0236205571229886,mols/page_0059.png,19
4023,[C][O][C][C][C][Branch1][C][C][O][Branch1][Ring1][C][C][Ring1][Ring2][C][Ring1][=Branch1],COCCC1CO1,1.987846708163529,1.374907374382019,0.3442460298538208,27.70423889160156,22.806385040283203,21.76,,-0.0237397216509919,mols/page_0202.png,3
577,[C][O][C][C][C][C][C][Ring1][Ring2][C][Ring1][Branch1],COCC12CCC1C2,2.464499695052122,1.083451271057129,0.3329801559448242,30.953271865844727,9.57608127593994,9.23,,-0.0238531446394809,mols/page_0029.png,17
946,[C][#C][C][C][C][Branch1][Ring1][C][C][Ring1][Ring2][C][Ring1][Ring1],C#CCCC1CC1C,2.544499695052122,0.9117599725723268,0.3132413029670715,34.27671813964844,0.8008635640144348,0.0,,-0.024519367053091,mols/page_0048.png,6
2660,[C][Branch1][C][C][Branch1][Branch1][C][O][C][Branch1][Ring1][C][O][O][C][Ring1][Ring1][C][Ring1][Branch1],CC1COCC2CC(O1)O2,3.6996683620478215,1.209927320480347,0.3171645700931549,30.90215301513672,24.983179092407227,27.69,,-0.0254011114245896,mols/page_0134.png,0
3765,[O][=C][C][C][C][N][C][C][Ring1][#Branch1][=O],O=C1CCCNCC1=O,1.5017904688307009,4.907020568847656,0.1625082343816757,31.431793212890625,45.83746719360352,46.17,,-0.0255127590983655,mols/page_0189.png,5
2698,[N][C][Branch1][C][O][C][Branch1][Ring1][C][C][O][Branch1][Ring1][Branch1][C][C][Branch1][Branch1][C][Branch1],CCC1OOC1N,2.467846708163529,2.151977777481079,0.2927753627300262,28.336963653564453,45.18844604492188,44.48,,-0.0266836485935462,mols/page_0135.png,18
2507,[C][C][C][C][C][C][Ring1][Ring1][C][=O],CCCC1CC1C=O,2.524499695052122,3.269068956375122,0.2290082275867462,32.857688903808594,17.149578094482422,17.07,,-0.0275636770915782,mols/page_0126.png,7
1287,[C][C][C][O][C][C][Branch1][C][C][Ring1][Branch1][C][Ring1][=Branch1],CC1C2CC1(C)CO2,3.704499695052123,1.7511810064315796,0.3141982555389404,30.37664222717285,9.040871620178224,9.23,,-0.0277236074165441,mols/page_0065.png,7
802,[=N][#C][C][Branch1][C][C][O][C],COC(C)C#N,2.031894334095208,3.328303337097168,0.3037056028842926,23.794984817504883,32.518123626708984,33.02,,-0.0278006345949947,mols/page_0041.png,2
4513,[N][C][C][Branch1][Ring1][C][Branch1][C][C][C][Ring1][Ring1][C][Ring1][Branch1][C][Ring1][Ring2],NCC12C3CCC1C32,3.2444996950521223,1.4956142902374268,0.3018331229686737,30.89179039001465,31.153324127197266,26.02,,-0.0284513142600151,mols/page_0226.png,13
3183,[N][=C][NH1][C][=C][Branch1][=Branch1][C][C][C][Ring1][Ring1][O][Ring1][Branch2],N=c1[nH]cc(C2CC2)o1,1.341790468830701,3.591859579086304,0.2108815461397171,30.808469772338867,52.336334228515625,52.78,,-0.0286634516965846,mols/page_0160.png,3
55,[C][O][C][C][C][=Branch1][Ring1][=N][O][C][Ring1][=Branch1][C],COC1CC(=NO)C1C,2.5017904688307007,1.2130271196365356,0.2498074173927307,36.388160705566406,42.68890380859375,41.82,,-0.0289931796407785,mols/page_0003.png,15
173,[C][C][O][C][C][C][C][C][Ring1][Ring1][C][Ring1][Branch2][Ring1][Branch1],CC1OCC2C3CC3C12,3.921790468830701,1.5466898679733276,0.3132827281951904,31.196578979492188,8.847122192382812,9.23,,-0.0307245491902805,mols/page_0009.png,13
1980,[C][C][Branch1][Ring2][C][C][O][C][O][C][=N][Ring1][Branch2],CC1(CCO)COC=N1,2.001790468830701,1.2470381259918213,0.2698180079460144,34.26774978637695,41.43575286865234,41.82,,-0.0312687663238227,mols/page_0100.png,0
1488,[C][C][C][Branch1][C][C][O][C][C][=Branch1][C][=O][C][Ring1][Ring2],CCC(C)OC1CC1=O,2.5217904688307007,2.232778549194336,0.21699920296669,37.13125991821289,26.7137393951416,26.3,,-0.0323696338905716,mols/page_0075.png,8
188,[O-1][=C][=NH1+1][#C],C[NH+]=C[O-],1.502440063862291,5.787131309509277,0.2258857190608978,21.77519989013672,42.7843132019043,37.03,,-0.0327395925018682,mols/page_0010.png,8
1407,[C][C][C][O][C][C][Ring1][Ring2][O],CCC1OCC1O,2.487846708163529,2.303624391555786,0.3049694299697876,27.665834426879883,28.861026763916016,29.46,,-0.033171210006173,mols/page_0071.png,7
307,[C][N][C][C][C][Branch1][C][O][C],CNCCC(C)O,2.047846708163529,1.5148764848709106,0.2827050387859344,32.5902099609375,32.63978958129883,32.26,,-0.0332913744454619,mols/page_0016.png,7
4464,[C][O][C][C][C][Branch1][C][O][Ring1][Branch1][C][C][O][Branch1][Ring1][C][O],O=CCC1(O)CCOC1,2.001790468830701,3.0621299743652344,0.2121391147375106,32.95014953613281,47.34758758544922,46.53,,-0.0335582440098413,mols/page_0224.png,4
1427,[C][C][C][Branch1][C][C][N][C][C][Ring1][Ring2][C][Ring1][Ring1][C][Ring1][=Branch1],CCC1NC2C3CC1C32,3.921790468830701,1.3501876592636108,0.3075624406337738,31.8521785736084,16.889732360839844,12.03,,-0.033576880946922,mols/page_0072.png,7
1242,[C][C][C][Branch1][C][C][O][C][Ring1][Ring1][C][C][Ring1][=Branch1],CCC12CCC(C1)O2,3.2044996950521223,1.5392550230026243,0.3270172476768493,29.760086059570312,8.761640548706055,9.23,,-0.0345176000878095,mols/page_0063.png,2
2971,[C][C][C][Branch1][Ring1][C][Branch1][C][C][Ring1][Ring1][C][C][N][Ring1][Branch1],CC1NCCC12CC2,2.2844996950521224,1.3179932832717896,0.3138650059700012,31.24300003051757,17.724618911743164,12.03,,-0.0347082328723876,mols/page_0149.png,11
3750,[O][#C][C][Branch1][C][O][C][C][C][Ring1][Branch1][C][Ring1][Ring1][C][O],O=CC1(O)CC2C(CO)C21,3.459668362047821,2.6332569122314453,0.219582512974739,33.11334228515625,55.61116409301758,57.53,,-0.0357096836634439,mols/page_0188.png,10
2631,[O][C][C][C][N][=C][NH1][C][=Ring1][Branch1][C][Ring1][Branch2],OC1Cc2nc[nH]c2C1,1.8417904688307007,3.5503056049346924,0.2355472296476364,28.54897117614746,49.21466064453125,48.91,,-0.0361862336082521,mols/page_0132.png,11
659,[=C][O][#C][C][C][C][Branch1][C][O],COCCCCO,1.5478467081635288,0.4544791579246521,0.3334060609340668,31.48692321777344,29.807004928588867,29.46,,-0.0369427247805888,mols/page_0033.png,19
1948,[C][C][Branch1][C][C][C][N][C][Ring1][Ring2][C][Branch1][Branch1][C][Ring1][Ring1][C][Ring1][#Branch1],CC1C2CC3CNC12C3,4.541790468830701,1.4839930534362793,0.2919042706489563,32.75799560546875,18.783416748046875,12.03,,-0.0371735612517029,mols/page_0098.png,8
2068,[C][C][C][Branch1][C][C][#C][C][Branch1][Ring1][C][C][O][C][Ring1][Ring1],CCC(C)=CC1CCCO1,2.0596683620478218,1.5361899137496948,0.256978303194046,36.84766387939453,9.534418106079102,9.23,,-0.0375948422386335,mols/page_0104.png,8
3837,[N][#C][C][C][O][C][C][Ring1][Branch1][C][O][Ring1][Ring1],N#CC1COCC12CO2,2.761790468830701,2.105320930480957,0.2872830927371979,28.91405296325684,44.95734405517578,45.55,,-0.0376026664771268,mols/page_0192.png,17
2477,[C][C][Branch1][Ring1][C][Branch1][C][C][C][O][C][Ring1][Ring2][C][Ring1][Branch1][C][Ring1][=Branch1],CC1COC2C3CC32C1,3.741790468830701,1.3890132904052734,0.3021889626979828,32.782615661621094,9.166467666625977,9.23,,-0.0377170320215796,mols/page_0124.png,17
2642,[C][C][Branch1][Ring1][C][C][O][C][Ring1][Ring1][C][Ring1][Branch1][C][C][C][Ring1][#Branch1],CC1OC2C3CCCC2C13,4.579668362047821,1.5232572555541992,0.3098224103450775,31.58658790588379,7.913177013397217,9.23,,-0.0383249042504591,mols/page_0133.png,2
3910,[C][#C][C][Branch1][C][C][C][Branch1][Ring1][C][C][O][C][Ring1][Ring1][C][Ring1][Branch1],C#CC(C)C1OC2CC1C2,3.239668362047821,1.3566499948501587,0.2994528412818908,33.26292037963867,7.908944606781006,9.23,,-0.0387541239746721,mols/page_0196.png,10
3027,[C][C][Branch1][C][C][O][C][C][C][Ring1][Branch1][C][Ring1][Ring1][C][Ring1][#Branch1],CC1OCC2C3CC1C23,3.921790468830701,1.437899470329285,0.3186810314655304,30.830171585083008,9.752964973449709,9.23,,-0.0398083859540206,mols/page_0152.png,7
4110,[O][C][#C][C][Branch1][C][O][C][C][C][Ring1][Ring1][C][Ring1][=Branch1],OC#CC1(O)CC2CC21,2.9617904688307006,1.5036685466766355,0.2666378319263458,33.377593994140625,42.56668472290039,40.46,,-0.0421108717493292,mols/page_0206.png,10
1529,[C][#C][C][C][C][Ring1][Ring1][C][C][Branch1][Ring1][C][=O],C#CC1CC1CCC=O,2.5417904688307007,2.7344181537628174,0.2230803519487381,35.193016052246094,17.297269821166992,17.07,,-0.0428536848837446,mols/page_0077.png,9
147,[C][=C][C][C][C][N][C][C][Ring1][Ring1][C][C],C=CCCCN1CC1CC,2.5596683620478213,1.2939602136611938,0.2553963959217071,38.21904373168945,4.29741096496582,3.01,,-0.0432369853768954,mols/page_0008.png,7
2966,[O][C][C][C][Ring1][Branch1][C][C][Branch1][C][O][C][Ring1][=Branch1][C][=O],O=CC1C(O)CC2OCC21,3.459668362047821,3.4883882999420166,0.2202390134334564,30.45058822631836,46.38411331176758,46.53,,-0.0432916924522102,mols/page_0149.png,6
1273,[N][#C][C][Branch1][C][O][C][Branch1][C][N][C][C][N][Ring1][Ring1],N#CC(O)C(N)C1CN1,2.9817904688307006,1.0569106340408323,0.246179312467575,33.56328201293945,89.03236389160156,91.98,,-0.043303885878645,mols/page_0064.png,13
773,[N][C][O][C][Branch1][Ring1][C][=O][O],NCOC(O)C=O,2.007846708163529,3.087325096130371,0.2168536782264709,30.23318862915039,73.21208190917969,72.55000000000001,,-0.0434866620251261,mols/page_0039.png,13
2894,[C][#C][C][Branch1][C][C][C][Branch1][Ring1][C][C][O][C][Ring1][Ring2][C][Ring1][#Branch1],C#CC1CCC2OC1C2C,4.239668362047822,1.4932103157043457,0.2946492731571197,33.187477111816406,7.623563766479492,9.23,,-0.0438351426138634,mols/page_0145.png,14
2879,[C][C][C][Ring1][C][O][C][Branch1][C][C][Branch1][Ring1][C][Ring1][Branch1][C][O][Ring1][=Branch1][C],CC=C1CC(C)(CO)O1,2.021790468830701,1.4679219722747805,0.2453550696372985,36.544681549072266,30.98699378967285,29.46,,-0.0442565413684999,mols/page_0144.png,19
3490,[C][#C][C][C][Branch1][C][O][C][C][C][Ring1][Ring2],C#CCC1CCCO1,2.0244996950521226,2.1513566970825195,0.3017045855522156,29.96135711669922,8.148962020874023,9.23,,-0.0448342020333177,mols/page_0175.png,10
4120,[C][C][C][Branch1][C][O][C][C][O][Ring1][Branch1][C],CCC1(O)CCO1,1.987846708163529,1.630497932434082,0.3127012848854065,29.197296142578125,28.67943572998047,29.46,,-0.0449117168730228,mols/page_0207.png,0
3398,[C][N][C][C][Branch1][C][C][C][Ring1][Branch1][C][Ring1][Ring1][C][Branch1][Ring1][C][O][C][Ring1],CN1CC2CC(C3COC3)C21,2.9580915038517306,1.796128511428833,0.2907995581626892,32.17805480957031,10.9069242477417,12.47,,-0.0455262877158673,mols/page_0170.png,18
4453,[C][N][C][Branch1][C][C][C][Branch1][Ring1][C][C][O][C][Ring1][Branch1][C][Ring1][Ring2][C][Ring1],C=C1CCC2(C(C)NC)OC12,3.01809150385173,2.163691282272339,0.2364512532949447,35.333274841308594,24.62407875061035,24.56,,-0.0458456965876838,mols/page_0223.png,13
1445,[C][#C][C][C][C][Branch1][Ring1][C][C][Ring1][Ring1][C][Ring1][=Branch1][C],C#CC12CC1(CC)C2C,3.0017904688307007,1.1923869848251345,0.2667373418807983,37.68066787719727,0.4236052930355072,0.0,,-0.0462331850628955,mols/page_0073.png,5
3050,[C][C][Branch1][C][C][O][C][C][C][Ring1][Branch1][C][Ring1][=Branch1][C][Ring1][Ring2],CC1OCC2CC3C2C13,3.921790468830701,1.3735517263412476,0.3192991614341736,30.92445945739746,9.446035385131836,9.23,,-0.0462646088112738,mols/page_0153.png,10
2122,[C][N][C][=N][C][Branch1][Ring2][N][C][=N][=N][Ring1][Branch2],Cn1cnc(NC=N)n1,1.361790468830701,3.2199058532714844,0.2205606400966644,29.80582046508789,66.7809066772461,66.59,,-0.0463337094689708,mols/page_0107.png,2
998,[C][C][C][Branch1][C][C][O][C][Ring1][Branch1][C],CC1OC(C)C1C,2.507846708163529,1.6517590284347534,0.3220241069793701,29.568220138549805,9.930070877075195,9.23,,-0.0466185774792065,mols/page_0050.png,18
975,[C][C][C][Branch1][Ring1][C][C][O][C][Ring1][Ring2],CCC1OCC1C,2.507846708163529,1.7266926765441897,0.325914978981018,28.953311920166016,9.104496002197266,9.23,,-0.0466438906796955,mols/page_0049.png,15
1284,[C][C][C][Branch1][C][C][O][C][C][Ring1][Ring2][C][C][=O],CCC1CC(CC=O)CO1,2.5396683620478213,2.6558854579925537,0.2184536159038543,35.24614715576172,25.80353736877441,26.3,,-0.0467153961875023,mols/page_0065.png,4
4049,[C][C][C][O][C][Ring1][Ring2][C][C][C][Ring1][Ring2],CC1COC12CCC2,2.2844996950521224,1.6130576133728027,0.3166766166687011,30.378314971923828,8.339940071105957,9.23,,-0.0468621527993369,mols/page_0203.png,9
245,[C][#C][C][C][C][Branch1][C][C][C][C][C][Ring1][#Branch1][Ring1][Branch1],C#CC1CC2(C)CCC12,3.0017904688307007,0.9288618564605712,0.3020215630531311,35.03840637207031,0.2905582785606384,0.0,,-0.0469701619567402,mols/page_0013.png,5
4140,[C][C][C][Branch1][C][C][Ring1][Ring1][C][C][O][C][Ring1][Branch1][C][Ring1][=Branch1],C1CC2(CC2)C2CC2O1,2.7417904688307013,1.3963340520858765,0.3091648817062378,31.896953582763672,8.985721588134766,9.23,,-0.0473553268886382,mols/page_0208.png,0
1524,[C][C][C][C][C][Branch1][C][O][C][C][Ring1][#Branch1][=O],CC1CCC(O)CC1=O,2.5217904688307007,2.4332754611968994,0.2215942442417144,34.80656814575195,37.74271011352539,37.3,,-0.0486521194805134,mols/page_0077.png,4
701,[O][C][=C][N][C][=Branch1][Ring2][=N][Ring1][Branch1][N][C][C][Ring1][=Branch1],Oc1cn2c(n1)NCC2,1.321790468830701,3.9055564403533936,0.2251700013875961,28.10938262939453,48.876930236816406,50.08,,-0.0490964976148431,mols/page_0036.png,1
1022,[C][C][C][Branch1][C][C][Ring1][Branch1][C][O][C],COCC1(C)CC1,1.5078467081635287,0.9917864203453064,0.3378103375434875,30.332056045532227,9.860350608825684,9.23,,-0.0512135292276671,mols/page_0052.png,2
2412,[C][O][C][Ring1][Ring1][C][C][C][Branch1][Ring2][C][Ring1][Ring2][O][Ring1][Branch1],C1OC1C12CC(C1)O2,2.7244996950521227,2.5410196781158447,0.3216540515422821,25.34404182434082,21.37991523742676,21.76,,-0.0516385469965101,mols/page_0121.png,12
495,[C][C][C][C][C][Ring1][Ring2][C][C][C][Ring1][=Branch1][C][Ring1][Ring2],CC1C2CC1C1CC2C1,4.161790468830701,0.1846143901348114,0.3608628213405609,31.679414749145508,0.305010050535202,0.0,,-0.0523383615144111,mols/page_0025.png,15
2300,[C][C][Branch1][C][C][C][O][C][Ring1][Ring1][C][Ring1][Branch1][C][Ring1][=Branch1],CC1C2CC2C2OC12,3.904499695052122,1.870744109153748,0.3387942016124725,26.80875396728516,11.65004825592041,12.53,,-0.0523811622327841,mols/page_0116.png,0
405,[N][=C][O][C][C][Branch1][C][C][O],CC(O)COC=N,2.027846708163529,2.0818095207214355,0.2823631763458252,28.62562370300293,53.01442337036133,53.31,,-0.0538655970093599,mols/page_0021.png,5
4032,[C][O][C][C][Branch1][C][C][Ring1][Branch1][C][O][Ring1][=Branch1],CC1(CO)COC1,1.4878467081635287,2.186251640319824,0.3051507174968719,27.71473503112793,28.98838424682617,29.46,,-0.0552610774843015,mols/page_0202.png,12
4542,[C][#C][C][C][Branch1][C][O][C][C][C][C][Ring1][Ring2][Ring1][=Branch1],C#CCC1(O)C2CCC21,2.4817904688307006,1.024145483970642,0.2892640233039856,34.24794387817383,21.136104583740234,20.23,,-0.0562452086610602,mols/page_0228.png,2
1495,[C][C][C][O][C][Ring1][Branch1][C][Branch1][C][C][N][Ring1][Ring2],CC1NC12CCCO2,2.764499695052122,1.2449134588241575,0.3167673945426941,29.93343162536621,29.855363845825195,31.17,,-0.0565881195498313,mols/page_0075.png,15
356,[C][#C][C][Branch1][C][C][C][C][Branch1][Ring1][C][=O][C][Ring1][#Branch1],C#CC1(C)CC(C=O)C1,1.541790468830701,2.669366836547852,0.2222493439912796,35.30409622192383,17.189729690551758,17.07,,-0.0566477502729586,mols/page_0018.png,16
1760,[N][#C][C][Branch1][C][O][C][C][C][Branch1][Ring1][C][=O],N#CC(O)CCCC=O,2.061790468830701,1.8476576805114744,0.2270589917898178,34.488502502441406,61.1494369506836,61.09,,-0.0574802068951387,mols/page_0089.png,0
1398,[C][C][C][C][Branch1][C][C][C][Branch1][C][C][C][Ring1][#Branch1][Ring1][Branch1],CC1CC2(C)C(C)C12,3.484499695052122,0.2941499054431915,0.3301513195037842,34.296688079833984,0.6386723518371582,0.0,,-0.0585433208014227,mols/page_0070.png,18
1412,[C][C][C][Branch1][C][C][N][C][C][=Branch1][C][=O],CCC(C)NCC=O,2.0644996950521226,2.8605666160583496,0.2100085318088531,34.79630279541016,30.50650787353516,29.1,,-0.0587672682551461,mols/page_0071.png,12
4195,[O][C][C][C][Branch1][Ring1][C][C][Ring1][Ring1][C][O][C][Ring1][Ring2][C][Ring1][Branch1][C][Ring1],C=C1C2CC3(COC12)CC3O,3.778091503851731,2.25985050201416,0.2582566142082214,32.244407653808594,28.106464385986328,29.46,,-0.0598847921039312,mols/page_0210.png,15
3482,[C][Branch1][C][C][Branch1][Ring1][C][Branch1][Branch1][C][Branch1][N][C][C][C][Ring1][Branch1][C][Ring1][Ring2],CCC1CC2CC1C2,2.7244996950521227,0.1493197083473205,0.3771913647651672,30.05584526062012,-0.3037577867507934,0.0,,-0.060101743039669,mols/page_0175.png,2
360,[N][=C][C][C][C][O][C],COCCCC=N,1.5478467081635288,1.9559558629989624,0.2939823865890503,29.58264923095703,29.67373275756836,33.08,,-0.0602630599861979,mols/page_0019.png,0
1720,[C][C][C][Branch1][Ring1][C][Branch1][C][C][N][C][Ring1][Ring2][C][Ring1][Branch1],CCC1NC2CC12C,2.9644996950521225,1.2581969499588013,0.3009678423404693,32.55242156982422,15.302789688110352,12.03,,-0.06062627423573,mols/page_0087.png,0
1528,[C][C][C][Branch1][Ring1][C][C][N][C][Branch1][C][C][=C][Ring1][=Branch1],CCC1NC(C)=CC1C,2.5417904688307007,1.3180536031723022,0.2432675957679748,38.20713424682617,15.786396980285645,12.03,,-0.0609537597321523,mols/page_0077.png,8
302,[N][=C][N][C][C][C][Ring1][Ring2][C],CC1CCN1C=N,1.987846708163529,3.47841739654541,0.2417786121368408,29.19614028930664,30.56981468200684,27.090000000000003,,-0.0612216922982378,mols/page_0016.png,2
4508,[N][#C][C][C][C][Branch1][C][C][Ring1][Ring1][C][Branch1][Ring1][C][=O],CC1(CC=O)CC1C#N,2.5217904688307007,2.558501958847046,0.2229424118995666,33.68638229370117,41.71931838989258,40.86,,-0.0617187417852026,mols/page_0226.png,8
303,[#C][N][=C][O][C][O],CN=COCO,1.5118943340952076,3.502922296524048,0.2752403616905212,24.95323371887207,39.85555648803711,41.82,,-0.0617599596410527,mols/page_0016.png,3
514,[O][=C][O][C][C][N][C][Ring1][=Branch1][C][Ring1][Ring2][Ring1][Branch1],O=C1OC2C3NC1C32,3.364499695052122,5.469111442565918,0.2402783185243606,21.41629219055176,37.4426383972168,38.33,,-0.0618361132414573,mols/page_0026.png,14
815,[N][=C][C][C][C][Branch1][Ring2][C][Branch1][C][O],N=CCCCCO,1.5478467081635288,2.4045231342315674,0.2658673226833343,29.59004020690918,45.04365539550781,44.08,,-0.0623733898951879,mols/page_0041.png,15
182,[C][C][C][=C][C][C][O][C],CCC=CCCOC,1.5844996950521224,1.25754976272583,0.2665641009807586,36.3033561706543,11.965778350830078,9.23,,-0.0628536261794953,mols/page_0010.png,2
1767,[C][C][C][Ring1][Branch1][C][Branch1][C][C][Branch1][Branch1][C][Ring1][Ring2][C][Branch1][Ring1][C][=O][C],CC1C(C)C12CC2,2.7878467081635288,0.1086726784706115,0.3439802229404449,33.57923126220703,-0.4812694787979126,0.0,,-0.0630791736860279,mols/page_0089.png,7
4290,[O][C][C][C][Branch1][C][C][Ring1][Branch1][C][Branch1][Ring1][C][O][C][Ring1][Ring2][C][Ring1][=Branch1],OCC1=CCCC12CCO2,2.299668362047821,2.4466440677642822,0.2461339384317398,32.69742202758789,28.618484497070312,29.46,,-0.0634110095995881,mols/page_0215.png,10
721,[C][C][C][Branch1][C][C][O][C][C][Ring1][Branch1],CCC1(C)CCO1,2.007846708163529,1.6133668422698977,0.3202848732471466,29.64722442626953,9.373705863952637,9.23,,-0.0641361443131774,mols/page_0037.png,1
1658,[C][C][Branch1][C][O][C][C][C][O][Branch1][Ring1][C][O][O],CC(O)CCC=O,2.047846708163529,3.3749701976776123,0.2291416823863983,30.21364021301269,38.33587265014648,37.3,,-0.0654898906405424,mols/page_0083.png,18
4487,[C][#C][C][O][C][O][C][Ring1][Branch1][C][C],C#CC1OCOC1CC,2.5217904688307007,1.242027997970581,0.2847145199775696,33.94220733642578,18.45785522460937,18.46,,-0.0665591408969425,mols/page_0225.png,7
1827,[O][=C][C][C][Branch1][C][O][C][C][C][C][Ring1][Branch2][Ring1][=Branch1],O=C1CC2(O)CCCC12,2.4617904688307006,3.1927435398101807,0.2191225439310073,31.96046638488769,37.5123291015625,37.3,,-0.0667972777509503,mols/page_0092.png,7
2318,[C][C][C][Branch1][C][C][Ring1][Ring1][C][C][N][C][Ring1][Branch1][C][Ring1][=Branch1],C1CC2(CC2)C2CC2N1,2.7417904688307013,1.3326530456542969,0.301674336194992,32.121551513671875,15.032303810119627,12.03,,-0.0669263910051442,mols/page_0116.png,18
3113,[C][C][C][C][C][Branch1][Branch2][C][C][Ring1][Branch1][N][Ring1][=Branch1][O][Ring1][=Branch2],C1CC23CC(CC2N3)O1,4.021790468830701,1.3448210954666138,0.3142905235290527,29.60707664489746,30.352378845214844,31.17,,-0.06712061237873,mols/page_0156.png,13
1846,[C][C][C][C][NH1][C][=C][C][=Ring1][Branch1][C],CCCc1[nH]ccc1C,1.441790468830701,1.8520941734313965,0.2408591508865356,36.37518310546875,15.604255676269531,15.79,,-0.0676178623351459,mols/page_0093.png,6
1837,[C][#C][C][C][C][Ring1][Ring1][C][C][Branch1][C][C][O][Ring1][#Branch1],C#CC12CC1CC(C)O2,2.9817904688307006,1.902022123336792,0.2715697586536407,33.534156799316406,9.06834888458252,9.23,,-0.067912809117213,mols/page_0092.png,17
3841,[O][#C][C][C][Branch1][C][C][C][Ring1][Ring1][C][Branch1][Ring1][C][N][Ring1][Branch1][C][Ring1][Branch1],CC1=C2CC2(CN)C1C=O,2.4796683620478213,3.310352325439453,0.1893410980701446,34.2729606628418,41.109161376953125,43.09,,-0.0686802228620436,mols/page_0193.png,1
487,[C][#C][C][Branch1][C][O][C][C][C][C][Ring1][Ring2],C#CC(O)C1CCC1,2.0244996950521226,1.355400800704956,0.2987066507339477,31.919113159179688,20.15911293029785,20.23,,-0.0687858201649893,mols/page_0025.png,7
1509,[C][C][O][C][C][C][=Branch1][Ring1][=N][O][C][Ring1][=Branch1],CCOC1CC(=NO)C1,1.5017904688307009,1.2249464988708496,0.2488307207822799,35.88917922973633,41.35506057739258,41.82,,-0.0694186911904976,mols/page_0076.png,9
3767,[O][=C][C][Branch1][C][O][C][C][Ring1][Branch1][C][C][O],O=C1C(O)CC1CCO,2.5017904688307007,1.972412347793579,0.2179214507341385,35.06218338012695,57.25047302246094,57.53,,-0.0696854960649956,mols/page_0189.png,7
78,[N][#C][N][=C][O][C][=C][=Branch1][C][=Ring1][=Branch1],C=COC=NC#N,1.5278467081635287,4.549479007720947,0.2210839241743087,25.320674896240234,54.666603088378906,45.38,,-0.0719905591950611,mols/page_0004.png,18
3296,[C][C][C][C][=Branch1][C][=O][C][C][Ring1][=Branch1][C][C][Ring1][Ring1],CC1CC(=O)CC12CC2,2.301790468830701,2.9447195529937744,0.2220429331064224,34.08436965942383,16.77360725402832,17.07,,-0.0719972784926025,mols/page_0165.png,16
2322,[N][#C][C][C][Branch1][C][C][C][Ring1][Branch1][C][Branch1][Ring1][C][=O],CC(CC#N)CCC=O,2.081790468830701,1.6974070072174072,0.2277576029300689,36.1792106628418,42.30540466308594,40.86,,-0.0720863241185033,mols/page_0117.png,2
2034,[C][C][C][Branch1][C][C][N][C][Ring1][Branch1][C][Ring1][Ring1][C][C][Ring1][=Branch1],CC1C2CCCC3C1N23,3.921790468830701,1.733662247657776,0.3023151159286499,31.45795440673828,2.197909355163574,3.01,,-0.0724188804667585,mols/page_0102.png,14
352,[C][C][C][Branch1][C][C][O][C][Ring1][Ring2],CCC1(C)CO1,1.991894334095208,1.810888409614563,0.3449633419513702,25.92229652404785,13.512595176696776,12.53,,-0.0729073099059585,mols/page_0018.png,12
619,[C][C][O][C][C][C][C][Ring1][Ring2][C][C][Ring1][Branch2][Ring1][=Branch1],CC1OC23CCC2CC13,3.741790468830701,1.4676899909973145,0.3034433722496032,31.812911987304688,8.724204063415527,9.23,,-0.073560646376085,mols/page_0031.png,19
2392,[C][Branch1][C][C][C][Branch1][Branch1][C][Branch1][Ring1][C][C][Ring1][Ring1][C][O][C][Ring1][Branch1][C],CC=C1COC(C)C(C)C1,2.5596683620478213,1.4247896671295166,0.2530681192874908,37.13343811035156,8.743026733398438,9.23,,-0.0738970572647207,mols/page_0120.png,12
2833,[C][C][C][Branch1][Ring1][C][C][O][C][Branch1][C][C][Ring1][Ring1][C][=O][C],CCC1CCC(C)(C=O)O1,2.5396683620478213,2.1892030239105225,0.2185354828834533,36.50798797607422,25.892826080322266,26.3,,-0.0748560172114917,mols/page_0142.png,13
2086,[C][C][C][Branch1][C][C][Ring1][Ring2][C][Ring1][Ring1][C][C],CCCC1(C)CC1,1.5278467081635287,0.2551002502441406,0.347200334072113,32.404842376708984,0.817111074924469,0.0,,-0.0754210085403549,mols/page_0105.png,6
972,[#C][C][C][C][Branch1][C][C][Ring1][Ring1][C][Ring1][Branch1][C],CC1C2(C)CC12C,2.467846708163529,0.3899427652359009,0.3176069259643554,34.924537658691406,0.8311246633529663,0.0,,-0.0762888463201739,mols/page_0049.png,12
1745,[C][O][C][C][Branch1][Ring1][C][Branch1][C][C][C][Ring1][Branch1][C][Ring1][Ring2],COC1C2CC(C)C21,3.464499695052122,1.1003657579421997,0.3215647339820862,31.18952751159668,9.835238456726074,9.23,,-0.0762949924548533,mols/page_0088.png,5
19,[C][N][O][C][C][Branch1][Ring1][C],CCCONC,1.5318943340952076,1.5518542528152466,0.3024824559688568,30.73759078979492,19.259706497192383,21.26,,-0.0769624539802425,mols/page_0001.png,19
4158,[O][C][C][Branch1][C][C][C][Ring1][Ring1][C][O][C][Ring1][Branch1][C][Ring1][=Branch1],OCC1=CCOC2CC12,2.4617904688307006,2.45924711227417,0.2465597838163375,32.34922409057617,29.05196952819824,29.46,,-0.0772275794471679,mols/page_0208.png,18
3619,[#C][N][#C][N][C][=C][C][C][Branch1][Ring1][C][C][=O],CCC(=O)CC=CNC=NC,1.618091503851731,1.8912818431854248,0.2051161080598831,37.604148864746094,43.52400207519531,41.46,,-0.0772643363406273,mols/page_0181.png,19
2035,[C][#C][C][Branch1][Ring1][C][C][Branch1][C][C][C][O][C][Ring1][Branch1][C][Ring1][Ring2],C#CC1(C)CCC2CC1O2,3.7396683620478215,1.3061890602111816,0.293687105178833,33.35506820678711,8.499072074890137,9.23,,-0.0782469519793047,mols/page_0102.png,15
2858,[C][C][C][Branch1][Ring1][C][Branch1][C][C][O][C][Ring1][Ring1][C][Ring1][Ring2],CCC1CC2CC2O1,2.9644996950521225,1.3905054330825806,0.3215343058109283,30.1396427154541,8.788761138916016,9.23,,-0.0796668810983729,mols/page_0143.png,18
1559,[O][=C][C][C][C][O][C][C][Ring1][Branch1][C][Branch1][C][O][Ring1][#Branch1],O=CC1C(O)C2COCC12,3.459668362047821,3.370584726333618,0.2194113880395889,30.44668769836425,45.5249252319336,46.53,,-0.0797426750108181,mols/page_0078.png,19
1038,[O][C][C][C][Ring1][Ring2][C][C][Branch1][C][C],CCCC1CCO1,2.007846708163529,1.6445900201797483,0.3308310806751251,28.31917381286621,7.702324390411377,9.23,,-0.0800082779285092,mols/page_0052.png,18
3481,[C][#C][C][Branch1][C][O][C][Branch1][Ring1][C][C][O],C#CC(O)C(O)CC,2.564499695052122,0.2096039950847625,0.2861365675926208,35.653804779052734,41.45625305175781,40.46,,-0.0801129771083296,mols/page_0175.png,1
1477,[C][O][C][C][C][Branch1][C][C][O][Ring1][=Branch1][C],COCCC(C)O,2.047846708163529,0.4902826249599457,0.3165248930454254,32.34210586547852,30.084352493286133,29.46,,-0.0813977206258859,mols/page_0074.png,17
3401,[C][#C][C][Branch1][C][C][Branch1][Ring1][C][Branch1][Branch1][C][Branch1][Ring2][C][Ring1][Branch1][C][Ring1][Ring2],C#CC1(C)CC1CC,2.544499695052122,0.9587109088897704,0.2963874042034149,34.96131896972656,0.02799485437572,0.0,,-0.0816936090968726,mols/page_0171.png,1
2399,[C][C][Branch1][C][C][C][C][C][C][Ring1][Ring1][O][Ring1][#Branch1],CC1(C)CC2CC2O1,2.464499695052122,1.2960478067398071,0.3162174522876739,30.96979522705078,9.160289764404297,9.23,,-0.0820006112354372,mols/page_0120.png,19
2018,[C][C][Branch1][Ring1][C][C][C][N][Ring1][Ring1][C][Branch1][Ring2][C][Ring1][Ring1],CCN1CCC(C)C1,2.0244996950521226,1.0074292421340942,0.3024960160255432,33.743892669677734,5.318272590637207,3.24,,-0.0820041731718744,mols/page_0101.png,18
414,[C][#C][C][C][C][C][Ring1][Ring1][C][C][O][Ring1][Ring2],C#CCC1CC12CCO2,2.801790468830701,1.504056096076965,0.2800360918045044,33.857059478759766,9.713292121887209,9.23,,-0.0825702670349714,mols/page_0021.png,14
2696,[C][C][C][Ring1][Ring1][C][C][Branch1][Ring1][C][Branch1][C][C],CCCCC1CC1,1.5278467081635287,0.1950172632932663,0.3605763018131256,31.119892120361328,0.6041588187217712,0.0,,-0.0847925444473736,mols/page_0135.png,16
218,[C][O][C][C][C][Ring1][Ring1][C][C][Branch1][C],CCC1CC1OC,2.507846708163529,1.0480457544326782,0.3284544050693512,30.499265670776367,10.26114273071289,9.23,,-0.0852373797361895,mols/page_0011.png,18
1926,[C][C][C][Branch1][Ring1][C][Branch1][C][C][O][C][Ring1][Ring1][Branch1][C][Ring1][Ring2][C][Ring1][#Branch1],CC1CC23CC2C1O3,4.564499695052122,1.607431411743164,0.3087164163589477,30.506139755249023,9.332472801208496,9.23,,-0.0858659347316587,mols/page_0097.png,6
362,[=C][O][C][C][=C][C][O],COCC=CCO,1.5478467081635288,2.013355493545532,0.2545452117919922,32.917869567871094,30.736387252807617,29.46,,-0.0858661149749577,mols/page_0019.png,2
1990,[C][C][Branch1][C][C][O][C][C][C][Ring1][Ring1],CC(C)OC1CC1,1.5078467081635287,1.0781948566436768,0.3266962468624115,30.482196807861328,10.597294807434082,9.23,,-0.0889101933161353,mols/page_0100.png,10
1259,[C][C][C][Branch1][Branch1][C][C][N][Ring1][Branch1][C][O][C][Ring1][Ring1][C][Ring1],C=C1OC1C1CCNC1C,2.9796683620478217,1.56577730178833,0.2673450708389282,33.55458450317383,26.28110885620117,24.56,,-0.0892060737962655,mols/page_0063.png,19
196,[C][C][C][O][C][Ring1][Ring1][C],CCC1OC1C,2.491894334095208,1.7684016227722168,0.3529795706272125,25.096088409423828,12.162906646728516,12.53,,-0.0892122844979546,mols/page_0010.png,16
1285,[C][C][C][Branch1][C][C][N][C][C][Ring1][Ring2][C][Ring1][Branch1],CCC1NCC2CC21,2.9644996950521225,1.2236123085021973,0.3139585256576538,30.77311515808105,16.67327308654785,12.03,,-0.0895677528478415,mols/page_0065.png,5
3917,[C][C][C][Branch1][C][C][Ring1][Ring1][C][C][O][C][Ring1][Branch1][C][Ring1][=Branch1][C][Ring1][#Branch1],C1CC2(CC2)C23CC2C3O1,3.619668362047822,1.5406970977783203,0.3080853521823883,30.90331649780273,7.18968391418457,9.23,,-0.0907563958384823,mols/page_0196.png,17
2842,[C][C][O][C][O][C][=N][C][=Ring1][Branch1][N],CCOc1ocnc1N,1.381790468830701,2.7559170722961426,0.2097431570291519,32.323123931884766,61.3704833984375,61.28,,-0.0912963039834446,mols/page_0143.png,2
4263,[C][C][=Branch1][C][=O][O][C][C][N][Branch1][C][C][C][Ring1][Branch1],CC(=O)OC1CN(C)C1,1.5017904688307009,2.274513959884644,0.2306593358516693,34.40024185180664,29.520341873168945,29.54,,-0.091437946537966,mols/page_0214.png,3
2439,[C][C][Branch1][Ring1][C][Branch1][C][C][C][Ring1][Ring1][C][C][O][Ring1][=Branch1],CC1C2CCOC12C,2.9644996950521225,1.3178972005844116,0.3124516606330871,31.146860122680664,8.570425987243652,9.23,,-0.0926583093504394,mols/page_0122.png,19
2777,[N][C][C][Branch1][C][C][C][Ring1][Ring1][C][C],CCC=C(C)CN,1.5678467081635288,1.9477522373199463,0.2575115859508514,32.606956481933594,32.436283111572266,26.02,,-0.0932738659643814,mols/page_0139.png,17
3284,[C][C][Branch1][C][C][C][Ring1][Ring1][C][C][O][C][Ring1][Ring2][C][Ring1],C=C1OCC1C=C(C)C,2.041790468830701,2.03433609008789,0.2440984845161438,35.20730972290039,12.163992881774902,9.23,,-0.0935514684189905,mols/page_0165.png,4
72,[C][C][C][C][O][C][C][Ring1][Branch1][O][C][Ring1][Ring2][Ring1][#Branch1],CCC12COC3C1OC32,4.081790468830701,1.5690438747406006,0.3054569363594055,30.144407272338867,18.362777709960938,18.46,,-0.0949782354718986,mols/page_0004.png,12
3542,[C][#C][C][C][Branch1][Ring1][C][C][C][Ring1][Branch1][C][Branch1][Branch1][C][O][C][Ring1][=Branch1],C#CC1C2CCCOCCC12,3.0380915038517307,1.3359580039978027,0.2885807156562805,33.597591400146484,7.162570953369141,9.23,,-0.0950432297237159,mols/page_0178.png,2
1107,[C][C][C][Ring1][Branch1][C][O][C][Branch1][Ring1][C][Ring1][Ring1][Ring1][C],CCOCC1CC1,1.5078467081635287,0.9501743912696838,0.3413745760917663,29.4477653503418,9.139622688293455,9.23,,-0.0960390361309972,mols/page_0056.png,7
2166,[C][C][C][Branch1][Ring1][C][C][Ring1][Branch1][C][C][=C][C][C],CCC=CCC1(CC)CC1,1.6063133620478216,0.3648701012134552,0.2689722776412964,39.65451049804688,1.177906513214111,0.0,,-0.0963575305852331,mols/page_0109.png,6
3555,[C][C][C][Branch1][Ring1][C][Branch1][C][C][Ring1][Branch1][C][Branch1][Ring2][C][Branch1],CCC1(CC)CC1,1.5278467081635287,0.2683014869689941,0.3432600498199463,32.34960174560547,1.7222846746444702,0.0,,-0.0964168915970396,mols/page_0178.png,15
1871,[C][#C][C][Branch1][C][C][C][Branch1][Ring1][C][Branch1][O][C][Ring1][Branch1][C],C#CC1(C)CCC1C,2.544499695052122,0.7541628479957581,0.307856947183609,34.25933837890625,0.3801334500312805,0.0,,-0.0976048329397753,mols/page_0094.png,11
3509,[C][#C][C][C][C][Branch1][C][C][O][C][Ring1][Branch1][C][Ring1][Ring2],C#CCC1C2CCC1O2,3.221790468830701,1.5454381704330444,0.2993518114089966,31.498912811279297,9.364136695861816,9.23,,-0.0979219556844446,mols/page_0176.png,9
1306,[C][#C][C][Branch1][C][C][C][O][C][C][Ring1][Ring2],C#CC(C)C1CCO1,2.524499695052122,1.6534351110458374,0.2973979413509369,31.32763862609864,8.85561466217041,9.23,,-0.098492094905404,mols/page_0066.png,6
4406,[C][C][C][Branch1][Ring1][C][=O][O][C][C][=O],CCC(C=O)OCC=O,2.061790468830701,2.195489883422852,0.2084321826696396,35.74116516113281,44.13935852050781,43.370000000000005,,-0.0985064329647397,mols/page_0221.png,6
849,[C][C][#C][C][C][C][Ring1][Ring1][O][C][Ring1][Branch1][C],CC#CC12CC1OC2C,2.9817904688307006,1.7640118598937988,0.2617378830909729,34.473297119140625,10.138338088989258,9.23,,-0.0987170597931175,mols/page_0043.png,9
3568,[C][C][Branch1][Ring1][C][=O][C][C][C][C][Ring1][Ring1][C][Ring1][Branch2],CC1(C=O)CC2CC2C1,2.4817904688307006,2.7926905155181885,0.2294945120811462,33.367210388183594,17.655961990356445,17.07,,-0.099702368643184,mols/page_0179.png,8
524,[C][C][Branch1][C][C][O][C][C][C][Ring1][Ring1][O][Ring1][#Branch1],CC1(C)OC2CC2O1,2.444499695052122,1.0252201557159424,0.3239468932151794,30.104745864868164,19.403297424316406,18.46,,-0.1001610912663715,mols/page_0027.png,4
4099,[C][#C][C][C][C][Ring1][Branch1][C][C][Branch1][C][O][C][Ring1][Ring1][C],CC=C(O)CC1C#CCC1,2.0596683620478218,1.4453027248382568,0.248908057808876,36.11456680297852,21.049184799194336,20.23,,-0.1002447082929511,mols/page_0205.png,19
115,[O][=C][C][Branch1][C][C][C][Ring1][Ring1][Ring1][Branch1][C][O],CC(C=O)=CCO,1.5478467081635288,4.020572662353516,0.1922255307435989,30.908870697021484,39.96714019775391,37.3,,-0.1004410956684653,mols/page_0006.png,15
2803,[#C][N][=C][#C][C][C][Branch1][Branch1][C][C][C][Ring1][Branch1][C][=O],CN=C=CC1CCCC1C=O,2.5780915038517307,2.866049528121948,0.2135550677776336,34.26763153076172,23.528106689453125,29.43,,-0.1005043278095447,mols/page_0141.png,3
1350,[C][C][C][C][C][C][Branch1][Ring1][C][=O][N][Ring1][#Branch1][Ring1][=Branch1],CCC1C2CC(C=O)N12,3.461790468830701,3.339930295944214,0.2078694105148315,33.30091857910156,20.544279098510746,20.08,,-0.1015585781552048,mols/page_0068.png,10
1670,[N][#C][C][C][N][C][Ring1][Ring2][C][=Branch1][C][=N][O][Ring1][#Branch1],N#CC12CNC1C(=N)O2,2.4217904688307006,2.854320526123047,0.2481693625450134,27.437715530395508,66.63931274414062,68.9,,-0.1020384887226242,mols/page_0084.png,10
2558,[C][#C][C][Branch1][C][C][C][Ring1][Ring2][C][C][Branch1][Branch1][C][=O][C][Ring1][=Branch1][C][Ring1],C#CC(C)CC=CC=O,2.101790468830701,2.968302011489868,0.1991959661245346,35.75053024291992,18.079078674316406,17.07,,-0.1021648565796006,mols/page_0128.png,18
1217,[C][C][C][Branch1][C][C][N][C][C][Ring1][Branch1][C][Ring1][Ring2],CCC1(C)C2CN1C2,2.7044996950521227,1.624415397644043,0.3068981766700744,30.76747131347656,4.018686294555664,3.24,,-0.1023907129994455,mols/page_0061.png,17
3301,[C][#C][C][Branch1][C][C][C][O][C][C][Ring1][Ring2][C][Ring1][#Branch1],C#CC1(C)CC2COC21,2.9817904688307006,1.4915521144866943,0.2832769751548767,33.35984420776367,8.223827362060547,9.23,,-0.1025783667761635,mols/page_0166.png,1
4259,[C][#C][C][C][C][Branch1][C][C][Ring1][Ring2][C][Ring1][Ring1][Branch1][Ring1][Branch1][C],C#CCCC(C)=CC,1.6044996950521224,1.0239932537078855,0.2575993239879608,38.278934478759766,1.0258488655090332,0.0,,-0.1027843578534125,mols/page_0213.png,19
3739,[C][Branch1][C][C][Branch1][Ring1][C][C][C][Ring1][Branch1][C][Branch1][Branch1][C][O][C][C][O][Ring1],CCC(C)=CC1COCCO1,2.078091503851731,1.3894374370574951,0.2530442476272583,36.17866134643555,16.53907012939453,18.46,,-0.1041929127829842,mols/page_0187.png,19
2637,[C][C][C][Branch1][C][C][Ring1][Branch1][C][Branch1][Ring1][C][Branch1][O][C][Branch1][Ring2][C][Ring1][Ring2],CC1(C2CCC2)CC1,1.4844996950521223,0.2115909904241562,0.3411850035190582,32.76716613769531,0.1471447795629501,0.0,,-0.1042046340393441,mols/page_0132.png,17
3931,[C][C][C][Branch1][Ring1][C][C][Ring1][Branch1][C][C][O][C][Ring1][Ring1][C][Ring1][Ring2][C][Ring1],C=C1C2OC12CC1(CC)CC1,2.4780915038517306,1.7003778219223022,0.257752925157547,35.03980255126953,9.916485786437988,12.53,,-0.1046104304682189,mols/page_0197.png,11
1394,[C][C][C][Branch1][C][C][=C][C][Branch1][Branch1][C][O][C][Ring1][Branch1],CCC(C)=C1CCOC1,1.541790468830701,1.649040937423706,0.2467015236616134,36.39126586914063,9.394203186035156,9.23,,-0.1054125443480009,mols/page_0070.png,14
4435,[O][=C][C][Branch1][=Branch2][C][Branch1][C][F][Branch1][C][F][F][C][C][Ring1][#Branch1],O=CC1(C(F)(F)F)CC1,1.4817904688307009,3.6749107837677,0.2330196052789688,29.63935852050781,17.524673461914062,17.07,,-0.1057102130182279,mols/page_0222.png,15
2860,[C][Branch1][C][C][C][Branch1][Ring1][C][C][Ring1][Ring1][C][Branch1][Branch1][C][N][C][C][O][Ring1],CC=C(CC)C1CNCCO1,2.078091503851731,1.6531989574432373,0.2435262203216552,36.02482986450195,18.10151100158692,21.26,,-0.1060730384308727,mols/page_0144.png,0
2789,[C][C][Branch1][C][C][C][Ring1][Branch1][C][Ring1][Ring2][C][C],CCC1C2CC12C,2.967846708163529,0.3846653997898102,0.3275214433670044,33.4071044921875,1.2978795766830444,0.0,,-0.1060869205587081,mols/page_0140.png,9
2681,[C][#C][C][C][Branch1][C][C][C][O][C][Ring1][Branch1],C#CCC1(C)COC1,1.5244996950521223,1.633310317993164,0.2945241034030914,31.559967041015625,8.809420585632324,9.23,,-0.1071581951248011,mols/page_0135.png,1
1624,[C][#C][C][Branch1][C][C][Branch1][Ring1][C][C][C][Ring1][Ring2][C][Branch1],C#CC1(CC)CC1C,2.544499695052122,0.8524390459060669,0.2951147556304931,35.01375198364258,0.5043361783027649,0.0,,-0.1085637894565254,mols/page_0082.png,4
1380,[C][C][C][Branch1][Ring1][C][O][C][Ring1][Ring1],CCC1CC1O,2.491894334095208,1.3736039400100708,0.3399997651576996,26.96080017089844,20.236825942993164,20.23,,-0.1086912745227743,mols/page_0070.png,0
3416,[C][C][Branch1][C][C][O][C][C][C][Ring1][Branch1][C][Ring1][Ring1],CC1CC2CC2CO1,2.9644996950521225,1.3279142379760742,0.326542317867279,29.333520889282227,9.30439281463623,9.23,,-0.109545348601878,mols/page_0171.png,16
2771,[C][C][Branch1][C][C][C][Ring1][Ring1][C][Branch1][Ring1][C][O][C][Ring1][Ring2][C][Ring1][Branch1],CC=C(C=C(C)C)CO,1.601790468830701,1.9893584251403809,0.2057581096887588,38.15159225463867,23.85609245300293,20.23,,-0.1096688807586295,mols/page_0139.png,11
324,[N][#C][C][C][O],N#CCCO,1.5167229808842466,3.584476947784424,0.3217826783657074,18.69524002075196,44.910762786865234,44.02,,-0.1105892241683163,mols/page_0017.png,4
431,[N][C][C][C][Branch1][C][C],CCCCN,1.5367229808842466,1.6014404296875,0.3279739916324615,26.19956970214844,34.72322463989258,26.02,,-0.1111652484260396,mols/page_0022.png,11
209,[C][C][C][=C][C][C][Ring1][Branch1][C][C][=O],CC1C=CCC1CC=O,2.5417904688307007,2.7789864540100098,0.2202447652816772,34.23819732666016,16.876773834228516,17.07,,-0.1113008117400466,mols/page_0011.png,9
120,[C][C][C][Ring1][C][C][Branch1][C][C][O][C][C],CC=CC(C)OCC,2.084499695052122,1.1780264377593994,0.2662394344806671,35.82733917236328,12.193124771118164,9.23,,-0.1113138866295785,mols/page_0007.png,0
1912,[C][C][C][Branch1][C][O][C][C][C][O][C][Ring1][Branch2][Ring1][Branch1],CC1C(O)C2CCOC12,3.461790468830701,0.579839289188385,0.2989679276943207,33.341522216796875,29.84016227722168,29.46,,-0.1114047338775647,mols/page_0096.png,12
933,[C][C][C][Branch1][C][C][N][C][Ring1][Ring2][C][Ring1][Ring1],CCC1(C)C2CN21,2.947846708163529,1.4002525806427002,0.30643230676651,31.556455612182617,3.269126415252685,3.01,,-0.1115727378797383,mols/page_0047.png,13
832,[C][C][C][O][C][Branch1][C][C][=O][C],CCCOC(C)=O,1.5478467081635288,2.01843810081482,0.2874640822410583,29.399866104125977,26.738046646118164,26.3,,-0.1121920037934308,mols/page_0042.png,12
4009,[C][C][C][Branch1][C][C][Ring1][C][C][N][Branch1][C][O][C],CC=C(C)CN(C)O,1.5644996950521224,1.7873895168304443,0.2438320070505142,34.9583740234375,23.749818801879883,23.47,,-0.1124952439834879,mols/page_0201.png,9
2598,[C][O][C][C][C][Ring1][Ring1][C][Branch1][Ring1][C][=O][C][Branch1][Ring2][C][Ring1][Ring2],COC1CC1C1CCC1=O,2.9796683620478217,2.7286338806152344,0.220626950263977,33.762115478515625,24.72700500488281,26.3,,-0.112750161088753,mols/page_0130.png,18
2143,[C][#C][C][Branch1][#Branch1][C][=Branch1][C][=O][O][C][C][O][Ring1][#Branch1],C#CC1(C(=O)OC)CO1,2.001790468830701,2.1320736408233643,0.2495958656072616,32.08369064331055,36.78824615478516,38.83,,-0.1128104714105625,mols/page_0108.png,3
952,[#C][=C][#C][C][C][Branch1][C][C][C][O][C],C=C=CCC(C)COC,2.101790468830701,1.1627153158187866,0.2723423540592193,35.2984504699707,11.34357452392578,9.23,,-0.1128321513209007,mols/page_0048.png,12
1335,[C][#C][C][O][C][Ring1][Ring1][C][C][C][O][Ring1][Ring2],C#CC1OC1C1CCO1,2.9617904688307006,2.1799139976501465,0.2685701847076416,31.139034271240234,21.188926696777344,21.76,,-0.1136382046917305,mols/page_0067.png,15
1889,[C][C][Branch1][Ring1][C][C][C][=Branch1][C][=O][C][O][C][Ring1][=Branch1],CC1CCCOCC1=O,2.021790468830701,3.0042762756347656,0.2103103399276733,33.6596794128418,26.268400192260746,26.3,,-0.1138910588146342,mols/page_0095.png,9
2705,[C][C][C][Branch1][Ring1][C][C][Ring1][C][Branch1][C][C][O][C][Ring1][Branch1][C][Ring1][Ring1][C],CC=C1CCOC(CC)CC1,2.098091503851731,1.1652599573135376,0.260891854763031,36.73075866699219,7.4677276611328125,9.23,,-0.1146413092703696,mols/page_0136.png,5
3137,[C][C][Branch1][Ring1][C][C][C][O][C][Ring1][Ring2][C][Ring1],C=C1CCC(C)CO1,2.0244996950521226,1.778024196624756,0.2818009555339813,31.82724380493164,13.50454807281494,9.23,,-0.115839214374778,mols/page_0157.png,17
679,[C][#C][C][C][C][C][O][C][Ring1][Ring1][C][Ring1][#Branch1][Ring1][=Branch1],C#CC1C2CC3OC3C12,3.921790468830701,2.472623348236084,0.2806369662284851,29.460582733154297,12.20220184326172,12.53,,-0.1161053181761564,mols/page_0034.png,19
1095,[C][C][Branch1][C][C][C][Ring1][Ring2][C][Branch1][Ring1][C][Branch1][O][C][Ring1][=Branch1][C],CC1CCC2CC12C,2.9844996950521225,0.2609666883945465,0.3395220637321472,32.54240798950195,0.3432669937610626,0.0,,-0.1163193183668924,mols/page_0055.png,15
1627,[C][Branch1][C][C][Branch1][Ring1][C][C][C][Ring1][Ring2][C][C][O][Ring1][=Branch1],CC1OCCC2CC21,2.9644996950521225,1.2392417192459106,0.3270407617092132,29.57313537597656,8.368276596069336,9.23,,-0.1163385793223452,mols/page_0082.png,7
3029,[C][#C][C][C][N][=N][N][Branch1][C][C][N][=Ring1][=Branch1],C#CCc1nnn(C)n1,1.381790468830701,2.6458098888397217,0.2462243735790252,30.050912857055664,42.1108283996582,43.6,,-0.1166461010593971,mols/page_0152.png,9
48,[N][#C][C][Branch1][Ring2][C][C][=O][C][C][=O],N#CC(CC=O)CC=O,1.561790468830701,2.4372620582580566,0.2159823328256607,32.63740921020508,58.88761520385742,57.93,,-0.1171289821181281,mols/page_0003.png,8
3392,[C][#C][C][C][C][Ring1][Ring1][C][Branch1][C][C][Branch1][Ring1][C][O][C][Ring1][=Branch1][C][Ring1],C#CC1CC12C(=C)C2(C)CO,3.358091503851731,1.3812936544418335,0.2467644214630127,36.4808235168457,18.63225173950196,20.23,,-0.1172544220263105,mols/page_0170.png,12
2881,[C][C][=C][C][=Branch1][C][=O][C][Branch1][C][C][C][C][Ring1][Branch2][Ring1][Ring2],CC1=CC(=O)C2(C)CC12,2.4817904688307006,3.881449222564697,0.1909825801849365,32.995933532714844,17.465396881103516,17.07,,-0.1175856353950693,mols/page_0145.png,1
1723,[C][#C][C][Branch1][C][C][Branch1][Ring1][C][C][O][C][Ring1][Ring1],C#CC1(C)CCCO1,2.0244996950521226,1.5857577323913574,0.2992228269577026,31.06673049926757,9.050843238830566,9.23,,-0.1175859802754989,mols/page_0087.png,3
2299,[C][#C][C][C][C][Branch1][C][C][Ring1][Ring2][C][Ring1][=Branch1][C][Ring1][Branch1],C#CCC1CCC1C,2.544499695052122,0.8436906933784485,0.3128083646297455,33.06281280517578,0.7633081674575806,0.0,,-0.1176995355752511,mols/page_0115.png,19
2169,[C][C][Branch1][Ring1][C][C][C][N][Ring1][Ring1][C][Branch1][Branch1][C][C][Ring1][Branch1][C][Ring1][Ring2],C=C1CCC2C(C)CCN12,2.4996683620478213,1.4597878456115725,0.283297061920166,33.5180549621582,4.327340602874756,3.24,,-0.1183206886633482,mols/page_0109.png,9
2968,[C][N][C][=C][C][Branch1][C][O][C][C][Ring1][#Branch1][=O],CN1C=CC(O)CC1=O,2.001790468830701,3.1401913166046143,0.2042297422885894,32.536155700683594,41.527076721191406,40.54,,-0.1185138763636746,mols/page_0149.png,8
1290,[C][C][C][Branch1][C][C][Ring1][Ring1][C][C][N][Ring1][Ring1],CC1(C2CN2)CC1,1.947846708163529,1.5673394203186035,0.320493072271347,28.007747650146484,21.13748359680176,21.94,,-0.1188679667891148,mols/page_0065.png,10
1122,[C][#C][C][C][Branch1][C][O][C][Ring1][Branch1][C][C][Ring1][=Branch1],C#CC1CCCC1O,2.524499695052122,1.3219163417816162,0.3025712668895721,30.81477737426757,20.28681182861328,20.23,,-0.119404006213943,mols/page_0057.png,2
546,[#C][N][#C][C][#C][C][C][C],CCCC#CC=NC,1.5844996950521224,2.035846710205078,0.2206324338912964,37.22438049316406,11.475211143493652,12.36,,-0.1204676013249898,mols/page_0028.png,6
1762,[C][C][C][C][C][Branch1][C][O][C][N][Ring1][=Branch1][C][Ring1][Branch1],CCC1CC2(O)CN1C2,2.7017904688307013,0.6473789811134338,0.2911268770694732,34.18577575683594,24.035865783691406,23.47,,-0.1208275699731532,mols/page_0089.png,2
4288,[O][C][Branch1][C][C][Branch1][Branch1][C][O][C][C][Ring1][Ring2][C][Ring1][Branch1][C][Branch1][Ring1][C],CCOCC(C)=O,1.5478467081635288,3.377781629562378,0.2324534207582473,29.876089096069336,26.351289749145508,26.3,,-0.1211230374746827,mols/page_0215.png,8
1785,[C][O][C][Branch1][C][C][Branch1][Ring1][C][O][Ring1][Ring1][C][C][O],CC1(CO)CO1,1.971894334095208,1.977123022079468,0.3400909900665283,23.68950843811035,30.883243560791016,32.76,,-0.1212901059417809,mols/page_0090.png,5
4022,[C][Branch1][Ring1][C][Branch1][C][C][C][Branch1][Branch1][C][Branch1][O][C][C][Ring1][Ring1][C][Ring1][Branch1],CCCC1CC2CC12,2.9844996950521225,0.3010354042053222,0.3377531170845032,32.44782257080078,0.6548464298248291,0.0,,-0.1226775902831554,mols/page_0202.png,2
2520,[N][C][C][Branch1][C][C][C][Ring1][Branch1][C][Ring1][=Branch1][C][Branch1][Branch1][C][O][C][Ring1][#Branch1],C1CC2CN3C(CCO1)C23,3.419668362047821,1.5169405937194824,0.3052101135253906,30.55135536193848,9.892744064331056,12.24,,-0.1232778174120848,mols/page_0127.png,0
2687,[C][#C][C][Branch1][C][C][Branch1][Branch1][C][O][C][C][C][Ring1][Ring1][C][Ring1][Branch1][C][Ring1],C#CC1(C)COC(C)C1C=C,3.0980915038517307,1.2985602617263794,0.2559081614017486,36.41769409179688,9.739999771118164,9.23,,-0.1241891933561914,mols/page_0135.png,7
2259,[C][C][Branch1][C][C][C][O][C][C][Ring1][Branch1][C][O][Branch1][Ring2][C],CC1COCC(C=O)C1,2.5217904688307007,2.6506097316741943,0.2180364429950714,33.94289016723633,27.108905792236328,26.3,,-0.1246126083412083,mols/page_0113.png,19
93,[C][#C][C][C][C][C][Ring1][Ring2][Branch1][Ring1][O][C][C][Ring1][#Branch1],C#CC12CCC1(OC)C2,2.4817904688307006,1.542582392692566,0.2653478682041168,34.55513000488281,9.255340576171877,9.23,,-0.1256874316256247,mols/page_0005.png,13
1521,[C][#C][C][#C][O][C][Ring1][Ring2][O][C][=O],C#CC#COCOC=O,1.561790468830701,3.2475907802581787,0.2137393206357956,31.68733024597168,33.09825134277344,35.53,,-0.1258252828615608,mols/page_0077.png,1
912,[C][#C][C][Branch1][C][C][C][C][C][C][C][Ring1][Branch1][Ring1][#Branch1],C#CC1(C)C2CCCC21,2.5017904688307007,0.936140775680542,0.2909724414348602,34.8741455078125,-0.0711287409067154,0.0,,-0.1268728543322913,mols/page_0046.png,12
3292,[C][C][Branch1][C][C][C][Ring1][Ring1][C][C][O][C][Ring1][Ring2][C][Branch1][Ring2][C][Ring1][Branch1],CC(C)=CC1C2CCC1O2,3.239668362047821,1.9556443691253664,0.2540461421012878,34.106353759765625,9.848297119140623,9.23,,-0.127397566738888,mols/page_0165.png,12
2764,[C][#C][C][C][Branch1][C][C][C][#C][C],C#CCC(C)C#CC,2.104499695052122,0.9820023775100708,0.2899600863456726,34.73276901245117,0.7912392020225525,0.0,,-0.1274166169169487,mols/page_0139.png,4
2950,[C][C][C][Branch1][C][C][O][C][C][N][Ring1][Branch1][C][Branch1][Ring1][C][=O],CCC1CN(CC=O)CCO1,2.058091503851731,2.760670185089112,0.2058808505535125,34.53272247314453,29.706438064575195,29.540000000000003,,-0.1276593332832716,mols/page_0148.png,10
739,[C][N][C][C][=Branch1][C][=O][C][Branch1][C][C][Branch1][C][C][C][Ring1][Branch2],CN1CC(=O)C(C)(C)C1,1.521790468830701,2.5611884593963623,0.1973232328891754,36.86795425415039,20.314332962036133,20.31,,-0.1278082559186922,mols/page_0037.png,19
1613,[C][C][C][Branch1][C][C][O][C][Ring1][Branch1][C][Ring1][Ring2][C][Ring1][=Branch1],CC1C2OC13CC2C3,4.044499695052123,1.6448676586151123,0.3184658288955688,28.68228340148925,9.312289237976074,9.23,,-0.1280867951454931,mols/page_0081.png,13
1360,[C][C][C][Branch1][C][C][N][C][C][Ring1][Ring1][C][Ring1][Branch1],CCC1CCC2CN12,2.9644996950521225,1.3596652746200562,0.3128096759319305,30.79639434814453,2.891683340072632,3.01,,-0.129142930602371,mols/page_0069.png,0
4413,[C][#C][C][C][C][=N][C][C][O][Ring1][Branch1],C#CCCC1=NCCO1,1.521790468830701,1.812619924545288,0.2678550183773041,32.3359260559082,21.04980659484864,21.59,,-0.1291526359594308,mols/page_0221.png,13
2023,[C][C][Branch1][Ring1][C][C][C][Ring1][Branch1][C][O][C][Ring1][=Branch1],CC1COCC2CC12,2.9644996950521225,1.3881490230560305,0.3229306042194366,29.20772933959961,8.617801666259766,9.23,,-0.1295443785566719,mols/page_0102.png,3
2918,[O][C][C][=N][C][=N][NH1][Ring1][Branch1],OCc1ncn[nH]1,1.3478467081635288,3.8182199001312256,0.2713927924633026,21.280004501342773,62.806419372558594,61.8,,-0.1319596382042946,mols/page_0146.png,18
3645,[C][#C][C][C][C][Branch1][C][C][Ring1][Ring1][C][C][=O],C#CC1CC1(C)CC=O,2.5417904688307007,2.319162368774414,0.2159307152032852,35.99872970581055,17.449806213378906,17.07,,-0.1326596551432556,mols/page_0183.png,5
2314,[C][Branch1][C][C][C][Branch1][Ring1][C][Branch1][Branch1][C][O][C][C][Ring1][Ring1][C][Ring1][Branch1],CC=C1CC(OCC)C1,1.541790468830701,1.0715638399124146,0.2538681626319885,37.287559509277344,10.316001892089844,9.23,,-0.1327404317394033,mols/page_0116.png,14
3657,[O][C][C][=C][C][O][C][C][Ring1][#Branch1][C][Ring1][Branch2],OC12C=CCOCC1C2,2.4617904688307006,2.3768351078033447,0.2425843924283981,32.143978118896484,29.23875617980957,29.46,,-0.1329245156766192,mols/page_0183.png,17
585,[C][C][C][Branch1][C][C][O][C],CCC(C)OC,2.051894334095208,1.0854039192199707,0.3322702646255493,29.14818000793457,10.59928035736084,9.23,,-0.1341558982457656,mols/page_0030.png,5
1414,[C][#C][C][=Branch1][C][=O][N][N][=N][N][=N][Ring1][Branch1],C#CC(=O)n1nnnn1,1.341790468830701,4.561761379241943,0.2056441456079483,24.595821380615234,71.0297622680664,73.56,,-0.1342429026252845,mols/page_0071.png,14
788,[C][C][C][Branch1][Ring1][C][C][O][C][Ring1][Ring1],CCC1CCCO1,2.007846708163529,1.5216267108917236,0.3273332118988037,28.1272201538086,9.228476524353027,9.23,,-0.134842156724366,mols/page_0040.png,8
2075,[C][C][C][Branch1][Ring1][C][C][Ring1][Branch1][C][C][O][Ring1][Ring2],C1CC2(CCO1)CC2,1.7844996950521226,1.3052847385406494,0.3273711800575256,28.97713661193848,8.577186584472656,9.23,,-0.1348424021168296,mols/page_0104.png,15
2996,[O][=C][C][C][=Branch1][C][=O][C][C][O][C][Ring1][Ring2],O=CCC(=O)C1COC1,1.5017904688307009,3.4027516841888428,0.203140914440155,31.190004348754883,44.33188629150391,43.370000000000005,,-0.1349790997297421,mols/page_0150.png,16
2061,[C][C][C][C][O][C][C][Ring1][Branch1][C][Ring1][Branch2][C][Ring1][Ring2][Ring1][#Branch1],C1CC23COC4C2C1C43,4.9017904688307015,1.85003662109375,0.3328239917755127,26.42316436767578,7.997030735015869,9.23,,-0.1357323381407685,mols/page_0104.png,1
4271,[O][C][C][C][Branch1][C][C][Ring1][Branch1][C][Ring1][Ring2][C][Ring1][Ring1][C],CC1CC23OCC2C13,3.7244996950521214,1.7291839122772217,0.3000802397727966,30.098501205444336,9.529321670532228,9.23,,-0.1367030685398626,mols/page_0214.png,11
1016,[N][C][N][=N][NH1][C][=Ring1][Branch1][C][C][N][Ring1][Ring1],Nc1nn[nH]c1C1CN1,1.8017904688307007,2.693712949752808,0.214660495519638,29.34370231628418,86.93441009521484,89.53,,-0.1374991370382939,mols/page_0051.png,16
1385,[C][C][#C][C][=Branch1][C][=N][O][C][C][C][Ring1][Ring1],CC#CC(=N)OC1CC1,1.521790468830701,2.0726802349090576,0.2296696156263351,34.11539459228516,34.46196365356445,33.08,,-0.1381147465437174,mols/page_0070.png,5
2438,[C][#C][C][Branch1][Ring1][C][C][C][Branch1][C][O][C][Ring1][Ring1][C][Ring1][=Branch1],C#CC1C(O)=CCC1C,2.5417904688307007,1.3393372297286987,0.2549410462379455,35.30836486816406,20.31570053100586,20.23,,-0.1394564264545255,mols/page_0122.png,18
872,[C][C][C][O][C][Branch1][C][C][Branch1][Ring2][C][Ring1][=Branch1],CC1COC(C)C1,2.507846708163529,1.63278329372406,0.3206881880760193,28.28485107421875,9.632678031921388,9.23,,-0.1397696296133495,mols/page_0044.png,12
1988,[N][#C][C][C][N][Ring1][Ring1][C][C][C][N][Ring1][Ring1],N#CC1CN1CC1CN1,2.9417904688307006,1.603595495223999,0.2588176727294922,31.638273239135746,50.15348052978516,48.74,,-0.1399537643400446,mols/page_0100.png,8
914,[C][O][C][C][C][C][Ring1][Ring2][C][C][C][Ring1][=Branch2][Ring1][Ring1],C1OC2CCC2C2CC12,3.421790468830701,1.4144887924194336,0.3123257160186767,29.9512882232666,9.423623085021973,9.23,,-0.1409213681536107,mols/page_0046.png,14
3066,[C][C][Branch1][C][C][O][C][C][C][Ring1][Ring1][C][Ring1][=Branch1],CC1CCC2CC2O1,2.9644996950521225,1.260837197303772,0.3202443420886993,29.675107955932617,9.599706649780272,9.23,,-0.142235890178492,mols/page_0154.png,6
1852,[C][C][#C][C][C][=C][N][C][Ring1][Branch1][=O],CC#CC1C=CNC1=O,2.021790468830701,3.301414251327514,0.2132010608911514,31.526256561279297,29.34619140625,29.1,,-0.1444873544672884,mols/page_0093.png,12
3941,[C][O][C][C][C][=C][C][Ring1][Branch1][O][C][Ring1][#Branch1],COC12CC=CC1OC2,2.4617904688307006,2.453893184661865,0.2535079419612884,31.341691970825195,18.82167053222656,18.46,,-0.1447429421967474,mols/page_0198.png,1
381,[C][C][N][C][C][C][Ring1][Branch1][Branch1][C][O][C][Ring1][Branch1][Ring1][#Branch1][O],CC12NC3CC1(O)C32O,3.381790468830701,0.8013690710067749,0.2664433419704437,33.67330551147461,50.81437301635742,52.49,,-0.1469349646602651,mols/page_0020.png,1
3963,[C][C][C][C][Branch1][=Branch1][N][C][C][Ring1][Ring1][C][Ring1][#Branch1],CC1CC(N2CC2)C1,1.4644996950521223,1.0312241315841677,0.3166215419769287,31.36202049255371,2.474916934967041,3.01,,-0.1473455842564095,mols/page_0199.png,3
2033,[C][C][Branch1][C][C][C][O][C][Ring1][Ring2][C][C][Ring1][=Branch1],CC1COC2CCC12,2.9644996950521225,1.5043925046920776,0.3140132129192352,29.38024139404297,8.782026290893555,9.23,,-0.1478684217879801,mols/page_0102.png,13
2485,[C][O][C][C][=C][C][C][Ring1][Branch1][O][C],COC1C=CCC1OC,2.5217904688307007,1.3675199747085571,0.2594060599803924,34.83482360839844,17.285852432250977,18.46,,-0.148224879725088,mols/page_0125.png,5
867,[C][C][C][Branch1][C][C][O][C][C][Ring1][=Branch1],CC1CCOC1C,2.507846708163529,1.6122643947601318,0.3192049264907837,28.411785125732425,9.123712539672852,9.23,,-0.1484108780808631,mols/page_0044.png,7
87,[O][=C][C][=N][Branch1][NH1][N][=Ring1][Ring1][Branch1][NH1][=C],NNN=CC=O,1.4918943340952076,4.317499160766602,0.1774076074361801,28.222496032714844,70.12893676757812,67.47999999999999,,-0.1494293259691792,mols/page_0005.png,7
3966,[C][C][C][C][C][=C][N][C][Ring1][#Branch1][=O],CC1CCC=CNC1=O,2.021790468830701,2.885157823562622,0.2144504189491272,32.84775924682617,29.53352165222168,29.1,,-0.149591795513938,mols/page_0199.png,6
743,[C][C][C][Branch1][Ring1][C][=O][C][=Branch1][C][=O][N][=O],CCC(C=O)C(=O)N=O,2.041790468830701,3.315826892852783,0.1709690690040588,33.51422500610352,58.01615524291992,63.57,,-0.1505269398562501,mols/page_0038.png,3
2674,[C][C][C][Branch1][C][C][N][C][C][Ring1][Branch1],CCC1(C)CCN1,2.007846708163529,1.2342880964279177,0.3089381158351898,30.39580535888672,14.848226547241213,12.03,,-0.1506313887027622,mols/page_0134.png,14
109,[C][C][C][N][C][C][Ring1][Ring1][C],CCCN1CC1C,2.507846708163529,1.2486790418624878,0.3113438189029693,30.96559715270996,3.1798906326293945,3.01,,-0.1520107091503396,mols/page_0006.png,9
567,[C][C][C][O][C][C][Ring1][Branch1][C],CC1COCC1C,2.507846708163529,1.7303646802902222,0.3170635104179382,28.06789207458496,9.89742946624756,9.23,,-0.152441720477324,mols/page_0029.png,7
1372,[C][C][Branch1][C][C][C][C][C][=Branch1][C][=O][C][N][Ring1][Branch1][Ring1][=Branch1],CC(C)C1C2C(=O)CN21,2.9617904688307006,2.656032085418701,0.2158177942037582,34.18496322631836,20.2182674407959,20.08,,-0.1549168427357777,mols/page_0069.png,12
2561,[O][=C][C][C][C][Ring1][Ring1][C][O][C][O][Ring1][Branch1],O=CC1CC12COCO2,2.761790468830701,3.261308193206787,0.2229810655117035,29.9397201538086,36.59279251098633,35.53,,-0.155439737516832,mols/page_0129.png,1
2736,[N][C][#C][C][C][Branch1][Ring1][C][C][=O][C],CCC(=O)CC#CN,1.5644996950521224,2.374321937561035,0.2261232584714889,32.502628326416016,41.73761749267578,43.09,,-0.1565201380830196,mols/page_0137.png,16
1178,[C][C][C][Branch1][C][C][N][C][C][Ring1][Ring2][C][Ring1][Ring1],CCC1CC2CC2N1,2.9644996950521225,1.3243385553359983,0.3005626201629638,30.65616798400879,16.7850341796875,12.03,,-0.1577748188914119,mols/page_0059.png,18
3472,[C][C][C][Branch1][C][O][C][C][O][Branch1][Ring1][C][O],CCC(O)CC=O,2.047846708163529,3.219778299331665,0.2227516770362854,29.97882080078125,37.74580764770508,37.3,,-0.158552357445923,mols/page_0174.png,12
1339,[C][#C][C][N][C][Ring1][Ring1][C][C][C][Ring1][Ring2][C][Ring1][Ring2],C#CC1NC12C1CC2C1,3.081790468830701,1.8970991373062127,0.2748498916625976,30.800819396972656,21.15835189819336,21.94,,-0.1596296727084595,mols/page_0067.png,19
1165,[C][C][C][O][C][C][Ring1][Ring2][O][C][Ring1][=Branch1],CCC12COC1CO2,2.444499695052122,1.584215760231018,0.3092619180679321,28.682138442993164,17.581186294555664,18.46,,-0.1611521224101559,mols/page_0059.png,5
4156,[C][N][=C][O][C][C][Ring1][Ring2][Branch1][C][C][C][=O],CN=C1OCC1(C)C=O,2.001790468830701,2.35388445854187,0.216826856136322,33.58169937133789,40.02405548095703,38.66,,-0.1615458567467172,mols/page_0208.png,16
1375,[C][N][=C][C][C][O][C][Ring1][Ring1][C][O][Ring1][#Branch1],CN=C1CC2OC2CO1,2.4417904688307006,1.843832015991211,0.2683250308036804,30.649864196777344,34.02228546142578,34.120000000000005,,-0.1617443036209647,mols/page_0069.png,15
1907,[C][#C][C][Branch1][C][C][C][O][C][Ring1][Branch1][C][Ring1][=Branch1],C#CC1(C)COC1C,2.524499695052122,1.192177414894104,0.2929124236106872,32.48897933959961,8.61860179901123,9.23,,-0.161947952372488,mols/page_0096.png,7
810,[C][C][C][Branch1][C][C][N][C][Branch1][Ring1],CCC(C)NC,2.051894334095208,1.377484679222107,0.2923785448074341,31.03196907043457,19.24678421020508,12.03,,-0.1625748910325385,mols/page_0041.png,10
2915,[C][#C][C][Branch1][C][C][Branch1][Ring1][C][C][C][Ring1][Branch1][C][Ring1][Ring1],C#CC1(C)CCCC1,1.5444996950521224,0.6948189735412598,0.3152104914188385,32.70694732666016,-0.1439498960971832,0.0,,-0.1627512848604127,mols/page_0146.png,15
2339,[C][Branch1][Branch1][C][Branch1][C][C][Branch1][Ring1][C][Branch1][N][C][C][Ring1][Branch1][C][Ring1][Ring1][C],CC1CCC2C(C)C12,3.484499695052122,0.2141338586807251,0.3365563154220581,32.25959777832031,0.2440117001533508,0.0,,-0.163624747472511,mols/page_0117.png,19
11,[C][C][Ring1][Branch1][C][C][C][O][C][C],C=CCCCOCC,1.5844996950521224,1.2304259538650513,0.2698577344417572,34.43603515625,11.857975006103516,9.23,,-0.1636838710486728,mols/page_0001.png,11
3970,[O][C][C][C][Ring1][Ring2][C][C][O][C][Ring1][Ring1][C][Ring1][=Branch1],C1CC2(CC3OC3C2)O1,2.7217904688307013,1.1820437908172607,0.3136988878250122,29.47501564025879,20.176755905151367,21.76,,-0.1641066361412289,mols/page_0199.png,10
374,[C][C][C][#C][C][C][C][Branch1][Ring2][C][Ring1][Ring2][O][Ring1][Branch1],CCC#CC12CC(C1)O2,2.2217904688307013,2.0353920459747314,0.2574648857116699,32.88483428955078,9.460413932800291,9.23,,-0.1645727072340135,mols/page_0019.png,14
84,[C][O][C][C][C][Ring1][Branch1][C][C],CCC1CCOC1,2.007846708163529,1.6757328510284424,0.3212266862392425,27.66098976135254,9.65968132019043,9.23,,-0.1648121324948591,mols/page_0005.png,4
1749,[C][C][Branch1][C][C][C][N][Ring1][Branch1][C][O][C][Ring1][Branch1],CC1CN2COCC12,2.444499695052122,1.869942307472229,0.3067571520805359,28.25550651550293,11.707979202270508,12.47,,-0.1655195576500023,mols/page_0088.png,9
1454,[C][O][C][C][Branch1][C][C][O][Ring1][Ring2][C][C][C][Ring1][=Branch1],COC1OC1C,2.471894334095208,1.4143123626708984,0.3362921774387359,26.20916175842285,20.763628005981445,21.76,,-0.1665638843610528,mols/page_0073.png,14
3205,[N][C][C][C][Ring1][Branch1][C][C][Branch1][C][O][C][Ring1][Ring1][C][Ring1][Ring2][C][Ring1],C=CC=C(O)CC1CCN1,2.0396683620478218,1.864407300949097,0.2331343591213226,34.11589050292969,33.63633346557617,32.26,,-0.1677285495492465,mols/page_0161.png,5
2669,[C][C][Branch1][C][C][C][Ring1][Ring1][C][C][N][C][Ring1][=Branch1][C],CC1=CCCNC(C)C1,2.041790468830701,1.2343769073486328,0.2429743856191635,36.57552337646485,18.56239891052246,12.03,,-0.1692829960135604,mols/page_0134.png,9
1134,[C][C][C][Ring1][Branch1][C][C][Branch1][C][N][Ring1][Branch1][O][C][Ring1][=Branch1],NC12CC3(CO1)CC32,4.044499695052124,1.4534074068069458,0.3020041882991791,28.23741912841797,37.65620803833008,35.25,,-0.1697626026927631,mols/page_0057.png,14
227,[=NH2+1][C-1][C][#C][O],[NH2+][C-]C#CO,1.5167229808842466,3.090888023376465,0.2081481516361236,29.65605354309082,65.39493560791016,45.53,,-0.1699442024343848,mols/page_0012.png,7
3783,[C][C][Branch1][C][O][C][C][O][Ring1][Branch1][C][Branch1][Ring2][C][O][Branch1][C][C][Ring1][Ring1],CC1(O)CCO1,1.971894334095208,2.025885343551636,0.3148972988128662,25.485071182250977,28.378559112548828,29.46,,-0.1704857653213687,mols/page_0190.png,3
1698,[C][C][C][Ring1][C][C][Branch1][C][C][N][C][C],CC=CC(C)NCC,2.084499695052122,1.3805899620056152,0.2475001960992813,35.641746520996094,17.278141021728516,12.03,,-0.1707800621449039,mols/page_0085.png,18
4340,[C][#C][C][C][C][C][Branch1][C][C][O][Ring1][=Branch1],C#CC1CCC(C)O1,2.524499695052122,1.6141413450241089,0.2926085293292999,30.777172088623047,8.691994667053223,9.23,,-0.1723609811673057,mols/page_0218.png,0
3518,[N][#C][C][Branch1][C][C][C][Branch1][Ring1][C][C][=O][C][Branch1][N][C][Branch1],CCC(=O)C(C)C#N,2.0644996950521226,2.2945773601531982,0.2317306846380233,31.99656867980957,41.309356689453125,40.86,,-0.1725146494307738,mols/page_0176.png,18
1075,[C][C][C][Branch1][C][C][Ring1][Ring2][C][O],CC1(CO)CC1,1.4918943340952076,1.3109420537948608,0.3343496024608612,26.71884155273437,20.41589736938477,20.23,,-0.1727402739940523,mols/page_0054.png,15
1429,[N][=C][C][C][C][Branch1][Ring1][C][C][Ring1][Ring2][C][Ring1][Branch1][C][Ring1][Ring1],N=C1CC2C3CCCC132,3.2417904688307013,2.04048752784729,0.2684277594089508,30.52089500427246,23.67799568176269,23.85,,-0.1727479119722269,mols/page_0072.png,9
1258,[C][C][C][Ring1][Branch1][C][C][O],OCCC1CC1,1.4918943340952076,1.4174716472625732,0.3451613485813141,25.245325088500977,19.95848274230957,20.23,,-0.1729510837399667,mols/page_0063.png,18
3360,[C][C][O][C][C][N][C][Ring1][Ring2][C][Ring1][#Branch1][Ring1][Ring1][C],CC1OC2CN3C2C13C,3.901790468830701,0.7171923518180847,0.3121047914028168,31.777568817138672,12.600696563720703,12.24,,-0.1744457005199577,mols/page_0169.png,0
4240,[C][C][#C][C][=Branch1][C][=O][C][Branch1][C][F][Branch1][C][F][F],CC#CC(=O)C(F)(F)F,1.541790468830701,3.9948320388793945,0.2043903470039367,30.21928024291992,17.742143630981445,17.07,,-0.1765778433119839,mols/page_0213.png,0
651,[C][C][Branch1][Ring1][C][=O][Branch1][Ring1][C][=O][C][Branch1][C][N][=O],CC(C=O)(C=O)C(N)=O,1.541790468830701,2.0873258113861084,0.1977671235799789,33.55215072631836,75.67964172363281,77.22999999999999,,-0.1768249804451689,mols/page_0033.png,11
2077,[C][Branch1][Ring1][C][Branch1][C][C][C][O][C][Ring1][Ring1][C][Ring1][=Branch1],CC1CC2OC2C1,2.447846708163529,1.8292222023010247,0.3439593017101288,24.360864639282227,12.244640350341797,12.53,,-0.1771106033141888,mols/page_0104.png,17
2362,[C][#C][C][O][C][Ring1][Ring1][Branch1][Ring1][C][#C][C][=O],C#CC1OC1(C#C)C=O,2.5217904688307007,3.367029428482056,0.2025438547134399,31.77975273132324,29.80306625366211,29.6,,-0.1790128769153156,mols/page_0119.png,2
1809,[C][#C][C][N][C][C][Ring1][Ring2][N][C][Ring1][=Branch1][C],C#CC12NCC1NC2C,2.9617904688307006,1.6313799619674685,0.248713806271553,33.69081115722656,27.13346290588379,24.06,,-0.1794322423058404,mols/page_0091.png,9
1742,[C][C][C][N][C][C][=Branch1][C][=O][C][Ring1][=Branch1][Ring1][Branch1][C],CCC1N2CC(=O)C12C,2.9617904688307006,2.407365560531616,0.2152229249477386,34.759639739990234,20.34031867980957,20.08,,-0.1796029136216236,mols/page_0088.png,2
207,[C][C][=C][C][=N][C][Branch1][C][F][=C][Ring1][#Branch1][C],Cc1ccnc(F)c1C,1.421790468830701,3.35738468170166,0.2256806939840316,30.768409729003903,12.240678787231444,12.89,,-0.1800522250567613,mols/page_0011.png,7
143,[C][C][C][=C][C][C][Ring1][Ring1][C][C][Branch1][C][C],CCC=C1CC1CCC,2.0689304688307013,0.4325003325939178,0.2556069791316986,39.33663940429688,1.9584873914718628,0.0,,-0.1811569704710547,mols/page_0008.png,3
1623,[N][C][Branch1][Branch1][C][C][Branch1][C][O][C][C][C][N][Ring1][Branch1],NC1CCCNOCC1,2.001790468830701,1.826393246650696,0.2995191812515259,27.175710678100582,34.182830810546875,47.28,,-0.1818351166735988,mols/page_0082.png,3
3197,[C][O][C][C][O][C][C][Ring1][Branch1][=N][O],COC1COCC1=NO,1.981790468830701,1.5683197975158691,0.2419780790805816,32.644554138183594,52.06383514404297,51.05,,-0.1834170723166931,mols/page_0160.png,17
4544,[C][C][C][N][C][=C][C][Branch1][C][N][=N][Ring1][=Branch1],CCCn1ccc(N)n1,1.401790468830701,1.603035807609558,0.2284858375787735,34.543434143066406,43.584014892578125,43.84,,-0.1837172898785118,mols/page_0228.png,4
978,[C][C][C][C][Branch1][Branch1][C][O][Ring1][Branch1][C][Ring1][=Branch1][C][=O],CC12CC(CO1)C2C=O,3.701790468830701,3.212958574295044,0.2123035192489624,31.55511474609375,26.05203056335449,26.3,,-0.1841133655755865,mols/page_0049.png,18
3095,[C][C][=C][N][C][=Branch1][C][=O][C][Ring1][=Branch1][C][C][Ring1][Ring1],CC1=CNC(=O)C12CC2,1.7817904688307011,3.102109670639038,0.2088665515184402,32.14626693725586,28.12350082397461,29.1,,-0.1850337264830334,mols/page_0155.png,15
2800,[C][C][Branch1][C][C][C][C][C][=Branch1][C][=O][C][Ring1][Branch1][Ring1][#Branch1],CC1(C)C2CC(=O)C21,2.464499695052122,3.289020538330078,0.2280517667531967,30.30489730834961,17.341514587402344,17.07,,-0.1852322868718861,mols/page_0141.png,0
3376,[C][N][=C][O][C][C][C][C][Ring1][Ring1][C][Ring1][#Branch1][Ring1][Branch1],CN=C1OC2C3CC3C12,3.401790468830701,2.3203465938568115,0.2678865492343902,29.54230690002441,20.79576301574707,21.59,,-0.1859490778609202,mols/page_0169.png,16
2264,[C][#C][C][C][Branch1][C][C][C][O][C][Ring1][Ring2],C#CCC1CCOC1,2.0244996950521226,1.6223708391189575,0.2999834418296814,29.804363250732425,8.090764999389648,9.23,,-0.1866146370118547,mols/page_0114.png,4
2645,[C][=N][C][C][O][C][Ring1][Ring1][C][C][O][Ring1][=Branch2],C1=NCC2OC2CCO1,2.4417904688307006,2.503236055374145,0.2537527978420257,29.32499885559082,33.36952209472656,34.120000000000005,,-0.1875410456634403,mols/page_0133.png,5
2305,[C][C][C][C][=C][C][Branch1][C][O][C][Ring1][#Branch1][Ring1][=Branch1][C],CC1C2C=CC(O)C12C,3.481790468830701,1.569012999534607,0.2386889010667801,35.29142379760742,20.79109001159668,20.23,,-0.1883391354544019,mols/page_0116.png,5
1989,[C][C][Branch1][Ring1][C][C][O][C][Branch1][C][C][C][Ring1][Ring1][C][Ring1][=Branch1],CC1=CCCCC(C)O1,2.041790468830701,1.2541970014572144,0.2482531517744064,36.27638244628906,10.363211631774902,9.23,,-0.1884262009538841,mols/page_0100.png,9
2853,[N][=C][C][Branch1][C][C][C][Branch1][Branch1][C][O][C][Branch1][Ring1][C][C][Ring1][Branch1][C][Ring1],CC1C=NC12CCCCOC2,2.838091503851731,1.4529913663864136,0.261131078004837,34.125,11.471569061279297,21.59,,-0.1888368022505051,mols/page_0143.png,13
555,[C][C][C][C][C][Branch1][C][O][C][=C][C][Ring1][Branch2][Ring1][=Branch1],CC1CC2C(O)C=CC12,3.481790468830701,1.6280007362365725,0.2526398301124573,33.6428108215332,20.34000587463379,20.23,,-0.1903496505267992,mols/page_0028.png,15
1358,[C][C][C][Branch1][C][C][N][C][Ring1][Ring2][C][Ring1][#Branch1],CC12CCCC1N2,2.447846708163529,1.6600850820541382,0.3203555643558502,26.44100952148437,21.936567306518555,21.94,,-0.1911795497681216,mols/page_0068.png,18
2798,[N][C][=N][C][C][=Branch1][Ring1][=N][O][C][O][Ring1][Branch2],NC1=NCC(=NO)CO1,1.4617904688307009,1.6580321788787842,0.2302910834550857,31.30829811096192,79.1388931274414,80.2,,-0.191472889134349,mols/page_0140.png,18
1296,[N][=C][O][C][=C][Branch1][C][N][C][=C][Ring1][#Branch1][N],N=c1occ(N)cc1N,1.381790468830701,3.4004955291748047,0.155709683895111,31.84676551818848,87.44779205322266,89.03,,-0.1915793731941716,mols/page_0065.png,16
171,[C][C][C][Branch1][C][C][N],CCC(C)N,2.036722980884247,1.685700297355652,0.3066685795783996,27.506113052368164,24.9155330657959,26.02,,-0.1921638695486829,mols/page_0009.png,11
2272,[C][C][Branch1][C][C][C][Ring1][Ring1][C][C][O][C][Ring1][Branch1],CC(C)=C1CCOC1,1.5244996950521223,1.8259843587875368,0.2476071119308471,34.23265075683594,9.104293823242188,9.23,,-0.1934321971630472,mols/page_0114.png,12
1754,[C][C][#C][C][C][C][Ring1][Ring1][C][Branch1][C][C][N][Ring1][Branch1][C][Ring1][Ring2],CC#CC1C2C1C1(C)CN21,3.939668362047821,1.627921462059021,0.2659901678562164,33.64117431640625,1.678048014640808,3.01,,-0.1940257529245299,mols/page_0088.png,14
1596,[C][C][C][Branch1][C][C][N][C][Branch1][Ring1][C][C][Ring1][Ring1][C][Ring1][=Branch1][C][Ring1],C=C1C2C(CC)NC12CC,2.9996683620478217,1.2545772790908811,0.237522006034851,36.65047454833984,18.60835075378418,12.03,,-0.1942569656205144,mols/page_0080.png,16
1942,[C][#C][C][C][C][N][C][Ring1][Ring1][C][Ring1][=Branch1][Ring1][Branch1][O],C#CC1C2C3NC3C12O,3.901790468830701,1.665153980255127,0.2528534531593323,31.69446182250977,42.86442565917969,42.17,,-0.1943810976670084,mols/page_0098.png,2
265,[C][C][=C][C][Branch1][C][C][C][C][Ring1][=Branch1][C][Ring1][Branch1][O],CC1=CC2(C)CC1C2O,3.721790468830701,1.687248706817627,0.2359614223241806,35.02289962768555,20.75164604187012,20.23,,-0.1952284178198693,mols/page_0014.png,5
290,[C][C][O][C][C][Ring1][Ring2][=C][N][C][Ring1][#Branch1][=O],CC12OCC1=CNC2=O,1.941790468830701,3.854396104812622,0.1943683624267578,29.877153396606445,38.50646209716797,38.33,,-0.1952837538655193,mols/page_0015.png,10
2723,[O][C][C][O][C][Ring1][Ring2][C][C][O][C][Ring1][Ring2][Ring1][Branch2],OC12COC1C1COC12,3.381790468830701,1.6897094249725342,0.2845998406410217,28.64069175720215,38.2213134765625,38.69,,-0.1981222140563116,mols/page_0137.png,3
3704,[C][#C][C][C][Branch1][C][C][C][Ring1][Ring1][C][C][O][Ring1][Ring1],C#CCC(C)=CC1CO1,2.041790468830701,1.7552589178085327,0.2442173510789871,34.55686569213867,11.844995498657228,12.53,,-0.1981552928874811,mols/page_0186.png,4
365,[C][C][C][O][C][C],CCCOCC,1.5518943340952076,0.9203563332557678,0.340274304151535,27.95866775512696,9.505260467529297,9.23,,-0.1997214815590621,mols/page_0019.png,5
4441,[C][C][=C][C][C][Branch1][C][C][Branch1][C][C][C][C][Ring1][Branch2],CC1=CCC(C)(C)CC1,1.568930468830701,0.3243276476860046,0.2598821520805359,39.03011703491211,1.256661891937256,0.0,,-0.2010722334206156,mols/page_0223.png,1
2269,[C][C][C][Branch1][C][C][N][C][Ring1][Ring1][C][C][Ring1][Branch1],CCC1NC2CCC12,2.9644996950521225,1.2507835626602173,0.2983368933200836,30.57636260986328,15.05062484741211,12.03,,-0.2017235740144423,mols/page_0114.png,9
2407,[C][C][Branch1][C][C][C][Ring1][Ring1][C][Branch1][Ring1][C][N][C][Ring1][Ring2][C][Ring1][=Branch1],CC(C)=C1CC=C1CN,1.541790468830701,1.960874080657959,0.2040145695209503,36.55405426025391,28.5466537475586,26.02,,-0.2034233301272699,mols/page_0121.png,7
2841,[C][Branch1][C][C][C][Ring1][Ring2][C][Branch1][Ring1][C][C][Branch1][=Branch1][C][Ring1][Branch1][C][Branch1],CC=C1C(C)C1CC,2.544499695052122,0.4440932273864746,0.2521078884601593,39.23967742919922,2.4047069549560547,0.0,,-0.2044630882525093,mols/page_0143.png,1
249,[C][C][C][=Branch1][C][=O][C][Branch1][C][O][C][C][C][Ring1][Branch2][Ring1][Ring1],CC1C(=O)C(O)C2CC12,3.461790468830701,2.476370334625244,0.2174960672855377,32.53476333618164,37.47282791137695,37.3,,-0.2057445637683124,mols/page_0013.png,9
28,[N-1][=N+1][#C],C=[N+]=[N-],1.489198172576634,5.311466693878174,0.1801208406686782,23.717235565185547,64.7848892211914,36.400000000000006,,-0.2073836169661358,mols/page_0002.png,8
100,[C][C][Branch1][Ring1][C][N][C][=Branch1][C][=N],CC(C=N)CN,2.031894334095208,2.8344438076019287,0.243362694978714,27.69924736022949,47.76124954223633,49.870000000000005,,-0.2096949995668514,mols/page_0006.png,0
1519,[C][#C][C][C][=C][C][C][Ring1][Branch1][C][=O],C#CC1C=CCC1C=O,2.5417904688307007,2.985190153121948,0.2201269268989563,31.88092041015625,16.926280975341797,17.07,,-0.2097176746236797,mols/page_0076.png,19
1055,[C][C][C][Branch1][C][C][Ring1][Ring1][C][O][C][Ring1][=Branch1],CC12COCC1C2,2.447846708163529,1.612153172492981,0.3374630510807037,25.570241928100582,8.683403968811035,9.23,,-0.2101058641963004,mols/page_0053.png,15
2494,[C][C][=Branch1][C][=O][C][Branch1][C][O][C][C][C][O][Ring1][Ring2],CC(=O)C(O)C1CCO1,2.5017904688307007,1.8987300395965576,0.2188224047422409,33.730167388916016,47.15853500366211,46.53,,-0.2103225852874209,mols/page_0125.png,14
268,[O][=C][C][C][C][Branch1][C][O][C][Ring1][Ring2][C][Ring1][#Branch1][=O],O=C1CC2C(O)C2C1=O,2.9417904688307006,5.019138813018799,0.1480491012334823,28.868581771850582,53.9477653503418,54.37,,-0.2107187340716896,mols/page_0014.png,8
2633,[C][#C][C][Branch1][C][C][C][Ring1][Ring1][C][Branch1][Ring1][C][O][C][Ring1][Branch1][C][Ring1][=Branch1],C#CC(C)=C1C(C)C1CO,2.5596683620478213,1.6662391424179075,0.2126481384038925,37.26409912109375,19.57725143432617,20.23,,-0.2148235557805982,mols/page_0132.png,13
3777,[C][N][C][C][O][C][Branch1][C][C][C][Ring1][=Branch1][C][Ring1][Branch2][Ring1][Ring2],CN1C2COC3(C)C2C13,3.401790468830701,1.2788454294204712,0.2830940783023834,31.944725036621094,13.366995811462402,12.47,,-0.2152553558191613,mols/page_0189.png,17
1517,[C][C][C][C][O][C][Ring1][Ring1][Branch1][C][C][C][Ring1][#Branch1][=O],CC1CC2OC2(C)C1=O,2.9617904688307006,2.684881687164306,0.2074144631624221,33.21120834350586,29.516508102416992,29.6,,-0.21752883617209,mols/page_0076.png,17
1921,[C][C][Branch1][C][C][C][Ring1][Ring2][C][C][N][Ring1][Ring2][Ring1][Ring1][C][Branch1][Ring1][C][=O],CC1CC12C1CN12,3.707846708163529,1.6129262447357178,0.3114422261714935,28.52783966064453,3.2518556118011475,3.01,,-0.2177647727247301,mols/page_0097.png,1
2911,[C][#C][C][C][C][Ring1][Branch1][C][C][O][C][Ring1][=Branch1],C1#CC2CCOCC2C1,2.4817904688307006,1.348029851913452,0.2886476516723633,31.363082885742188,9.587408065795898,9.23,,-0.2179557784253623,mols/page_0146.png,11
8,[C][C][C][O][C][C][Ring1][=Branch1][C],CC1CCCOC1,2.007846708163529,1.417521595954895,0.3259961605072021,27.27311515808105,9.359185218811035,9.23,,-0.2190378467588411,mols/page_0001.png,8
1153,[C][C][C][Branch1][C][C][O][C][Ring1][Ring1][C][Ring1][Branch1],CCC12CC(C1)O2,2.1878467081635287,1.7299851179122925,0.3268600106239319,26.04783821105957,8.837784767150879,9.23,,-0.2199803575619345,mols/page_0058.png,13
741,[C][C][C][=C][C][O][C][Ring1][Ring1][C],CCC=CC1OC1C,2.524499695052122,2.1380648612976074,0.2491035610437393,32.097984313964844,13.941571235656738,12.53,,-0.2212082089599388,mols/page_0038.png,1
980,[C][N][C][Ring1][Ring1][C][O][C][C][C][Ring1][Ring1][Ring1][Branch1],C1NC1C1OC2CC21,3.384499695052122,1.5410068035125732,0.3101736903190613,26.749950408935547,30.795089721679688,31.17,,-0.2219849319530397,mols/page_0050.png,0
0,[C][C][C][C][C][Branch1][Ring2][O][Ring1][Branch1][C][Ring1][=Branch1][C][=O],CC12CCC(O1)C2C=O,3.701790468830701,3.0318315029144287,0.2121534049510955,31.63719940185547,25.80023193359375,26.3,,-0.2226186678319968,mols/page_0001.png,0
2228,[C][C][C][Branch1][Ring1][C][C][Ring1][C][O][C][Branch1][C][O][Ring1][Ring1],CC=C1CCC(O)O1,2.0044996950521226,1.6607534885406494,0.2578848600387573,31.657373428344727,30.693971633911133,29.46,,-0.2231915086965352,mols/page_0112.png,8
1494,[C][C][Branch1][C][C][O][C][Ring1][Ring1][C][Ring1][Branch1][C][Ring1][=Branch1][C][Ring1][Ring2],CC12CC3(CCC13)O2,4.064499695052124,1.9568718671798704,0.2905185520648956,28.74916648864746,10.516260147094728,9.23,,-0.2233879811444126,mols/page_0075.png,14
1610,[C][C][=N][C][=C][C][Branch1][C][O][=C][Ring1][#Branch1][O],Cc1nccc(O)c1O,1.401790468830701,2.335520029067993,0.2225870490074157,31.02924919128418,53.39154052734375,53.35000000000001,,-0.2235346522778729,mols/page_0081.png,10
2390,[C][C][Branch1][C][C][C][O][C][C][Ring1][Ring2][C][C][=Branch1][C][=O],CC(C)C1OCC1CC=O,2.5396683620478213,1.569756031036377,0.2191314548254013,36.25407409667969,26.837871551513672,26.3,,-0.2239383753846643,mols/page_0120.png,10
846,[C][C][O][C][Branch1][C][C][C],CCOC(C)C,1.5518943340952076,1.033519625663757,0.3291503489017486,28.234601974487305,10.0816650390625,9.23,,-0.2243760267027559,mols/page_0043.png,6
2641,[C][C][Branch1][C][C][Branch1][C][C][O],CC(C)(C)O,1.5367229808842466,1.528703689575195,0.3253227174282074,25.971176147460938,20.677202224731445,20.23,,-0.2247083267334335,mols/page_0133.png,1
2017,[C][#C][C][C][Branch1][Ring1][C][Branch1][C][C][Ring1][Ring2][C][Ring1][Branch1][C][Ring1][=Branch1],CCC12C#CC13CC23,3.2444996950521228,1.8065052032470703,0.2480023652315139,33.871490478515625,7.545127868652344,0.0,,-0.2249562228019979,mols/page_0101.png,17
3668,[O][C][Branch1][C][C][Branch1][Ring1][C][Branch1][Branch1][C][O][C][C][Ring1][Branch1][C][Ring1][=Branch1][C],CCOCCC(C)=O,1.5644996950521224,1.6800066232681274,0.2324929535388946,34.41832733154297,27.07010078430176,26.3,,-0.2262460087259932,mols/page_0184.png,8
3638,[C][N][C][Branch1][Ring1][C][C][Branch1][C][C][Ring1][Ring1][C][Ring1][Branch1][C][Branch1][Ring2][C][Branch1],CCC1(C)CN1,1.991894334095208,1.4725269079208374,0.3163341581821441,27.19233131408692,19.024343490600582,21.94,,-0.2269346587650422,mols/page_0182.png,18
212,[N][C][C][C][=C][C][Branch1][C][C][Ring1][Branch1][C],CC1(C)C=CCC1N,2.0244996950521226,1.2649401426315308,0.2565596997737884,33.28416442871094,29.60525321960449,26.02,,-0.2270935233678243,mols/page_0011.png,12
4503,[O][C][C][C][Ring1][Branch1][C][Ring1][Ring1][C][C][Branch1][Ring1][C][N][C][Ring1][Ring2],C=C(CN)CC1C2COC21,2.9796683620478217,1.7082146406173706,0.2465664446353912,32.56007766723633,30.77110290527344,35.25,,-0.2278790330835266,mols/page_0226.png,3
1615,[C][C][Branch1][C][C][C][N][C][Ring1][Branch1][C][Ring1][Ring1][C][Ring1][Ring2][C][Ring1],C=CC1C2N1CC2(C)C,2.9817904688307006,1.7201627492904663,0.2431671470403671,34.872779846191406,4.486444473266602,3.01,,-0.2280077256842973,mols/page_0081.png,15
3492,[C][O][C][Branch1][C][C][O][Ring1][Branch1][C][Ring1][Ring2][C][Branch1][Ring1][C][C][C][Ring1][Branch1],CC1OCO1,1.4567229808842466,1.8279799222946167,0.3428063690662384,23.01795196533203,20.29243469238281,18.46,,-0.2294341627344812,mols/page_0175.png,12
2364,[C][C][Branch1][Ring1][C][C][C][O][C][Ring1][Ring2][C][Ring1][Branch1],CC1COC2CC2C1,2.9644996950521225,1.2983074188232422,0.3023497462272644,29.91633415222168,9.822047233581545,9.23,,-0.2307490371830691,mols/page_0119.png,4
2616,[O][=C][C][C][C][Ring1][Ring1][C][C][O][Ring1][=Branch1],O=CC12CC1CCO2,2.444499695052122,4.088110446929932,0.2225729376077652,26.363330841064453,27.568443298339844,26.3,,-0.2314921394727433,mols/page_0131.png,16
224,[C][N][Branch1][N][Branch1][O][=C][C][F][#N],CNOCCF,1.5118943340952076,2.138424634933472,0.2893668711185455,27.240100860595703,21.07047271728516,21.26,,-0.2323255633983428,mols/page_0012.png,4
185,[O][=C][C][=C][Branch1][C][C][C][Ring1][Ring2][C][Ring1][Branch1][C][Ring1][Ring1],CC1=C(C=O)C12CC2,1.7844996950521226,3.738667726516724,0.1773646920919418,32.91068649291992,19.272045135498047,17.07,,-0.2329557513967032,mols/page_0010.png,5
4470,[O][C][C][C][C][C][C][Ring1][=Branch1][C][Ring1][#Branch1][O][Ring1][#Branch1],OC12C3CCCC1C2O3,3.401790468830701,1.022297978401184,0.2906161248683929,30.604602813720703,29.40285301208496,29.46,,-0.2334278739872345,mols/page_0224.png,10
2802,[C][#C][C][Branch1][C][C][C][=Branch1][C][=O][C][C],C#CC(C)C(=O)CC,2.084499695052122,2.162644624710083,0.2247945815324783,34.06007766723633,16.955387115478516,17.07,,-0.2341251962477749,mols/page_0141.png,2
2453,[C][#C][C][Branch1][C][C][Branch1][Branch1][C][N][C][C][C][Ring1][Ring2][C][Ring1][=Branch1],C#CC1(C)C2CC1N2CC,3.239668362047821,1.1050018072128296,0.2574950456619262,35.703880310058594,2.991353988647461,3.24,,-0.2341309616212201,mols/page_0123.png,13
4246,[O][C][Branch1][C][C][Branch1][Ring1][C][Branch1][Ring2][C][C][C][Ring1][Ring1][C][Ring1][Branch1],CCCCC(C)=O,1.5678467081635288,2.5551092624664307,0.2343180179595947,31.45897674560547,19.01833152770996,17.07,,-0.2346033226657145,mols/page_0213.png,6
2030,[C][C][C][Branch1][C][C][Ring1][C][O][C][Branch1][Ring1][C],CC=C(C)OCC,1.5678467081635288,1.3059241771697998,0.2471421957015991,35.20833206176758,13.450173377990724,9.23,,-0.234806522511123,mols/page_0102.png,10
4165,[O][=C][C][C][C][Branch1][C][O][C][C][Ring1][Ring2][O][Ring1][#Branch1],O=CC1CC2(O)CC2O1,2.9417904688307006,2.761447668075561,0.2099379599094391,31.08843421936035,46.17533493041992,46.53,,-0.2363070161924544,mols/page_0209.png,5
219,[C][C][C][=C][C][C][Ring1][Ring1][C][C],CCC=C1CC1CC,2.0444996950521226,0.425793319940567,0.2527243494987488,38.73933029174805,2.123370885848999,0.0,,-0.2368715501592792,mols/page_0011.png,19
2085,[N][#C][C][#C][C][Branch1][Ring1][C][=O][C][Branch1][=Branch1],CC(C#CC#N)C=O,2.0644996950521226,3.6354055404663086,0.2104294598102569,28.149179458618164,41.09787368774414,40.86,,-0.2381085636149867,mols/page_0105.png,5
882,[C][C][C][Ring1][Branch1][C][C][O][C][Ring1][Ring2],C1CC1C1COC1,1.447846708163529,1.8514853715896609,0.3256928324699402,25.35921859741211,9.611334800720217,9.23,,-0.2382979242878676,mols/page_0045.png,2
795,[N][=C][C][C][Branch1][C][C][O][C][Ring1][Ring2],CC1(CC=N)CO1,1.987846708163529,3.037409782409668,0.2424421161413192,27.14553451538086,39.88417816162109,36.38,,-0.2402409893176508,mols/page_0040.png,15
3305,[N][C][O][N][=C][C][=Ring1][Branch1][C][O],Nc1oncc1CO,1.3644996950521224,2.8653228282928467,0.224044069647789,27.192779541015625,72.15988159179688,72.28,,-0.2409203204579592,mols/page_0166.png,5
687,[C][C][C][O][C][O][Ring1][Ring2],CCC1OCO1,1.4718943340952075,1.338188648223877,0.3459583818912506,24.39474105834961,19.33086585998535,18.46,,-0.241349597491669,mols/page_0035.png,7
3990,[C][O][C][C][C][Ring1][Branch1][C][C][O][Ring1][Branch1][Ring1][Ring2][C][Ring1][Ring1],C1CC2COCC2O1,2.444499695052122,1.7621252536773682,0.3193152844905853,25.564910888671875,19.15454864501953,18.46,,-0.2414198776166393,mols/page_0200.png,10
1200,[C][C][C][O][C][O][N][Ring1][Branch1],CCC1NOCO1,1.967846708163529,1.2680273056030271,0.3329932987689972,25.628963470458984,23.8319149017334,30.49,,-0.2421085588673271,mols/page_0061.png,0
565,[O][=C][C][C][C][O][C][Ring1][Ring2][C][=O],O=CCC1COC1C=O,2.5017904688307007,2.752188444137573,0.2100975066423416,31.20909118652344,43.53540802001953,43.370000000000005,,-0.2424183682326273,mols/page_0029.png,5
169,[Branch2][O][=C][O][=C][N][=Ring1][Branch2],NCOC=O,1.4967229808842466,4.226656436920166,0.2688812911510467,19.215251922607425,49.81485748291016,52.32,,-0.2426204684925894,mols/page_0009.png,9
3202,[C][C][=N][C][Branch1][Ring1][C][=O][C][C][O][Ring1][Branch2],CC1=NC(C=O)CCO1,2.001790468830701,2.512268304824829,0.216874748468399,31.736167907714844,38.99632263183594,38.66,,-0.2434310283789346,mols/page_0161.png,2
1903,[C][#C][C][Branch1][C][O][C][Ring1][Ring1][C][Branch1][Ring1][C][O][Ring1][Branch1],C#CC(O)=CCCO,1.5644996950521224,1.8980118036270144,0.2166064083576202,33.83451461791992,41.56040954589844,40.46,,-0.2444060862780778,mols/page_0096.png,3
56,[N][#C][=C][=C][=C][Branch1][Ring1][C][C][=Branch1][C][=O][N],CCC(=C=CC#N)C=O,1.581790468830701,3.1989002227783203,0.179628774523735,32.59512710571289,44.0486946105957,40.86,,-0.2449021723258376,mols/page_0003.png,16
2566,[O][C][Branch1][Ring1][C][O][C][Ring1][Branch1][C][Branch1][Branch1][C][O][Ring1][Branch1],C1CC2OC2COO1,2.424499695052122,1.681359887123108,0.3158132433891296,25.470985412597656,27.630664825439453,30.99,,-0.2478833173083904,mols/page_0129.png,6
2045,[C][#C][C][C][C][Branch1][Ring1][C][=O][C][Ring1][Ring2],C#CCCC(=C)C=O,1.5844996950521224,2.7614946365356445,0.2011300176382064,33.908172607421875,18.533292770385746,17.07,,-0.2484905637224458,mols/page_0103.png,5
3570,[C][C][C][Branch1][C][C][Ring1][Ring1][C][C][N][C][Ring1][Branch1],C1CC2(CCN1)CC2,1.7844996950521226,1.1828826665878296,0.3016166090965271,29.59714126586914,16.809215545654297,12.03,,-0.248529402900566,mols/page_0179.png,10
1878,[O][#C][C][C][Branch1][Ring1][Branch1][C][C][C][N][C][Ring1][Branch1][Ring1],O=CCC1CC=NCC1,2.021790468830701,2.523843765258789,0.2173453420400619,32.04441452026367,32.66593933105469,29.43,,-0.248640657992562,mols/page_0094.png,18
1142,[C][C][C][Branch1][C][C][O][C][C][N][Ring1][Branch1],CCC1CNCCO1,2.0044996950521226,1.0293121337890625,0.2933135628700256,30.651391983032227,21.08330345153809,21.26,,-0.2510748155082305,mols/page_0058.png,2
133,[C][#C][C][O][C][C][C][Ring1][Ring1][C],C#CCOC1CC1C,2.524499695052122,1.1439836025238037,0.2815423011779785,32.30899810791016,9.484102249145508,9.23,,-0.2517548773553574,mols/page_0007.png,13
2097,[C][N][C][=Branch1][C][=O][C][N][=C][Ring1][=Branch1][C][O],CN1C(=O)CN=C1CO,1.4817904688307009,1.852211594581604,0.2288350462913513,31.753433227539062,52.974098205566406,52.900000000000006,,-0.2520211096955156,mols/page_0105.png,17
840,[O][=C][C][O][C][C][C][C][Ring1][=Branch1][O][Ring1][Ring2],O=CC1OCC2CC1O2,3.681790468830701,3.619263887405396,0.2156714797019958,27.74538803100586,35.9940185546875,35.53,,-0.2575785617569777,mols/page_0043.png,0
3088,[O][=C][C][Branch1][C][O][C][C][N][C][C][Ring1][Ring1],O=CC(O)CCN1CC1,2.001790468830701,2.1837868690490723,0.1977222859859466,34.53752136230469,40.61171722412109,40.31,,-0.2594735541416285,mols/page_0155.png,8
2114,[C][C][Branch1][Ring1][C][Branch1][Branch1][C][C][O][C][Ring1][Branch1][C][Ring1][Ring1][C][Ring1][=Branch1],C=C1CCC(COC)C1,2.041790468830701,0.9439026117324828,0.2662262916564941,34.515892028808594,8.753203392028809,9.23,,-0.2618380571765112,mols/page_0106.png,14
1274,[C][#C][C][Branch1][Ring1][C][Branch1][Branch1][C][C][Branch1][=Branch1][C][=O],C#CCCCCC=O,1.5844996950521224,2.186645030975342,0.2281226962804794,33.15077209472656,17.280080795288086,17.07,,-0.2620544373755401,mols/page_0064.png,14
1986,[O][#C][C][C][Branch1][Ring1][C][Branch1][C][C][C][Ring1][Ring2][O],CCC(=CO)CC=O,1.5644996950521224,2.4633448123931885,0.2083718478679657,32.5625,37.86850738525391,37.3,,-0.2627581044994369,mols/page_0100.png,6
447,[O][=C][C][Branch1][C][O][C][=C][C][O][C][Ring1][Ring1][Ring1][#Branch1],O=CC1(O)C=CC2OC21,2.9417904688307006,3.328718423843384,0.2036975920200348,28.910133361816406,49.78873825073242,49.83,,-0.263011859787687,mols/page_0023.png,7
4190,[C][C][C][#C][C][C][C][O][Ring1][Ring2],CCC#CC1CCO1,2.0244996950521226,1.8699407577514648,0.2727633714675903,30.37543487548828,8.584789276123047,9.23,,-0.2643752824943345,mols/page_0210.png,10
2056,[C][#C][C][C][Branch1][C][C][C][O][C][Ring1][=Branch1],C#CC1COCC1C,2.524499695052122,1.2132996320724487,0.2951058447360992,30.405912399291992,9.582820892333984,9.23,,-0.2669210953116949,mols/page_0103.png,16
2135,[C][#C][C][=Branch1][C][=O][C][=Branch1][Ring1][=N][C][N][C],C#CC(=O)C(=NC)NC,1.561790468830701,2.847208499908448,0.157174214720726,35.991004943847656,42.10659790039063,41.46,,-0.2672586638276174,mols/page_0107.png,15
368,[C][C][N][C][N][=C][C][N][Ring1][Branch1],CCNC1N=CCN1,1.9844996950521223,2.119380235671997,0.2187264412641525,32.68672180175781,38.04800415039063,36.42,,-0.2675617727216095,mols/page_0019.png,8
50,[C][C][C][Branch1][C][C][=C][O][C][=C][Ring1][Branch1][C][N][C][Ring1][Ring2],CCC1=COC=C(CNC)C1,1.578091503851731,2.1993837356567383,0.1989457905292511,35.64624786376953,21.856019973754883,21.26,,-0.2682353542603557,mols/page_0003.png,10
1436,[C][C][C][Branch1][Ring1][C][C][=C][C][Ring1][Ring2][C],CCC1=CC(C)C1C,2.544499695052122,0.3409192562103271,0.2546536922454834,38.42827606201172,1.0124759674072266,0.0,,-0.2684727311769688,mols/page_0072.png,16
1879,[C][C][C][Branch1][C][O][C][C][=C][C][C][Ring1][Branch1][Ring1][#Branch1],CCC1(O)C2C=CCC21,2.9817904688307006,1.2946916818618774,0.2391037344932556,34.976200103759766,20.567176818847656,20.23,,-0.2689100389674579,mols/page_0094.png,19
3480,[C][N][C][C][C][Ring1][Ring1][C][Branch1][C][C][O][C][Ring1][Branch1][C][Ring1][Ring2][C][Ring1],C=C1CC2OC1C21CC1NC,4.618091503851731,2.2409846782684326,0.2282328158617019,32.59897994995117,20.128841400146484,21.26,,-0.2694794009331897,mols/page_0175.png,0
234,[C][C][#C][C][=N][C][Branch1][C][N][=N][NH1][Ring1][=Branch1],CC#Cc1nc(N)n[nH]1,1.381790468830701,2.796796560287476,0.185656264424324,31.37035179138184,66.22002410888672,67.59,,-0.2698209384179794,mols/page_0012.png,14
3598,[N][C][=Branch1][C][=O][C][C][C][Branch1][Ring1][C][=O][C][Ring1][=Branch1],NC(=O)C1CC(C=O)C1,1.5017904688307009,1.4069523811340332,0.2227744311094284,33.26541519165039,59.16396331787109,60.16,,-0.2699326570824026,mols/page_0180.png,18
966,[N][=C][Branch1][O][C][C][Branch1][C][O][C][Branch1][Ring1][Branch1],CC(O)CC=N,2.031894334095208,2.7577879428863525,0.2508145570755005,26.42818832397461,44.732791900634766,44.08,,-0.272655179596413,mols/page_0049.png,6
1102,[C][C][C][Branch1][C][C][N][C][Ring1][Ring1][C][Ring1][Branch1],CCC12CC(C1)N2,2.1878467081635287,1.4843634366989136,0.3167400360107422,26.693761825561523,14.575008392333984,12.03,,-0.273289799320798,mols/page_0056.png,2
4073,[C][C][=N][C][Branch1][C][N][=N][N][Ring1][=Branch1][C],Cc1nc(N)nn1C,1.3644996950521224,2.4349465370178223,0.225941926240921,29.221704483032227,56.89785385131836,56.73,,-0.274345914893338,mols/page_0204.png,13
805,[C][C][C][O][C][C][Ring1][Ring2][C][Ring1][Ring1],CCC1OC2CC12,2.947846708163529,1.6263597011566162,0.3218438029289245,26.024084091186523,8.78437614440918,9.23,,-0.2770615437742708,mols/page_0041.png,5
2956,[N][C][C][C][Ring1][Branch1][C][C][Branch1][C][N][Ring1][Ring2][C][Ring1][Ring2],NC12CC1C1NCC12,3.384499695052122,1.4599369764328003,0.2877698540687561,27.91310691833496,37.83740234375,38.05,,-0.2772399555063857,mols/page_0148.png,16
116,[C][#C][C][C][C][O][C][Ring1][Branch1][C],C#CC1CCOC1C,2.524499695052122,1.0406343936920166,0.2972566485404968,30.72517204284668,8.688358306884766,9.23,,-0.2773942662957904,mols/page_0006.png,16
463,[N][#C][C][O][C][=Branch1][C][=O],N#CCOC=O,1.5118943340952076,3.857535123825073,0.2821086049079895,18.68573760986328,49.33356857299805,50.09,,-0.2783818040142719,mols/page_0024.png,3
44,[C][C][C][O][C][C][Ring1][Ring2][C][Ring1][Branch1],CCC12CC1CO2,2.447846708163529,1.683720946311951,0.3121654391288757,26.779502868652344,8.790703773498535,9.23,,-0.2785278650780548,mols/page_0003.png,4
3636,[O][C][C][N][C][C][=N][O][C][=Ring1][Branch1][Ring1][Branch2],OC1CNc2cnoc21,1.8217904688307007,3.5711166858673096,0.201277270913124,27.46177673339844,56.59169006347656,58.29,,-0.2799646147307251,mols/page_0182.png,16
4409,[C][Branch1][C][C][C][Branch1][Branch1][C][Branch1][Ring1][C][C][Ring1][Ring1][C][Branch1][Ring2][C][Branch1][O],CC=C(CC)CCC,1.6116396950521226,0.4618184864521026,0.2618941068649292,36.92958831787109,2.5260603427886963,0.0,,-0.2802156100691552,mols/page_0221.png,9
2173,[C][C][C][Branch1][Ring1][C][=O][C][C][Ring1][Ring2][C],CCC1CC(C)C1=O,2.524499695052122,2.4936463832855225,0.217726394534111,32.80538558959961,16.94119644165039,17.07,,-0.2803281016626315,mols/page_0109.png,13
128,[C][C][C][Branch1][C][O][C],CCC(C)O,2.036722980884247,1.4048748016357422,0.335624635219574,24.44791030883789,20.239421844482425,20.23,,-0.2837899662141179,mols/page_0007.png,8
4217,[O][C][Branch1][Ring1][C][Branch1][C][O][C][C][C][Ring1][Ring1][O][Ring1][Branch1][C][Ring1][#Branch1],OC1COOC2CC12,2.9244996950521225,1.6596895456314087,0.304619550704956,25.53202438354492,34.622764587402344,38.69,,-0.2868403421749258,mols/page_0211.png,17
2144,[#C][C][C][Branch1][C][C][C][N][C][Ring1][Branch1][Ring1][=Branch1],CC1C2NCC12C,2.947846708163529,1.5520387887954712,0.2911616563796997,28.59792709350586,17.621238708496094,12.03,,-0.2877771955970366,mols/page_0108.png,4
1004,[C][C][Branch1][C][C][C][N][C][Ring1][Branch1][C][Ring1][Ring2],CC1(C)C2CC1N2,3.187846708163529,1.5065083503723145,0.3175553679466247,26.46063041687012,12.293086051940918,12.03,,-0.288165546942679,mols/page_0051.png,4
4,[N][=C][O][C][C][C][Ring1][Ring1][N][C][C][Ring1][Branch2][Ring1][Ring1],N=C1OC2CC2N2CC12,3.381790468830701,2.6072041988372803,0.2448851764202118,28.0270938873291,35.64851379394531,36.09,,-0.2888921982048753,mols/page_0001.png,4
4488,[C][C][C][=C][C][C][Ring1][Branch1][C][O],CC1C=CCC1CO,2.524499695052122,1.2923426628112793,0.2648169994354248,32.02541732788086,20.34640884399414,20.23,,-0.2897393808352047,mols/page_0225.png,8
92,[O][C][C][C][=C][C][=C][O][C][Ring1][Ring2],OCCC=CC1=COC1,1.521790468830701,2.315091371536255,0.2063080966472625,33.03144073486328,35.96642303466797,29.46,,-0.28978769606246,mols/page_0005.png,12
247,[C][O][C][C][#C][C][=Branch1][C][=O][C][=O],COCC#CC(=O)C=O,1.561790468830701,3.660668134689331,0.1589909046888351,32.23537826538086,44.27549362182617,43.370000000000005,,-0.2906599924486321,mols/page_0013.png,7
3582,[C][C][C][C][=C][Branch1][Ring1][C][O][C][Ring1][#Branch1][O][Ring1][Branch2],CC12CC=C(CO)C1O2,2.4617904688307006,1.2291605472564695,0.2438052147626876,33.47602844238281,32.40338516235352,32.76,,-0.2908212724906504,mols/page_0180.png,2
2486,[O][=C][C][N][C][C][=Branch1][Ring1][=N][O][C][Ring1][Branch2],O=C1CNCC(=NO)C1,1.4817904688307009,2.647481918334961,0.1960119605064392,30.952556610107425,60.23984909057617,61.69,,-0.2924500546189623,mols/page_0125.png,6
1362,[O][=C][C][=C][N][=C][C][Branch1][C][O][=C][Ring1][#Branch1],O=Cc1cncc(O)c1,1.401790468830701,4.2969970703125,0.1783705502748489,27.36802673339844,50.32574081420898,50.19,,-0.293835902258956,mols/page_0069.png,2
469,[C][#C][C][C][C][=Branch1][C][=O][C][Ring1][Branch1][Branch1][C][C][O][Ring1][#Branch1],C#CC12CC(=O)C1(C)O2,2.4617904688307006,2.739455223083496,0.2067974209785461,32.03148651123047,26.852842330932617,29.6,,-0.2940803800224752,mols/page_0024.png,9
3182,[C][C][C][Ring1][Ring1][C][Branch1][Ring1][C][O][C][Ring1][Branch1][C][Ring1][Ring2][C][Ring1],C=C1C(O)C2C1C21CC1,3.2417904688307013,1.59880793094635,0.2470484226942062,32.659420013427734,19.95341682434082,20.23,,-0.2946629830091301,mols/page_0160.png,2
521,[C][N][C][=C][C][Branch1][Ring1][C][O][=C][Ring1][#Branch1][O],Cn1ccc(CO)c1O,1.401790468830701,1.3967214822769165,0.2258448600769043,33.47401428222656,47.27937698364258,45.39,,-0.295991755857259,mols/page_0027.png,1
1373,[C][Branch1][C][C][C][Branch1][Branch1][C][O][C][Ring1][Ring1][C][Ring1][Branch1],C=C(CC)C1CO1,2.007846708163529,2.2078545093536377,0.2450778037309646,30.830379486083984,16.615297317504883,12.53,,-0.2960851723771066,mols/page_0069.png,13
2006,[O][#C][C][#C][C][C][O][C][=Branch1][C][=O][C][=O],O=CC#CCCOC(=O)C=O,1.598091503851731,3.151467084884644,0.1753838807344436,31.37035179138184,56.91946792602539,60.440000000000005,,-0.2973382029622765,mols/page_0101.png,6
597,[#Branch2][#C][=Branch1][C][O][NH1][=N][#C],C=NNCO,1.4967229808842466,2.8575010299682617,0.2483820021152496,25.093036651611328,54.85382843017578,44.620000000000005,,-0.2997325034078794,mols/page_0030.png,17
254,[C][C][C][N][C][C][Ring1][Branch1][C],CC1CNCC1C,2.507846708163529,1.3475408554077148,0.3004463016986847,28.101837158203125,19.004533767700195,12.03,,-0.2999468830530463,mols/page_0013.png,14
1800,[C][#C][C][C][C][Branch1][Ring1][C][C][Ring1][Ring1][C][Ring1][Branch1][C][Ring1][#Branch1],C#CC12CC3C1C32CC,4.2817904688307005,1.0940544605255127,0.2656875848770141,33.926300048828125,1.3477567434310913,0.0,,-0.3020397997258616,mols/page_0091.png,0
3779,[C][C][Branch1][C][C][C][Ring1][Branch1][C][Ring1][Ring1][C][C][O][Ring1][Branch1],C1CC2CC3CC23O1,3.2244996950521227,1.398221492767334,0.3217254877090454,26.45671844482422,8.850017547607422,9.23,,-0.3030508278180657,mols/page_0189.png,19
3010,[C][C][C][C][=N][C][C][C][Ring1][Ring1][O][Ring1][=Branch1],CCCC1=NC2CC2O1,2.4617904688307006,1.069468975067139,0.2626905143260956,32.772438049316406,21.254987716674805,21.59,,-0.3038880773957971,mols/page_0151.png,10
1432,[C][C][Branch1][Ring1][C][Branch1][C][C][C][Ring1][Branch1][O][C][Ring1][#Branch1],CCC1C2COC12,2.947846708163529,1.695202112197876,0.3141310811042785,26.040157318115234,9.705204963684082,9.23,,-0.3046865414712656,mols/page_0072.png,12
74,[O][=C][Branch1][C][O][C][Branch1][Ring1][C][O],O=C(O)CCO,1.5118943340952076,1.2946585416793823,0.2854149341583252,26.74205017089844,58.18301010131836,57.53,,-0.3062053444211821,mols/page_0004.png,14
2893,[C][#C][C][Branch1][C][C][C][Branch1][Ring1][C][C][Ring1][Ring1][C][Ring1][Branch1][C][O],C#CC1=C(CC)C(CO)C1,2.0596683620478218,1.4364219903945925,0.2128911763429641,36.58229446411133,19.31680679321289,20.23,,-0.3090319729410437,mols/page_0145.png,13
1589,[C][C][=C][N][=C][N][Ring1][Branch1][C][C][C][Ring1][Branch1][Ring1][Ring1],Cc1cnc2n1C1CC21,2.301790468830701,3.533787965774536,0.2213436663150787,28.125938415527344,16.559024810791016,17.82,,-0.3093786200714094,mols/page_0080.png,9
1881,[C][Branch1][C][C][C][Branch1][Ring1][C][C][Ring1][Branch1][C][O][C][Ring1][Ring2][C][Ring1],C=C1CCC(=CC)CO1,1.541790468830701,1.666853904724121,0.2393594682216644,33.59464263916016,11.380932807922363,9.23,,-0.3104415264243398,mols/page_0095.png,1
4336,[C][C][=C][C][Branch1][C][C][C][=Branch1][C][=O][C][Ring1][#Branch1],CC1=CC(C)C(=O)C1,2.0244996950521226,2.727680206298828,0.22445610165596,30.716495513916016,17.098491668701172,17.07,,-0.3121259339170373,mols/page_0217.png,16
3534,[C][C][C][Branch1][Ring1][C][Branch1][C][C][Ring1][Branch1][C][Branch1][Ring2][C][Ring1][Ring1][C][Ring1][Ring2],C1C2CC1C1(CC1)C2,2.584499695052122,0.2552484273910522,0.3524735271930694,27.991962432861328,0.4153688549995422,0.0,,-0.3155516272209373,mols/page_0177.png,14
1202,[C][#C][C][Branch1][C][C][C][C][C][C][Ring1][Ring1][Ring1][=Branch1],C#CC1(C)CC2CC21,2.9844996950521225,0.7110598087310791,0.3053299188613891,31.152013778686523,-0.0007111469749361,0.0,,-0.3164310713787296,mols/page_0061.png,2
774,[C][C][=Branch1][C][=O][N][C][C][Branch1][C][C][C][Ring1][Branch1][=N],CC(=O)N1CC(C)C1=N,2.001790468830701,0.8632945418357849,0.2381839156150818,33.97101593017578,45.787872314453125,44.16,,-0.3165218532958699,mols/page_0039.png,14
1504,[N][#C][C][C][C][C][Ring1][Ring2][C][=Branch1][C][=O][C][Ring1][#Branch1],N#CC12CCC1C(=O)C2,2.4617904688307006,2.8504159450531006,0.2169364541769027,29.157739639282227,40.49887466430664,40.86,,-0.3173087450059265,mols/page_0076.png,4
638,[O][=C][C][N][=C][O][C][C][C][Ring1][Branch2][Ring1][Ring1],O=C1CN=COC2CC12,2.4417904688307006,3.139885187149048,0.2165360450744629,28.25215721130371,38.66646957397461,38.66,,-0.3179888903572745,mols/page_0032.png,18
3505,[O][C][C][O][C][=C][N][=C][O][Ring1][Branch1],OCCOc1cnco1,1.381790468830701,1.8991986513137813,0.2355494201183319,29.58307266235352,55.96394348144531,55.49,,-0.3183741522877738,mols/page_0176.png,5
4404,[C][C][C][O][C][=Branch1][C][=O][C][Branch1][C][N][=N][Ring1][Branch2],CC1COC(=O)C(N)=N1,1.981790468830701,2.241582155227661,0.196895882487297,31.70674514770508,63.26823806762695,64.68,,-0.3190321631620839,mols/page_0221.png,4
1048,[C][C][=N][O][C][Branch1][=Branch1][C][C][C][Ring1][Ring1][=N][Ring1][Branch2],Cc1noc(C2CC2)n1,1.341790468830701,1.8727238178253167,0.2476387172937393,29.7777099609375,38.15541076660156,38.92,,-0.3199526562906603,mols/page_0053.png,8
1531,[O][=C][C][C][C][C][O][C][Ring1][=Branch1][C][Ring1][Branch1][Ring1][#Branch1],O=CC12CC3COC1C32,3.401790468830701,3.419579267501831,0.219229519367218,27.784542083740234,25.9559268951416,26.3,,-0.3256233513422204,mols/page_0077.png,11
2,[F][CH1-1][N],N[CH-]F,1.489198172576634,2.5794177055358887,0.2950840592384338,21.74291038513184,43.90890502929688,26.02,,-0.3261676544124447,mols/page_0001.png,2
90,[C][#C][C][Branch1][C][C][C][Branch1][Ring1][C][Branch1][=Branch1][C][Ring1][Ring1][C][Ring1],C#CC(C)C1CC1=C,2.544499695052122,0.7777078151702881,0.2576465904712677,35.50678634643555,1.5797982215881348,0.0,,-0.3267995864271252,mols/page_0005.png,10
1437,[C][#C][C][O][C][Ring1][Ring2][C][Ring1][Ring1][C],C#CCOCCC,1.5678467081635288,1.2374027967453003,0.2903641760349273,29.80350685119629,9.829967498779297,9.23,,-0.3272524767277733,mols/page_0072.png,17
2039,[C][C][C][Ring1][Ring2][C][C][O][C][Ring1][Branch1],C1CC2(CC2)CO1,1.767846708163529,1.5584458112716677,0.3331640660762787,24.27694320678711,9.07213306427002,9.23,,-0.3272882577998243,mols/page_0102.png,19
29,[#C][C][#C][N][#C][=C][N][=C][Branch1][Branch1][Ring2][=N][=NH2+1][C-1][#N],NC1=NC=C=NC#CC1,1.5017904688307009,3.365567922592163,0.1772131919860839,29.955772399902344,55.95193099975586,50.74,,-0.3284304988038676,mols/page_0002.png,9
2342,[C][Branch1][C][C][Branch1][Branch1][C][N][C][C][C][Ring1][Ring2][C][Ring1][Ring1],CC1CN2CCCC12,2.464499695052122,1.3849810361862185,0.2953321635723114,29.197406768798828,3.6360409259796143,3.24,,-0.3285906357068605,mols/page_0118.png,2
1534,[C][#C][C][Branch1][C][C][C][Branch1][Branch1][C][N][C][Ring1][Branch1],C#CC1CCNCC1,1.5244996950521223,1.1509662866592407,0.2863078713417053,29.962646484375,16.683469772338867,12.03,,-0.3305763930117306,mols/page_0077.png,14
4083,[C][Branch1][Ring1][C][C][C][Branch1][C][C][Ring1][Branch1][C][O][C][Ring1][Ring2],CCC=C1CCOC1,1.5244996950521223,1.6838685274124146,0.2523869276046753,31.953956604003903,9.96649169921875,9.23,,-0.3319281536406467,mols/page_0205.png,3
2219,[C][O][C][=N][C][Branch1][C][O][=C][Branch1][C][C][O][Ring1][#Branch1],COc1nc(O)c(C)o1,1.381790468830701,1.4826291799545288,0.226567268371582,31.93826103210449,54.17020034790039,55.49,,-0.3338576209554009,mols/page_0111.png,19
1050,[C][C][C][Branch1][C][C][O][C][Ring1][Branch1],CC1COC1C,2.491894334095208,1.709475040435791,0.325228750705719,24.34024810791016,9.680913925170898,9.23,,-0.3360846362514725,mols/page_0053.png,10
1807,[C][#C][C][C][Branch1][Ring1][C][Branch1][C][C][Ring1][Ring1][C][Ring1][Ring2][C][Ring1][=Branch1],C#CC1CC=C1CC,2.0444996950521226,0.7713857293128967,0.2578904330730438,35.43010711669922,0.4717956185340881,0.0,,-0.3366401459613241,mols/page_0091.png,7
3532,[O][=C][C][C][Branch1][Branch1][C][C][Ring1][Ring1][C][O][C][Ring1][Branch2][Ring1][Ring1],O=C1CC2(CC2)C2OC12,2.7217904688307013,3.2195353507995605,0.2103830277919769,29.02445602416992,28.672027587890625,29.6,,-0.3381360740757064,mols/page_0177.png,12
735,[C][O][C][C][C][C][=Branch1][C][=O][C][Ring1][=Branch1][O][Ring1][=Branch1],COC1C2CC(=O)C1O2,3.681790468830701,2.9567604064941406,0.2074298858642578,29.827781677246094,34.82113265991211,35.53,,-0.3384969727251704,mols/page_0037.png,15
3445,[C][#C][C][C][Branch1][C][C][C][Ring1][Branch1][C][Ring1][Ring1][C][Ring1][Ring2],C#CCC1CC2CC12,2.9844996950521225,0.8747953176498413,0.3087468445301056,29.785829544067383,0.3356688022613525,0.0,,-0.3399030914092216,mols/page_0173.png,5
3460,[C][C][C][N][=C][O][C][Ring1][Branch1][C][Ring1][=Branch1][O],CCC12N=COC1C2O,2.9417904688307006,1.0595369338989258,0.2512261867523193,31.718721389770508,41.901798248291016,41.82,,-0.3461974031291545,mols/page_0174.png,0
2774,[C][C][Branch1][Ring1][C][Branch1][Branch1][C][O][C][C][Ring1][Ring2][C][Ring1][Ring1],C=C1CCOC(C)C1,2.0244996950521226,1.3237957954406738,0.2588306665420532,32.36408996582031,10.096636772155762,9.23,,-0.3477437186682873,mols/page_0139.png,14
2578,[C][C][=C][NH1][C][=Branch1][C][=O][NH1][C][Ring1][#Branch1][=N],Cc1c[nH]c(=O)[nH]c1=N,1.381790468830701,2.174078702926636,0.2015998661518097,30.34793281555176,71.62564086914062,72.5,,-0.3490542976747541,mols/page_0129.png,18
148,[C][#C][C][C][C][Ring1][Branch1][C][C],CCC1C#CCC1,2.027846708163529,0.7994251847267151,0.2853783965110779,32.19701385498047,1.1749356985092163,0.0,,-0.3523397284463109,mols/page_0008.png,8
33,[C][C][C][Branch1][C][C][Ring1][Branch1][C][Ring1][C][C],CC1CC12CC2,2.271894334095208,0.2210417985916137,0.3538908958435058,27.33359909057617,0.7826152443885803,0.0,,-0.3532128822443739,mols/page_0002.png,13
2773,[N][#C][C][C][=C][C][Branch1][C][N][=N][O][Ring1][=Branch1],N#CCc1cc(N)no1,1.381790468830701,1.6757382154464722,0.2291543781757354,29.126989364624023,73.89615631103516,75.84,,-0.3535133149864123,mols/page_0139.png,13
1870,[O][=C][C][N][=C][N][C][=N][C][Ring1][Branch2][Ring1][Branch1],O=C1CN=C2NC=NC12,1.921790468830701,3.704413414001465,0.2068508565425872,25.54172134399414,51.94140625,53.82,,-0.3543393531388457,mols/page_0094.png,10
1941,[C][#C][C][C][C][O][C][Ring1][Branch1][C][C][Ring1],C#CC1CCOC1C=C,2.5417904688307007,1.2622979879379272,0.2617471814155578,32.18048858642578,9.584156036376951,9.23,,-0.3571063532696903,mols/page_0098.png,1
3574,[C][Branch1][Ring1][C][Branch1][C][C][C][Ring1][Ring1][C][Ring1][Branch1][C][Ring1][Ring2][C][Branch1][Branch1][C],CCC1CC2C3C1C23,3.764499695052123,0.2610426247119903,0.3275853395462036,29.9262638092041,-0.7705709934234619,0.0,,-0.357900170119251,mols/page_0179.png,14
3175,[C][Branch1][C][O][C][Branch1][Ring1][C][O][Ring1][Ring1][C][Ring1][=Branch1],OCC1=C(O)C1,1.4718943340952075,1.817759871482849,0.2378133237361908,29.404903411865234,50.80225372314453,40.46,,-0.3579669980664807,mols/page_0159.png,15
3443,[O][C][C][C][Ring1][Branch1][C][Branch1][C][C][Branch1][Ring1][C][Ring1][Ring2],CC1CC12CCO2,2.7678467081635287,1.6168454885482788,0.3037078380584717,26.59319496154785,8.914839744567871,9.23,,-0.3580986026262629,mols/page_0173.png,3
656,[C][C][C][O][C][C][Ring1][Branch1][C][Ring1][Ring1],CC1COC2CC12,2.947846708163529,1.6162439584732056,0.3157865405082702,25.35304069519043,8.872480392456055,9.23,,-0.358497061792855,mols/page_0033.png,16
1018,[C][C][C][Branch1][C][C][Ring1][Ring1][C][C],CCC1(C)CC1,1.5118943340952076,0.2211624234914779,0.3491236567497253,27.668487548828125,1.265220046043396,0.0,,-0.360401951366378,mols/page_0051.png,18
341,[C][C][C][=C][C][Branch1][C][N][=C][NH1][Ring1][=Branch1],CCc1cc(N)c[nH]1,1.4044996950521225,1.8007513284683228,0.2235175818204879,31.579923629760746,41.84668350219727,41.81,,-0.3604153010410442,mols/page_0018.png,1
364,[C][C][C][Branch1][C][N][=C][N][C][=Ring1][=Branch1][C][C][Ring1][Ring2],Cc1c(N)cn2c1CC2,1.361790468830701,1.7165957689285278,0.2206098288297653,32.97401809692383,31.57770347595215,30.95,,-0.3605640322045172,mols/page_0019.png,4
2194,[C][C][C][=N][C][=Branch1][C][=N][O][C][=Ring1][#Branch1][O],Cc1cnc(=N)oc1O,1.381790468830701,3.3552920818328857,0.1659974306821823,29.61482048034668,68.64413452148438,70.11,,-0.3628286588075704,mols/page_0110.png,14
1410,[N][C][=N][O][C][C][=C][O][C][Ring1][Branch2][=Ring1][Branch1],Nc1noc2ccoc12,1.2217904688307009,3.17964243888855,0.2115196138620376,25.987911224365234,63.52066802978516,65.19,,-0.3629174529896379,mols/page_0071.png,10
62,[N][#C][C],CC#N,1.509198172576634,3.739722490310669,0.3627208769321441,11.37568473815918,24.212553024291992,23.79,,-0.3644949727808394,mols/page_0004.png,2
473,[C][C][=N][C][=C][C][=Branch1][C][=O][N][Ring1][#Branch1][C],Cc1nccc(=O)n1C,1.401790468830701,2.968829870223999,0.1941170692443847,30.713274002075195,34.443443298339844,34.89,,-0.3670698898338742,mols/page_0024.png,13
318,[O][=C][C][C][C][O],O=CCCCO,1.5318943340952076,3.4380788803100586,0.2277479469776153,25.26547241210937,37.68255233764648,37.3,,-0.3674370970212483,mols/page_0016.png,18
3996,[C][C][C][C][C][Branch1][=Branch1][C][C][Ring1][=Branch1][=O][O][Ring1][Branch2],CC12CCC(CC1=O)O2,3.261790468830701,2.506536960601806,0.2155140340328216,30.860021591186523,26.16488265991211,26.3,,-0.3676473578215924,mols/page_0200.png,16
1867,[O][N][=C][C][C][=C][C][O][C][Ring1][#Branch1],ON=C1CC=CCOC1,1.5017904688307009,1.2355297803878784,0.2422040402889251,31.610307693481445,42.18251800537109,41.82000000000001,,-0.3682576909968423,mols/page_0094.png,7
1791,[C][C][C][Branch1][C][C][#C][C][Ring1][Ring1][C][O][C][C][Ring1][=Branch1],CCC1=C2CCOCC2C1,1.9996683620478213,1.212588906288147,0.2488020956516266,33.54856872558594,8.756296157836914,9.23,,-0.3699073603968782,mols/page_0090.png,11
3464,[N][C][=C][N][=C][Branch1][C][O][C][Branch1][C][O][=N][Ring1][Branch2],Nc1cnc(O)c(O)n1,1.361790468830701,2.6566500663757324,0.1700560599565506,30.073562622070312,88.96363830566406,92.26,,-0.3731101666923209,mols/page_0174.png,4
332,[=C][O-1][NH2+1][Branch1][F][CH1-1][N+1][=NH2+1][N+1][NH1+1][C-1][O-1][F][=NH2+1][O-1][=N+1][NH3+1][=NH2+1][C-1][=N+1],C[O-],1.4972360217868288,2.4211082458496094,0.2779909670352936,24.63863754272461,26.64284896850586,23.06,,-0.3733578643219079,mols/page_0017.png,12
3250,[C][C][=C][C][=C][Branch1][Ring2][C][C][=O][O][Ring1][Branch2],Cc1ccc(CC=O)o1,1.421790468830701,3.0028939247131348,0.1868834644556045,31.446060180664062,31.43345069885254,30.21,,-0.3740204120699554,mols/page_0163.png,10
1660,[C][#C][C][Branch1][Ring1][C][Branch1][C][C][C][Branch1][Branch1][C][Branch1][N][C][Ring1][Branch1][C][Ring1],C#CC1CCC(=C)C1C,2.5617904688307007,0.7505620718002319,0.2530854940414428,35.277469635009766,1.7664226293563845,0.0,,-0.3750369106299492,mols/page_0084.png,0
2870,[C][C][C][C][C][Branch1][Ring1][C][=O][C][N][Ring1][Branch2][Ring1][#Branch1],CC1C2CC(C=O)CN12,3.461790468830701,2.4533591270446777,0.2041826844215393,32.574859619140625,19.884424209594727,20.08,,-0.3753799128179878,mols/page_0144.png,10
1479,[C][O][C][C][C][Ring1][Ring1][C][Branch1][Ring1][Branch1],COC1CC1C,2.491894334095208,0.9872624278068542,0.3326294124126434,25.691123962402344,8.448789596557617,9.23,,-0.3772000402226322,mols/page_0074.png,19
2695,[O][C][C][C][O][C][=N][C][Ring1][#Branch1][Ring1][=Branch1],OC1C2COC=NC12,2.9244996950521225,2.7421789169311523,0.2493916749954223,25.02727127075196,42.99153137207031,41.82,,-0.3796153869479908,mols/page_0135.png,15
2622,[C][C][C][Ring1][Branch1][C][C][Branch1][C][O][C][Ring1][Ring1][C][C][N][Ring1][Branch1],C1=C(CC2CC2)ONCC1,1.4796683620478217,1.1101871728897097,0.2528761327266693,32.94694137573242,13.659476280212402,21.26,,-0.3815503331003885,mols/page_0132.png,2
2103,[C][C][C][=C][C][=Branch1][C][=O][C][Ring1][=Branch1][C][Ring1][#Branch1][N][Ring1][#Branch1],CC12C3=CC(=O)C1C2N3,2.901790468830701,4.438723564147949,0.1574887037277221,29.234603881835938,28.219770431518555,29.1,,-0.3824419090888161,mols/page_0106.png,3
2678,[O][=C][C][=C][C][C][N][C][Ring1][Ring1][C][Ring1][Branch2][Ring1][Branch1],O=C1C=CC2C3NC3C12,3.401790468830701,4.209136486053467,0.1825379580259323,26.805458068847656,37.30355453491211,39.010000000000005,,-0.3835350415564038,mols/page_0134.png,18
553,[C][C][C][O][C][C][Ring1][Ring2],CCC1CCO1,1.991894334095208,1.6212778091430664,0.3264074623584747,23.762102127075195,9.293304443359377,9.23,,-0.3862168694710336,mols/page_0028.png,13
1718,[C][C][C][Branch1][C][C][Ring1][Ring2][C][C][N][Ring1][Ring2],C1CC2(CC2)CN1,1.767846708163529,1.322236180305481,0.3117752373218536,25.66244125366211,18.42759132385254,12.03,,-0.3870450266592372,mols/page_0086.png,18
2518,[C][C][C][Branch1][Ring1][C][C][Ring1][Branch1][C][C][=Branch1][C][Ring1][=Branch1],CCC12CCC1C2,2.467846708163529,0.3657439053058624,0.3359044790267944,28.054244995117188,1.0038241147994995,0.0,,-0.3882840345663976,mols/page_0126.png,18
1352,[C][#C][C][C][Branch1][Ring1][C][O][C][Ring1][Branch1][C][Ring1][Ring1][C][Ring1][=Branch1],C#CC1C2C3CC12CO3,4.5817904688307,1.6501544713974,0.2678759098052978,29.642560958862305,9.05119514465332,9.23,,-0.3884015023697738,mols/page_0068.png,12
283,[C][C][=C][O][C][Branch1][Ring1][C][N][=N][Ring1][#Branch1],Cc1coc(CN)n1,1.3844996950521224,1.8238710165023804,0.2385598123073578,28.61264991760254,53.32584762573242,52.05,,-0.3887325795157401,mols/page_0015.png,3
83,[C][O][C][C][C][O][Ring1][Ring2],COC1CCO1,1.971894334095208,1.3117101192474363,0.3282054960727691,23.749818801879883,21.102615356445312,18.46,,-0.3908328931955904,mols/page_0005.png,3
1140,[C][C][Branch1][C][C][C][Ring1][Ring2][C][C],CCC1CC1C,2.511894334095208,0.1692832559347152,0.3565435409545898,26.70702362060547,-0.0959039404988288,0.0,,-0.3909972188808844,mols/page_0058.png,0
4498,[C][C][#C][C][N][C][=Branch1][C][=O][C][=O],CC#CCNC(=O)C=O,1.561790468830701,2.5426740646362305,0.1704017668962478,33.321285247802734,47.70057678222656,46.17,,-0.3913574972743268,mols/page_0225.png,18
40,[C][C][O][C][Ring1][Ring1][C][=C][C][Ring1][=Branch1][C][O],CC12OC1C=CC2CO,2.9617904688307006,0.8852589130401611,0.2424448877573013,33.22078323364258,32.64906311035156,32.76,,-0.3926109358185007,mols/page_0003.png,0
2826,[C][C][C][Branch1][Ring1][C][C][N][C][C][Ring1][Ring1][C][Ring1][Branch1][C][Ring1][Ring2][C][Ring1],C=C1C2CCC(CC)N3C1C23,3.978091503851731,1.1967023611068726,0.2510680556297302,33.62133026123047,0.675452709197998,3.01,,-0.3927938382113342,mols/page_0142.png,6
1129,[C][C][C][=N][NH1][N][=N][C][Ring1][=Branch1][=N],CCc1n[nH]nnc1=N,1.361790468830701,2.6707963943481445,0.1762524247169494,29.95393943786621,77.15478515625,78.31,,-0.3937012464286376,mols/page_0057.png,9
1713,[C][=C][C][C][Branch1][Ring2][C][Ring1][Branch1][C][N][=C][O][Ring1][=Branch1],C1=CCC2(C1)CN=CO2,1.7817904688307011,1.934702754020691,0.2606290578842163,28.30801582336425,21.1579532623291,21.59,,-0.3942169732678595,mols/page_0086.png,13
881,[C][C][=C][C][Branch1][Branch1][C][C][O][C][Ring1][Branch1],COCCC1C=CC1,2.0244996950521226,0.9762925505638124,0.2655260264873504,32.22956466674805,9.704875946044922,9.23,,-0.3950705130345997,mols/page_0045.png,1
1947,[N][C][O][C][C][C][Ring1][Branch1][C][Ring1][Ring2][C][Ring1][Ring1][Ring1][Ring2],NC1OC2C3C4C2C134,4.9244996950521225,1.631266951560974,0.2950894236564636,25.105144500732425,31.10250663757324,35.25,,-0.3963468660732066,mols/page_0098.png,7
2727,[O][N][=C][C][C][C][=Branch1][Ring1][=N][O][C][Ring1][#Branch1],ON=C1CCC(=NO)C1,1.4817904688307009,0.5242289900779724,0.2365896999835968,32.638160705566406,64.82208251953125,65.18,,-0.3965595176827916,mols/page_0137.png,7
1680,[C][Branch1][C][C][C][Branch1][Ring1][C][O][C][Ring1][Ring1][C][Ring1][Branch1][C][Ring1][Ring2][C][Ring1],C=C1OC2C3C1C23CC,4.261790468830701,1.7350136041641235,0.2433591336011886,31.51499938964844,11.549324035644531,9.23,,-0.3967891016312281,mols/page_0085.png,0
21,[C][O][C][C][N][C][C][Ring1][Ring2][Branch1][Ring2][O][Ring1][Branch2][C][Ring1][#Branch1][Ring1][Branch1],C1OC2C3N4CC3(O1)C24,4.861790468830701,1.3241448402404783,0.3170493245124817,24.803756713867188,20.39004898071289,21.700000000000003,,-0.3969169978555126,mols/page_0002.png,1
554,[C][O][C][C][=C][N][=N][C][=N][Ring1][=Branch1],COCc1cnncn1,1.381790468830701,3.790437936782837,0.1697428077459335,28.69272994995117,46.962039947509766,47.900000000000006,,-0.3984674833143666,mols/page_0028.png,14
316,[C][C][Branch1][Ring1][C][=O][C][N][=C][O][C][Ring1][Branch1][Ring1][Branch2],CC1(C=O)C2N=COC21,2.9417904688307006,2.408627510070801,0.2195180803537368,29.35975646972656,38.07208633422852,38.66,,-0.4010382038799244,mols/page_0016.png,16
870,[N][=C][C][C][C][O][C][Ring1][Branch1][Ring1][Ring2],N=CC1C2COC12,2.927846708163529,3.184997797012329,0.2590028047561645,22.66049766540528,34.71486282348633,33.08,,-0.4022722006073269,mols/page_0044.png,10
2679,[C][#C][C][O][C][C][Ring1][Ring2][C][Ring1][Branch1][Branch1][C][C][O],C#CC12OCC1C2(C)O,2.9617904688307006,0.6963924169540405,0.237103670835495,34.44514846801758,30.919353485107425,29.46,,-0.4023208399648982,mols/page_0134.png,19
2038,[C][#C][C][Branch1][Ring1][C][C][C][Ring1][Branch1][C][Ring1][Ring2][C][Ring1][=Branch1],C#CC12CC(C1)C2C,2.7244996950521227,0.7912481427192688,0.2998578250408172,30.01827621459961,-0.0736614689230918,0.0,,-0.4027515678244721,mols/page_0102.png,18
229,[N][C][C][C][Branch1][C][C][Ring1][Branch1][C],CC1(C)CCN1,1.4918943340952076,1.3412079811096191,0.3089760541915893,25.83618927001953,15.280258178710938,12.03,,-0.4045004852725081,mols/page_0012.png,9
1037,[C][#C][C][C][Branch1][C][C][C][N][Ring1][Ring1],C#CCC1CNC1,1.5078467081635287,1.715489387512207,0.2721059918403625,27.77691650390625,20.259599685668945,12.03,,-0.4088056858899018,mols/page_0052.png,17
1446,[C][C][C][O][C][C][Ring1][Ring2][C][Ring1][=Branch1],CC1CC2COC12,2.947846708163529,1.765278697013855,0.3104359805583954,24.48387336730957,9.422521591186523,9.23,,-0.4090912496745099,mols/page_0073.png,6
237,[C][N][C][=C][O][Branch1][=Branch1],CNC=CO,1.5167229808842466,2.891227960586548,0.2260032296180725,26.6147689819336,40.10123062133789,32.26,,-0.4090976352346068,mols/page_0012.png,17
349,[C][C][C][O][C][C][Ring1][Ring2][C][C][Ring1][Ring2][N][Ring1][Branch2][Ring1][Ring1],CC1C2OC3C2C2C3N12,4.9417904688307015,1.866889476776123,0.2802545428276062,26.97991943359375,11.95411777496338,12.24,,-0.4108766691037852,mols/page_0018.png,9
699,[C][#C][C][C][O][C][=Branch1][C][=N][C][Ring1][=Branch1][Ring1][Branch1],C#CC1C2OC(=N)C12,2.9444996950521225,2.4001708030700684,0.2570247650146484,25.737667083740234,33.28272247314453,33.08,,-0.4116249853779177,mols/page_0035.png,19
1052,[C][O][C][=C][N][=C][Branch1][Ring1][O][C][O][Ring1][#Branch1],COc1cnc(OC)o1,1.381790468830701,1.3999360799789429,0.2387505322694778,30.45691299438477,44.46271133422852,44.49,,-0.4127070013914448,mols/page_0053.png,12
1298,[C][O][C][Branch1][C][C][C][O][N][Ring1][Ring2],COC1CNOC1,1.967846708163529,2.02888298034668,0.306124210357666,22.522401809692383,27.18874740600586,30.49,,-0.4131078997321618,mols/page_0065.png,18
1170,[C][C][Branch1][C][C][C][Ring1][Ring2][C][C][O][Ring1][Branch1],C1CC2CC2CO1,2.447846708163529,1.380542874336243,0.3283483982086181,23.98900985717773,9.604110717773438,9.23,,-0.4135925944899693,mols/page_0059.png,10
4005,[C][O][C][=Branch1][C][=O][C][C][N][Ring1][Ring1],COC(=O)C1CN1,1.967846708163529,2.2223801612854004,0.2618525922298431,24.64523124694824,48.66900253295898,48.24,,-0.4166103946698755,mols/page_0201.png,5
259,[C][C][C][O][C][C][Branch1][Ring2][O][Ring1][#Branch1][C][Ring1][Ring2][O][Ring1][#Branch1],C1CC2OC3C(O1)C3O2,4.021790468830701,1.3188271522521973,0.2963014245033264,26.0527572631836,27.916793823242188,27.69,,-0.4168300772477195,mols/page_0013.png,19
2274,[O][=C][N][C][=C][C][C][C][Ring1][#Branch1][C][Ring1][Ring2],O=C1NC=CC2CC1C2,2.2017904688307013,2.948991775512696,0.2098049223423004,28.78595924377441,28.92179298400879,29.1,,-0.4171604150539711,mols/page_0114.png,14
1257,[C][#C][C][C][C][Ring1][Ring1][C][Branch1][C][O],C#CC1CC1CO,2.507846708163529,1.3151415586471558,0.284324437379837,27.84532356262207,20.410140991210938,20.23,,-0.4183082325761443,mols/page_0063.png,17
3227,[C][C][Branch1][C][C][C][Ring1][Ring2][C][C][N][Ring1][Branch1][C][Ring1][Ring1],C1C2CC3CN3CC12,3.404499695052122,1.3945268392562866,0.3037649691104889,26.795385360717773,3.815330743789673,3.01,,-0.4201430309939062,mols/page_0162.png,7
4312,[O][=C][C][C][=C][C][Ring1][Branch1][Branch1][C][O][C][=C][Ring1][#Branch1],O=C1C2C=CC1(O)C=C2,2.261790468830701,2.269803762435913,0.2277865707874298,28.81879615783692,36.35880661010742,37.3,,-0.4219403758943445,mols/page_0216.png,12
1894,[N][=C][C][C][C][Branch1][C][C][O][C][Ring1][Ring1][C][=O],N=CCCC1CC(C=O)O1,2.5196683620478213,1.4943962097167969,0.207154095172882,32.70682144165039,50.83673095703125,50.150000000000006,,-0.4221218701096521,mols/page_0095.png,14
3453,[O][#C][C][Branch1][C][C][C][Ring1][Branch1][C][Branch1][Ring1][C][O][C][Ring1],CC(C=O)CC1COC1,2.021790468830701,1.0396959781646729,0.2228407114744186,34.53592300415039,27.60117149353028,26.3,,-0.4238861735304029,mols/page_0173.png,13
4070,[C][N][C][N][=C][C][=Branch1][C][=O][NH1][N][=Ring1][#Branch1],CNc1ncc(=O)[nH]n1,1.361790468830701,3.951655864715576,0.1344727575778961,29.58473396301269,69.25531768798828,70.67,,-0.4244396395300771,mols/page_0204.png,10
1118,[C][C][O][C][C][C][N][C][Ring1][#Branch1][C][Ring1][=Branch1][Ring1][Ring1],CC1OC2CCN3C1C23,3.901790468830701,0.4214523136615753,0.3059506118297577,29.4447021484375,12.602560997009276,12.24,,-0.424488479889686,mols/page_0056.png,18
530,[C][C][C][O][C][Ring1][Ring1],CCC1CO1,1.9767229808842468,1.819848775863648,0.3484469056129455,19.816972732543945,13.491790771484377,12.53,,-0.4246794869921512,mols/page_0027.png,10
2712,[N][=C][Branch1][C][O][C][C][Ring1][Branch1][Ring1][Branch1][C],CC1CC(O)=N1,1.971894334095208,1.4182207584381104,0.2725520133972168,27.14930725097656,38.720584869384766,32.59,,-0.4257017090946901,mols/page_0136.png,12
3579,[C][N][C][C][Branch1][Ring1][C][=O][C][C][Ring1][#Branch1][Ring1][Branch1],CN1CC2(C=O)CC12,2.444499695052122,3.374174356460572,0.201405718922615,28.555652618408203,20.55826187133789,20.31,,-0.426487892618154,mols/page_0179.png,19
210,[C][O][C][Branch1][C][C][C],COC(C)C,1.5367229808842466,1.1125952005386353,0.3333556056022644,24.26664924621582,9.317240715026855,9.23,,-0.4275248614223984,mols/page_0011.png,10
2289,[O][=C][C][C][C][C][O][C][Ring1][=Branch1][C][Ring1][#Branch1],O=CC12CCCOC1C2,2.4617904688307006,1.933804273605347,0.224578857421875,31.04427146911621,26.3685302734375,26.3,,-0.4291052777036516,mols/page_0115.png,9
671,[C][O][C][=Branch1][C][=O][N][C][=C][C][C][Ring1][Branch1],COC(=O)N1C=CCC1,1.5017904688307009,1.976121544837952,0.2154308259487152,31.624940872192383,28.626930236816406,29.54,,-0.4308174101840744,mols/page_0034.png,11
1526,[N][C][C][C][Branch1][C][C][=C][C][Ring1][Ring1][C][Ring1][Ring2],NCCC1=CC2CC12,2.464499695052122,1.4843512773513794,0.2285359650850296,31.722829818725582,32.77006149291992,26.02,,-0.4350228729230058,mols/page_0077.png,6
3580,[C][O][C][C][=C][C][=Branch1][C][=N][O][Ring1][=Branch1],COC1C=CC(=N)O1,1.9844996950521223,2.9239370822906494,0.2192247062921524,26.55752944946289,42.64379501342773,42.31,,-0.4359665236913065,mols/page_0180.png,0
267,[C][#C][C][C][C][Branch1][C][C],C#CCCCC,1.5718943340952076,0.91041100025177,0.3199643194675445,26.94705581665039,0.0413296967744827,0.0,,-0.4370195715458829,mols/page_0014.png,7
2048,[O][=C][C][C][C][C][C][Ring1][Ring2][C][Ring1][=Branch1][C][Ring1][Branch1][Ring1][#Branch1],O=CC12C3C4CC3C1C42,3.4617904688307006,3.246032238006592,0.2219365239143371,27.0324764251709,16.707157135009766,17.07,,-0.438038936405809,mols/page_0103.png,8
226,[C][O][C][C][O][C][Ring1][Ring2][Branch1][Ring1][C][=O][C][Ring1][#Branch1],COC12COC1(C=O)C2,2.4417904688307006,2.387601613998413,0.1932964026927948,31.74176406860352,35.163841247558594,35.53,,-0.4384946874523028,mols/page_0012.png,6
2476,[C][=C][C][O][C][C][Ring1][Ring2][=C][C][C][Ring1][=Branch2],C1=CC2OCC2=CCC1,1.981790468830701,1.924009203910828,0.2427243739366531,30.27083396911621,9.906850814819336,9.23,,-0.4418691981490765,mols/page_0124.png,16
707,[=C][N][=C][=C][Branch1][=Branch1][C][=Branch1][=C][C][=O][C][=C],CN=C=CCC=O,1.5478467081635288,2.646188735961914,0.2005674690008163,30.09325408935547,33.492637634277344,29.43,,-0.4427655659461599,mols/page_0036.png,7
1654,[C][#C][C][Branch1][Ring1][C][O][C][=O][C][=O],C#CC(C=O)CO,2.047846708163529,2.799539566040039,0.2207556068897247,27.087875366210938,37.91106033325195,37.3,,-0.4443912101215709,mols/page_0083.png,14
3858,[C][N][C][=C][C][Branch1][Ring1][C][O][=N][Ring1][#Branch1],Cn1ccc(CO)n1,1.3844996950521224,1.4582452774047852,0.2556249499320984,28.45736694335937,38.33681488037109,38.05,,-0.4447233314146591,mols/page_0193.png,18
91,[O][=C][C][N][C][C][N][Branch1][Ring2][C][Ring1][Ring2][C][Ring1][Branch2][Ring1][Branch1],O=C1CNC23CN(C2)C13,3.041790468830701,3.604823112487793,0.189624473452568,27.57404136657715,34.03467559814453,32.34,,-0.4450909689904807,mols/page_0005.png,11
4123,[C][Branch1][C][C][C][Ring1][Ring1][C][C][O][C][Ring1][Branch1][C][Ring1][#Branch1][C],CC1CC=C2CCOC21,2.4817904688307006,1.2417594194412231,0.2512173652648926,31.90119171142578,9.62742519378662,9.23,,-0.4452654595136824,mols/page_0207.png,3
559,[C][C][C][O][C][O][Ring1][Branch1],CC1COCO1,1.971894334095208,1.347316861152649,0.3360792994499206,22.09410858154297,18.57986831665039,18.46,,-0.4467454705327208,mols/page_0028.png,19
3449,[C][#C][C][=Branch1][C][=O][C][C][C][C][C][Ring1][Ring2][Ring1][Branch1],C#CC(=O)C1C2CCC21,2.4817904688307006,2.9173343181610107,0.1939503401517868,30.910520553588867,17.439741134643555,17.07,,-0.4477977234515257,mols/page_0173.png,9
1678,[O][=C][N][C][C][C][C][=C][Ring1][#Branch1][C][Ring1][Branch1][Ring1][=Branch1],O=C1NC2C3CC=C1C32,2.901790468830701,3.875162363052368,0.1946526616811752,26.39834213256836,28.78549575805664,29.1,,-0.4485793059572852,mols/page_0084.png,18
1954,[C][C][C][Branch1][Ring1][C][Branch1][C][C][Ring1][Branch1][C][Ring1][Ring2][C][Ring1][Ring1][C][Ring1][#Branch1],C1CC23CC1CC2C3,4.044499695052123,0.3135046660900116,0.337670087814331,27.094621658325195,0.8082743287086487,0.0,,-0.4490591669236938,mols/page_0098.png,14
1548,[C][C][=Branch1][C][=O][C][=Branch1][C][=O][C][Branch1][C][C][Branch1][C][C][O],CC(=O)C(=O)C(C)(C)O,1.561790468830701,1.487449049949646,0.1504017114639282,37.761993408203125,55.42122268676758,54.370000000000005,,-0.4493355654496246,mols/page_0078.png,8
1933,[C][C][O][C][=C][NH1][C][=N][Ring1][Branch1],CCOc1c[nH]cn1,1.3844996950521224,2.4042909145355225,0.2280349284410476,27.728578567504883,37.63605880737305,37.91,,-0.4506941889313056,mols/page_0097.png,13
2005,[N][=C][C][Branch1][Ring1][C][Branch1][C][O][C][O][Ring1][Ring2][C][Ring1][Branch2],N=CC1COC1O,2.467846708163529,2.30191421508789,0.2465653717517852,24.88101577758789,54.62675094604492,53.31,,-0.4523806523557757,mols/page_0101.png,5
1326,[C][C][C][Branch1][C][C][Ring1][C][C][O][C][Ring1][Ring1],CC=C(C)C1CO1,2.007846708163529,2.050255298614502,0.2459212988615036,28.85566711425781,15.12679958343506,12.53,,-0.4553313332040007,mols/page_0067.png,6
287,[O-1][C][Branch1][N][C][Branch1][=O],CC[O-],1.509198172576634,1.8363124132156368,0.3103234767913818,22.65342903137207,20.1070556640625,23.06,,-0.4559078533030017,mols/page_0015.png,7
835,[C][C][C][Branch1][C][C][O][C][Ring1][=Branch1],CC1CCCO1,1.991894334095208,1.470423460006714,0.3263463079929352,23.23537826538086,8.686243057250977,9.23,,-0.4563749328483882,mols/page_0042.png,15
2265,[C][C][Branch1][C][C][C][Ring1][Ring2][C][Ring1][Ring1][C][C][N][Ring1][Branch1][C][Ring1][Branch1],C1CC23CC4CC42N1C3,4.9417904688307015,1.6010032892227173,0.2711385488510132,28.819887161254883,2.83127498626709,3.24,,-0.4589481957194459,mols/page_0114.png,5
4486,[N][#C][C][Branch1][Ring1][C][=O][O][C][=N],N#CC(C=O)OC=N,2.0244996950521226,2.280461072921753,0.2159969806671142,26.660520553588867,71.98592376708984,73.94,,-0.4590555613530682,mols/page_0225.png,6
3133,[C][C][=C][C][C][C][=N][O][C][=Ring1][Branch1][Ring1][Branch2],CC1=CCc2cnoc21,1.361790468830701,3.531090497970581,0.1937703788280487,27.82309341430664,25.812397003173828,26.03,,-0.4591551588327986,mols/page_0157.png,13
648,[C][C][C][O][C][O][Ring1][=Branch1][C][O],C1COCOC1,1.4718943340952075,1.7109999656677246,0.3454429805278778,19.64780235290528,17.460372924804688,18.46,,-0.4602683611668597,mols/page_0033.png,8
4229,[C][N][C][=C][C][=C][Branch1][C][O][C][=N][Ring1][#Branch1],CNc1ccc(O)cn1,1.401790468830701,2.735633611679077,0.1714222580194473,31.477916717529297,46.15513229370117,45.15,,-0.4614986589319869,mols/page_0212.png,9
2108,[N][#C][#C][C][#C][C][C][Branch1][Ring1][Ring2][C][C][C][=O],N#CCC#CC=CC=O,1.581790468830701,2.7374064922332764,0.1846035122871399,30.41387939453125,42.10789489746094,40.86,,-0.4624062575047633,mols/page_0106.png,8
1089,[C][C][C][Ring1][C][C][O][C][Ring1][Ring1][C],CC=CC1OC1C,2.507846708163529,2.0395987033843994,0.243739977478981,28.99259757995605,14.82656955718994,12.53,,-0.4645264441879969,mols/page_0055.png,9
2229,[C][C][C][O][C][Ring1][Branch1][C][Ring1][Ring1][C][Ring1][#Branch1],C1CC2CCC2O1,2.447846708163529,1.5368260145187378,0.3203016221523285,23.467872619628903,8.775795936584473,9.23,,-0.4646215659693038,mols/page_0112.png,9
1082,[C][N][C][NH1][C][=N][C][=Ring1][Branch1][O],CNc1[nH]cnc1O,1.3644996950521224,1.798619270324707,0.2274224460124969,28.063949584960938,60.45222091674805,60.94,,-0.4650438627210955,mols/page_0055.png,2
957,[C][C][C][Branch1][C][C][O][C][C][=C][Ring1][Branch1],CCC1CC=CCO1,2.0244996950521226,0.9918935298919678,0.2700742781162262,30.641904830932617,8.492995262145996,9.23,,-0.46619560597646,mols/page_0048.png,17
111,[C][#C][C][C][O][C],C#CCCOC,1.5518943340952076,1.1562694311141968,0.3119582235813141,25.56389236450196,10.09028148651123,9.23,,-0.4691547931088585,mols/page_0006.png,11
2176,[C][#C][C][C][C][Ring1][Branch1][C][Ring1][Ring2][C][Ring1][Ring1][C],CC1C2C3C#CC12C3,4.584499695052122,1.3821667432785034,0.2428198009729385,32.16688537597656,5.43096399307251,0.0,,-0.4695728722465274,mols/page_0109.png,16
136,[C][C][C][O][C][C][Ring1][Branch1],CC1CCOC1,1.991894334095208,1.6153892278671265,0.3234719038009643,22.61922073364257,10.239293098449709,9.23,,-0.4719758021996141,mols/page_0007.png,16
3935,[C][O][C][C][C][Ring1][Ring1][C][O][Ring1][Ring2][C][C][Branch1][Ring1][C][Ring1][Ring2],COC1C2COC21,2.927846708163529,1.5666582584381104,0.2970010042190552,24.82743263244629,19.12611961364746,18.46,,-0.4725175912959294,mols/page_0197.png,15
3142,[O][=C][O][C][=C][C][Branch1][C][O][=N][NH1][Ring1][=Branch1],O=COc1cc(O)n[nH]1,1.361790468830701,1.8678756952285769,0.2117255479097366,28.26325035095215,73.66717529296875,75.21000000000001,,-0.4738364863569188,mols/page_0158.png,2
2366,[O][=C][C][O][C][C][C][Ring1][Ring1][C][Ring1][=Branch1][O],O=CC1OC2CC2C1O,3.441790468830701,2.257542371749878,0.1981332749128341,30.18806838989257,47.55093765258789,46.53,,-0.4750095238849816,mols/page_0119.png,6
2472,[C][C][Branch1][Ring1][C][O][C][Branch1][C][C][O][Ring1][Ring1][C][Branch1],CC(=O)C(C)CO,2.047846708163529,1.4980312585830688,0.2299266457557678,30.55537986755371,36.63184356689453,37.3,,-0.4767808797301317,mols/page_0124.png,12
1516,[C][#C][C][Branch1][C][C][Branch1][Branch1][C][=O][C][O][C][Ring1][Branch1],C#CC(C)(C)C=O,1.5678467081635288,2.2925424575805664,0.2219067364931106,29.8524227142334,17.785755157470703,17.07,,-0.477676236356334,mols/page_0076.png,16
2382,[C][C][C][O][C][C][Ring1][Branch1][C][O][Branch1][Ring1][C][=O][C][Ring1][Ring1],CC1COCC1C=O,2.504499695052122,2.228233575820923,0.2213310897350311,29.45310401916504,26.749774932861328,26.3,,-0.4783979277718298,mols/page_0120.png,2
461,[C][N][C][C][Branch1][#Branch1][C][O][C][=N][Ring1][Branch1][C][Ring1][Branch2],CN1CC2(COC=N2)C1,1.7617904688307011,1.6274622678756714,0.2389233857393264,30.087406158447266,23.906465530395508,24.83,,-0.4790779977173067,mols/page_0024.png,1
3535,[C][=C][C][O][C][Ring1][Ring1][C][C][O][C][Ring1][=Branch2],C1=CC2OC2CCOC1,2.4617904688307006,1.7136391401290894,0.2339108139276504,30.473119735717773,20.633316040039062,21.76,,-0.4826854838793512,mols/page_0177.png,15
2597,[C][#C][C][C][C][Branch1][C][C][=C][C][N][Ring1][#Branch1][Ring1][=Branch1],C#CC1C2C(C)=CCN12,2.9817904688307006,1.7063809633255005,0.2282366752624511,32.33942794799805,3.472297191619873,3.01,,-0.4860940654330123,mols/page_0130.png,17
737,[C][C][=N][C][=C][Branch1][=Branch1][C][C][O][Ring1][Ring1][O][Ring1][Branch2],Cc1ncc(C2CO2)o1,1.8417904688307007,1.8923221826553345,0.228520005941391,28.9563045501709,38.269676208496094,38.56,,-0.4861834398469356,mols/page_0037.png,17
107,[C][C][C][Branch1][C][C][N][C][Ring1][Branch1],CC1CNC1C,2.491894334095208,1.3550797700881958,0.3038393557071686,24.820913314819336,17.301021575927734,12.03,,-0.486724980981352,mols/page_0006.png,7
1428,[C][C][Branch1][Branch1][C][C][C][=C][C][Ring1][Ring2][C][C][Ring1][=Branch1],C=CC12CCC1C(C)C2,3.0017904688307007,0.3295553624629974,0.2576680481433868,34.63912582397461,0.5273435115814209,0.0,,-0.4875056236545416,mols/page_0072.png,8
1726,[C][#C][C][C][C][Ring1][Ring1][C][Ring1][Ring2][C][Ring1][=Branch1],C#CC12CC1C2C,2.967846708163529,1.0331944227218628,0.2677414715290069,30.92832374572754,1.0621403455734253,0.0,,-0.4888289251012873,mols/page_0087.png,6
2825,[C][C][Branch1][C][C][C][=C][C][O][C][Ring1][Ring1][Ring1][#Branch1],CC1(C)C=CC2OC21,2.464499695052122,1.7979011535644531,0.2452703714370727,29.55137252807617,11.642632484436035,12.53,,-0.4907411617082048,mols/page_0142.png,5
37,[C][C][C][Ring1][Branch1][O][C][Ring1][Ring1],C1CC12CO2,1.7367229808842468,1.3985310792922974,0.3444422781467438,20.40119171142578,16.730886459350586,12.53,,-0.4951185506810646,mols/page_0002.png,17
2847,[C][C][Branch1][C][C][C][Ring1][Ring1][C][Branch1][Ring1][C][O][C][Ring1][Ring2][C][Ring1][#Branch1],CC1=CC(CO)=CCC1,1.541790468830701,1.3426673412322998,0.2028752416372299,34.77949142456055,20.86456680297852,20.23,,-0.497364901878221,mols/page_0143.png,7
922,[C][C][C][Branch1][C][C][O][C][Ring1][Ring1][C][C][Ring1],C=CC1CC(CC)O1,2.524499695052122,1.45383882522583,0.2593563497066498,29.373233795166016,10.140060424804688,9.23,,-0.4985343377535415,mols/page_0047.png,2
1166,[O][=C][C][Branch1][C][C][C][Branch1][Ring1][O][C][Ring1][Branch1],COCC(C)C=O,2.047846708163529,1.806074142456055,0.2279237657785415,29.936283111572266,27.63429832458496,26.3,,-0.4994264093957787,mols/page_0059.png,6
3969,[O][=C][C][Branch1][C][O][C][=Branch1][C][=O][N][C][C][Ring1][Branch2][Ring1][Ring1],O=C1C(O)C(=O)N2CC12,2.9217904688307006,2.360312223434448,0.2057246565818786,27.988555908203125,55.93690872192383,57.38,,-0.4994625939191575,mols/page_0199.png,9
3361,[C][#C][C][C][C][Ring1][Branch1][C][Branch1][C][C][O][C][Ring1][Ring1][C][Ring1][Ring2][C][Ring1],C=C1C2OC(C3C#CCC3)C12,3.478091503851731,1.7778376340866089,0.2359499782323837,30.54572868347168,10.050274848937988,9.23,,-0.5004755875310021,mols/page_0169.png,1
375,[C][O][C][C][C][C][=C][C][Ring1][=Branch1][C][Ring1][Branch1],COC1CC2C=CC1C2,3.781790468830701,1.0594898462295532,0.2523598372936249,31.570987701416016,9.271973609924316,9.23,,-0.5017313421218224,mols/page_0019.png,15
280,[C][#C][C][Branch1][C][C][O][C],C#CC(C)OC,2.051894334095208,1.3236712217330933,0.2961180210113525,26.01078224182129,9.531046867370604,9.23,,-0.5060050846283337,mols/page_0015.png,0
557,[C][C][C][Branch1][C][C][Ring1][Branch1][C],CC1(C)CC1,1.4967229808842466,0.2443436980247497,0.3554953932762146,24.586143493652344,0.8686774969100952,0.0,,-0.5064249724573918,mols/page_0028.png,17
1715,[C][#C][C][C][C][C][C][C][Ring1][Ring2][N][Ring1][#Branch1][Ring1][=Branch1],C#CC1C2C3CCC3N12,3.921790468830701,1.6032689809799194,0.2494864761829376,30.26948928833008,2.596386671066284,3.01,,-0.5070244951408501,mols/page_0086.png,15
4289,[C][C][#C][C][C][=C][C][Branch1][Ring2][C][Ring1][Branch1][O][Ring1][=Branch1],CC#CC12C=CC(C1)O2,3.221790468830701,1.8072565793991089,0.2337198704481125,30.59956741333008,9.400630950927734,9.23,,-0.5075715070306427,mols/page_0215.png,9
575,[C][C][C][O][C][C][Ring1][=Branch1],C1CCOCC1,1.4918943340952076,1.398610234260559,0.3258249461650848,22.53087043762207,10.939970970153809,9.23,,-0.5088366212727067,mols/page_0029.png,15
2816,[C][=C][C][C][C][Branch1][Ring2][C][Ring1][=Branch1][N][=C][O][Ring1][#Branch1],C1=CC2CC(C1)N=CO2,3.261790468830701,2.1117515563964844,0.2484567612409591,26.98178672790528,21.366458892822266,21.59,,-0.5112068209387981,mols/page_0141.png,16
1023,[O][=C][C][C][Branch1][C][C][O][C][Ring1][Ring2],CC1(CC=O)CO1,1.987846708163529,2.8530545234680176,0.2219274193048477,26.3081111907959,29.411489486694336,29.6,,-0.5127478787763138,mols/page_0052.png,3
135,[O][=C][C][N][C][C][Ring1][Ring1][C][C][Ring1][Ring2][N][Ring1][Branch2][Ring1][Ring1],O=C1CN2C3C2C2C3N12,4.261790468830702,3.550689697265625,0.2134769260883331,25.120492935180664,21.749414443969727,23.09,,-0.5156995806939891,mols/page_0007.png,15
727,[C][O][C][C][C][Branch1][C][C][=O],COCCC(C)=O,1.5478467081635288,1.63047456741333,0.2324659675359726,29.82783889770508,27.36222267150879,26.3,,-0.5188639850514465,mols/page_0037.png,7
2133,[C][#C][C][NH1][N][=C][C][=Ring1][Branch1][N][C],C#Cc1[nH]ncc1NC,1.401790468830701,2.1937901973724365,0.1802271157503128,32.05952835083008,40.76408386230469,40.71,,-0.519414424877008,mols/page_0107.png,13
509,[N][=C][O][C][C][C][=C][N][Ring1][#Branch1][C][Ring1][Branch1][Ring1][=Branch1],N=C1OC2C3C=CN1C32,2.881790468830701,3.230349063873291,0.2146067321300506,25.03241920471192,35.44477844238281,36.32,,-0.5227845096482369,mols/page_0026.png,9
1996,[C][#C][C][C][C][Branch1][Ring2][N][Ring1][Ring2][C][Ring1][Branch1][=N][O],C#CC12CC(N1)C2=NO,3.181790468830701,0.6006262302398682,0.2457938641309738,30.755847930908203,45.76657485961914,44.620000000000005,,-0.5265090926096069,mols/page_0100.png,16
272,[C][NH1][=C][#C][C][Branch1][O][O],CNC#CCO,1.5318943340952076,1.7596540451049805,0.2413209825754165,27.29763603210449,40.25496673583984,32.26,,-0.5284364501192939,mols/page_0014.png,12
1029,[O][=C][C][C][Branch1][C][C][C][Ring1][Branch1][C][Ring1][=Branch1][C][Ring1][Ring2],O=C1CC2CCCC12,2.464499695052122,2.839951992034912,0.2213162332773208,27.12675094604492,16.794469833374023,17.07,,-0.5286130712617729,mols/page_0052.png,9
2954,[C][C][=Branch1][C][=O][C][C][C][C][Ring1][Ring2][O][Ring1][Branch1],CC(=O)C12CCC1O2,2.444499695052122,2.271600246429444,0.222631961107254,28.095548629760746,29.64609336853028,29.6,,-0.5301769454113006,mols/page_0148.png,14
4265,[C][#C][C][=C][Branch1][C][C][C][C][O][C][Ring1][#Branch1],C#CC1=C(C)CCOC1,1.541790468830701,1.484444260597229,0.2108020931482315,33.77111053466797,9.353020668029783,9.23,,-0.5311357064340324,mols/page_0214.png,5
618,[C][C][C][O][C][Ring1][Ring2][C][Ring1][Branch1],CC12COC1C2,2.431894334095208,1.9406743049621584,0.3134564757347107,21.47793960571289,9.802905082702637,9.23,,-0.533101014004174,mols/page_0031.png,18
1137,[O][C][C][Branch1][C][C][C][=C][C][Ring1][Ring2][C][Ring1][Ring1],OCC1C=C2CC2C1,2.464499695052122,1.6011724472045898,0.2340582460165023,30.059682846069336,20.508996963500977,20.23,,-0.5335035628654556,mols/page_0057.png,17
3103,[O][C][C][C][C][=C][C][Ring1][Branch1][C][Ring1][=Branch1],OCC12CC=CC1C2,2.464499695052122,1.449387788772583,0.250385046005249,28.94386863708496,20.00887107849121,20.23,,-0.5361610303595457,mols/page_0156.png,3
1039,[C][C][C][Branch1][C][C][=C][C][C][Ring1][Ring1],CCC(C)=C1CC1,1.5278467081635287,0.509405791759491,0.2464477717876434,34.129520416259766,3.089038848876953,0.0,,-0.5365135572373424,mols/page_0052.png,19
85,[C][=C][N][=Branch1][NH1][=O][#N],C=CN(N)O,1.4967229808842466,2.1071865558624268,0.2438981384038925,23.783767700195312,63.93659210205078,49.49,,-0.5374561333105005,mols/page_0005.png,5
3634,[C][C][Branch1][C][C][C][Ring1][Ring1][C][C][O][C][Ring1][=Branch1],CC1=CCCOCC1,1.5244996950521223,1.2168588638305664,0.248527705669403,30.666824340820312,10.536473274230955,9.23,,-0.539623845187796,mols/page_0182.png,14
797,[C][C][C][Branch1][C][C][Ring1][Ring1][C][Ring1][Branch1][C][Ring1][=Branch1],CC12CC13CC23,3.211894334095208,0.4499386847019195,0.2995159924030304,29.024587631225582,0.8614693284034729,0.0,,-0.5397162353815883,mols/page_0040.png,17
4360,[C][=C][C][Branch1][#Branch1][C][C][C][C][Ring1][Ring2][C][C][Ring1][=Branch2],C1=CC(C2CCC2)CC1,2.001790468830701,0.2577681243419647,0.2655401825904846,33.20263671875,0.6287440657615662,0.0,,-0.5421471954503622,mols/page_0219.png,0
204,[C][N][C][C][C][=Branch1][C][=O][C][=Branch1][C][=O][C][Ring1][#Branch1][Ring1][Branch2],CN1C2CC(=O)C(=O)C21,2.9417904688307006,3.822754621505737,0.1434798091650009,29.5599422454834,38.05757522583008,37.15,,-0.5454288135738998,mols/page_0011.png,4
1271,[C][C][C][Branch1][C][C][N][Ring1][Branch1][C][Ring1][=Branch1],CC1CC2CN12,2.931894334095208,1.6086031198501587,0.3149321675300598,22.83660316467285,3.5707242488861084,3.01,,-0.5454532083792271,mols/page_0064.png,11
3286,[C][C][Branch1][C][C][C][Ring1][Ring1][C][C][N][C][Ring1][=Branch1],CC1=CCCNCC1,1.5244996950521223,1.231537103652954,0.2397480607032776,30.93096351623535,16.691875457763672,12.03,,-0.5464670644408303,mols/page_0165.png,6
2201,[C][C][=Branch1][C][=O][C][=Branch1][C][=O][N][C][C][Ring1][Ring1][C],CC(=O)C(=O)N1CC1C,2.5017904688307007,1.7907414436340332,0.1734277904033661,34.03410720825195,37.81380844116211,37.15,,-0.5468910428213943,mols/page_0111.png,1
180,[C][N][C][C][O][C][Ring1][Branch1],CN1CCOC1,1.4718943340952075,1.5552308559417725,0.2984795868396759,23.93320655822754,13.36259937286377,12.47,,-0.5479551257955775,mols/page_0010.png,0
129,[O][=C][C][C][Branch1][C][C][C],CC(C)CC=O,1.5518943340952076,2.673563003540039,0.2270197868347168,26.75359535217285,17.953176498413086,17.07,,-0.5481676217900548,mols/page_0007.png,9
2422,[C][C][Branch1][C][C][C][Ring1][Ring2][C][C][N][Ring1][Branch1][C][Ring1][=Branch1],C1CN2CC2C2CC12,3.404499695052122,1.3039462566375732,0.2922054529190063,26.272804260253903,3.0230486392974854,3.01,,-0.5497260077023282,mols/page_0122.png,2
88,[C][C][Branch1][C][C][C],CC(C)C,1.542440063862291,0.0791834965348243,0.4098731577396393,18.963451385498047,0.0690681934356689,0.0,,-0.5506731635500168,mols/page_0005.png,8
3053,[C][C][#C][C][=N][C][Branch1][C][C][C][O][Ring1][=Branch1],CC#CC1=NC(C)CO1,2.021790468830701,1.2138798236846924,0.2144512832164764,33.11177062988281,22.038875579833984,21.59,,-0.5508381663684991,mols/page_0153.png,13
108,[O][=C][O][C][=C][C][=C][NH1][Ring1][Branch1],O=COc1ccc[nH]1,1.3844996950521224,3.240620374679565,0.207582026720047,24.64935111999512,43.37441635131836,42.09,,-0.5510333557417096,mols/page_0006.png,8
199,[C][C][C][=C][C][C][Ring1][Branch1][C][C],CCC1CC=CC1C,2.544499695052122,0.2350359708070755,0.2663901746273041,33.064727783203125,0.4075553715229034,0.0,,-0.5515077170436926,mols/page_0010.png,19
2866,[O][C][C][C][C][N][=C][O][C][Ring1][Branch2][Ring1][Branch1],OC1CCC2N=COC12,2.9417904688307006,0.5568444728851318,0.2677308320999145,28.48871612548828,42.349151611328125,41.82000000000001,,-0.5536304129156904,mols/page_0144.png,6
3470,[C][#C][C][=C][N][=C][Branch1][C][N][C][=N][Ring1][#Branch1],C#Cc1cnc(N)cn1,1.401790468830701,2.776506185531616,0.1706251949071884,29.54306030273437,50.95069122314453,51.8,,-0.5536798313722283,mols/page_0174.png,10
2653,[O][=C][C][C][N][C][C][Ring1][Ring1][C][Ring1][=Branch1][N][Ring1][#Branch1],O=CC12CN3CC3C1N2,3.381790468830701,2.450533151626587,0.1987654715776443,28.612808227539062,40.93911743164063,42.02,,-0.5549432802124369,mols/page_0133.png,13
711,[C][C][C][Ring1][Branch1][C][C],CCC1CC1,1.4967229808842466,0.2615309655666351,0.3747831284999847,21.72070503234864,1.0758779048919678,0.0,,-0.5560862117798655,mols/page_0036.png,11
1336,[C][O][C][C][C][C][Ring1][Ring2][C][Ring1][#Branch1][Ring1][Ring2],C1OC2C3CC2C13,4.06784670816353,1.5666444301605225,0.332413375377655,20.61634635925293,8.84017562866211,9.23,,-0.5565143197822521,mols/page_0067.png,16
4029,[C][C][#C][C][C][C][Ring1][Ring1][C][O][Ring1][Branch1],CC#CC12CC1CO2,2.464499695052122,1.7531310319900513,0.2482545524835586,28.460474014282227,8.817975997924805,9.23,,-0.5625686762448237,mols/page_0202.png,9
3422,[N][C][=C][Branch1][C][F][C][=C][O][C][Ring1][#Branch1][=O],Nc1c(F)ccoc1=O,1.381790468830701,3.14717173576355,0.1674936264753341,27.985811233520508,53.96535110473633,56.23,,-0.5703208263935959,mols/page_0172.png,2
1687,[N][C][C][O][C][=C][O][N][=C][Ring1][Branch1][Ring1][Branch2],NC1COc2conc21,1.8217904688307007,1.894831895828247,0.2168053686618805,26.945920944213867,61.79418182373047,61.28,,-0.5725547277910458,mols/page_0085.png,7
246,[C][=N][C][Branch1][#Branch1][C][C][C][N][Ring1][Ring1][=N][O][Ring1][=Branch2],c1nc(CC2CN2)no1,1.8217904688307007,1.6477323770523071,0.2215596139430999,27.44517517089844,60.83715057373047,60.86,,-0.5728325166788231,mols/page_0013.png,6
1839,[O][=C][C][N][Branch1][Ring1][C][=O][C][C][C][Ring1][Ring1],O=CCN(C=O)C1CC1,1.5017904688307009,1.212925910949707,0.2035021632909774,32.73468017578125,36.98988723754883,37.38,,-0.5730127181851259,mols/page_0092.png,19
1582,[C][N][C][Branch1][C][O][C][O][Ring1][Branch1][C][C][C][Ring1][Ring2],CN1OCC1O,1.951894334095208,1.9499961137771609,0.2917900681495666,21.571626663208008,28.1804256439209,32.7,,-0.5754871467107097,mols/page_0080.png,2
276,[#C][=C][N][=C][O][=C],C=CN=COC,1.5318943340952076,2.6341049671173096,0.2386170327663421,24.71354103088379,24.95683860778809,21.59,,-0.5765516188602545,mols/page_0014.png,16
1307,[N][=C][NH1][N][=C][Branch1][C][F][C][=C][Ring1][#Branch1][N],N=c1[nH]nc(F)cc1N,1.361790468830701,2.294570207595825,0.1672141253948211,29.248748779296875,77.69044494628906,78.55,,-0.5776812041299823,mols/page_0066.png,7
1387,[C][C][C][#C][C][=C][C][=C][NH1][Ring1][Branch1],CCC#Cc1ccc[nH]1,1.441790468830701,1.7588238716125488,0.201083704829216,32.456993103027344,16.037094116210938,15.79,,-0.579147828510357,mols/page_0070.png,7
41,[O][=C][C][C][C][C][Ring1][Branch1][O][C][=N][Ring1][#Branch1],O=C1C2CCC1OC=N2,3.241790468830701,2.845753192901612,0.2039910107851028,26.42309188842773,38.06358337402344,38.66,,-0.5798543823410068,mols/page_0003.png,1
89,[#C][=C][C][C][C][=C][Ring1][=Branch1][C][N][C],CNCC1=CCCC=C1,1.541790468830701,1.473471999168396,0.1965455561876297,34.039764404296875,14.93068504333496,12.03,,-0.5808640615655805,mols/page_0005.png,9
4504,[C][C][C][N][Branch1][=Branch1][C][C][O][Ring1][=Branch1][C][Ring1][#Branch1],CC12CN(CCO1)C2,2.1844996950521223,0.3927079141139984,0.2918853163719177,28.447189331054688,12.39294719696045,12.47,,-0.5822335138299809,mols/page_0226.png,4
339,[C][O][C][=N][C][C][C][C][Ring1][Ring2][N][Ring1][#Branch1][Ring1][Ring1],COC1=NC2CC3C2N13,3.381790468830701,1.4254770278930664,0.2505052387714386,27.85342788696289,25.383913040161133,24.6,,-0.5826750141888819,mols/page_0017.png,19
2224,[C][C][C][Branch1][Ring1][C][C][Ring1][Ring1][C][Ring1][Branch1][C][Ring1][=Branch1][C][Ring1][Ring2],C1CC2C3C4(C1)CC234,4.944499695052122,0.4799715280532837,0.2878053188323974,29.34402275085449,1.1618844270706177,0.0,,-0.5857089327871218,mols/page_0112.png,4
3126,[C][NH1][N][=C][C][=Ring1][Branch1][C][C][C][Ring1][Branch1][N][Ring1][Ring2],c1[nH]nc2c1C1CC2N1,3.121790468830701,1.9608848094940183,0.2432905733585357,25.573598861694336,38.0994873046875,40.71,,-0.586221921904305,mols/page_0157.png,6
1784,[C][#C][C][Branch1][Ring1][C][C][C][Branch1][C][C][Ring1][Ring2][C][Ring1][Ring1][C][Ring1][Branch1],C#CC1=C(C)CCCC1,1.561790468830701,0.994085133075714,0.2095034569501876,35.5120964050293,0.4173621237277984,0.0,,-0.5864010573223624,mols/page_0090.png,4
2636,[O][=C][C][O][C][C][C][C][Ring1][#Branch1][C][Ring1][Ring2][Ring1][Branch1],O=C1COC2C3CC1C32,3.401790468830701,2.5848031044006348,0.2146936357021331,27.077268600463867,26.298831939697266,26.3,,-0.5870841092862275,mols/page_0132.png,16
1146,[C][C][=C][C][C][C][C][Branch1][Ring2][C][Ring1][#Branch1][C][Ring1][=Branch1],CC1=CC2CCC(C1)C2,3.301790468830701,0.3608884513378143,0.2575889825820923,32.83771896362305,0.7985005378723145,0.0,,-0.590419569186441,mols/page_0058.png,6
3048,[N][C][C][=N][NH1][C][=Ring1][Branch1][C][=O],Nc1cn[nH]c1C=O,1.3644996950521224,3.3421437740325928,0.1698308438062667,25.42803001403809,70.49169158935547,71.77,,-0.5905891339000722,mols/page_0153.png,8
2358,[C][C][=C][C][C][C][O][C][Ring1][#Branch1][C][Ring1][=Branch1][Ring1][Ring2],CC1=CC2CC3OC1C23,3.421790468830701,1.6667628288269043,0.2407170683145523,29.098377227783203,8.772619247436523,9.23,,-0.5908650038230815,mols/page_0118.png,18
3190,[O][=C][C][C][C][C][=C][Ring1][Branch1][C][N][Ring1][#Branch1],O=CC12CCC=C1CN2,1.961790468830701,2.297283411026001,0.1929193586111068,30.08223533630371,29.190805435180664,29.1,,-0.5917719381226291,mols/page_0160.png,10
1305,[C][N][C][=C][C][=C][Ring1][Branch1][C][C][O][Ring1][Ring1],Cn1cccc1C1CO1,1.8617904688307008,1.2914010286331177,0.2306667119264602,30.92078971862793,16.41619110107422,17.46,,-0.5920332152809573,mols/page_0066.png,5
2731,[O][=C][C][C][C][C][C][Ring1][Branch1][N][Ring1][Ring2][Ring1][=Branch1],O=CC12CC3CC1N32,3.384499695052122,3.3721017837524414,0.2186742573976516,24.104291915893555,19.63077545166016,20.08,,-0.5962389059244801,mols/page_0137.png,11
2317,[C][C][C][Branch1][Ring1][C][C][Ring1][Branch1][C][C][=Branch1][C][Ring1][Ring1][C][Ring1][Ring2][C][Ring1],C=C1C2CC3(CC3)CC12,2.7617904688307013,0.3159646987915039,0.2653510570526123,32.181888580322266,-0.7925905585289001,0.0,,-0.5995378180212867,mols/page_0116.png,17
2845,[C][C][Branch1][Ring1][C][Branch1][C][C][C][Ring1][Ring2][C][C][=Branch1][C][Ring1][Ring1][C][Ring1][Branch1],CC1=C2CC2CCC1,1.9844996950521223,0.408319890499115,0.2428376674652099,33.98735809326172,1.280003547668457,0.0,,-0.5996872858120026,mols/page_0143.png,5
4546,[C][Branch1][Ring1][C][C][C][Branch1][C][C][Ring1][Branch1][C][Branch1][Ring2][C][Branch1][=Branch1][C][Ring1][Ring2],CCC=C1CCCC1,1.5444996950521224,0.3527610898017883,0.2593736946582794,32.393924713134766,1.511632204055786,0.0,,-0.6049648633805673,mols/page_0228.png,6
3849,[C][=C][C][N][C][Ring1][Ring1][C][O][C][Ring1][Branch2][C][Ring1][Branch1],C1=CC2NC23COC1C3,4.021790468830701,1.827301859855652,0.2314534038305282,27.5448055267334,30.166654586791992,31.17,,-0.6075375692551295,mols/page_0193.png,9
3023,[C][=N][O][C][=C][Ring1][Branch1][C][C][O][C][Ring1][Ring2],c1nocc1C1COC1,1.341790468830701,1.74828040599823,0.2383141070604324,26.70409774780273,35.0069465637207,35.260000000000005,,-0.6112492173995584,mols/page_0152.png,3
3415,[C][#C][C][C][C][=C][C][C][Ring1][Branch1],C#CCC1C=CCC1,2.0444996950521226,0.7950188517570496,0.2653795778751373,30.116470336914062,0.1163720563054084,0.0,,-0.6126235454973932,mols/page_0171.png,15
3471,[C][Branch1][C][C][C][Ring1][Branch1][C][Ring1][Ring1][C][C][O][C][Ring1][=Branch1],C1=C2COCCC2C1,1.9644996950521223,1.4180455207824707,0.2529522180557251,28.386632919311523,9.12535572052002,9.23,,-0.6126422694980684,mols/page_0174.png,11
125,[N][=C][=C][N][C][=Ring1][=Branch1],C1=CNCN=1,1.4567229808842466,3.579799175262451,0.2047314792871475,23.390989303588867,32.86699676513672,24.39,,-0.6183564810213987,mols/page_0007.png,5
337,[C][N][C][C][C][=Branch1][C][=O][C][Ring1][Branch1][Ring1][=Branch1][C],CN1C2CC(=O)C21C,2.9444996950521225,2.1136584281921387,0.2083144783973693,29.430320739746094,20.121761322021484,20.08,,-0.619379262250451,mols/page_0017.png,17
2262,[C][=N][C][=C][Branch1][Ring2][O][Ring1][Branch1][C][C][N][Ring1][=Branch1][C][Ring1][Ring2],c1nc2c(o1)C1CN2C1,2.1217904688307008,3.119737148284912,0.2154466956853866,24.308528900146484,27.78276824951172,29.270000000000003,,-0.6233912440937143,mols/page_0114.png,2
153,[C][O][C][C][Ring1][Ring2][C],CC1COC1,1.4767229808842466,1.9169492721557613,0.3272041082382202,18.5897216796875,10.849342346191406,9.23,,-0.6245467805870986,mols/page_0008.png,13
2020,[C][#C][C][C][C][Ring1][Ring1][N][C][Ring1][Ring2][C][Ring1][Ring1][Ring1][=Branch1][C],C#CC12C3C1N1C3C12C,4.501790468830701,1.46252703666687,0.2340834438800811,30.390113830566406,2.9614624977111816,3.01,,-0.6273146572124135,mols/page_0102.png,0
3933,[C][Branch1][C][C][C][Branch1][Branch1][C][Branch1][Ring1][C][C][Ring1][Branch1][C][Ring1][Ring1][C][Ring1][Ring2],CC=C1CC2(C)CC12,2.484499695052122,0.4472293853759765,0.243897944688797,33.19230651855469,1.6622310876846311,0.0,,-0.6312224577544183,mols/page_0197.png,13
208,[#C][#C][O][=C][N][=C][C][=C][C][N][=C][Ring1][Branch1],C#COCN=CC1=CCN=C1,1.558091503851731,2.0655431747436523,0.1906232386827469,30.53495216369629,28.89211082458496,33.95,,-0.6328132213402938,mols/page_0011.png,8
4316,[C][C][C][=N][C][C][Branch1][#Branch1][C][Ring1][=Branch1][N][Ring1][=Branch1][C][Ring1][Branch1][Ring1][Branch2],CC12C3=NC4C(C1N3)C42,3.9417904688307006,3.693017482757568,0.1633131057024002,27.68930625915528,23.15585327148437,24.39,,-0.6351459362335262,mols/page_0216.png,16
3232,[C][#C][C][C][Branch1][C][C][C][Ring1][Ring1][C][Ring1][#Branch1],CC1=CCC#CC1,1.5278467081635287,0.9992122650146484,0.2514823973178863,30.127899169921875,2.967832326889038,0.0,,-0.6395364251001682,mols/page_0162.png,12
15,[C][#C][C][C][Branch1][Ring1][Ring1][C][C][Ring1][Ring1][Ring1][Branch1][C][C][C][O][C][Ring1][Branch1],C1#CC2(C3CCOC3)C=C12,2.439668362047821,1.983954071998596,0.2044341117143631,30.64344596862793,11.42974853515625,9.23,,-0.639799304705348,mols/page_0001.png,15
4433,[C][C][=C][C][=N][O][N][=C][Ring1][=Branch1][N][=Ring1][=Branch2],c1cc2cnonc-2n1,1.421790468830701,4.470154762268066,0.1608317345380783,23.028791427612305,48.38359832763672,51.81,,-0.6411369880059264,mols/page_0222.png,13
1801,[C][C][C][=C][C][Branch1][Ring2][C][Ring1][Branch1][O][C][Ring1][#Branch1],CC12C=CC(C1)OC2,3.264499695052122,1.6840265989303589,0.2511136829853058,27.048402786254883,9.644062042236328,9.23,,-0.6433315460155395,mols/page_0091.png,1
1076,[C][C][C][Branch1][C][C][Ring1][Branch1][C][Ring1][=Branch1],CC12CC1C2,1.4367229808842468,0.4581804871559143,0.3465709388256073,22.29613494873047,1.7852180004119873,0.0,,-0.6504742094600635,mols/page_0054.png,16
2141,[C][C][Branch1][Ring1][C][Branch1][C][C][C][Ring1][Branch1][C][Ring1][Ring2],CC1CC2CC12,2.951894334095208,0.3371856212615967,0.346653938293457,22.753631591796875,0.6023276448249817,0.0,,-0.6550356820326164,mols/page_0108.png,1
1667,[C][C][C][Ring1][Branch1][C][C][Branch1][Ring1][C][Ring1][Ring2][C][Ring1][Ring1][C][Branch1][Branch1][C][Ring1],C=CC=C1CC2(CC2)C1,1.8217904688307007,0.6226968765258789,0.2316192537546157,33.29973220825195,1.2292399406433103,0.0,,-0.6640393214553284,mols/page_0084.png,7
80,[O][=C][C][Branch1][C][O][C][=C][C][=Branch1][C][=O][C][Ring1][#Branch1],O=CC1(O)C=CC(=O)C1,2.001790468830701,1.9245250225067136,0.1777941733598709,29.90571975708008,53.47878646850586,54.37,,-0.6690505942941258,mols/page_0005.png,0
3742,[C][N][C][C][=Branch1][C][=O][C][#N],CNCC(=O)C#N,1.5278467081635287,3.4683759212493896,0.157996729016304,26.17092514038086,52.86678695678711,52.89,,-0.6736756260007192,mols/page_0188.png,2
1591,[O][=C][N][C][=C][C][N][C][Ring1][#Branch1][Ring1][Ring2],O=C1NC=C2CNC12,1.9244996950521225,3.068342447280884,0.1969974786043167,24.446964263916016,42.43828582763672,41.13,,-0.674117879645146,mols/page_0080.png,11
1073,[O][=C][C][Branch1][C][O][C][Ring1][Branch1][C][C][Ring1][Ring2][Ring1][Ring2],O=CC1CCCO1,1.987846708163529,3.055222749710083,0.2194834798574447,23.323671340942383,27.447010040283203,26.3,,-0.6748479435684158,mols/page_0054.png,13
1333,[=C][N][C][Branch1][C][C][C][Branch1][Ring1][C][Branch1][Branch1][Ring1][Ring1][=Branch1][C][=O],CNC1CCC1=O,1.987846708163529,2.7308509349823,0.1969314962625503,26.76286125183105,28.23376846313477,29.1,,-0.6760613042879091,mols/page_0067.png,13
783,[C][C][Branch1][C][C][C][Ring1][Branch1][C],CC1CC1C,2.4967229808842464,0.1771142482757568,0.3652299046516418,21.086456298828125,-0.4975878894329071,0.0,,-0.6821421471868211,mols/page_0040.png,3
4357,[C][C][N][=C][C][=C][C][=N][O][Ring1][=Branch1],CCN=c1cccno1,1.401790468830701,2.621577262878418,0.1543477326631546,30.770353317260746,35.58191680908203,38.39,,-0.688691049239408,mols/page_0218.png,17
697,[N][#C][C][C][=C][O][C][=Branch1][C][=N][O][Ring1][=Branch1],N#CCc1coc(=N)o1,1.381790468830701,0.4414357542991638,0.2356040328741073,27.68058204650879,71.93065643310547,73.92,,-0.6933420905881184,mols/page_0035.png,17
4112,[N][#C][C][C][=C][C][=Branch1][C][=N][O][C][Ring1][#Branch1],N#CC1C=CC(=N)OC1,2.001790468830701,1.1798416376113892,0.212902158498764,28.49480438232422,55.713661193847656,56.870000000000005,,-0.6940193696419391,mols/page_0206.png,12
3,[C][N][Branch1][C][O][C],CN(C)O,1.502440063862291,1.615193247795105,0.3010042309761047,20.29619789123535,22.467662811279297,23.47,,-0.6992635976852357,mols/page_0001.png,3
3653,[C][#C][C][#C][C][C][O][C][O][Ring1][Branch1],C#CC#CC1COCO1,2.021790468830701,1.1506763696670532,0.2211371064186096,30.40880012512207,19.239965438842773,18.46,,-0.7025961094845412,mols/page_0183.png,13
4162,[C][N][N][=C][C][=C][Ring1][Branch1][C][#N],Cn1nccc1C#N,1.3844996950521224,2.2658579349517822,0.2224429845809936,24.345605850219727,41.98736572265625,41.61,,-0.7053610050141904,mols/page_0209.png,2
1802,[C][#C][N][=C][C][Ring1][Ring2][O][Ring1][Ring2],C#CN=CCO,1.5318943340952076,2.039242744445801,0.2115014046430587,26.907146453857425,34.096900939941406,32.59,,-0.7057709501042927,mols/page_0091.png,2
1060,[C][#C][C][C][=C][C][=Branch1][C][=O][NH1][N][=Ring1][#Branch1],C#Cc1ccc(=O)[nH]n1,1.401790468830701,2.792547702789306,0.1665759235620498,27.69856643676757,46.70108795166016,45.75,,-0.7090868636979537,mols/page_0054.png,0
1183,[O][=C][O][C][=N][C][C][Ring1][=Branch1][O],O=C1OC=NCC1O,1.9644996950521223,1.2504862546920776,0.2382217943668365,25.14588165283203,58.82270431518555,58.89,,-0.7094678932847439,mols/page_0060.png,3
2313,[C][#C][C][O][C][Ring1][Ring1][C][C][Ring1][Branch1],C#CC12CCC1O2,2.447846708163529,1.8501558303833008,0.2655569016933441,23.66649055480957,11.18977165222168,12.53,,-0.7149976075419961,mols/page_0116.png,13
124,[O][C][C][C][=C][C][Ring1][Branch1][N][C][Ring1][=Branch1][C][Ring1][Ring1][Ring1][Branch2],OC12C3C=CC1N1C3C12,4.441790468830701,2.060089349746704,0.2203008979558944,26.645248413085938,22.33970642089844,23.24,,-0.716907649652193,mols/page_0007.png,4
3417,[C][=C][C][O][C][Ring1][Ring1][Branch1][Ring2][C][Ring1][=Branch1][C][C][C][Ring1][Ring1][Ring1][#Branch1],C1=CC23OC2(C1)C1CC13,3.4617904688307006,2.052215814590454,0.2223927676677703,27.29945182800293,10.340328216552734,12.53,,-0.721723786164311,mols/page_0171.png,17
3167,[C][#C][C][C][C][Ring1][Branch1][C][C][Branch1][C][Ring1][Ring1],C1#CC2(CC1)CC2,1.787846708163529,0.9203121662139891,0.2694411873817444,27.253982543945312,2.314577102661133,0.0,,-0.7241348010771042,mols/page_0159.png,7
1149,[N][=C][#C][Branch1][C][Branch1][C][O][C][=C][C][Ring1][Branch1],N=C=CC1CC=CO1,2.0044996950521226,2.1283092498779297,0.2104379683732986,25.772611618041992,40.966453552246094,33.08,,-0.7295984644286408,mols/page_0058.png,9
49,[C][C][=C][C][Branch1][Ring1][C][N][C][Ring1][Branch1][Ring1],CC=C1C2CNC12,2.447846708163529,1.2622052431106567,0.2261093556880951,28.80563735961914,21.481494903564453,12.03,,-0.7338044624226004,mols/page_0003.png,9
865,[C][C][C][Branch1][C][C][Ring1][Branch1][C][Ring1][Ring2][C][Ring1][Ring1],C1CC23CC2C13,3.211894334095208,0.3707568049430847,0.3299999833106994,23.032718658447266,0.8269355297088623,0.0,,-0.734267401154143,mols/page_0044.png,5
3295,[C][#C][C][=Branch1][C][=O][C][Branch1][Ring1][C][=O][C][C][Ring1][Branch1],C#CC(=O)C1(C=O)CC1,1.521790468830701,1.2861366271972656,0.1868326961994171,31.67879104614257,34.82758331298828,34.14,,-0.7366652827297989,mols/page_0165.png,15
1557,[C][C][C][Branch1][C][C][Ring1][C][C][N][Ring1][Ring1][C],CC=C1CN(C)C1,1.5078467081635287,1.111439824104309,0.2246045768260955,30.66539764404297,4.819952011108398,3.24,,-0.7417626551735721,mols/page_0078.png,17
2246,[C][C][C][Ring1][Ring1][C][C][Branch1][Ring1][C][Ring1][Branch1],C1CC2CC2C1,2.451894334095208,0.3270807564258575,0.3498275876045227,21.004812240600582,1.0388036966323853,0.0,,-0.7428767723561432,mols/page_0113.png,6
232,[C][C][C][O][C][Ring1][Branch1],C1CCOC1,1.4767229808842466,1.5856444835662842,0.3284671604633331,17.625152587890625,11.32279109954834,9.23,,-0.7494724081790207,mols/page_0012.png,12
1535,[C][C][C][=C][C][=Branch1][C][=O][NH1][N][=N][Ring1][#Branch1],CCc1cc(=O)[nH]nn1,1.381790468830701,1.6024876832962036,0.1757725030183792,29.6174373626709,58.07678985595703,58.64,,-0.7515617997253464,mols/page_0077.png,15
142,[O][=C][C][O][C][=N][N][Ring1][Branch1],O=CC1NN=CO1,1.947846708163529,2.4202990531921387,0.2041893452405929,24.13874053955078,51.53960037231445,50.69,,-0.7530489152321056,mols/page_0008.png,2
2255,[C][C][C][Ring1][Ring1][C][C][Branch1][C][C][=C][C][Ring1][Branch1][C][Ring1][Ring2],C1=C2CCC1C2C1CC1,3.2817904688307014,0.4148659408092499,0.2426481992006302,31.4751033782959,0.7208190560340881,0.0,,-0.7566204146158451,mols/page_0113.png,15
2589,[O][C][C][Ring1][Ring1][C][Ring1][Branch1][C][Ring1][Ring2][C][Ring1][=Branch1][C][Ring1],C=CC1CC2OC12,2.947846708163529,2.2954132556915283,0.2581146955490112,21.8000545501709,14.993593215942385,12.53,,-0.757106294275645,mols/page_0130.png,9
397,[C][C][C][N][C][C][=C][O][C][=Ring1][Branch1][Ring1][Branch2],CC1CNc2ccoc21,1.8617904688307008,1.4063273668289185,0.2053608745336532,29.67979431152344,25.54415512084961,25.17,,-0.7589173271941,mols/page_0020.png,17
2214,[O][C][=N][O][C][=C][Ring1][Branch1][C][O][C][Ring1][Branch1],Oc1noc2c1COC2,1.321790468830701,0.8431904911994934,0.2383508831262588,26.090803146362305,54.94040298461914,55.49000000000001,,-0.7619258937020505,mols/page_0111.png,14
673,[C][C][C][Branch1][C][C][=O][C],CCC(C)=O,1.5367229808842466,2.6429831981658936,0.2385487109422683,21.97675895690918,16.578630447387695,17.07,,-0.7828079678580804,mols/page_0034.png,13
1322,[N][#C][C][C][=N][O][C][=Branch1][C][=O][N][=Ring1][#Branch1],N#Cc1cnoc(=O)n1,1.361790468830701,3.104286193847656,0.1545917987823486,24.144887924194336,77.58733367919922,79.78,,-0.7867600928453948,mols/page_0067.png,2
951,[O][N][=C][C][C][N][C][Ring1][Branch1][C][Ring1][Branch1][Ring1][Ring1],ON=C1C2CN3C1C23,3.364499695052122,1.3446003198623655,0.2446368932723999,24.596677780151367,35.818748474121094,35.6,,-0.7895208640320127,mols/page_0048.png,11
4045,[C][C][C][=C][C][Branch1][Branch1][C][C][Ring1][Ring1][C][Ring1][#Branch1],CC1C=CC2(CC2)C1,2.3044996950521224,0.3262971341609955,0.2497124820947647,30.44692611694336,0.8465085029602051,0.0,,-0.7949586633800819,mols/page_0203.png,5
2046,[C][C][C][C][=C][C][Ring1][Branch1][C][C][Ring1][#Branch1],CC12CC=CC1CC2,2.484499695052122,0.2337784022092819,0.2643595337867737,29.371957778930664,-0.3379091620445251,0.0,,-0.7953741128864841,mols/page_0103.png,6
1775,[C][C][C][Branch1][C][C][Ring1][Branch1][C][Ring1][Ring2][C][Ring1][Ring1][C][Ring1][=Branch1],C1C2CC34CC13C24,3.087846708163529,0.4661653339862823,0.2917254567146301,25.47282600402832,2.599740028381348,0.0,,-0.7955794539055067,mols/page_0089.png,15
2293,[N][#C][C][=N][C][=C][C][=Branch1][C][=N][O][Ring1][#Branch1],N#Cc1nccc(=N)o1,1.381790468830701,2.614452600479126,0.161889761686325,25.5598258972168,71.11750793457031,73.67,,-0.7960903293956886,mols/page_0115.png,13
2207,[C][O][C][=Branch1][C][=O][N][C][=C][C][=N][Ring1][Branch1],COC(=O)n1cccn1,1.381790468830701,0.4930410087108612,0.2361879795789718,27.860971450805664,43.56893539428711,44.120000000000005,,-0.8002511731226785,mols/page_0111.png,7
4496,[O][=C][C][=C][C][C][Ring1][Branch1][C][C][Ring1][Branch1][C][Ring1][Branch1][Ring1][Ring1],O=C1C=C2C3C1C1C2C31,3.9617904688307006,3.9254539012908936,0.1599280536174774,25.00174140930176,15.927619934082031,17.07,,-0.8027722948203682,mols/page_0225.png,16
3064,[C][=C][C][C][C][Ring1][Branch1][C][O][C][Ring1][Ring1][C][Ring1][#Branch1][Ring1][=Branch1],C1=CC2C3C1C1OC1C23,4.461790468830701,1.7244362831115725,0.2365478724241256,25.526687622070312,11.356866836547852,12.53,,-0.8116310488254493,mols/page_0154.png,4
3934,[C][C][=C][C][C][C][C][Ring1][=Branch1][C][C][Ring1][=Branch1][Ring1][Branch1],CC1=CC2C3CC1CC23,4.0817904688307,0.4303452372550964,0.248437687754631,29.90857696533203,0.7945013642311096,0.0,,-0.8125853444044936,mols/page_0197.png,14
2113,[C][C][C][C][=C][C][C][C][Ring1][#Branch1][Ring1][Ring1],CC1CC=CC2CC12,2.9844996950521225,0.4383246004581451,0.250831127166748,29.606035232543945,1.0129090547561646,0.0,,-0.8132400621482978,mols/page_0106.png,13
331,[C][N][C][C][N][=C][O][C][Ring1][Branch1][Ring1][=Branch1],CNC1C2N=COC21,2.9244996950521225,1.531462550163269,0.2234057486057281,25.858125686645508,32.939266204833984,33.620000000000005,,-0.8167494360618326,mols/page_0017.png,11
194,[C][C][C][N][C][Branch1][Ring1][C][=O][=N][Ring1][#Branch1],CC1CNC(C=O)=N1,1.9844996950521223,2.530524492263794,0.1630383729934692,27.730684280395508,40.47625732421875,41.46,,-0.8186690574625931,mols/page_0010.png,14
2324,[C][C][C][=C][C][C][C][Ring1][=Branch1][C][Ring1][#Branch1][C][Ring1][#Branch1],CC12C3=CCCC1C2C3,2.9417904688307006,0.667763352394104,0.2212357223033905,31.743350982666016,0.3102097511291504,0.0,,-0.8193912091501157,mols/page_0117.png,4
367,[O][=C][C][Branch1][C][O][C],CC(O)C=O,2.016722980884247,2.761362314224243,0.2282437235116958,20.30689239501953,36.85732650756836,37.3,,-0.828103293118952,mols/page_0019.png,7
3866,[C][O][C][C][=C][O][N][=Ring1][Branch1],COc1ccon1,1.3678467081635288,1.861691236495972,0.2492195665836334,21.47015190124512,35.29145431518555,35.260000000000005,,-0.8372159425223763,mols/page_0194.png,6
77,[C][C][#C][C][=C][C][=C][NH1][Ring1][Branch1],CC#Cc1ccc[nH]1,1.4244996950521225,1.828678011894226,0.2025595903396606,27.688121795654297,16.19131851196289,15.79,,-0.8466006938833692,mols/page_0004.png,17
825,[C][C][C][Branch1][Branch1][C][C][Ring1][Branch1],C1CCCC1,1.4967229808842466,0.3774619996547699,0.3883726298809051,14.99914264678955,1.7781695127487185,0.0,,-0.8541115044640074,mols/page_0042.png,5
792,[O][=C][C][C][C][C][Ring1][Ring2][C][Ring1][Ring2],O=CC1C2CC1C2,2.1878467081635287,2.606854200363159,0.2261040955781936,22.29709243774414,15.634215354919434,17.07,,-0.8543696250195039,mols/page_0040.png,12
1404,[C][=C][C][C][O][C][Ring1][Ring2][C][Ring1][Ring2][C][Ring1][Branch2],C1=CC2C3OC2C3C1,4.084499695052123,1.923462510108948,0.2419048249721527,23.50632095336914,9.891573905944824,9.23,,-0.8635224030093632,mols/page_0071.png,4
561,[C][C][#C][C][#C][C][#C][C][C],CC#CC#CC#CCC,1.621790468830701,0.4547808170318603,0.1838606297969818,35.37337875366211,3.0626375675201416,0.0,,-0.8677161833400593,mols/page_0029.png,1
448,[#C][N][#C][Branch1][C][O][#C][#C],C#CC(O)=NC,1.5318943340952076,1.4228219985961914,0.2245109677314758,25.53244972229004,29.875879287719727,32.59,,-0.8690791620858652,mols/page_0023.png,8
294,[O][=C][C][C][C],CCCC=O,1.5367229808842466,2.697559356689453,0.2303127944469452,21.141788482666016,16.435752868652344,17.07,,-0.8743781042854915,mols/page_0015.png,14
295,[O][=C][C][Branch1][C][O][C][C][O][Ring1][Ring1],O=CC(O)C1CO1,2.467846708163529,1.512262225151062,0.2224855124950409,23.716766357421875,50.79581451416016,49.83,,-0.8746767431141891,mols/page_0015.png,15
518,[C][C][=C][N][=C][O][C][Ring1][=Branch1][=O],Cc1cncoc1=O,1.3844996950521224,2.2464404106140137,0.197157621383667,24.18701362609864,42.16072463989258,43.1,,-0.8783795704258708,mols/page_0026.png,18
354,[C][O][C][C][C][C][Ring1][Ring2][=O],COC1CCC1=O,1.987846708163529,2.0702478885650635,0.1985605061054229,25.864303588867188,26.87634658813477,26.3,,-0.8785427225815698,mols/page_0018.png,14
1957,[C][=C][C][C][C][Ring1][Branch1][C][C][C][C][Ring1][#Branch1][Ring1][Ring2],C1=CC2CC1C1CCC21,4.241790468830701,0.3765190541744232,0.249981015920639,28.76683807373047,0.3403872847557068,0.0,,-0.8875510318257442,mols/page_0098.png,17
2011,[C][C][C][O][C][C][=C][O][C][=Ring1][Branch1][Ring1][Branch2],CC1COc2ccoc21,1.8617904688307008,0.9593806266784668,0.2124261409044265,28.71879768371582,22.235746383666992,22.37,,-0.8912405376742374,mols/page_0101.png,11
139,[C][N][C][=Branch1][O][C][=O],CNCC=O,1.5167229808842466,2.8139090538024902,0.2044140547513961,22.181299209594727,27.98960304260254,29.1,,-0.8929208495915936,mols/page_0007.png,19
3918,[N][=C][N][C][=C][NH1][C][=N][Ring1][Branch1],N=CNc1c[nH]cn1,1.3644996950521224,0.7642837762832642,0.2169679254293441,25.442317962646484,66.21285247802734,64.56,,-0.9018166528400986,mols/page_0196.png,18
403,[O][=C][C][Branch1][C][O][C][O],O=CC(O)CO,2.011894334095208,1.5137627124786377,0.220131054520607,22.935094833374023,57.73194885253906,57.53,,-0.9046529280763465,mols/page_0021.png,3
3886,[N][C][C][Branch1][C][C][Ring1][Ring2][O][Ring1][Branch1][C][Branch1][Branch1][C][O][C],CC12CN1O2,2.3967229808842463,1.443281650543213,0.3164093196392059,16.990222930908203,8.86194133758545,15.54,,-0.9088118597158308,mols/page_0195.png,6
2465,[O][=C][C][C][=C][C][=Branch1][C][=O][C][Ring1][=Branch1][N][Ring1][#Branch1],O=CC12C=CC(=O)C1N2,2.4417904688307006,1.7167173624038696,0.1722340583801269,27.199216842651367,54.63357925415039,56.08,,-0.9127991220395658,mols/page_0124.png,5
225,[C][C][Branch1][C][C][C][=Branch1][C][=O],CC(C)C=O,1.5367229808842466,2.5881495475769043,0.2306113392114639,20.758054733276367,15.388608932495115,17.07,,-0.9260588922930246,mols/page_0012.png,5
310,[N][C][=C][C][C][C][Ring1][=Branch1],C1=CNCCC1,1.4918943340952076,1.4770725965499878,0.2416371703147888,23.56772804260254,17.418540954589844,12.03,,-0.9280931865052082,mols/page_0016.png,10
517,[O][=C][C][=C][C][N][C][Branch1][Ring2][C][Ring1][=Branch1][C][Ring1][=Branch1][Ring1][Ring2],O=CC1=C2CN3C(C1)C23,2.901790468830701,3.0407044887542725,0.1484331637620926,26.99567031860352,21.19805335998535,20.08,,-0.9301727082964216,mols/page_0026.png,17
264,[C][=N][C][Branch1][Branch1][C][C][Ring1][Ring1][C][O][Ring1][#Branch1],C1=NC2(CC2)CO1,1.747846708163529,1.502787470817566,0.2530625462532043,21.954137802124023,21.35728645324707,21.59,,-0.9308395587712808,mols/page_0014.png,4
3326,[C][#C][C][C][C][=C][O][C][=Ring1][Branch1],C#CCc1ccoc1,1.4244996950521225,0.6271079182624817,0.2448040097951889,26.664958953857425,13.152791976928713,13.14,,-0.931965040527033,mols/page_0167.png,6
384,[C][#C][C][C][C][Ring1][=Branch1],C1#CCCC1,1.4967229808842466,0.8138827085494995,0.2791430950164795,23.14733123779297,2.4359331130981445,0.0,,-0.939372653979896,mols/page_0020.png,4
146,[C][C][C][Ring1][Ring1][C],CC1CC1,1.482440063862291,0.3727573156356811,0.3878569900989532,13.588732719421388,1.8581100702285769,0.0,,-0.9448619671815046,mols/page_0008.png,6
3502,[O][C][C][N][=C][O][C][Ring1][=Branch1][C][Ring1][Ring2][C][Ring1][#Branch1][Ring1][Branch2],OC12C3N=C4OC1C4C32,3.9217904688307006,2.7365314960479736,0.1517381221055984,25.824337005615234,41.730804443359375,41.82000000000001,,-0.954306910903417,mols/page_0176.png,2
2701,[C][C][Branch1][Ring1][C][C][C][Ring1][Ring1][C][Ring1][Branch1][C][Ring1][Ring2][C][Ring1],C=C1CC2C3C1C23C,4.264499695052122,0.4496901333332062,0.2424111068248748,28.12744903564453,0.480832427740097,0.0,,-0.9572942885706892,mols/page_0136.png,1
3363,[C][N][C][=Branch1][C][=N][C][=Branch1][C][=O][C][=O],CNC(=N)C(=O)C=O,1.5244996950521223,2.055884599685669,0.1164732351899147,29.33384704589844,69.94923400878906,70.02000000000001,,-0.983812299487548,mols/page_0169.png,3
299,[N][=C][N][=C][C][Branch1][Ring1][C][=O][=N][O][Ring1][Branch2],N=c1ncc(C=O)no1,1.361790468830701,1.8888860940933228,0.1515699625015258,25.82425117492676,76.38013458251953,79.84,,-0.986135773764474,mols/page_0015.png,19
3550,[O][N][=C][C][=C][N][C][Ring1][Branch1],ON=C1C=CNC1,1.4678467081635287,2.448216676712036,0.1781643629074096,23.359861373901367,42.82678985595703,44.620000000000005,,-0.999910551772482,mols/page_0178.png,10
401,[C][C][N][=C][Branch1][Ring1][C][=O][N][C],CCN=C(C=O)NC,1.5444996950521224,0.4805890917778015,0.1524188667535781,33.0736083984375,42.68707275390625,41.46,,-1.0153285114600308,mols/page_0021.png,1
3627,[C][=C][C][=C][N][=N][O][C][Ring1][=Branch1][=C][Ring1][=Branch2],c1cc2cnnoc-2c1,1.441790468830701,3.19875717163086,0.1297199875116348,25.543922424316406,37.48530197143555,38.92,,-1.0248430678211609,mols/page_0182.png,7
51,[C][C][N][C][=C][Ring1][Branch1][C],CC1=CNCC1,1.4918943340952076,1.5482841730117798,0.208075538277626,24.698381423950195,19.5147762298584,12.03,,-1.044245414695172,mols/page_0003.png,11
1920,[C][C][C][Branch1][C][C][Ring1][C][C][=C][C][Ring1][Branch1][C][Ring1][#Branch1],CC1=C(C)CCC=C1,1.5444996950521224,0.4990153014659881,0.1933950930833816,31.44322204589844,1.4979326725006104,0.0,,-1.0466292790659049,mols/page_0097.png,0
915,[O][=C][C][C][C][O][C][Ring1][Ring2],O=CCC1COC1,1.4878467081635287,1.0371840000152588,0.2223371714353561,24.344858169555664,27.512252807617188,26.3,,-1.0552074096453332,mols/page_0046.png,15
412,[C][N][=C][C][C][Ring1][Branch1][C][C][Ring1][Ring2][N][Ring1][=Branch1][Ring1][Ring1],C1N=C2C3C1C1C3N21,3.9244996950521225,3.818226099014282,0.1598177552223205,20.857967376708984,14.213815689086914,15.37,,-1.091062769665844,mols/page_0021.png,12
3903,[O][C][C][C][=C][C][C][Ring1][=Branch1][C][Ring1][Branch1][Ring1][#Branch1],OC12CC3=CCC1C32,2.9044996950521225,1.651960372924805,0.1760331243276596,26.431039810180664,20.15398979187012,20.23,,-1.1131930478481078,mols/page_0196.png,3
1416,[C][N][=C][C][=C][C][Branch1][C][F][=C][O][Ring1][#Branch1],CN=c1ccc(F)co1,1.401790468830701,1.2709659337997437,0.1571511626243591,29.25107383728028,25.22909927368164,25.5,,-1.1221030591579075,mols/page_0071.png,16
3036,[C][#C][C][#C][C][#C][C],C#CC#CC#CC,1.5878467081635288,1.7571367025375366,0.1891838014125824,25.8223934173584,2.638658046722412,0.0,,-1.1260153765865455,mols/page_0152.png,16
167,[O][=C][C][C][O][C][Ring1][Branch1],O=C1CCOC1,1.4718943340952075,1.965766191482544,0.2172266393899917,19.01974868774414,26.54287338256836,26.3,,-1.2073703271038512,mols/page_0009.png,7
443,[N][=C][C][=C][C][=Branch1][C][=O][N][Ring1][=Branch1],N=C1C=CC(=O)N1,1.4678467081635287,1.410206317901611,0.1888448596000671,21.7890625,53.38407897949219,52.95,,-1.2168467907371392,mols/page_0023.png,3
4260,[C][C][=C][C][C][Branch1][Ring2][C][Ring1][Branch1][N][C][Ring1][=Branch1][C][Ring1][=Branch1][Ring1][Ring1],CC1=C2C3C(C1)N1C2C31,3.9617904688307006,1.1779175996780396,0.1605702638626098,28.53022193908692,3.856383800506592,3.01,,-1.266759542714344,mols/page_0214.png,0
12,[C][C][=C][C][C][Ring1][Ring2][C][Ring1][=Branch1],C1=C2CCC2C1,1.951894334095208,0.3624391257762909,0.2494473159313202,22.55603790283203,0.8949140906333923,0.0,,-1.2737375639068715,mols/page_0001.png,12
261,[N][=C][O][N][=C][Branch1][Ring1][C][=O][O][Ring1][#Branch1],N=c1onc(C=O)o1,1.3444996950521224,1.2522914409637451,0.1634568274021148,22.157861709594727,77.24927520751953,80.09,,-1.2782150234172274,mols/page_0014.png,1
101,[C][=C][C][=N][C][=C][O][C][Ring1][=Branch1][=C][Ring1][=Branch2],c1cc2nccoc-2c1,1.461790468830701,1.743476390838623,0.1337678134441375,24.350305557250977,25.715044021606445,26.03,,-1.4609676581117483,mols/page_0006.png,1
614,[C][#C][C][=C][N][=C][C][=N][Ring1][=Branch1],C#Cc1cnccn1,1.4044996950521225,0.3840956687927246,0.1892531514167785,23.33935165405273,25.887460708618164,25.78,,-1.4829641272685377,mols/page_0031.png,14
