index,selfies,smiles,SA,pred_D,pred_P,pred_EG,pred_r0,vgae_score,reward,img_page,img_tile
0,[=C][Branch1][Ring1][=Branch2][Cl][N+1][S][=Branch1][=Ring1][/N][Ring2][#Branch2][S][F][Ring1][#Branch1][Ring1][/N+1][Ring2][/N][#N][C@@H1][/C][/N][=Ring2],NS1(F)[N+]C1Cl,2.4118943340952073,1.2087483042923695,1.265645743882625,1.445339282318038,0.8416038648786905,,1.2808946114588329,mols/page_0001.png,0
1,[N][N][N][=C][Branch1][=Branch1][N+1][=Branch1][C][=O][O-1][C][=C][Ring1][Branch2][N+1][=Branch1][C][=O][O-1],Nn1nc([N+](=O)[O-])cc1[N+](=O)[O-],1.3770246155449357,0.8683984421048996,0.8485306351916668,0.9689169158858801,0.7288139695840793,,0.8896804326369016,mols/page_0001.png,1
2,[O][=N+1][Branch1][C][O-1][C][=N][C][=N][N][Branch2][Ring2][P][C],CNN=CN=C[N+](=O)[O-],1.501790468830701,-1.6205336604448686,-1.6898131823954825,-1.5099887588677885,-2.366065572199944,,-1.6681887714771977,mols/page_0001.png,2
3,[O][=N+1][Branch1][C][O-1][C][N][C][=C][Ring1][Branch2][N+1][=Branch1][C][=O][O-1],O=[N+]([O-])C=CNC[N+](=O)[O-],1.4996683620478217,-0.31764961893306765,-0.5493890994011219,-0.3416761504310552,-1.292657449137777,,-0.4826958846697472,mols/page_0001.png,3
4,[O][=N+1][Branch1][C][O-1][C][=C][C][Branch1][=Branch1][N+1][=Branch1][C][=O][O-1][=C][Branch2][Branch1][Ring2][C][=C][C][Branch1][=Branch1][N+1][=Branch1][C][=O][O-1][=C][Branch2][Ring1][N][C][=C][Branch1][=Branch1][N+1][=Branch1][C][=O][O-1][C][=C][Branch1][=Branch1][N+1][=Branch1][C][=O][O-1][C][=C][Ring1][N][N+1][=Branch1][C][=O][O-1][C][=C][Ring2][Ring1][Branch2][N+1][=Branch1][C][=O][O-1][C][Branch1][=Branch1][N+1][=Branch1][C][=O][O-1][=C][Ring2][Ring2][#Branch1],O=[N+]([O-])c1cc([N+](=O)[O-])c(-c2cc([N+](=O)[O-])c(-c3c([N+](=O)[O-])cc([N+](=O)[O-])cc3[N+](=O)[O-])cc2[N+](=O)[O-])c([N+](=O)[O-])c1,2.326550083696136,-0.9115303691275897,-0.7566571615554245,-0.965791201320204,0.21913368613633918,,-0.7814499945852013,mols/page_0001.png,4
5,[O][=N+1][Branch1][C][O-1][C][=C][Branch1][=Branch1][N+1][=Branch1][C][=O][O-1],O=[N+]([O-])C=C[N+](=O)[O-],1.4844996950521225,1.159079774877526,1.0853206260745547,1.0881108342793637,0.44080483113029084,,1.0404249170627948,mols/page_0001.png,5
6,[C][C][=C][Branch1][=Branch1][N+1][=Branch1][C][=O][O-1][C][Branch1][C][N][=C][Branch1][=Branch1][N+1][=Branch1][C][=O][O-1][C][Branch1][=Branch1][N+1][=Branch1][C][=O][O-1][=C][Ring1][S][N+1][=Branch1][C][=O][O-1],Cc1c([N+](=O)[O-])c(N)c([N+](=O)[O-])c([N+](=O)[O-])c1[N+](=O)[O-],1.6239038473124212,-0.18115818723292074,-0.17038987222636487,-0.1349296773260872,0.17991008472414738,,-0.12386787732284156,mols/page_0001.png,6
7,[O][=C][Branch2][Ring1][#Branch1][O][C][C][Branch1][=Branch1][N+1][=Branch1][C][=O][O-1][Branch1][=Branch1][N+1][=Branch1][C][=O][O-1][N+1][=Branch1][C][=O][O-1][C][=C][C][Branch1][=Branch1][N+1][=Branch1][C][=O][O-1][=C][C][Branch1][=Branch1][N+1][=Branch1][C][=O][O-1][=C][Ring1][N],O=C(OCC([N+](=O)[O-])([N+](=O)[O-])[N+](=O)[O-])c1cc([N+](=O)[O-])cc([N+](=O)[O-])c1,1.8436858610047382,-0.26978801776557687,-0.24775748718639248,-0.41306389587637443,0.08868753744629854,,-0.28574318084391226,mols/page_0001.png,7
8,[O][=N+1][Branch1][C][O-1][=C][C][N][N][Branch2][Ring2][#Branch1][C][=N][C][Branch1][=Branch1][N+1][=Branch1][C][=O][O-1],O=[N+]([O-])CCNNC=NC[N+](=O)[O-],1.576437499842364,-1.0904186224784507,-1.3582245935541288,-0.8511405709628019,-2.2729180904372064,,-1.1799088414369863,mols/page_0001.png,8
9,[O-1][N+1][O][N][=C][C][=Ring1][Branch1][C][=N][O][N+1][Branch1][C][O-1][=C][Ring1][=Branch1][C][=N][O][N+1][Branch1][C][O-1][=C][Ring1][=C][Ring1][=Branch1],[O-][n+]1onc2c1c1no[n+]([O-])c1c1no[n+]([O-])c21,1.1798833105991513,1.9072957660252925,2.387973495294396,2.416858693307403,3.0834349751381906,,2.3489042901667023,mols/page_0001.png,9
10,[/N][=C][\N+1][Branch1][Ring1][#C][N+1][#Branch1][=Branch1][P][=O][/C][=Ring2][N+1],[N+]C[N+](C=N)P=O,1.4878467081635287,-1.2817471840018475,-1.4444653330072683,-1.4382989783564002,-1.764543137880619,,-1.4333270343829008,mols/page_0001.png,10
11,[O][=N+1][Branch1][C][O-1][=C][Branch1][C][Cl][N][N][=C][Ring1][Branch1][C][=N][N][Branch1][=Branch1],NN=CC1=NNC1(Cl)[N+](=O)[O-],1.9580915038517313,-0.7197068663886137,-0.6143821250675231,-1.158341354633343,0.0416197055568808,,-0.7926968191616832,mols/page_0001.png,11
12,[O][C][Branch1][Branch2][N][C][=N][N][=C][Branch1][=Branch1][N+1][=Branch1][C][=O][O-1],O=[N+]([O-])C=NN=CNCO,1.4996683620478217,-1.380070791771063,-1.3526798090739125,-1.3788475512522789,-1.4830312655698463,,-1.38302979726914,mols/page_0001.png,12
13,[N][N][N][=C][Branch1][=Branch1][N+1][=Branch1][C][=O][O-1][C][=C][Ring1][Branch2][N+1][=Branch1][C][=O][O-1],Nn1nc([N+](=O)[O-])cc1[N+](=O)[O-],1.3770246155449357,0.8683984421048996,0.8485306351916668,0.9689169158858801,0.7288139695840793,,0.8896804326369016,mols/page_0001.png,13
14,[N][=N][Branch1][P][=C][Branch1][=Branch1][N+1][=Branch1][C][=O][O-1][=C][Branch1][C][=N][O],N=NP=C(C(N)O)[N+](=O)[O-],1.979668362047822,-0.45982737526553624,-0.48828435425074546,-0.8479952865979845,-0.2824035856545866,,-0.604466405583723,mols/page_0001.png,14
15,[C][N][C][Branch1][=Branch1][N+1][=Branch1][C][=O][O-1][=N][N][=C][Ring1][Branch2][N+1][=Branch1][C][=O][O-1],Cn1c([N+](=O)[O-])nnc1[N+](=O)[O-],1.3770246155449357,0.3445997967944455,0.22044412709981193,0.3388771415583915,0.032668515299540575,,0.280078689126875,mols/page_0001.png,15
16,[C][=C][N][=N][N][Branch2][Ring1][#Branch1][C][O-1][=N][C][=C][Branch1][=Branch1][N+1][=Branch1][C][=O][O-1],C=CN=NNC[O-],1.5078467081635287,-2.694039159648908,-2.6853870775407165,-2.267307766863696,-3.5766767068577616,,-2.6094473367286612,mols/page_0001.png,16
17,[O][=N+1][Branch1][C][O-1][C][=C][C][Branch1][=Branch1][N+1][=Branch1][C][=O][O-1][=C][Branch2][Ring2][Branch2][N][C][=C][N][Branch2][Ring1][N][C][=C][Branch1][=Branch1][N+1][=Branch1][C][=O][O-1][C][=C][Branch1][=Branch1][N+1][=Branch1][C][=O][O-1][C][=C][Ring1][N][N+1][=Branch1][C][=O][O-1][N][=N][Ring2][Ring1][Ring2][C][Branch1][=Branch1][N+1][=Branch1][C][=O][O-1][=C][Ring2][Ring1][P],O=[N+]([O-])c1cc([N+](=O)[O-])c(Nc2cn(-c3c([N+](=O)[O-])cc([N+](=O)[O-])cc3[N+](=O)[O-])nn2)c([N+](=O)[O-])c1,1.9783993249990475,-0.7192339225603934,-0.6042942522952325,-0.7064395785390322,0.1738328265507986,,-0.5960745924744396,mols/page_0001.png,17
18,[O][=N+1][Branch1][C][O-1][C][N][=C][C][=C][C][Branch1][=Branch1][N+1][=Branch1][C][=O][O-1][N][Branch1][=Branch1][N+1][=Ring2][C][=O][O-1][=C][Branch1][=Branch1][N+1][=Branch2][C][=O][O-1],O=[N+]([O-])CN=CC=CC(N(C[N+][O-])[N+][O-])[N+](=O)[O-],2.219883310599152,-0.6138381547552345,-0.8771568050146198,-0.43426635450247636,-1.7685117846144136,,-0.7233064602048955,mols/page_0001.png,18
19,[O][=N+1][Branch1][C][O-1][C][O][C][=N][N][=N][Ring1][Branch2][C][N][Ring1][N][C][=C][Branch1][C],N=NN=COC[N+](=O)[O-],1.481790468830701,-0.38093688798611186,-0.5054205140407475,-0.7240265721933892,-0.888803255376783,,-0.6000803049217488,mols/page_0001.png,19
20,[O][=N+1][Branch1][C][O-1][C][N][C][=C][Ring1][Branch2][N+1][=Branch1][C][=O][O-1],O=[N+]([O-])C=CNC[N+](=O)[O-],1.4996683620478217,-0.31764961893306765,-0.5493890994011219,-0.3416761504310552,-1.292657449137777,,-0.4826958846697472,mols/page_0002.png,0
21,[O][=N+1][Branch1][C][O-1][N][C][C][Branch1][=Branch1][N+1][=Branch1][C][=O][O-1][Branch1][=Branch1][N+1][=Branch1][C][=O][O-1][C][C][Branch1][=Branch1][N+1][=Branch1][C][=O][O-1][Branch1][=Branch1][N+1][=Branch1][C][=O][O-1][C][Ring2][Ring1][C],O=[N+]([O-])N1CC([N+](=O)[O-])([N+](=O)[O-])CC([N+](=O)[O-])([N+](=O)[O-])C1,1.726423335035418,1.4244829670906631,1.3557012976135008,1.4723383961409737,0.6182833008318473,,1.3458097547156151,mols/page_0002.png,1
22,[O][=N+1][Branch1][C][O-1][C][=C][C][Branch1][=Branch1][N+1][=Branch1][C][=O][O-1][N+1][=Branch1][C][C][=O][O-1][C][Branch1][=Branch1][C][=O],C[N+](O[O-])C(C=C[N+](=O)[O-])[N+](=O)[O-],2.076437499842364,-0.3379013564810073,-0.6188600520004197,-0.2382377602801827,-1.613119856454806,,-0.49579744187791047,mols/page_0002.png,2
23,[O][=N+1][Branch1][C][O-1][C][=C][C][Branch1][=Branch1][N+1][=Branch1][C][=O][O-1],O=[N+]([O-])C=CC[N+](=O)[O-],1.501790468830701,-0.06446597539789811,-0.367497234206943,-0.11836096052901869,-1.2772726674150379,,-0.28306245335432156,mols/page_0002.png,3
24,[O][=N+1][Branch1][C][O-1][C][=C][C][Branch2][=Branch1][C][=N][N][N][=N][C][Branch1][=Branch1][N+1][=Branch1][C][=O][O-1][N][Branch1][C][O][C][C][Branch1][=Branch1][N][N+1][=Branch1][C][O],O=[N+]([O-])C=CCNNN=NC(N(O)CCN[N+]O)[N+](=O)[O-],2.2864233350354186,-1.0270111534159088,-1.2329221746214307,-0.749162875230784,-2.0186148976774736,,-1.0665099718693958,mols/page_0002.png,4
25,[O-1][N+1][O][N][=C][C][=Ring1][Branch1][C][=N][O][N+1][Branch1][C][O-1][=C][Ring1][=Branch1][C][=N][O][N+1][Branch1][C][O-1][=C][Ring1][=C][Ring1][=Branch1],[O-][n+]1onc2c1c1no[n+]([O-])c1c1no[n+]([O-])c21,1.1798833105991513,1.9072957660252925,2.387973495294396,2.416858693307403,3.0834349751381906,,2.3489042901667023,mols/page_0002.png,5
26,[N][C][=C][Branch1][=Branch1][N+1][=Branch1][C][=O][O-1][C][=C][Branch1][=Branch1][N+1][=Branch1][C][=O][O-1][C][Branch1][C][O][=C][Ring1][=N][N+1][=Branch1][C][=O][O-1],Nc1c([N+](=O)[O-])cc([N+](=O)[O-])c(O)c1[N+](=O)[O-],1.538407953408093,-0.4408569855312629,-0.24331437686207605,-0.5576018923564093,0.7799949407449616,,-0.31608410346640237,mols/page_0002.png,6
27,[C][N][C][Branch1][=Branch1][N+1][=Branch1][C][=O][O-1][=N][C][Branch1][=Branch1][N+1][=Branch1][C][=O][O-1][=C][Ring1][O][N+1][=Branch1][C][=O][O-1],Cn1c([N+](=O)[O-])nc([N+](=O)[O-])c1[N+](=O)[O-],1.456601054988479,0.6771688688246187,0.5972531021182902,0.6698148812219005,0.3108448141135969,,0.6176159266358471,mols/page_0002.png,7
28,[O][=N+1][Branch1][C][O-1][O][C][C][O][C][O][C][C][Branch1][Branch2][C][O][N+1][=Branch1][C][=O][O-1][O][C][Branch2][Ring1][Branch2][O][C][Ring1][#C][C][Branch1][#Branch1][O][N+1][=Branch1][C][=O][O-1][C][Ring2][Ring1][Ring1][O][N+1][=Branch1][C][=O][O-1][C][Branch1][#Branch1][O][N+1][=Branch1][C][=O][O-1][C][Ring2][Ring1][O][O][N+1][=Branch1][C][=O][O-1],O=[N+]([O-])OCC1OC2OC3C(CO[N+](=O)[O-])OC(OC1C(O[N+](=O)[O-])C2O[N+](=O)[O-])C(O[N+](=O)[O-])C3O[N+](=O)[O-],9.186790600693021,0.3680144443962297,0.34948917174566707,0.27685628938517515,0.18385301668428902,,0.30850372145797317,mols/page_0002.png,8
29,[O][=N+1][Branch1][C][O-1][C][=N][O][=N][Branch2][Ring1][Branch1][C][=C][Branch2][Ring1][#Branch2][C][=N][C][Branch1][=Branch1][N+1][=Branch1][C][=O][O-1],O=[N+]([O-])C=NONC=CC=NC[N+](=O)[O-],1.636601054988479,-1.212517477877944,-1.348814207266229,-1.017968710539631,-1.9140867918036935,,-1.238929084682265,mols/page_0002.png,9
30,[N][C][=N][O][N+1][Branch1][C][O-1][C][=N][NH1][Ring1][Branch2],NC1=NO[N+]([O-])C=NN1,1.421790468830701,1.132736332273076,1.0407598389498898,0.9721902684922035,0.5816421974022452,,0.9904143699428474,mols/page_0002.png,10
31,[C][C][=C][Branch1][=Branch1][N+1][=Branch1][C][=O][O-1][C][Branch1][C][N][=C][Branch1][=Branch1][N+1][=Branch1][C][=O][O-1][C][Branch1][C][N][=C][Ring1][=C][N+1][=Branch1][C][=O][O-1],Cc1c([N+](=O)[O-])c(N)c([N+](=O)[O-])c(N)c1[N+](=O)[O-],1.5798833105991517,-1.2132488910076333,-1.0791158134880838,-0.9961747199309089,-0.5398047963830022,,-1.025541543734593,mols/page_0002.png,11
32,[=N+1][/N+1][Branch1][#N+1][/N][/N+1][=Branch1][#Branch2][C][N][O][N][O][N][=N][N][\N+1][Branch2][=C][Branch2][Ring1][N][P][N][S][Cl][/C][NH1],[N+]NN=NONONC[N+](CPNSCl)[N+]([N+])N,2.159883310599152,-0.6566874940887639,-0.8749231119522226,-0.6438970497876535,-1.4869582788605837,,-0.7891572993113665,mols/page_0002.png,12
33,[O][=C][Branch2][Ring1][S][C][N][Branch2][Ring1][=Branch1][C][C][Branch1][=Branch1][N+1][=Branch1][C][=O][O-1][Branch1][=Branch1][N+1][=Branch1][C][=O][O-1][N+1][=Branch1][C][=O][O-1][N+1][=Branch1][C][=O][O-1][N][C][N][Branch2][Ring2][Ring2][C][=Branch1][C][=O][C][N][Branch2][Ring1][=Branch1][C][C][Branch1][=Branch1][N+1][=Branch1][C][=O][O-1][Branch1][=Branch1][N+1][=Branch1][C][=O][O-1][N+1][=Branch1][C][=O][O-1][N+1][=Branch1][C][=O][O-1][C][N][Branch2][Ring2][Ring2][C][=Branch1][C][=O][C][N][Branch2][Ring1][=Branch1][C][C][Branch1][=Branch1][N+1][=Branch1][C][=O][O-1][Branch1][=Branch1][N+1][=Branch1][C][=O][O-1][N+1][=Branch1][C][=O][O-1][N+1][=Branch1][C][=O][O-1][C][Ring2][Ring2][#Branch2],O=C(CN(CC([N+](=O)[O-])([N+](=O)[O-])[N+](=O)[O-])[N+](=O)[O-])N1CN(C(=O)CN(CC([N+](=O)[O-])([N+](=O)[O-])[N+](=O)[O-])[N+](=O)[O-])CN(C(=O)CN(CC([N+](=O)[O-])([N+](=O)[O-])[N+](=O)[O-])[N+](=O)[O-])C1,3.5744805547995004,0.722910864595867,0.5805896816007532,0.6489469225132983,0.06510831451943898,,0.5919647370064182,mols/page_0002.png,13
34,[C][=N][O][=N+1][Branch1][C][O-1][C][=N][C][Branch1][=Branch1][N+1][=Branch1][C][=O][O-1][N+1][=Branch1][C][C][=O][O-1],C=NO[N+]([O-])C=NC([N+](C)O[O-])[N+](=O)[O-],2.116601054988479,-0.0013279743305048186,-0.3690141523183865,0.0838158048676689,-1.4140201601631186,,-0.20046122573146713,mols/page_0002.png,14
35,[O][=N+1][Branch1][C][O-1][C][=C][C][Branch1][=Branch1][N+1][=Branch1][C][=O][O-1][N+1][=Branch1][C][O-1][C][O-1][C][=O][O-1][C][Branch1][C][O],O=[N+]([O-])C=CC([N+]([O-])C[O-])[N+](=O)[O-],2.076437499842364,1.0165979832269159,0.7409939497692605,0.9827420168937635,-0.27061764773025015,,0.8054330252335246,mols/page_0002.png,15
36,[O][=N+1][Branch1][C][O-1][C][=N][C][Branch1][Ring1][N+1],[N+]CN=C[N+](=O)[O-],1.4878467081635287,0.7027738277105854,0.41353064991701877,0.5758360770913536,-0.5704886439163033,,0.4523616858518122,mols/page_0002.png,16
37,[O][=C][Branch2][Ring1][=C][N][C][N][C][=Branch1][C][=O][O][C][C][Branch1][=Branch1][N+1][=Branch1][C][=O][O-1][Branch1][=Branch1][N+1][=Branch1][C][=O][O-1][N+1][=Branch1][C][=O][O-1][O][C][C][Branch1][=Branch1][N+1][=Branch1][C][=O][O-1][Branch1][=Branch1][N+1][=Branch1][C][=O][O-1][N+1][=Branch1][C][=O][O-1],O=C(NCNC(=O)OCC([N+](=O)[O-])([N+](=O)[O-])[N+](=O)[O-])OCC([N+](=O)[O-])([N+](=O)[O-])[N+](=O)[O-],2.227950530827869,0.6054542435501163,0.580827328910695,0.1911163928611596,0.4159361959816831,,0.414610569857835,mols/page_0002.png,17
38,[C][C][N][=N][O][N+1][=Ring2][C][=O][O-1][=N],CCN=NO[N+][O-],1.4878467081635287,-1.6343000968267658,-1.7872380386635476,-1.3843195579348058,-2.799412162314979,,-1.6890535732779988,mols/page_0002.png,18
39,[C][N][Branch1][=Branch2][C][C][N][N+1][=Branch1][C][=O][O-1][N+1][=Branch1][C][=O][O-1],CN(CCN[N+](=O)[O-])[N+](=O)[O-],1.518091503851731,-0.9308480033337456,-1.2351303142096406,-0.5418409906211477,-2.5951964505793566,,-1.0177506206922413,mols/page_0002.png,19
40,[O][=N+1][Branch1][C][O-1][C][=C][C][Branch1][=Branch1][N+1][=Branch1][C][=O][O-1][=C][Branch2][Ring2][=N][N][C][=N][N][Branch2][Ring1][N][C][=C][Branch1][=Branch1][N+1][=Branch1][C][=O][O-1][C][=C][Branch1][=Branch1][N+1][=Branch1][C][=O][O-1][C][=C][Ring1][N][N+1][=Branch1][C][=O][O-1][C][=C][Ring2][Ring1][Ring2][N+1][=Branch1][C][=O][O-1][C][Branch1][=Branch1][N+1][=Branch1][C][=O][O-1][=C][Ring2][Ring2][Ring2],O=[N+]([O-])c1cc([N+](=O)[O-])c(Nc2nn(-c3c([N+](=O)[O-])cc([N+](=O)[O-])cc3[N+](=O)[O-])cc2[N+](=O)[O-])c([N+](=O)[O-])c1,2.1193737172742675,-0.6396010234576002,-0.5141016680590274,-0.6358094955574475,0.2835883785543443,,-0.5143906332467014,mols/page_0003.png,0
41,[O][=N+1][Branch1][C][O-1][=C][N][C][=N][N][=C][Branch1][=C][N][=C][Branch1][=Branch1][N+1][=Branch1][C][=O][O-1],O=[N+]([O-])C=NC=NN=CNC[N+](=O)[O-],1.5963039679725397,-0.5319293116817537,-0.7143639258464548,-0.574276287842273,-1.164844003464601,,-0.6577682248654214,mols/page_0003.png,1
42,[N][C][Branch2][#Branch1][Ring1][N][C][=N][O][N+1][Branch1][C][O-1][N][=N][O],NCNC=NO[N+]([O-])N=NO,1.498091503851731,-0.5713219187159996,-0.7143616899174634,-0.526400707280705,-1.202584719596131,,-0.6522396570302609,mols/page_0003.png,2
43,[O][O][C][Branch1][C][N][C][=N][C][=N][O][C][Branch1][=Branch1][N+1][=Branch1][C][=O][O-1][N][C][Branch1][=Branch1][C][C][N+1][=Branch1][C][Branch1][C][O-1][C][N][=N][C][N][=N][N][Branch1][Branch2][C][=N][O][N+1][Branch2][C][=C][N][Branch1][=Branch1][N+1][C][O-1][C][=C][C][Branch2][=Branch1][Ring1][O][C][N][O][C][N][=N][O][C][=Ring1][Branch1][C][O][C][=N][O][=N+1][Branch1][C][O-1][N+1][=Branch1][C][C][O-1][N][C][=N][N][C][=C][Ring1][=Branch1][N+1][=Branch1][O-1][C][=C][Branch1][=Branch1][N+1],C[N+]([O-])[N+]([O-])ON=COCc1onnc1ONCOCN([N+]C[O-])[N+]ON=CNN=NCN=NCC(CC[N+][O-])NC(ON=CN=CC(N)OO)[N+](=O)[O-],4.670863522246628,-1.2821140689981578,-1.395249980559387,-1.0910916463200395,-1.6504809735466948,,-1.2708257682720714,mols/page_0003.png,3
44,[=N+1][Branch1][O-1][C][=O][O-1][N][N][C][Branch1][Branch2][N],C[N+]=O,1.4891981725766341,-1.9728186765165925,-2.3290576149912208,-1.6411693720960694,-3.890036938594411,,-2.1209405155748224,mols/page_0003.png,4
45,[O][=N+1][Branch1][C][O-1][C][=C][C][Branch1][=C][N+1][=Branch1][C][=O][O-1],O=[N+]([O-])C=CC[N+](=O)[O-],1.501790468830701,-0.06446597539789811,-0.367497234206943,-0.11836096052901869,-1.2772726674150379,,-0.28306245335432156,mols/page_0003.png,5
46,[#N+1][C][=Ring2][C][O-1][=N][N+1][=Branch1][#Branch2][NH1][=O][O-1],[N+]#CN[N+]NO[O-],1.467846708163529,0.13034524391702695,-0.01564186556921599,0.06787981683020845,-0.690343979400361,,-0.013206626620999973,mols/page_0003.png,6
47,[O][=N+1][Branch1][C][O-1][C][=C][Branch2][Ring1][P][C][N][Branch1][=Branch1][N+1][=Branch1][C][=O][O-1],O=[N+]([O-])C=CCN[N+](=O)[O-],1.4996683620478217,-0.3981899102644229,-0.629243386818001,-0.30206679273032566,-1.5912561762845172,,-0.536810658991188,mols/page_0003.png,7
48,[=N+1][Branch1][C][C][O-1][Branch1][=Branch1][N+1][=Branch1][C][=O][O-1],C[N+][O-],1.4891981725766341,-1.469628440677686,-1.9892561395460697,-1.0605943887815636,-4.00798938082814,,-1.6897578386513785,mols/page_0003.png,8
49,[O][=C][Branch2][Ring1][#Branch1][C][C][C][Branch1][=Branch1][N+1][=Branch1][C][=O][O-1][Branch1][=Branch1][N+1][=Branch1][C][=O][O-1][N+1][=Branch1][C][=O][O-1][O][C][C][O][C][=Branch1][C][=O][C][C][C][Branch1][=Branch1][N+1][=Branch1][C][=O][O-1][Branch1][=Branch1][N+1][=Branch1][C][=O][O-1][N+1][=Branch1][C][=O][O-1],O=C(CCC([N+](=O)[O-])([N+](=O)[O-])[N+](=O)[O-])OCCOC(=O)CCC([N+](=O)[O-])([N+](=O)[O-])[N+](=O)[O-],2.2735676759431467,-0.48980038678423404,-0.5764518256576072,-0.6240500546826653,-0.7826404246064844,,-0.5944471174441749,mols/page_0003.png,9
50,[O][=N+1][Branch1][C][O-1][C][=C][C][Branch1][=Branch1][N+1][=Branch1][C][=O][O-1][=C][N][=C][Branch1][=Branch1][N+1][=Branch2][O][=N+1][O-1][N][C][=N][O][N+1][=Branch1][C][O-1],O=[N+]([O-])C=CC(=CN=C[N+][O-])[N+](=O)[O-],1.6163039679725397,-0.420310640116907,-0.6237564170731335,-0.4250118567849818,-1.0841914526712066,,-0.5394406522786235,mols/page_0003.png,10
51,[C][N][=C][Branch1][=Branch1][N+1][=Branch1][C][=O][O-1][N+1][=Branch1][C][O-1][=C][Branch2][Ring1][=Branch1][C][=N][O][=N][NH1][=C][Ring2][Ring1][=N][N+1][=Branch1][C][Cl][O-1],O=[N+]([O-])C1=NCC([N+]([O-])Cl)NNON=CC[N+]1[O-],2.139883310599152,0.882552189628512,0.7045042274666535,0.6290587306313221,0.33309544040171307,,0.6816971405664914,mols/page_0003.png,11
52,[O][=N+1][Branch1][C][O-1][C][Branch1][=Branch1][N+1][=Branch1][C][=O][O-1][=C][Branch1][=Branch1][N+1][C][C][=O][Branch1][C][N+1][=Branch1][C][N+1][=Branch1][=O][O-1][N+1][=Branch1][C][C][=O][O-1][N][Branch2][Ring1][Branch2][C][=C][Branch1][=Branch1][C][=Branch1][C][=O],[N+][N+](CC([N+]CC=O)=C([N+](=O)[O-])[N+](=O)[O-])O[O-],1.678407953408093,0.555495034373742,0.26058288551636505,0.4263844693733999,-0.620682657574119,,0.31250500196447484,mols/page_0003.png,12
53,[Ring1][N][C][O][C][N][N][=N][O][N+1],[N+]ON=NNCOCN,1.481790468830701,-1.413369336885867,-1.5590624433476252,-1.310026096338675,-2.229163790809945,,-1.4900347626748376,mols/page_0003.png,13
54,[O][=N+1][Branch1][C][C][=N][C][=N][Ring1][=Branch1][C][=C][Ring2][Ring1][Ring2][N][N+1][Ring2][Ring1],C[N+](=O)NC=N,1.4918943340952076,-3.099312739384742,-3.0475385797653605,-2.615240968198942,-4.047930546876556,,-2.9876022717547577,mols/page_0003.png,14
55,[O][=N+1][Branch1][C][O-1][C][Branch2][C][Branch2][Ring1][#Branch1][C][=N][N][=C][Branch2][Ring1][Branch1][N][=C][Branch1][=Branch1][N+1][=Branch1][C][=O][O-1],O=[N+]([O-])C=NC[N+](=O)[O-],1.481790468830701,1.2140575308556785,1.0176933566378705,1.0609124534373016,0.07080474914011568,,0.9893831781623194,mols/page_0003.png,15
56,[O][=N+1][Branch1][N][C][=N][N][=C][Branch1][Branch2][N+1][=Branch1][C][=O][O-1],O=[N+]C=NN=C[N+](=O)[O-],1.481790468830701,0.7989338353088401,0.6473762417366753,0.6406945811751406,-0.01957410865930532,,0.6158979408655046,mols/page_0003.png,16
57,[C][N][=C][Ring1][Branch1][N][N+1][=Branch1][C][=O][O-1],O=[N+]([O-])NC1=NC1,1.4278467081635287,-0.08028995311884621,-0.2667798127898445,-0.20719822777505045,-0.8060469911959588,,-0.25025143170678876,mols/page_0003.png,17
58,[O][=N+1][Branch1][C][O-1][C][=C][C][Branch1][=Branch1][N+1][=Branch1][C][=O][O-1],O=[N+]([O-])C=CC[N+](=O)[O-],1.501790468830701,-0.06446597539789811,-0.367497234206943,-0.11836096052901869,-1.2772726674150379,,-0.28306245335432156,mols/page_0003.png,18
59,[Branch1][O][=N+1][=N][C][O-1][N][C][N][C][=C][C][Branch1][=Branch1][N+1][=Branch1][C][=O][O-1][C][Branch1][=Branch1][C][=Branch1][C][=O][C][C][N][C][Branch1][=Branch1][=Branch1][N+1][=Branch1][O-1][C][O-1][C][=O][C][N][N][C][=C][Branch1][=Branch1][N+1][C][C][=O][O-1],O=[N+]=NC[O-],1.4767229808842466,0.2540954746104051,-0.0009422295429727899,0.21151506654494273,-0.9340563589541107,,0.054488701989424126,mols/page_0003.png,19
60,[O][C][C][C][Branch1][=Branch1][N+1][=Branch1][C][=O][O-1][N][=N][Ring1][Branch1][C][=N][C][Branch1][=Branch1],N=NC(CCO)[N+](=O)[O-],2.001790468830701,-1.6515539047260541,-1.688301055560449,-1.4933089898892744,-2.172102708073721,,-1.6494976068347078,mols/page_0004.png,0
61,[C][=N][N][=C][Branch1][=Branch1][N+1][=Branch1][C][=O][O-1][C][Branch1][=Branch1][N+1][C][O],C=NN=C(C[N+]CO)[N+](=O)[O-],1.538091503851731,-1.360938564115505,-1.453928103917252,-1.30096907447609,-1.9022016683238379,,-1.414324463631009,mols/page_0004.png,1
62,[Ring2][N][O][N][O][N][=N+1][Branch1][C][O-1][C][O][C],COC[N+]([O-])=NONON,1.4796683620478217,-0.8987616713866221,-1.2329282435715503,-0.915110209803969,-2.2248902403314066,,-1.1214555866942715,mols/page_0004.png,2
63,[O][=N+1][Branch1][C][O-1][C][=C][C][Branch1][=Branch1][N+1][=Branch1][C][=O][O-1][=C][Branch2][Ring1][#C][C][=C][Branch1][=Branch1][N+1][=Branch1][C][=O][O-1][C][=C][Branch1][=Branch1][N+1][=Branch1][C][=O][O-1][C][Branch1][C][O][=C][Ring1][=N][N+1][=Branch1][C][=O][O-1][C][Branch1][=Branch1][N+1][=Branch1][C][=O][O-1][=C][Ring2][Ring1][N][O],O=[N+]([O-])c1cc([N+](=O)[O-])c(-c2c([N+](=O)[O-])cc([N+](=O)[O-])c(O)c2[N+](=O)[O-])c([N+](=O)[O-])c1O,1.9535676759431462,-0.14274289269419965,0.04843602630285259,-0.3286942399782617,1.1173654239954178,,-0.04331787018959965,mols/page_0004.png,3
64,[C][C][Branch1][C][C][Branch2][Ring1][=N][C][O][C][=Branch1][C][=O][C][C][C][Branch1][=Branch1][N+1][=Branch1][C][=O][O-1][Branch1][=Branch1][N+1][=Branch1][C][=O][O-1][N+1][=Branch1][C][=O][O-1][N+1][=Branch1][C][=O][O-1],CC(C)(COC(=O)CCC([N+](=O)[O-])([N+](=O)[O-])[N+](=O)[O-])[N+](=O)[O-],1.8492669435287097,-1.3193265778209236,-1.410617839935628,-1.174681250201707,-2.0246713391292936,,-1.3548257384327502,mols/page_0004.png,4
65,[O][=N+1][Branch1][C][O-1][C][C][C][=C][Branch1][=Branch1][N+1][=Branch1][C][=O][O-1][=Branch1][=Branch1][=Branch2][=O][=Branch1][N+1][=Branch1][=O][=O][O-1],O=[N+]([O-])CCC=C(O[N+](=O)[O-])[N+](=O)[O-],1.5963039679725397,0.29153267103262437,0.015917952725806463,0.27237613988773807,-0.8015211910330137,,0.10566099279140158,mols/page_0004.png,5
66,[#N+1][S][=Branch2][/N+1][#N][S][O-1][/N+1][=Ring2][P][/N],[N+][SH]([O-])S,1.962440063862291,0.18448159982869472,-0.05127490764969375,-0.012008793988358734,-0.4460058736877191,,-0.016102431919365164,mols/page_0004.png,6
67,[O][=N+1][Branch1][C][O-1][N][C][N][Branch1][=Branch1][N+1][=Branch1][C][=O][O-1][C][C][Ring1][Branch2][C][C][Ring1][Ring2][N][Branch1][=Branch1][N+1][=Branch1][C][=O][O-1][C][N][Ring1][Branch2][N+1][=Branch1][C][=O][O-1],O=[N+]([O-])N1CN([N+](=O)[O-])C2C1C1C2N([N+](=O)[O-])CN1[N+](=O)[O-],1.6492669435287097,1.350611026613017,1.3559651372344845,1.5937775388802995,0.8864357359733199,,1.4027986301113273,mols/page_0004.png,7
68,[N][N][=N][C][Branch2][NH1][Ring1][Branch1][/N][P],NN=NC(N)P,2.4718943340952073,-2.115422239418655,-2.132761895234517,-1.8476845611215345,-2.7136595147470537,,-2.0724858095866123,mols/page_0004.png,8
69,[O][=N+1][Branch1][C][O-1][C][=C][C][Branch1][=Branch1][N+1][=Branch1][C][=O][O-1][=C][Branch2][Ring2][=N][N][C][=N][N][Branch2][Ring1][N][C][=C][Branch1][=Branch1][N+1][=Branch1][C][=O][O-1][C][=C][Branch1][=Branch1][N+1][=Branch1][C][=O][O-1][C][=C][Ring1][N][N+1][=Branch1][C][=O][O-1][C][=C][Ring2][Ring1][Ring2][N+1][=Branch1][C][=O][O-1][C][Branch1][=Branch1][N+1][=Branch1][C][=O][O-1][=C][Ring2][Ring2][Ring2],O=[N+]([O-])c1cc([N+](=O)[O-])c(Nc2nn(-c3c([N+](=O)[O-])cc([N+](=O)[O-])cc3[N+](=O)[O-])cc2[N+](=O)[O-])c([N+](=O)[O-])c1,2.1193737172742675,-0.6396010234576002,-0.5141016680590274,-0.6358094955574475,0.2835883785543443,,-0.5143906332467014,mols/page_0004.png,9
70,[O][=C][Branch2][Ring1][Branch2][N][C][C][C][Branch1][=Branch1][N+1][=Branch1][C][=O][O-1][Branch1][=Branch1][N+1][=Branch1][C][=O][O-1][N+1][=Branch1][C][=O][O-1][N][C][C][C][Branch1][=Branch1][N+1][=Branch1][C][=O][O-1][Branch1][=Branch1][N+1][=Branch1][C][=O][O-1][N+1][=Branch1][C][=O][O-1],O=C(NCCC([N+](=O)[O-])([N+](=O)[O-])[N+](=O)[O-])NCCC([N+](=O)[O-])([N+](=O)[O-])[N+](=O)[O-],2.0926028435074597,0.4723857624472374,0.32856279289683404,0.3602430439192824,-0.2903518997394561,,0.31529916642978517,mols/page_0004.png,10
71,[N][=N][NH1][C][=Ring1][#Branch1][N][=C][Branch1][=Branch1][N+1][=Branch1][C][=O][O-1][N+1][=Branch1][C][O-1][N][=C][Ring2][Ring1][N],C=N[N+]([O-])C(=NC1N=NN1)[N+](=O)[O-],1.996437499842364,1.2719703668043136,1.1239038167499562,1.1148712754704022,0.22840324978176538,,1.0677573810549048,mols/page_0004.png,11
72,[O][=N+1][Branch1][C][O-1][C][=C][N][Branch1][=C][N+1][=Branch1][C][=O][O-1],O=[N+]([O-])C=CN[N+](=O)[O-],1.481790468830701,1.104442978403439,0.87647783107346,1.0175215002837128,-0.21542884541857793,,0.8806959179408521,mols/page_0004.png,12
73,[O][=N+1][Branch1][C][O-1][C][Branch1][=Branch1][N+1][=Branch1][C][=O][O-1][=C][Ring2][Ring1][=Branch2],C=C([N+](=O)[O-])[N+](=O)[O-],1.4844996950521225,0.9678549153231076,0.7806842447138265,0.9711504976643125,-0.033505393414128816,,0.8222444497335457,mols/page_0004.png,13
74,[N][C][=C][Branch1][=Branch1][N+1][=Branch1][C][=O][O-1][C][=C][Branch1][=Branch1][N+1][=Branch1][C][=O][O-1][C][=N][O][N+1][Branch1][C][O-1][=C][Ring1][S][Ring1][=Branch1],Nc1c([N+](=O)[O-])cc([N+](=O)[O-])c2no[n+]([O-])c12,1.3784079534080929,0.2158043081860674,0.3810592114303644,0.3505922511188062,1.2523826798305544,,0.41469104833468595,mols/page_0004.png,14
75,[O][=N+1][Branch1][C][O-1][=C][N][=C][Ring1][Branch2],C=NC[N+](=O)[O-],1.4918943340952076,-1.0693058443395986,-1.384219184589585,-0.933453970339952,-2.5272653656660586,,-1.2394893819348825,mols/page_0004.png,15
76,[O][=C][Branch2][Ring1][#Branch1][O][C][C][Branch1][=Branch1][N+1][=Branch1][C][=O][O-1][Branch1][=Branch1][N+1][=Branch1][C][=O][O-1][N+1][=Branch1][C][=O][O-1][N][Branch2][Ring2][#C][C][N][Branch2][Ring2][Branch1][C][N][Branch2][Ring1][O][C][=Branch1][C][=O][O][C][C][Branch1][=Branch1][N+1][=Branch1][C][=O][O-1][Branch1][=Branch1][N+1][=Branch1][C][=O][O-1][N+1][=Branch1][C][=O][O-1][N+1][=Branch1][C][=O][O-1][N+1][=Branch1][C][=O][O-1][N+1][=Branch1][C][=O][O-1],O=C(OCC([N+](=O)[O-])([N+](=O)[O-])[N+](=O)[O-])N(CN(CN(C(=O)OCC([N+](=O)[O-])([N+](=O)[O-])[N+](=O)[O-])[N+](=O)[O-])[N+](=O)[O-])[N+](=O)[O-],2.7422400836961356,1.1228972151557512,1.1443210426256072,0.6383177062593589,0.8716754558964418,,0.9092991925387275,mols/page_0004.png,16
77,[O][=N+1][Branch1][C][O-1][N][C][=N][O][N+1][=C][Branch1][N][O-1][N][=C][Branch1][=Branch1][N+1][=Branch1][C][=O][O-1][=C][Ring2][Ring1][C],O=[N+]([O-])NC=NO[N+]=C[O-],1.4796683620478217,0.9345367296838757,0.7594665562592582,0.8201271433460585,0.04024090388386232,,0.7555757692125932,mols/page_0004.png,17
78,[O][=N+1][Branch1][C][O-1][C][C][Branch2][Ring2][=Branch1],CC[N+](=O)[O-],1.4967229808842466,-2.0769503801695817,-2.323441919620135,-1.6381964872871253,-3.917019083234697,,-2.147078578185749,mols/page_0004.png,18
79,[#Branch1][/N+1][C][=N+1][Branch2][N][C][C][N][Branch1][N][C][=N][O][N+1][=Branch1][C][=O][O-1],[N+]C=[N+]CNC=NO[N+](=O)[O-],1.518091503851731,-0.45731181689683026,-0.7342362238850618,-0.405382935923397,-1.3165085139575408,,-0.5916910359605859,mols/page_0004.png,19
80,[O][=N+1][Branch1][C][O-1][N][C][=C][Branch1][=Branch1][N+1][=Branch1][C][=O][O-1][=C][Branch1][=Branch1],CC(=CN[N+](=O)[O-])[N+](=O)[O-],1.4996683620478217,-0.5141059285740609,-0.7092529115905679,-0.3482653957938525,-1.6704858429357738,,-0.6121944526522756,mols/page_0005.png,0
81,[O][=N+1][Branch1][C][O-1][C][N][=N][O][N+1][Branch1][C][O-1][N][=C][Branch2][Ring2][#Branch1][C][N][=N][C][Branch1][=Branch1][N+1][=Branch1][C][=O][O-1],O=[N+]([O-])CN=NCC=N[N+]([O-])ON=NC[N+](=O)[O-],1.6798833105991515,0.45704258476428056,0.21403212158936416,0.4881872473032128,-0.5499670300281001,,0.30804687250688634,mols/page_0005.png,1
82,[O][=N+1][Branch1][C][O-1][C][=N][C][Branch1][=Branch1][N+1][=Branch1][C][=O][O-1][=C][Branch1][=Branch1][N+1][=Branch1][C][=O][O-1][NH1][Ring1][O],O=[N+]([O-])c1nc([N+](=O)[O-])c([N+](=O)[O-])[nH]1,1.4163039679725398,1.4827289063335929,1.6851354091624378,1.3450224436061093,1.6240346298996833,,1.49237851930642,mols/page_0005.png,2
83,[O][=N+1][Branch1][C][O-1][C][=C][C][Branch1][=Branch1][N+1][=Branch1][C][=O][O-1],O=[N+]([O-])C=CC[N+](=O)[O-],1.501790468830701,-0.06446597539789811,-0.367497234206943,-0.11836096052901869,-1.2772726674150379,,-0.28306245335432156,mols/page_0005.png,3
84,[O][=N+1][Branch1][C][O-1][C][=C][C][Branch1][=Branch1][N+1][=Branch1][C][=O][O-1][=C][Branch2][#Branch1][#Branch2][C][=C][Branch1][=Branch1][N+1][=Branch1][C][=O][O-1][C][=C][Branch1][=Branch1][N+1][=Branch1][C][=O][O-1][C][Branch2][Branch1][O][C][=C][Branch1][=Branch1][N+1][=Branch1][C][=O][O-1][C][=C][Branch1][=Branch1][N+1][=Branch1][C][=O][O-1][C][Branch2][Ring1][N][C][=C][Branch1][=Branch1][N+1][=Branch1][C][=O][O-1][C][=C][Branch1][=Branch1][N+1][=Branch1][C][=O][O-1][C][=C][Ring1][N][N+1][=Branch1][C][=O][O-1][=C][Ring2][Ring1][O][N+1][=Branch1][C][=O][O-1][=C][Ring2][Ring2][#Branch2][N+1][=Branch1][C][=O][O-1][C][Branch1][=Branch1][N+1][=Branch1][C][=O][O-1][=C][Ring2][Branch1][=Branch2],O=[N+]([O-])c1cc([N+](=O)[O-])c(-c2c([N+](=O)[O-])cc([N+](=O)[O-])c(-c3c([N+](=O)[O-])cc([N+](=O)[O-])c(-c4c([N+](=O)[O-])cc([N+](=O)[O-])cc4[N+](=O)[O-])c3[N+](=O)[O-])c2[N+](=O)[O-])c([N+](=O)[O-])c1,3.2237805547995015,-0.610654818555985,-0.40259205623735084,-0.6836559697004915,0.6139473001887226,,-0.4653793765596583,mols/page_0005.png,4
85,[NH1][C][=N+1][Branch1][C][O-1][C][Branch1][=Branch1][N+1][=Branch1][C][=O][O-1][C][Branch1][C][O][N+1][=Branch1][C][O-1][C][Branch2][Branch1][=Branch1][N+1],[N+]C[N+]([O-])C(O)C([N+](=O)[O-])[N+]([O-])=C[NH],2.5963039679725397,0.9773907827432678,0.9185324612172058,0.682310938380869,0.4810643705667932,,0.7950116233991453,mols/page_0005.png,5
86,[N][O][=N+1][Branch1][C][O-1][C][=N][C][=C][Branch1][Branch2][N][C][=N][O][N+1][Branch1][C][O-1][N+1][=Branch1][C][=O][O-1],NO[N+]([O-])C=NC=C(NC=NO[N+][O-])[N+](=O)[O-],1.6584079534080929,0.11710831607370183,-0.07800256397589815,-0.033273047779942534,-0.5569051208623121,,-0.05922329317375731,mols/page_0005.png,6
87,[O][=N+1][Branch1][C][O-1][C][=N][C][Branch1][=Branch1][N+1][=Branch1][C][=O][O-1],O=[N+]([O-])C=NC[N+](=O)[O-],1.481790468830701,1.2140575308556785,1.0176933566378705,1.0609124534373016,0.07080474914011568,,0.9893831781623194,mols/page_0005.png,7
88,[Branch2][Branch1][Branch2][=Branch1][=N][N][=C][Branch1][=Branch1][N+1][=Branch1][C][=O][O-1][C][Branch1][=Branch1][N+1][#Branch1][C][=O][O-1][N][=N][Ring2][=N][Ring2],O=[N+]([O-])C1=NNN=NC1[N+](=O)[O-],1.9570246155449358,1.6159199443089012,1.687482495766541,1.362046563905316,1.0996822313133043,,1.4806374587123174,mols/page_0005.png,8
89,[O][=C][Branch2][Ring1][#Branch1][O][C][C][Branch1][=Branch1][N+1][=Branch1][C][=O][O-1][Branch1][=Branch1][N+1][=Branch1][C][=O][O-1][N+1][=Branch1][C][=O][O-1][C][=C][Branch1][=Branch1][N+1][=Branch1][C][=O][O-1][C][=C][Branch1][=Branch1][N+1][=Branch1][C][=O][O-1][C][=C][Ring1][N][N+1][=Branch1][C][=O][O-1],O=C(OCC([N+](=O)[O-])([N+](=O)[O-])[N+](=O)[O-])c1c([N+](=O)[O-])cc([N+](=O)[O-])cc1[N+](=O)[O-],1.9774622165525828,0.30879590638363785,0.38971864499558506,0.08581474413369182,0.6803844792040785,,0.27699298341869033,mols/page_0005.png,9
90,[N][C][=C][Branch1][=Branch1][N+1][=Branch1][C][=O][O-1][C][Branch1][C][N][=C][Branch1][=Branch1][N+1][=Branch1][C][=O][O-1][C][Branch1][#Branch2][N][C][C][O][N+1][=Branch1][C][=O][O-1][=C][Ring2][Ring1][Ring2][N+1][=Branch1][C][=O][O-1],Nc1c([N+](=O)[O-])c(N)c([N+](=O)[O-])c(NCCO[N+](=O)[O-])c1[N+](=O)[O-],1.755885732905358,-0.520709858507647,-0.49317784455761304,-0.38715604885256444,-0.22002811636338912,,-0.43033715694367974,mols/page_0005.png,10
91,[O][=N+1][Branch1][C][O-1][C][=N][N][=C][Branch1][=Branch1][N+1][=Branch1][C][=O][O-1][=C][Ring1][Branch1][N][=C][Branch1][Branch2][C][=C][Branch1][=Branch1][C][=N][O],O=[N+]([O-])C=NN=C(CN=CC=CC=NO)[N+](=O)[O-],1.7398833105991516,-1.6036648068243644,-1.5756932831855734,-1.354781916625516,-1.9777945312727276,,-1.5345317422799636,mols/page_0005.png,11
92,[O][=N+1][Branch1][C][O-1][C][Branch1][=Branch1][N+1][=Branch1][C][=O][O-1][=C][Ring1][=N][N+1][=Branch1][C],[N+]C=C([N+](=O)[O-])[N+](=O)[O-],1.481790468830701,1.3823972513468845,1.3670182924942005,1.2876174216197578,0.7662448839187409,,1.2790253430000484,mols/page_0005.png,12
93,[N][C][=C][Branch1][=Branch1][N+1][=Branch1][C][=O][O-1][C][=C][Branch1][=Branch1][N+1][=Branch1][C][=O][O-1][C][Branch1][C][N][=C][Ring1][=N][N+1][=Branch1][C][=O][O-1],Nc1c([N+](=O)[O-])cc([N+](=O)[O-])c(N)c1[N+](=O)[O-],1.538407953408093,-0.6577960052874661,-0.5370726442612717,-0.6283175034293494,0.22295539130640196,,-0.527748624628284,mols/page_0005.png,13
94,[C][C][N][=N][N][=N][NH1][C][Branch1][=Branch1][N+1][=Branch1][C][=O][O-1][N+1][=Branch1][C][N][O-1][N][C][=C][Branch1][=Branch1][N+1][Branch1][C][O-1][C][=C][Branch1][N][C],CCN=NN=NNC([N+](N)[O-])[N+](=O)[O-],2.0763039679725397,-0.17798427848539664,-0.44301541647266496,-0.01672000366977161,-1.48723256977955,,-0.3106611821853791,mols/page_0005.png,14
95,[O][=N+1][Branch1][C][O-1][C][=C][C][Branch1][=Branch1][N+1][=Branch1][C][=O][O-1][=C][Branch2][Ring2][#C][C][=N][C][=C][Branch1][=Branch1][N+1][=Branch1][C][=O][O-1][C][Branch2][Ring1][N][C][=C][Branch1][=Branch1][N+1][=Branch1][C][=O][O-1][C][=C][Branch1][=Branch1][N+1][=Branch1][C][=O][O-1][C][=C][Ring1][N][N+1][=Branch1][C][=O][O-1][=N][Ring2][Ring1][Branch2][C][Branch1][=Branch1][N+1][=Branch1][C][=O][O-1][=C][Ring2][Ring2][Ring2],O=[N+]([O-])c1cc([N+](=O)[O-])c(-c2ncc([N+](=O)[O-])c(-c3c([N+](=O)[O-])cc([N+](=O)[O-])cc3[N+](=O)[O-])n2)c([N+](=O)[O-])c1,2.1277737172742675,-0.8125232711082886,-0.6751121924026283,-0.8509596633768984,0.2810536365799675,,-0.6841873675704918,mols/page_0005.png,15
96,[C][=N][C][O][N+1][=Branch1][C][=O][O-1][C][=Branch1],C=NCO[N+](=O)[O-],1.4878467081635287,-0.7626716920057783,-1.0415713715383963,-0.6491451609430721,-2.1531154090134863,,-0.9260303711646212,mols/page_0005.png,16
97,[O][=N+1][Branch1][C][O-1][C][=C][Branch1][=Branch1][N+1][=Branch1][C][=O][O-1],O=[N+]([O-])C=C[N+](=O)[O-],1.4844996950521225,1.159079774877526,1.0853206260745547,1.0881108342793637,0.44080483113029084,,1.0404249170627948,mols/page_0005.png,17
98,[O][=N+1][Branch2][Branch1][N][C][=N][C][N][Branch1][Branch2][N][=N][N+1][=Branch1][N+1][=Branch1][C][=O][O-1],O=[N+]C=NCN([O-])N=N[N+]O,1.498091503851731,0.7691556577924655,0.500340273589253,0.5993867520057674,-0.4455809676659275,,0.5125705868811439,mols/page_0005.png,18
99,[O][=N+1][Branch1][C][O-1][C][Branch2][Ring1][#Branch1][C][=N][N][=C][Branch2][Ring1][=Branch1][C][=N][O][N+1][Branch1][C][O-1][=C][C][Branch1][=Branch1][N+1][=Branch1][C][=O][O-1],O=[N+]([O-])CC=NN=CC=NO[N+]([O-])=CC[N+](=O)[O-],1.7198833105991516,-0.47515012680308816,-0.6569752946797662,-0.3543678922807164,-1.0661323344885454,,-0.5313917457318547,mols/page_0005.png,19
100,[O][O][=N+1][=N][O][C][N][C][=N][N][N][=C][N][=C][Ring2][Branch1],C1=NC=NNN=CNCON=[N+]OO1,1.5363039679725397,-1.0743487453916674,-1.05507797973852,-1.2093729665450297,-0.8242322342208234,,-1.098529091322641,mols/page_0006.png,0
101,[O][=N+1][Branch1][C][O-1][C][=C][C][Branch1][=Branch1][N+1][=Branch1][C][=O][O-1][=C][Branch1][Branch2][N][C][=C][N][=N][Ring1][Branch1][C][Branch1][=Branch1][N+1][=Branch1][C][=O][O-1][=C][Ring1][P],O=[N+]([O-])c1cc([N+](=O)[O-])c(-n2ccnn2)c([N+](=O)[O-])c1,1.4839038473124213,-1.1694921594455419,-1.03846055547452,-1.0240412050258623,-0.34473129893757126,,-0.9960777906341176,mols/page_0006.png,1
102,[Cl][C][C][Branch1][=Branch1][N+1][=Branch1][C][=O][O-1][N+1][=Branch1][C],[N+]C(CCl)[N+](=O)[O-],1.987846708163529,-0.27064277338867243,-0.4638325542193473,-0.5444081767349714,-0.748681004714991,,-0.47625020306749266,mols/page_0006.png,2
103,[N][O][=C][Branch1][Branch1][C][=N][O][N+1][Branch1],[N+]ON=CCON,1.4878467081635287,-1.7729056345763157,-1.9093705491233113,-1.5386827618309342,-2.584352163175936,,-1.7944773669748741,mols/page_0006.png,3
104,[O][=N+1][Branch1][C][O-1][C][=C][C][Branch1][=Branch1][N+1][=Branch1][C][=O][O-1][=C][Branch1][#C][N][C][=N][C][Branch1][=Branch1][N+1][=Branch1][C][=O][O-1][=N][Ring1][Branch2][C][Branch1][=Branch1][N+1][=Branch1][C][=O][O-1][=C][Ring2][Ring1][Ring2],O=[N+]([O-])c1cc([N+](=O)[O-])c(-n2cnc([N+](=O)[O-])n2)c([N+](=O)[O-])c1,1.5524242818454757,-0.30886009144116183,-0.2624104881222439,-0.2846141363922336,0.39185492271207256,,-0.21747780717653759,mols/page_0006.png,4
105,[O][=N+1][Branch1][C][O-1][C][=C][Branch1][=Branch1][N+1][=Branch1][C][=O][O-1][C][=C][Branch2][Ring2][#Branch1][N][=N][N][=N][Ring1][=Branch2][=C][Ring2][Ring1],N=NN=NC=CC(=C[N+](=O)[O-])[N+](=O)[O-],1.5963039679725397,-0.46859176288617455,-0.5798229677397666,-0.5170297838891141,-0.8060078067789637,,-0.5495163768900273,mols/page_0006.png,5
106,[=Branch2][N][P][N][S][O][\N+1][/N][/N][Ring1],N=N[N+]OSNPN,1.9444996950521227,-0.6380077841160213,-0.7984358141779474,-0.7551941729400274,-1.202217365686801,,-0.7814103053181832,mols/page_0006.png,6
107,[C][=N][N][=N][NH1][C][=N][N][C][Branch2][Ring1][=Branch2][C][C][=C][Branch1][=Branch1][N+1][=Branch1][C][=O][O-1][N+1][=Branch1][C][=N][O],C=NN=NNC=NNCCC=C([N+](=N)O)[N+](=O)[O-],1.7198833105991516,-1.820807302413639,-1.8839870055393588,-1.5411348656438244,-2.3449427224134713,,-1.7771467954871265,mols/page_0006.png,7
108,[N][N][N][=C][Branch1][=Branch1][N+1][=Branch1][C][=O][O-1][C][=C][Ring1][Branch2][N+1][=Branch1][C][=O][O-1],Nn1nc([N+](=O)[O-])cc1[N+](=O)[O-],1.3770246155449357,0.8683984421048996,0.8485306351916668,0.9689169158858801,0.7288139695840793,,0.8896804326369016,mols/page_0006.png,8
109,[O][=N+1][Branch1][C][O-1][C][=N][N][=C][Branch1][=Branch1][N+1][=Branch1][C][=O][O-1][C][Branch1][=Branch1][N+1][P][C][=O][O-1][N][=C][Ring1][C][N+1][=Branch1][C][=N+1][=O][O-1],[N+]=[N+](C=NC([N+]PC=O)C(=NN=C[N+](=O)[O-])[N+](=O)[O-])O[O-],2.786423335035418,0.3117765523707929,0.20487695062490996,-0.04076548769909473,-0.10708393242685926,,0.10214878742660191,mols/page_0006.png,9
110,[C][C][O][N][Branch1][#C][N][N][=N][N][=N][N][=Ring1][=N][O],C1=NN=NN=NNNOC1,1.4196683620478217,-0.2749471907222577,-0.39427408097095795,-0.43508581213169273,-0.5477163750769385,,-0.3961112802836749,mols/page_0006.png,10
111,[O][=N+1][Branch1][C][O-1][C][=N][C][Branch2][Ring1][S][C][=N][C][=C][N][N][Branch1][=Branch1][N+1][=Branch1][C][=O][O-1][C][=C][Branch1][=Branch1][N+1][N+1][=Branch1][C][O-1][O][C][=N][O][N+1][Branch1][C][O-1][=C][N][Branch1][=Branch1][C][=N][O],C=[N+]([O-])ON=COC(=CN(NC=CN=CC(N=C[N+](=O)[O-])NC=NO)[N+](=O)[O-])[N+][N+][O-],2.7279505308278695,-1.2130776256346232,-1.264214959111196,-1.0879163599545896,-1.4970066327937894,,-1.2041903534476697,mols/page_0006.png,11
112,[O][=N+1][Branch1][C][O-1][C][N][=C][Branch1][=Branch1][N+1][=Branch1][C][=O][O-1],O=[N+]([O-])C=NC[N+](=O)[O-],1.481790468830701,1.2140575308556785,1.0176933566378705,1.0609124534373016,0.07080474914011568,,0.9893831781623194,mols/page_0006.png,12
113,[#Branch2][NH1][C][=Ring1][O][=N+1][Branch1][C][O-1][=C][C][Ring1][#C][N+1][=Branch1][C][=O][O-1],N=C[N+]([O-])=CC[N+](=O)[O-],1.501790468830701,0.16054451427713243,-0.08777804552624902,0.10353114940271747,-1.1058469656262082,,-0.05098061961381298,mols/page_0006.png,13
114,[C][Branch1][=Branch1][N+1][=Branch1][C][=O][O-1][N+1][=Branch1][C][O-1][C][=O],O=C[N+]([O-])C[N+](=O)[O-],1.4844996950521225,1.044129284748756,0.8344065911714925,0.8388770503682161,-0.2505564507417406,,0.7801291440531747,mols/page_0006.png,14
115,[O][=N+1][Branch1][C][O-1][N][=C][Branch2][=C][Branch1][N][=N][O][=C][Branch1][N],CON=NC=N[N+](=O)[O-],1.481790468830701,-0.5801122318288825,-0.7875902808960035,-0.5990118178861439,-1.607656079310038,,-0.7422959632666829,mols/page_0006.png,15
116,[O][=N+1][Branch1][C][O-1][C][C][N][=C][Branch1][=Branch1][N+1][=Branch1][C][=O][O-1][N+1][=Branch1][C][O-1],O=[N+]([O-])CCN=C([N+][O-])[N+](=O)[O-],1.5370246155449356,1.267750010915279,1.0112641025323463,1.247176515931348,-0.2951091328652791,,1.0391132214479177,mols/page_0006.png,16
117,[O][=C][Branch2][Branch1][#C][N][=N][N][=N][O][Ring1][N],O=CN=NN=NO,1.467846708163529,-0.15808921286106492,-0.2272329367191547,-0.5387897423777157,-0.2469796481778978,,-0.33654439916393103,mols/page_0006.png,17
118,[=Branch2][N][P][N][S][O][\N+1][/N][/N][Ring1],N=N[N+]OSNPN,1.9444996950521227,-0.6380077841160213,-0.7984358141779474,-0.7551941729400274,-1.202217365686801,,-0.7814103053181832,mols/page_0006.png,18
119,[C@@H1][=N+1][Ring2][Ring1][#Branch1][=Branch2][O-1][=Branch1][NH1][/N+1][C@@H1][Ring2],C#[N+][O-],1.4891981725766341,-0.11138954511871968,-0.47841272775376487,-0.034311027443616623,-1.4973286797209688,,-0.3109078471676647,mols/page_0006.png,19
120,[O][=N+1][Branch1][C][O-1][C][=C][C][Branch1][=Branch1][N+1][=Branch1][C][=O][O-1][=C][Branch2][Ring2][Branch1][N][C][N][=C][C][=C][N][Ring1][=Branch1][C][=C][Branch1][=Branch1][N+1][=Branch1][C][=O][O-1][C][=C][Branch1][=Branch1][N+1][=Branch1][C][=O][O-1][C][=C][Ring1][N][N+1][=Branch1][C][=O][O-1][C][Branch1][=Branch1][N+1][=Branch1][C][=O][O-1][=C][Ring2][Ring2][C],O=[N+]([O-])c1cc([N+](=O)[O-])c(NC2N=CC=CN2c2c([N+](=O)[O-])cc([N+](=O)[O-])cc2[N+](=O)[O-])c([N+](=O)[O-])c1,2.6251741350906634,-1.2557305597238753,-1.1168177287224508,-1.1251631720532724,-0.6041039756460576,,-1.1036127384974963,mols/page_0007.png,0
121,[O][=C][N][Branch1][=Branch1][N+1][=Branch1][C][=O][O-1][C][C][Branch2][Ring1][=Branch2][C][C][Ring1][Ring2][N][Branch1][=Branch1][N+1][=Branch1][C][=O][O-1][C][=Branch1][C][=O][N][Ring1][=Branch2][N+1][=Branch1][C][=O][O-1][N][Ring2][Ring1][Ring2][N+1][=Branch1][C][=O][O-1],O=C1N([N+](=O)[O-])C2C(C3C2N([N+](=O)[O-])C(=O)N3[N+](=O)[O-])N1[N+](=O)[O-],1.735885732905358,1.3783104510239588,1.6476650722878934,1.2836070049381938,1.7216381145825936,,1.4421004942614999,mols/page_0007.png,1
122,[O][=N+1][Branch1][C][O-1][C][N][=C][Branch1][=Branch1][N+1][=Branch1][C][=O][O-1][=N][Ring1][Branch2][=N][Ring1][O],NNC(=NC[N+](=O)[O-])[N+](=O)[O-],1.498091503851731,1.2307456916514474,1.087939218341898,1.138742568779635,0.08279028268852145,,1.0434472832790425,mols/page_0007.png,2
123,[/N][=N+1][Branch1][C][O-1][C][=C][Ring1][=Branch1][N+1][=Branch1][C][=O][O-1],O=[N+]([O-])C1=C[N+]([O-])=N1,1.4244996950521225,1.7140235782045259,1.7114944566234904,1.6530811949365294,0.914189323823199,,1.6090309190639358,mols/page_0007.png,3
124,[#N+1][=Branch1][#C][#Branch1][C][O-1][N][N][=C][\N+1][Branch1][N+1][#Branch2],[N+]C=NN[N+][O-],1.4718943340952075,0.8637601358560426,0.7694784074458416,0.6960182703414934,-0.11056522297427626,,0.6756604216646408,mols/page_0007.png,4
125,[O][=N+1][Branch1][C][O-1][C][=C][C][Branch1][=Branch1][N+1][=Branch1][C][=O][O-1][=C][Branch1][C][O][C][Branch1][=Branch1][N+1][=Branch1][C][=O][O-1][=C][Ring1][=N][O],O=[N+]([O-])c1cc([N+](=O)[O-])c(O)c([N+](=O)[O-])c1O,1.538407953408093,-0.10175390383446645,0.14313209094614168,-0.45577062429912024,1.4428042522708369,,-0.0276832777146456,mols/page_0007.png,5
126,[N][C][=N][N][=C][Branch2][Branch1][=Branch1][N+1][=Branch1][C][=O][O-1],NC=NN=C[N+](=O)[O-],1.4844996950521225,-0.36761589869823597,-0.4990765446553235,-0.4652445396331809,-0.8498919047875216,,-0.48776011717041445,mols/page_0007.png,6
127,[O][=N+1][Branch1][C][O-1][C][=C][C][Branch1][=Branch1][N+1][=Branch1][C][=O][O-1][=C][Branch2][Ring2][#Branch2][N][C][=N][N][=C][Branch2][Ring1][=N][N][C][=C][Branch1][=Branch1][N+1][=Branch1][C][=O][O-1][C][=C][Branch1][=Branch1][N+1][=Branch1][C][=O][O-1][C][=C][Ring1][N][N+1][=Branch1][C][=O][O-1][N][=N][Ring2][Ring1][=Branch1][C][Branch1][=Branch1][N+1][=Branch1][C][=O][O-1][=C][Ring2][Ring2][Ring1],O=[N+]([O-])c1cc([N+](=O)[O-])c(Nc2nnc(Nc3c([N+](=O)[O-])cc([N+](=O)[O-])cc3[N+](=O)[O-])nn2)c([N+](=O)[O-])c1,2.072166943381353,-0.48273686857903875,-0.376805726016521,-0.4973341421604511,0.3707088071780085,,-0.3767484247952695,mols/page_0007.png,7
128,[O][=N+1][Branch1][C][O-1][C][=C][N][Branch1][=Branch1][N+1][=Branch1][C][=O][O-1],O=[N+]([O-])C=CN[N+](=O)[O-],1.481790468830701,1.104442978403439,0.87647783107346,1.0175215002837128,-0.21542884541857793,,0.8806959179408521,mols/page_0007.png,8
129,[C][N][C][Branch1][=Branch1][N+1][=Branch1][C][=O][O-1][=N][C][Branch1][=Branch1][N+1][=Branch1][C][=O][O-1][=C][Ring1][O][N+1][=Branch1][C][=O][O-1],Cn1c([N+](=O)[O-])nc([N+](=O)[O-])c1[N+](=O)[O-],1.456601054988479,0.6771688688246187,0.5972531021182902,0.6698148812219005,0.3108448141135969,,0.6176159266358471,mols/page_0007.png,9
130,[O][=N+1][Branch1][C][O-1][C][=C][N][Branch1][=Branch1][N+1][=Branch1][C][=O][O-1],O=[N+]([O-])C=CN[N+](=O)[O-],1.481790468830701,1.104442978403439,0.87647783107346,1.0175215002837128,-0.21542884541857793,,0.8806959179408521,mols/page_0007.png,10
131,[C][=N+1][Branch1][C][O-1][C][=C][Branch1][=Branch1][N+1][=Branch1][C][=O][O-1][N][=N][N][Ring1][#C],O=[N+]([O-])C1=C[N+]([O-])=CNN=N1,1.458091503851731,1.35070530113027,1.2943850974642244,1.1658648251424804,0.6875135940711421,,1.1963698891127301,mols/page_0007.png,11
132,[O][=N+1][Branch1][C][O-1][C][=C][C][Branch1][=Branch1][N+1][=Branch1][C][=O][O-1],O=[N+]([O-])C=CC[N+](=O)[O-],1.501790468830701,-0.06446597539789811,-0.367497234206943,-0.11836096052901869,-1.2772726674150379,,-0.28306245335432156,mols/page_0007.png,12
133,[Cl][/C][=Branch2][#N+1][/N+1][F][P][#Branch1][Ring2][#N][Ring2][#Branch1][N+1][=Branch1][=Branch2][=Branch1][C@@H1][=O][=Branch1][#Branch2][#N],N#P(C(F)Cl)[N+](N)O,2.464499695052122,-0.5981037378256769,-0.6933822876096918,-0.7805700441914281,-0.7296606438029163,,-0.7080655884157051,mols/page_0007.png,13
134,[O][=N+1][Branch1][C][O-1][C][Branch1][=Branch1][N+1][=Branch1][C][=O][O-1][C][=C][Branch1][=Branch1][N+1][=O][C][=N][O][=C][Branch2][Ring1][#Branch1],CC(=CC([N+](=O)[O-])[N+](=O)[O-])[N+]=O,1.5570246155449357,-0.3466555310289432,-0.5923879304160884,-0.23672915221852697,-1.3527430790608177,,-0.46472683415475047,mols/page_0007.png,14
135,[O][=N+1][Branch1][C][O-1][C][=N][N][C][Branch1][Branch2][C][=N][N][=C][Branch1][C][N+1][=Branch1][C][=O][O-1],[N+]C=NN=CC([O-])(O)NN=C[N+](=O)[O-],2.0963039679725397,-0.2759669267505464,-0.28923684474249667,-0.43744119307687207,-0.39682575681965404,,-0.35595999578597504,mols/page_0007.png,15
136,[O][=N+1][Branch1][C][O-1][O][C][C][N][C][=C][Branch1][=Branch1][N+1][=Branch1][C][=O][O-1][C][Branch2][=Branch1][Branch1][C][=N][N][=C][Branch2][Branch1][#Branch2][C][=C][Branch1][=Branch1][N+1][=Branch1][C][=O][O-1][C][Branch1][#Branch2][N][C][C][O][N+1][=Branch1][C][=O][O-1][=C][Branch1][=Branch1][N+1][=Branch1][C][=O][O-1][C][Branch1][P][N][Branch1][=Branch2][C][C][O][N+1][=Branch1][C][=O][O-1][N+1][=Branch1][C][=O][O-1][=C][Ring2][Ring1][=N][N+1][=Branch1][C][=O][O-1][O][Ring2][Ring2][Branch1][=C][Branch1][=Branch1][N+1][=Branch1][C][=O][O-1][C][Branch1][P][N][Branch1][=Branch2][C][C][O][N+1][=Branch1][C][=O][O-1][N+1][=Branch1][C][=O][O-1][=C][Ring2][Branch1][O][N+1][=Branch1][C][=O][O-1],O=[N+]([O-])OCCNc1c([N+](=O)[O-])c(-c2nnc(-c3c([N+](=O)[O-])c(NCCO[N+](=O)[O-])c([N+](=O)[O-])c(N(CCO[N+](=O)[O-])[N+](=O)[O-])c3[N+](=O)[O-])o2)c([N+](=O)[O-])c(N(CCO[N+](=O)[O-])[N+](=O)[O-])c1[N+](=O)[O-],3.620290765159798,0.15388166277026316,0.08389530475885673,0.16918179586141358,0.17176829758036416,,0.14429378998488182,mols/page_0007.png,16
137,[Ring2][/N+1][=Branch1][C][Cl][=Branch1][N][C][=O][=Branch1][N+1][=Branch1][C][=O][O-1],O=C[N+]Cl,1.482440063862291,-1.3263083914444995,-1.315314241443536,-1.8394508031121268,-1.0279275279182285,,-1.4989787322586825,mols/page_0007.png,17
138,[C][Branch1][=Branch1][N+1][=Branch1][C][=O][O-1][N+1][=Branch1][C][=N+1][Branch1][C][O-1][C][N][Branch1][=Branch1][N+1][C][=O][O-1][C][Branch1][=Branch1][C][=O][N][C][Branch2][Ring1][N][O],[N+]=[N+](C[O-])C[N+](=O)[O-],1.4844996950521225,1.074911485873877,0.8214343700003106,1.0528557967898364,-0.32400274234711224,,0.8628285084497703,mols/page_0007.png,18
139,[C@@H1][O][=N+1][C][=N][O][N+1][Branch2][N][Ring1][=Branch1][N][Cl][C@@H1],[CH]O[N+]C=NO[N+]NCl,1.481790468830701,-0.5742020052180845,-0.7406689915932868,-0.9608417667979479,-0.9358465970055787,,-0.8066391156225798,mols/page_0007.png,19
140,[O][=N+1][Branch1][C][O-1][C][N][=C][N][N][N][=N][C][Branch1][=Branch1][N+1][=Branch1][C][=O][O-1][C][Branch1][=Branch1][N][=N][N][C][Branch1][=Branch1][O][C][N+1][=Branch1][C][Branch1][=Branch1][C][N+1][=Branch1],[N+]C[N+]COCNN=NCC(N=NNNC=NC[N+](=O)[O-])[N+](=O)[O-],2.4158857329053585,-0.8233946941895357,-1.0295184366011023,-0.6821437793104019,-1.7313392425293141,,-0.9092197186747516,mols/page_0008.png,0
141,[O][=N+1][Branch1][C][O-1][C][=C][C][Branch1][=Branch1][N+1][=Branch1][C][=O][O-1][=C][Branch1][#C][N][C][=N][C][Branch1][=Branch1][N+1][=Branch1][C][=O][O-1][=N][Ring1][Branch2][C][Branch1][=Branch1][N+1][=Branch1][C][=O][O-1][=C][Ring2][Ring1][Ring2],O=[N+]([O-])c1cc([N+](=O)[O-])c(-n2cnc([N+](=O)[O-])n2)c([N+](=O)[O-])c1,1.5524242818454757,-0.30886009144116183,-0.2624104881222439,-0.2846141363922336,0.39185492271207256,,-0.21747780717653759,mols/page_0008.png,1
142,[O][=C][Branch2][Ring1][#Branch1][O][C][C][Branch1][=Branch1][N+1][=Branch1][C][=O][O-1][Branch1][=Branch1][N+1][=Branch1][C][=O][O-1][N+1][=Branch1][C][=O][O-1][N][Branch2][Ring2][Branch1][C][N][Branch2][Ring1][O][C][=Branch1][C][=O][O][C][C][Branch1][=Branch1][N+1][=Branch1][C][=O][O-1][Branch1][=Branch1][N+1][=Branch1][C][=O][O-1][N+1][=Branch1][C][=O][O-1][N+1][=Branch1][C][=O][O-1][N+1][=Branch1][C][=O][O-1],O=C(OCC([N+](=O)[O-])([N+](=O)[O-])[N+](=O)[O-])N(CN(C(=O)OCC([N+](=O)[O-])([N+](=O)[O-])[N+](=O)[O-])[N+](=O)[O-])[N+](=O)[O-],2.505174135090663,1.0918416179305959,1.1384335221728539,0.4884133817855921,1.019692142069735,,0.8549033519470727,mols/page_0008.png,2
143,[Ring1][#Branch2][F][C@@H1][/N+1][O][=Branch1][#Branch1][N+1][C@@H1][/N+1][=Branch1][P][=O],O=[N+][CH][N+]O[N+][CH]F,1.4844996950521225,0.789371256775458,0.585480616560202,0.5575330655413042,-0.16374337488888246,,0.5503518570615484,mols/page_0008.png,3
144,[/N][#C][#Branch2][#Branch1][N+1][=Branch2][\N+1][F][Ring2][/C],N#C[N+],1.4891981725766341,-0.5178996922725247,-0.7583012082009498,-0.40179836853439316,-1.5146065585897883,,-0.6312302283911048,mols/page_0008.png,4
145,[O][=N+1][Branch1][C][O-1][C][=C][C][=N][N][Branch1][Branch2][N][C][=N][C][Branch1][=Branch1][N+1][=Branch1][C][=O][O-1],O=[N+]([O-])C=CC=NNNC=NC[N+](=O)[O-],1.636601054988479,-1.5744287077821957,-1.6686041182384523,-1.3715257197247832,-2.138071041913393,,-1.5731755985864146,mols/page_0008.png,5
146,[C][=N][N][Branch2][Branch1][C][N][=C][Branch1][=Branch1][N+1][=Branch1][C][=O][O-1][N][=C][Ring1][Branch1][N+1][=Branch1][C][=N][C],C=NNN=C(N=C[N+](C)=N)[N+](=O)[O-],1.576437499842364,-1.3260695626674581,-1.451524160833082,-1.1478634917557289,-2.0160862782682525,,-1.3551524554042518,mols/page_0008.png,6
147,[O][N][N][Branch1][C][=C][C][=C][Branch1][=Branch1][N+1][=Branch1][C][=O][O-1][N+1][=Branch1][C][=N][O][N+1][Branch1][C][O-1],CN(C=C([N+](=N)O[N+][O-])[N+](=O)[O-])NO,1.5763039679725397,-0.2676621274015174,-0.4437558283872419,-0.18761139927256204,-1.235560855523651,,-0.3764551342085798,mols/page_0008.png,7
148,[O][=N+1][Branch1][C][O-1][C][Branch1][=Branch1][N+1][=Branch1][C][=O][O-1][C][Branch1][Ring2][C][Cl],O=[N+]([O-])C(CCCl)[N+](=O)[O-],1.4996683620478217,-0.35153188043386446,-0.537792932814926,-0.43482519773813866,-0.9127767714996567,,-0.48753895955741877,mols/page_0008.png,8
149,[O][=N+1][Branch1][C][O-1][C][C][Branch1][=Branch1][N+1][=Branch1][C][=O][O-1][C][Branch1][=Branch1],CC(C[N+](=O)[O-])[N+](=O)[O-],2.001790468830701,-0.7871217880553933,-1.1285710491748984,-0.5522109358546957,-2.431067621942851,,-0.9429143458437363,mols/page_0008.png,9
150,[O][=N+1][Branch1][C][O-1][C][N][=C][Branch1][=Branch1][N+1][=Branch1][C][=O][O-1][N][Branch2][Ring1][N][C][=N][N][=C][Branch1][Ring1][C],CC=NN=CNC(=NC[N+](=O)[O-])[N+](=O)[O-],1.636601054988479,-0.9774463259700437,-1.084741730248845,-0.8813669149134769,-1.6378035901357175,,-1.0318741390336847,mols/page_0008.png,10
151,[C][C][=C][Branch1][=Branch1][N+1][=Branch1][C][=O][O-1][C][Branch1][#Branch2][N][Branch1][C][C][N+1][=Branch1][C][=O][O-1][=C][Branch1][=Branch1][N+1][=Branch1][C][=O][O-1][C][Branch1][=Branch1][N+1][=Branch1][C][=O][O-1][=C][Ring2][Ring1][Ring2][N+1][=Branch1][C][=O][O-1],Cc1c([N+](=O)[O-])c(N(C)[N+](=O)[O-])c([N+](=O)[O-])c([N+](=O)[O-])c1[N+](=O)[O-],1.755885732905358,0.15021595529106826,0.0748206272380925,0.2732385854581592,-0.10887784401742061,,0.15466679541381181,mols/page_0008.png,11
152,[C@@H1][=N+1][Branch1][C][O][C][N+1][=Branch1][C][=O][O-1][=C][Ring2][Ring1][#Branch1][N+1][=Branch1][C][O-1][C][=O][Ring1][N],[CH]=[N+](O)C[N+](=O)[O-],1.4878467081635287,0.31268944394619463,0.07679846614018937,0.1735383550278869,-0.8157132970634614,,0.08521598982640463,mols/page_0008.png,12
153,[O][=N+1][Branch1][C][O-1][C][N][=N][C][Branch1][=Branch1][N+1][=Branch1][C][=O][O-1][C][=N][Ring1][=C][Branch1][=Branch1][N+1][P][C][=O][Branch1][C][N][C][Branch1][=Branch1],N=CC(N=NC[N+](=O)[O-])[N+](=O)[O-],2.0370246155449356,0.06318643468878506,-0.15175180699100435,-0.03940554626743891,-0.8421701256134058,,-0.12212057414387097,mols/page_0008.png,13
154,[O][=N+1][Branch1][C][O-1][C][Branch1][=Branch1][N+1][=Branch1][C][=O][O-1][C][Branch1][Branch2][N][C][=N][C][Branch2][Ring1][C][N][=C][N][Branch1][=Branch1][N+1][#Branch2][C][=O][O-1][=N][N][=N][Ring1][N][=N],O=[N+]([O-])C(CN1C=NCN=CN([N+][O-])NN=N1)[N+](=O)[O-],1.6839038473124213,0.318180934576193,0.13163494407242163,0.2531264980490747,-0.389163978784062,,0.17478817100337735,mols/page_0008.png,14
155,[#Branch2][#N][NH1][O][=N+1][Branch1][C][O-1][=C][C][=C][Branch1][=Branch1][N+1][=Branch1][C][=O][O-1],NNO[N+]([O-])=CC=C[N+](=O)[O-],1.518091503851731,-0.4714632075575113,-0.695199459042836,-0.41663816407113136,-1.3890780542326449,,-0.5972287377018038,mols/page_0008.png,15
156,[O][=N+1][Branch1][C][O-1][C][N][C][=C][Branch1][=Branch1][N+1][=Branch1][C][=O][O-1][N+1][=Branch1][C][Branch1][=O][O-1],O=[N+]([O-])CNC=C([N+][O-])[N+](=O)[O-],1.5370246155449356,1.1984990930249935,1.0017313789867748,1.051815130379837,0.07464727103170715,,0.9782483972580476,mols/page_0008.png,16
157,[O][=N+1][Branch1][C][O-1][=N][N][C][=C][Branch1][=Branch1][N+1][=Branch1][C][=O][O-1],O=[N+]([O-])C=CNN[N+](=O)[O-],1.4796683620478217,0.4436336059269684,0.2357161609478506,0.3157496291902124,-0.5507360242116309,,0.24106369097362657,mols/page_0008.png,17
158,[O][=N+1][Branch1][C][O-1][C][Branch2][Ring1][=Branch1][C][=C][Branch1][=Branch1][N+1][=Branch1][C][=O][O-1][C][Branch2][Ring2][Branch2][N][N][=N][N][Branch2][Ring1][N][N][C][=N][Ring1][Branch1],N=CNNN=NNCC(=CC[N+](=O)[O-])[N+](=O)[O-],1.678407953408093,-1.0286271757658239,-1.1541331476597347,-0.868677859810141,-1.6506879162489507,,-1.058230016405341,mols/page_0008.png,18
159,[O][=N+1][Branch1][C][O-1][C][=C][Branch1][=Branch1][N+1][=Branch1][C][=O][O-1],O=[N+]([O-])C=C[N+](=O)[O-],1.4844996950521225,1.159079774877526,1.0853206260745547,1.0881108342793637,0.44080483113029084,,1.0404249170627948,mols/page_0008.png,19
160,[N][N+1][C][O-1][=Branch1][C][=O][O-1][C][O][=Branch1][N+1][=Branch1][=O][O-1][O][=N+1][Branch1][=Branch1][C][=O][=O][O-1][N+1][=Branch1][=O][=Branch2][N+1][=Branch1][=O][#N][O-1][=Branch1][N+1][=Branch1][C][=O][N][O-1],N[N+]C[O-],1.482440063862291,-0.6630219560272013,-1.0774500463894994,-0.4496112583483709,-2.2432456906675937,,-0.8392870730102829,mols/page_0009.png,0
161,[O][=N+1][Branch1][C][O-1][C][=C][C][Branch1][=Branch1][N+1][=Branch1][C][=O][O-1],O=[N+]([O-])C=CC[N+](=O)[O-],1.501790468830701,-0.06446597539789811,-0.367497234206943,-0.11836096052901869,-1.2772726674150379,,-0.28306245335432156,mols/page_0009.png,1
162,[O][=N+1][Branch1][C][O-1][C][=C][C][Branch1][=Branch1][N+1][=Branch1][C][=O][O-1][N][=N][C][=C][Branch1][=Branch1][N+1][Branch1][C][O-1][N][Branch2][Ring2][N][C][=N][C][Branch1][=Branch1][C][=Branch1][N+1][=Branch1][N+1][=Branch1][O-1][=O][O-1][=C][Branch1][=Branch1][Branch1][=Branch1][N+1][Branch2][C][=O][O-1],N[N+]([O-])C=CN=NC(C=C[N+](=O)[O-])[N+](=O)[O-],2.157308431519336,-0.3707772375101263,-0.634319903883735,-0.21721889598630958,-1.2610503187790265,,-0.46426687562089186,mols/page_0009.png,2
163,[O][=N+1][Branch1][C][O-1][N][C][=N][N][=C][Branch1][Ring1][C][=C][Branch1][C][N+1][=Branch1][C][=O][O-1][C][Branch1][=Branch1][N+1][=Branch1][C][=N][C][N][=C][Branch1][=Branch1][N+1][=O][C][=N][N][C][Branch1][C][O][C][Branch1][=Branch1][N][C][=N][O][C][Branch1][C][N][=C][=N][N][C][=N][Ring1][O][N],C=CC(C[N+](=O)[O-])=NN=CN[N+](=O)[O-],1.6163039679725397,-1.4386097676384548,-1.5005191145660979,-1.2098807616005114,-2.1907165306594707,,-1.43780617825729,mols/page_0009.png,3
164,[O][=N+1][Branch1][C][O-1][N][C][=N][C][=C][Branch1][=Branch1][N+1][=Branch1][C][=O][O-1][C][Branch1][=Branch1][N+1],[N+]CC(=CN=CN[N+](=O)[O-])[N+](=O)[O-],1.576437499842364,-0.18810936163838934,-0.3923837627179526,-0.21386717994549834,-1.0154436175661652,,-0.33221451482390135,mols/page_0009.png,4
165,[\N+1][=N+1][Branch2][C@@H1][O][S][=O][Branch2][N][O],[N+]=[N+][SH]=O,1.462440063862291,0.47832191455027995,0.320859698103073,0.19632017270221075,-0.22318368644453354,,0.2560051035997692,mols/page_0009.png,5
166,[N][=N][N][=C][Branch1][=Branch1][N+1][=Branch1][C][=O][O-1][C][Branch1][=Branch1][N+1][#Branch2][C][=O][O-1],N=NN=C(C[N+][O-])[N+](=O)[O-],1.4796683620478217,1.3856041561754473,1.20065559298207,1.2083109391716722,0.2188116392091599,,1.1517704768789643,mols/page_0009.png,6
167,[=N][N+1][O][S][=N+1][Ring1][Branch1][C][O-1][C][=C][Branch1][=Branch1][N+1][=Branch1][C][=O][O-1][N][=N][Ring2][Ring1][#C],[O-]C[N+]1=[SH]O[N+]N1,1.4078467081635289,0.7317648130078958,0.6067628275370932,0.5085080053435622,0.03752493398088275,,0.5417876056717604,mols/page_0009.png,7
168,[O][=N+1][Branch1][C][O-1][C][C][=N][N][Branch1][Branch2][C][=N][N][=N][Ring2][Ring1][=C][N][=C][Ring1][Branch1],C=NN(C=NN=N)N=CC[N+](=O)[O-],1.576437499842364,-1.5539090734810614,-1.5985505464276841,-1.4584477846319306,-2.065785588661504,,-1.578072577696109,mols/page_0009.png,8
169,[N][NH1][O][N][=C][Branch2][Ring1][Ring1][N][=C][C][=N][C][=C][Branch1][=Branch1][N+1][=Branch1][C][=O][O-1],NNON=CN=CC=NC=C[N+](=O)[O-],1.6163039679725397,-2.2479132891033577,-2.229556858363865,-1.8732572365412634,-2.6819605459109708,,-2.136866486074408,mols/page_0009.png,9
170,[O][=N+1][Branch1][C][O-1][C][=C][Branch1][=Branch1][N+1][=Branch1][C][=O][O-1][N+1][=Branch1][C][NH1][C][=O][N][Branch2][Ring2][Ring1][N][=N][Ring1][N],[NH][N+](C=O)C(=C[N+](=O)[O-])[N+](=O)[O-],1.5370246155449356,0.7584366451807777,0.6918782558707095,0.6644395974070844,0.1029653593889233,,0.6386511001645979,mols/page_0009.png,10
171,[O][=N+1][Branch1][C][O-1][C][C][N][=N][N][Ring1][=Branch1],NN=NCC[N+](=O)[O-],1.4844996950521225,-0.2562329134265222,-0.6544154754030536,-0.17953369644554876,-1.794761670462102,,-0.4789517428318237,mols/page_0009.png,11
172,[O][=N+1][Branch1][C][O-1][C][=C][C][Branch1][=Branch1][N+1][=Branch1][C][=O][O-1][C][Branch2][Ring1][#C][C][=N][O][N+1][=Branch1][C][O-1],O=[N+]([O-])C=CC(CC=NO[N+][O-])[N+](=O)[O-],2.136601054988479,-0.7640378868849724,-0.9694473294816022,-0.6838212045994974,-1.5457618436400629,,-0.8614759702954489,mols/page_0009.png,12
173,[O][=N+1][Branch1][C][O-1][C][=C][C][Branch1][#C][N][C][=C][Branch1][=Branch1][N+1][=Branch1][C][=O][O-1][N][=N][Ring1][Branch2][=C][C][Branch1][=Branch1][N+1][=Branch1][C][=O][O-1][=C][Ring1][P],O=[N+]([O-])c1cc(-n2cc([N+](=O)[O-])nn2)cc([N+](=O)[O-])c1,1.4839038473124213,-1.1118370071773986,-0.9750199033649971,-0.9561050330264447,-0.29983452865229365,,-0.9341396937114063,mols/page_0009.png,13
174,[O][=N+1][Branch1][C][O-1][C][N][=N][N][=N][O][Branch1][=N][N][N][=N][C][Branch2][Ring1][N][C][=N][C][Branch1][=Branch1][N+1][=Branch1][C][=O][O-1],O=[N+]([O-])CN=CCN=NNNON=NN=NC[N+](=O)[O-],1.7439038473124213,0.044993024100873434,-0.20568049775273284,0.07806975005996146,-0.8162777975707984,,-0.09057174814606012,mols/page_0009.png,14
175,[C][O][N][=C][Branch1][#C][C][=N][N][=N][NH1][Ring2][Ring1][Branch2],C1=NN=NNCON=C1,1.441790468830701,-1.301018466570354,-1.2241988573707419,-1.3277075739054718,-1.2427181341904299,,-1.2866591739665059,mols/page_0009.png,15
176,[O][=N+1][Branch1][C][O-1][C][N][N][Branch1][=Branch1][N+1][=Branch1][C][=O][O-1][=C][Branch1][Branch2][C][N][=N][N][=C][Branch1][=Branch1][N+1][Branch1][C][O-1][N][=C][Branch1][C],C=C(CN=NN=C[N+](N)[O-])N(NC[N+](=O)[O-])[N+](=O)[O-],1.721719749037849,-0.2416030795907812,-0.5296889678948519,-0.06097832809537795,-1.4643721360019462,,-0.3636515567097541,mols/page_0009.png,16
177,[O][=N+1][Branch1][C][O-1][=C][Branch1][=Branch1][N+1][=Branch1][C][=O][O-1][C][=N][O][N+1][Branch1][C][O-1][C][C][Branch1][=Branch1][N+1][=Branch2][C][=O][O-1][=N][NH1][C][Branch2][=Branch1],CNN=C(C[N+]([O-])ON=CC([N+](=O)[O-])[N+](=O)[O-])[N+][O-],1.721719749037849,0.7783521369505143,0.4436875824791585,0.7365052985084876,-0.6946897761477344,,0.5306430716460397,mols/page_0009.png,17
178,[O][C][N][=N][Branch1][Ring1][N][=N][C][=N][Ring2][Branch1],C1N=NO1,1.422440063862291,0.4083545103288701,0.18997288680516838,0.3067633583141936,-0.30304642633286866,,0.24198254997590024,mols/page_0009.png,18
179,[O][=C][Branch2][Ring1][Branch2][N][C][C][C][Branch1][=Branch1][N+1][=Branch1][C][=O][O-1][Branch1][=Branch1][N+1][=Branch1][C][=O][O-1][N+1][=Branch1][C][=O][O-1][C][=Branch1][C][=O][N][C][C][C][Branch1][=Branch1][N+1][=Branch1][C][=O][O-1][Branch1][=Branch1][N+1][=Branch1][C][=O][O-1][N+1][=Branch1][C][=O][O-1],O=C(NCCC([N+](=O)[O-])([N+](=O)[O-])[N+](=O)[O-])C(=O)NCCC([N+](=O)[O-])([N+](=O)[O-])[N+](=O)[O-],2.1825801340811584,0.17504236378871899,0.08392724660159084,0.03592365603709483,-0.31581319919511613,,0.04753054509290379,mols/page_0009.png,19
180,[O][=N+1][Branch1][C][N][=C][Branch1][=Branch1][N+1][=Branch1][C][=O][O-1][C][=C][Branch1][Ring1][N],NC=CC([N+](N)=O)[N+](=O)[O-],1.9996683620478217,-1.0537049829761498,-1.18068288792191,-0.872512742398452,-1.6085769131094252,,-1.0684597559948383,mols/page_0010.png,0
181,[O][=N+1][Branch1][C][O-1][C][C][N][N][=C][Branch1][=Branch1][N+1][=Branch1][C][=O][O-1],O=[N+]([O-])C=NNCC[N+](=O)[O-],1.518091503851731,0.13025332626270508,-0.1895511448457103,0.1491641923647688,-1.2899708675475439,,-0.08415586445459816,mols/page_0010.png,1
182,[O][/N+1][Branch2][#N][=Branch2][#C][O][C][N][=N][NH1][N][O-1][Branch1][C][=N][O],N[N+](O)(O)COCN=NNN[O-],1.5170246155449356,-0.8646586503912573,-1.0892493630954843,-0.8256093162155882,-1.949313582682375,,-1.0136520881261581,mols/page_0010.png,2
183,[O][=N+1][Branch1][C][O-1][O][C][C][N][C][=C][Branch1][=Branch1][N+1][=Branch1][C][=O][O-1][C][=C][Branch1][=Branch1][N+1][=Branch1][C][=O][O-1][C][Branch1][P][N][Branch1][=Branch2][C][C][O][N+1][=Branch1][C][=O][O-1][N+1][=Branch1][C][=O][O-1][=C][Ring2][Ring1][=Branch1][N+1][=Branch1][C][=O][O-1],O=[N+]([O-])OCCNc1c([N+](=O)[O-])cc([N+](=O)[O-])c(N(CCO[N+](=O)[O-])[N+](=O)[O-])c1[N+](=O)[O-],2.1135676759431465,0.08884717266412652,-0.020925685194294545,0.16844786632355255,-0.26251382049043104,,0.05810813634783592,mols/page_0010.png,3
184,[C][O][N][C][Branch1][=Branch1][N+1][=Branch1][C][=O][O-1],CONC[N+](=O)[O-],1.4878467081635287,-1.3412611155018328,-1.578561021826243,-1.0990793431451553,-2.8059890218050167,,-1.4501861737705828,mols/page_0010.png,4
185,[O][=N+1][Branch1][C][O-1][C][=C][C][Branch1][=Branch1][N+1][=Branch1][C][=O][O-1][=C][Branch2][Ring2][=N][C][=N][C][=N][C][Branch2][Ring1][N][C][=C][Branch1][=Branch1][N+1][=Branch1][C][=O][O-1][C][=C][Branch1][=Branch1][N+1][=Branch1][C][=O][O-1][C][=C][Ring1][N][N+1][=Branch1][C][=O][O-1][=C][Ring2][Ring1][Branch1][N+1][=Branch1][C][=O][O-1][C][Branch1][=Branch1][N+1][=Branch1][C][=O][O-1][=C][Ring2][Ring2][Ring2],O=[N+]([O-])c1cc([N+](=O)[O-])c(-c2ncnc(-c3c([N+](=O)[O-])cc([N+](=O)[O-])cc3[N+](=O)[O-])c2[N+](=O)[O-])c([N+](=O)[O-])c1,2.1277737172742675,-0.8239462001154668,-0.6884434398861417,-0.8616009699893018,0.26674765083762747,,-0.69606303291236,mols/page_0010.png,5
186,[O][=N+1][Branch1][C][O-1][C][=N][N][Branch2][Ring1][P][C][=N][O][N][=C][Ring1][Branch1][N][C][=C][Branch1][=Branch1][N+1][=Branch1][C][=O][O-1][C][Branch2][Ring1][#Branch2][C][=N][C][Branch1][=Branch1][N+1][O-1][C][=C][Ring1][=Branch1][N+1][=Branch1][Ring1][=Branch1][O-1],O=[N+]([O-])C=NNc1nonc1NC=C(CC=NC[N+][O-])[N+](=O)[O-],1.7124242818454756,-0.6404015712332752,-0.7631237876169475,-0.5731550190425146,-0.9078713722970706,,-0.6709304845592687,mols/page_0010.png,6
187,[O][=N+1][Branch1][C][O-1][C][N][=C][Branch1][=Branch1][N+1][=Branch1][C][=O][O-1][N][=N][C][Branch1][=Branch1][N+1][C][N][=C][Ring1][=Branch1][N+1][=Branch1][N+1][=Branch1],C=NC[N+]C([N+])N=NC(=NC[N+](=O)[O-])[N+](=O)[O-],2.178407953408093,-0.02270236425473453,-0.25692543488794034,0.07240743217939252,-1.107916392648767,,-0.15173561617878842,mols/page_0010.png,7
188,[O][=N+1][Branch1][C][O-1][C][=N][N][=N][NH1][N][Ring1][Branch1][C][=N][Ring1][O],N=CNNN=NN=C[N+](=O)[O-],1.498091503851731,-0.41683976664003536,-0.5146028355715258,-0.5729911275166714,-0.6767408641378722,,-0.5297311879733461,mols/page_0010.png,8
189,[O][=N+1][Branch1][C][O-1][N][C][=N][NH1][C][Branch1],CNN=CN[N+](=O)[O-],1.4844996950521225,-1.1831030428739713,-1.3230077536844767,-1.0167310160657763,-2.189400179151038,,-1.2521601234810265,mols/page_0010.png,9
190,[O][=N+1][Branch1][C][O-1][C][=N][C][Branch1][=Branch1][N+1][=Branch1][C][=O][O-1],O=[N+]([O-])C=NC[N+](=O)[O-],1.481790468830701,1.2140575308556785,1.0176933566378705,1.0609124534373016,0.07080474914011568,,0.9893831781623194,mols/page_0010.png,10
191,[N][C][=N][O][N][=C][Ring1][Branch1][N][C][=C][Branch1][=Branch1][N+1][=Branch1][C][=O][O-1][C][=C][Branch1][=Branch1][N+1][=Branch1][C][=O][O-1][C][=C][Ring1][N][N+1][=Branch1][C][=O][O-1],Nc1nonc1Nc1c([N+](=O)[O-])cc([N+](=O)[O-])cc1[N+](=O)[O-],1.5292669435287096,-0.5418430627919039,-0.4114639030567534,-0.4809575277256415,0.36098862273713755,,-0.3946108902787072,mols/page_0010.png,11
192,[O][=N+1][Branch1][C][O-1][C][=N][C][Branch1][=Branch1][N+1][=Branch1][C][=O][O-1][N][Branch1][=Branch1][N+1][C][O-1][C][=C][Branch1][=Branch1][N+1][=C][C][=N][N][Branch1][=Branch1][N],NNN=CC=[N+]N([N+]C[O-])C(N=C[N+](=O)[O-])[N+](=O)[O-],2.221719749037849,-0.09496692421321382,-0.2593645139991179,-0.10475930725718939,-0.8080000894805632,,-0.211286591404015,mols/page_0010.png,12
193,[#N+1][C][C][N][=N][N][=N][O][C][Branch1][=C][N][=C][C][=N][O][=N][Ring1][Branch2],[N+]CCN=NN=NOCN=CC=NON,1.636601054988479,-1.7526570395122845,-1.9423316560590798,-1.4908902465099234,-2.54132767331521,,-1.7742360398283317,mols/page_0010.png,13
194,[O][=N+1][Branch1][C][O-1][C][=C][C][Branch1][=Branch1][N+1][=Branch1][C][=O][O-1][=C][Branch1][=Branch2][N][C][=C][NH1][N][=N][Ring1][Branch1][C][Branch1][=Branch1][N+1][=Branch1][C][=O][O-1][=C][Ring2][Ring1][C],O=[N+]([O-])c1cc([N+](=O)[O-])c(Nc2c[nH]nn2)c([N+](=O)[O-])c1,1.506423335035418,-1.01662131599363,-0.8918660235936833,-0.8733411558487527,-0.1762738167361277,,-0.8440856789099422,mols/page_0010.png,14
195,[C][C][=C][Branch1][=Branch1][N+1][=Branch1][C][=O][O-1][C][Branch1][=Branch1][N+1][=Branch1][C][=O][O-1][=C][Branch1][C][N][C][Branch1][=Branch1][N+1][=Branch1][C][=O][O-1][=C][Ring1][S][N+1][=Branch1][C][=O][O-1],Cc1c([N+](=O)[O-])c([N+](=O)[O-])c(N)c([N+](=O)[O-])c1[N+](=O)[O-],1.6239038473124212,-0.22055550799302923,-0.18021518305138096,-0.16292109612516703,0.22091167905749623,,-0.14326994330541976,mols/page_0010.png,15
196,[N][C][=C][Branch1][=Branch1][N+1][=Branch1][C][=O][O-1][C][Branch1][=Branch1][N+1][=Branch1][C][=O][O-1][=C][Branch2][Ring2][=Branch1][C][=C][Branch1][=Branch1][N+1][=Branch1][C][=O][O-1][C][Branch1][=Branch1][N+1][=Branch1][C][=O][O-1][=C][Branch1][C][N][C][Branch1][=Branch1][N+1][=Branch1][C][=O][O-1][=C][Ring1][S][N+1][=Branch1][C][=O][O-1][C][Branch1][=Branch1][N+1][=Branch1][C][=O][O-1][=C][Ring2][Ring2][C][N+1][=Branch1][C][=O][O-1],Nc1c([N+](=O)[O-])c([N+](=O)[O-])c(-c2c([N+](=O)[O-])c([N+](=O)[O-])c(N)c([N+](=O)[O-])c2[N+](=O)[O-])c([N+](=O)[O-])c1[N+](=O)[O-],2.232166943381353,0.8675405439978956,1.0734976724049468,0.9042155864621232,1.5614056864110482,,1.0030863573266646,mols/page_0010.png,16
197,[O][=N+1][Branch1][C][O-1][C][=N][N][Branch2][Branch2][Branch1][N][C][=N][C][Branch1][Ring1][N][C][=N][O][N+1][Branch1][N][=N][Ring1][=Branch1],CN1N[N+]ON=C1N=CNNN=C[N+](=O)[O-],1.577308431519336,-0.3206239799524058,-0.5699439946189572,-0.21295144723962536,-1.1482028713719534,,-0.4226428596758863,mols/page_0010.png,17
198,[C][Branch1][=Branch1][N+1][=Branch1][C][=O][O-1][=C][Branch1][=Branch1][N+1][O][C][=O][O-1][N],NC(=C[N+](=O)[O-])[N+]OC=O,1.4996683620478217,-0.5310863403733148,-0.6112007175312045,-0.8199841649925191,-0.6714007628092455,,-0.680705506754062,mols/page_0010.png,18
199,[O][=N+1][Branch1][C][O-1][O][C][C][N][C][=C][Branch1][=Branch1][N+1][=Branch1][C][=O][O-1][C][Branch1][#Branch2][N][C][C][O][N+1][=Branch1][C][=O][O-1][=C][Branch1][=Branch1][N+1][=Branch1][C][=O][O-1][C][Branch1][#Branch2][N][C][C][O][N+1][=Branch1][C][=O][O-1][=C][Ring2][Ring1][#Branch2][N+1][=Branch1][C][=O][O-1],O=[N+]([O-])OCCNc1c([N+](=O)[O-])c(NCCO[N+](=O)[O-])c([N+](=O)[O-])c(NCCO[N+](=O)[O-])c1[N+](=O)[O-],2.2983993249990475,-0.47376979074630604,-0.552049535482447,-0.3159402551720644,-0.7136036044261034,,-0.45419129406862435,mols/page_0010.png,19
200,[O][=N+1][Branch1][C][O-1][C][=C][C][Branch1][=Branch1][N+1][=Branch1][C][=O][O-1][=C][Branch1][=Branch2][N][N][C][=N][N][=C][Ring1][Branch1][C][Branch1][=Branch1][N+1][=Branch1][C][=O][O-1][=C][Ring2][Ring1][C],O=[N+]([O-])c1cc([N+](=O)[O-])c(Nn2cnnc2)c([N+](=O)[O-])c1,1.506423335035418,-1.228097913095988,-1.0744826491994994,-1.023662373793995,-0.40679451740583833,,-1.0257895418320535,mols/page_0011.png,0
201,[O][=N+1][Branch1][C][O-1][C][=N][C][N][=N][C][=N][C][Branch1][=Branch1][N+1][=Branch1][C][=O][O-1],O=[N+]([O-])C=NCN=NC=NC[N+](=O)[O-],1.5963039679725397,-0.2740028743077716,-0.5489770496298517,-0.26664472917757553,-1.2595674334983644,,-0.4383596160052725,mols/page_0011.png,1
202,[O][=N+1][Branch1][C][O-1][C][Branch1][=Branch1][N+1][=Branch1][C][=O][O-1][=C][Branch1][=Branch1][N+1][=N+1][O-1][C][=N][O][N+1][Branch1][C][O-1][=C][Branch1][C][N][=N][NH1][Branch1][=Branch1][N+1][=Branch2][O-1][=C][Ring1][=Branch1],[N+]NNC(N)=[N+]([O-])OC([N+]=[N+][O-])=C([N+](=O)[O-])[N+](=O)[O-],1.701719749037849,1.7442369897422192,1.7764986619348486,1.7751902330929632,0.8397450540974809,,1.6742345115662005,mols/page_0011.png,2
203,[O][=N+1][Branch1][C][O-1][C][=C][C][Branch1][=Branch1][N+1][=Branch1][C][=O][O-1][=C][Branch1][Ring2][/C][=N][/O][C][Branch1][=Branch1][N+1][=Branch1][C][=O][O-1][=C][Ring1][#C],O=[N+]([O-])c1cc([N+](=O)[O-])c(/C=N/O)c([N+](=O)[O-])c1,1.5798833105991517,-0.6624861625208123,-0.6084332762767202,-0.5486138303161737,-0.1668573115269695,,-0.5538611229785496,mols/page_0011.png,3
204,[O][=N+1][Branch1][C][O-1][C][=C][C][Branch1][=Branch1][N+1][=Branch1][C][=O][O-1][=C][Branch1][=Branch1][N+1][=Branch1][C][=O][O-1][C][=C][Ring1][N][N+1][=Branch1][C][=O][O-1],O=[N+]([O-])c1cc([N+](=O)[O-])c([N+](=O)[O-])cc1[N+](=O)[O-],1.5598833105991516,0.4107773654222771,0.45699135997792056,0.39431098732408154,0.7298046006262391,,0.44764703634230596,mols/page_0011.png,4
205,[=C][C][Branch2][Ring1][=Branch1][N+1][=Branch1][C][=O][O-1][N+1][=Branch1][=Branch1][S][=Branch1][O-1],CC[N+](=O)[O-],1.4967229808842466,-2.0769503801695817,-2.323441919620135,-1.6381964872871253,-3.917019083234697,,-2.147078578185749,mols/page_0011.png,5
206,[C][C][N][N][=N][N][N][=C][Branch1][=Branch1][N+1][=Branch1][C][=O][O-1][C][Branch1][=Branch1][N+1][=O][C][=O][O-1],CCNN=NNN=C(C[N+]=O)[N+](=O)[O-],1.5963039679725397,-0.8150011196700933,-0.9888641368428206,-0.759456248194061,-1.6919442092927683,,-0.9239432343351297,mols/page_0011.png,6
207,[O][=N+1][Branch1][C][O-1][C][=C][C][Branch1][=Branch1][N+1][=Branch1][C][=O][O-1][=C][Branch1][=Branch1][N+1][=Branch2][C][=O][O-1][C][=N][C][Branch1][=Branch1][=Branch1][N+1][=Branch1][=N][O-1][=C][Branch1][N+1][=Branch1][C][O-1][=N][C][=C][Branch1][=Branch1],O=[N+]([O-])C=CC(=C(C=NC[N+][O-])[N+][O-])[N+](=O)[O-],1.698407953408093,0.16369564001632034,-0.10459670339947391,0.15374375147624197,-0.8762422007037602,,-0.011351985325667627,mols/page_0011.png,7
208,[P][C][N+1][=Branch1][C][=O][O-1][C][N+1][=Branch1],O=[N+]([O-])CP,1.9767229808842468,-0.4046995656807557,-0.7230447604463073,-0.5386267464339809,-1.642075916101225,,-0.6615943717154806,mols/page_0011.png,8
209,[O][=N+1][=N+1][Branch1][C][O-1][C][N][=N][C][Branch2][Ring1][=Branch1][C][=N][C][=C][N][=N][NH1][Branch1][Ring1][=Branch2][N+1][=Branch1][C][=O][O-1],[NH]N=NC=CN=CCN=NC[N+]([O-])=[N+]=O,1.636601054988479,-1.6291841330238261,-1.8092942004898867,-1.4403865802511582,-2.287661227331649,,-1.6645403382120565,mols/page_0011.png,9
210,[O][=N+1][Branch1][C][O-1][C][C][Branch1][=Branch1][N+1][=Branch1][C][=O][O-1][N][C][=N][N][Branch1][Branch2][O][=N][C][N][=N][N][Branch1][=Branch1][N+1][=O][C][N][=C][Branch1][=Branch1][N+1][Branch2][C][=C][C][Branch1][=Branch1],C[N+]N(N=CNC(C[N+](=O)[O-])[N+](=O)[O-])ONCN=NN[N+]=O,2.3292669435287103,-0.27535178552546935,-0.5790279352741142,-0.15487966437354528,-1.5483798525005545,,-0.4303847811993695,mols/page_0011.png,10
211,[=Branch1][C][O][N+1][Branch2][O-1][Ring1][N][=Branch2][O-1][C][=O][=Branch1][O-1][N],CO[N+](N)NO,1.4718943340952075,-2.3876414792291976,-2.5140408117252084,-1.8745148577170307,-3.547767178706524,,-2.3300032336960665,mols/page_0011.png,11
212,[N][C][=Branch1][C][=O][C][C][C][Branch1][=Branch1][N+1][=Branch1][C][=O][O-1][Branch1][=Branch1][N+1][=Branch1][C][=O][O-1][N+1][=Branch1][C][=O][O-1],NC(=O)CCC([N+](=O)[O-])([N+](=O)[O-])[N+](=O)[O-],1.616601054988479,0.08492063902053112,-0.062765666154867,-0.06464663241152035,-0.46050165894987966,,-0.06637007564318008,mols/page_0011.png,12
213,[Cl][=N+1][=N+1][Branch1][C][O-1][C][=C][C][Branch1][=Branch1][N+1][=Branch1][C][=O][O-1][C][Branch1][=Branch1][O][N+1][=Branch1][C][O-1][O][=C][N+1][=Branch1][C][=N+1][=O][O-1][N+1][=Branch1][C],[N+]=[N+](COC(O[N+][O-])C(C=C[N+]([O-])=[N+]Cl)[N+](=O)[O-])O[O-],2.743903847312421,0.42067461849190796,0.29834006013866193,-0.05306183004788263,0.026305945589945524,,0.16115953219748397,mols/page_0011.png,13
214,[O][=C][NH1][N][=C][Branch1][=Branch1][N+1][=Branch1][C][=O][O-1][NH1][Ring1][Branch2],O=c1[nH]nc([N+](=O)[O-])[nH]1,1.321790468830701,0.09397177829781456,0.3044090102581452,-0.512100947755352,1.416217625339596,,0.03637658057080874,mols/page_0011.png,14
215,[O][=N+1][Branch1][C][O-1][C][Branch1][=Branch1][N+1][=Branch1][C][=O][O-1][=C],C=C([N+](=O)[O-])[N+](=O)[O-],1.4844996950521225,0.9678549153231076,0.7806842447138265,0.9711504976643125,-0.033505393414128816,,0.8222444497335457,mols/page_0011.png,15
216,[C][Branch1][=Branch1][N+1][=Branch1][C][=O][O-1][C][Branch2][Ring1][P][C][=N][O][N+1][=Branch1][C][N+1][=Branch1][C][O-1],[N+][N+](C[O-])ON=CCC[N+](=O)[O-],1.5570246155449357,-0.309547509796133,-0.6621878839955476,-0.15745446293529075,-1.7775535888360552,,-0.48367099250564194,mols/page_0011.png,16
217,[O][=N+1][Branch1][C][O-1][C][=C][N][=N][C][Branch1][=Branch1][N+1][=Branch1][C][=O][O-1][C][=N][O][N+1][=Branch1][C][O-1][O][C][C][=N][O][=N+1][Branch1][Branch2][C][=N][O][Branch1][=Branch1][N+1][#C][C][O-1][C][Branch2][Ring1][S][C][N][=C][Branch1][=Branch1][N+1][N][C][=O][=Branch1][N+1][=Branch1][O][=O][O-1],C#[N+]ON=C[N+](C[O-])ON=CCO[N+]([O-])ON=CC(N=NC=C[N+](=O)[O-])[N+](=O)[O-],2.637462216552583,-0.22906849690099235,-0.44645683060883934,-0.19531698773352135,-0.9156323358881817,,-0.3385713605596846,mols/page_0011.png,17
218,[O][=N+1][Branch1][C][O-1][C][=C][N][Branch1][=Branch1][N+1][=Branch1][C][=O][O-1][N][=N][NH1][Ring1][Branch1],[NH]N=NN(C=C[N+](=O)[O-])[N+](=O)[O-],1.5170246155449356,1.1849895547026112,1.084326595928669,1.209455940897304,0.22031779023741277,,1.073143193040483,mols/page_0011.png,18
219,[O][=N+1][Branch1][C][O-1][C][=C][Branch1][C][O][C][Branch1][=Branch1][N+1][=Branch1][C][=O][O-1][=C][Branch1][C][O][C][Branch1][=Branch1][N+1][=Branch1][C][=O][O-1][=C][Ring1][=C][O],O=[N+]([O-])c1c(O)c([N+](=O)[O-])c(O)c([N+](=O)[O-])c1O,1.5598833105991516,0.30329027457605146,0.6814224130701219,-0.2851568591499441,2.3568762907002236,,0.3678030573215881,mols/page_0011.png,19
220,[N][C][=C][Branch1][=Branch1][N+1][=Branch1][C][=O][O-1][C][Branch1][=Branch1][N+1][=Branch1][C][=O][O-1][=C][Branch2][Ring2][=Branch1][C][=C][Branch1][=Branch1][N+1][=Branch1][C][=O][O-1][C][Branch1][=Branch1][N+1][=Branch1][C][=O][O-1][=C][Branch1][C][N][C][Branch1][=Branch1][N+1][=Branch1][C][=O][O-1][=C][Ring1][S][N+1][=Branch1][C][=O][O-1][C][Branch1][=Branch1][N+1][=Branch1][C][=O][O-1][=C][Ring2][Ring2][C][N+1][=Branch1][C][=O][O-1],Nc1c([N+](=O)[O-])c([N+](=O)[O-])c(-c2c([N+](=O)[O-])c([N+](=O)[O-])c(N)c([N+](=O)[O-])c2[N+](=O)[O-])c([N+](=O)[O-])c1[N+](=O)[O-],2.232166943381353,0.8675405439978956,1.0734976724049468,0.9042155864621232,1.5614056864110482,,1.0030863573266646,mols/page_0012.png,0
221,[O][=N+1][Branch1][C][O-1][C][=N][N][Branch1][=N][C][=N][O],O=[N+]([O-])C=NNC=NO,1.481790468830701,-0.029836588347869755,-0.1217392515580228,-0.2872180413725031,-0.2435877470817511,,-0.17713995123364948,mols/page_0012.png,1
222,[C][=N+1][Branch1][C][O-1][C][N][=N][Ring1][=C][N][Branch1][=Branch1][N+1][=Branch1][C][=O][O-1],[O-][N+]1=CN=NC1,1.4318943340952075,0.6268859838056751,0.4449486464303017,0.4943488522092332,-0.39454081550362163,,0.4262441168923253,mols/page_0012.png,2
223,[O][=C][Branch2][Ring1][#Branch1][O][C][C][Branch1][=Branch1][N+1][=Branch1][C][=O][O-1][Branch1][=Branch1][N+1][=Branch1][C][=O][O-1][N+1][=Branch1][C][=O][O-1][N][Branch2][Ring2][P][C][C][N][Branch2][Ring2][=Branch1][C][C][N][Branch2][Ring1][O][C][=Branch1][C][=O][O][C][C][Branch1][=Branch1][N+1][=Branch1][C][=O][O-1][Branch1][=Branch1][N+1][=Branch1][C][=O][O-1][N+1][=Branch1][C][=O][O-1][N+1][=Branch1][C][=O][O-1][N+1][=Branch1][C][=O][O-1][N+1][=Branch1][C][=O][O-1],O=C(OCC([N+](=O)[O-])([N+](=O)[O-])[N+](=O)[O-])N(CCN(CCN(C(=O)OCC([N+](=O)[O-])([N+](=O)[O-])[N+](=O)[O-])[N+](=O)[O-])[N+](=O)[O-])[N+](=O)[O-],2.838487645650445,0.8400815196059495,0.6969838400133317,0.6196009357752134,0.10472376010158276,,0.6425790902250639,mols/page_0012.png,3
224,[#C][N][=C][#Branch1][Ring1][Branch1][=N][O][N+1][=Branch1][C][=O][O-1],CN=C(N)O[N+](=O)[O-],1.4844996950521225,-0.8356228846982516,-1.026198720885745,-0.8415345572677474,-1.6102814352487163,,-0.9630973678279697,mols/page_0012.png,4
225,[O][=N+1][Branch1][C][O-1][O][C][C][N][C][=C][Branch1][=Branch1][N+1][=Branch1][C][=O][O-1][C][Branch1][#Branch2][N][C][C][O][N+1][=Branch1][C][=O][O-1][=C][Branch1][=Branch1][N+1][=Branch1][C][=O][O-1][C][Branch1][#Branch2][N][C][C][O][N+1][=Branch1][C][=O][O-1][=C][Ring2][Ring1][#Branch2][N+1][=Branch1][C][=O][O-1],O=[N+]([O-])OCCNc1c([N+](=O)[O-])c(NCCO[N+](=O)[O-])c([N+](=O)[O-])c(NCCO[N+](=O)[O-])c1[N+](=O)[O-],2.2983993249990475,-0.47376979074630604,-0.552049535482447,-0.3159402551720644,-0.7136036044261034,,-0.45419129406862435,mols/page_0012.png,5
226,[/N+1][/N][S][=Branch2][S][/N][/C][/N][#Branch1][#N+1][=Branch2][Ring1][C@@H1][S][#Branch1][=Branch2][Ring1][=N+1][C@@H1][Ring2][=Branch1][P][Ring2][#N][#Branch1][#N][#N+1],[N+]NSC=N,1.4767229808842466,-1.4996297345515597,-1.6188467127193729,-1.6227953856639266,-1.78733377441545,,-1.6074706435248487,mols/page_0012.png,6
227,[O][=N+1][Branch1][C][O-1][C][N][C][=N][N][=N][C][Branch1][=Branch1][N+1][=Branch1][C][=O][O-1][N+1][=Branch1][C][=N],N=[N+]C(N=NN=CNC[N+](=O)[O-])[N+](=O)[O-],2.0966010549884793,0.6004954039425985,0.4079708527707174,0.46219566335226425,-0.42705775904447935,,0.3942890536147867,mols/page_0012.png,7
228,[O][=N+1][Branch1][C][O-1][N][=C][Branch1][=Branch1][N+1][=Branch1][C][=O][O-1][=C][Branch1][=Branch1][C][N+1][=Branch1][C][=N+1][O-1][C][=C][C][Branch1][=Branch1][N+1][=N+1][C][=O][O-1][N+1][=Branch1][C][O-1][=Branch1][C][=O][=Branch1][N+1][=Branch1][N+1][=Branch1][O-1][=O][O-1],[N+]=[N+]CC([O-])C(=N[N+](=O)[O-])[N+](=O)[O-],2.056437499842364,1.4317106800800745,1.3215363026250833,1.2678071453812152,0.3297990513219921,,1.2284145089609748,mols/page_0012.png,8
229,[/N+1][O][=N+1][Branch1][C][O-1][C][=N][C][=C][Branch1][=Branch1][N+1][=Branch1][C][=O][O-1],[N+]O[N+]([O-])C=NC=C[N+](=O)[O-],1.518091503851731,0.40090682346586803,0.1797610796830694,0.36280261758518456,-0.6361739719305638,,0.2266706256282518,mols/page_0012.png,9
230,[O][=C][O][=N+1][Branch1][C][C][O][N+1][=Branch1][C][=O][O-1],C[N+](OC=O)O[N+](=O)[O-],1.481790468830701,-0.6835070230053426,-0.9362220635064226,-0.7934592618959987,-1.6745928596420827,,-0.889775262350549,mols/page_0012.png,10
231,[=Ring2][Ring1][=Ring2][=N+1][S][C@@H1][#N+1][P][S][#Branch2][C@@H1],[N+]SC=[N+]PS,1.9718943340952078,-1.1664360938445841,-1.3211733336562559,-1.318564128369423,-1.557787786118495,,-1.3051067868348287,mols/page_0012.png,11
232,[C][C][Branch2][Branch1][=Branch2][C][N][Branch2][Ring2][#C][C][C][C][Branch2][Ring1][=N][C][C][N][Branch2][Ring1][C][C][C][Branch1][C][C][Branch1][=Branch1][N+1][=Branch1][C][=O][O-1][N+1][=Branch1][C][=O][O-1][N+1][=Branch1][C][=O][O-1][Branch1][=Branch1][N+1][=Branch1][C][=O][O-1][N+1][=Branch1][C][=O][O-1][N+1][=Branch1][C][=O][O-1][Branch1][=Branch1][N+1][=Branch1][C][=O][O-1][N+1][=Branch1][C][=O][O-1],CC(CN(CCC(CCN(CC(C)([N+](=O)[O-])[N+](=O)[O-])[N+](=O)[O-])([N+](=O)[O-])[N+](=O)[O-])[N+](=O)[O-])([N+](=O)[O-])[N+](=O)[O-],2.505174135090663,-0.3388307460969283,-0.5538255019384642,-0.11640321803998371,-1.3676319330059612,,-0.40648854252543776,mols/page_0012.png,12
233,[O][=N+1][Branch1][C][O-1][C][=C][C][Branch1][=Branch1][N+1][=Branch1][C][=O][O-1][=C][Branch2][Ring2][=Branch2][N][C][=N][O][C][Branch2][Ring1][=N][N][C][=C][Branch1][=Branch1][N+1][=Branch1][C][=O][O-1][C][=C][Branch1][=Branch1][N+1][=Branch1][C][=O][O-1][C][=C][Ring1][N][N+1][=Branch1][C][=O][O-1][=N][Ring2][Ring1][Branch1][C][Branch1][=Branch1][N+1][=Branch1][C][=O][O-1][=C][Ring2][Ring2][C],O=[N+]([O-])c1cc([N+](=O)[O-])c(Nc2noc(Nc3c([N+](=O)[O-])cc([N+](=O)[O-])cc3[N+](=O)[O-])n2)c([N+](=O)[O-])c1,2.025474135090663,-0.6279793323432131,-0.5055444483905559,-0.6624861998213474,0.32472956737323855,,-0.5159024683746574,mols/page_0012.png,13
234,[C][C][=C][Branch1][C][N][C][Branch1][=Branch1][N+1][=Branch1][C][=O][O-1][=C][Branch1][=Branch1][N+1][=Branch1][C][=O][O-1][C][Branch1][=Branch1][N+1][=Branch1][C][=O][O-1][=C][Ring1][S][N+1][=Branch1][C][=O][O-1],Cc1c(N)c([N+](=O)[O-])c([N+](=O)[O-])c([N+](=O)[O-])c1[N+](=O)[O-],1.6239038473124212,-0.17227674208669302,-0.17565708209322167,-0.09073314806596275,0.1077678994968971,,-0.11249992532167406,mols/page_0012.png,14
235,[O][=N+1][Branch1][C][O-1][C][=C][C][Branch1][=Branch1][N+1][=Branch1][C][=O][O-1][=C][Branch2][Ring2][#Branch1][C][C][=N][N][Branch2][Ring1][N][C][=C][Branch1][=Branch1][N+1][=Branch1][C][=O][O-1][C][=C][Branch1][=Branch1][N+1][=Branch1][C][=O][O-1][C][=C][Ring1][N][N+1][=Branch1][C][=O][O-1][C][=Ring2][Ring1][Ring2][C][Branch1][=Branch1][N+1][=Branch1][C][=O][O-1][=C][Ring2][Ring1][S],O=[N+]([O-])c1cc([N+](=O)[O-])c(-c2cnn(-c3c([N+](=O)[O-])cc([N+](=O)[O-])cc3[N+](=O)[O-])c2)c([N+](=O)[O-])c1,1.9318467354148352,-1.0906676643281947,-0.9483257859736636,-1.0783193020806194,-0.07340982407161217,,-0.9484170658148736,mols/page_0012.png,15
236,[O][=N+1][Branch1][C][C][=N][N][N][=N][Ring1][=Branch2][C][Branch1][=Branch1][N+1][=Branch1][C][=O][O-1],C[N+](=O)NNN=N,1.467846708163529,-1.4699992537788817,-1.6413075776931532,-1.3111603510790057,-2.5051580074025814,,-1.5528066490398693,mols/page_0012.png,16
237,[O][=N+1][Branch1][C][O-1][O][C][C][N][C][=C][Branch1][=Branch1][N+1][=Branch1][C][=O][O-1][C][Branch1][#Branch2][N][C][C][O][N+1][=Branch1][C][=O][O-1][=C][Branch1][=Branch1][N+1][=Branch1][C][=O][O-1][C][Branch1][#Branch2][N][C][C][O][N+1][=Branch1][C][=O][O-1][=C][Ring2][Ring1][#Branch2][N+1][=Branch1][C][=O][O-1],O=[N+]([O-])OCCNc1c([N+](=O)[O-])c(NCCO[N+](=O)[O-])c([N+](=O)[O-])c(NCCO[N+](=O)[O-])c1[N+](=O)[O-],2.2983993249990475,-0.47376979074630604,-0.552049535482447,-0.3159402551720644,-0.7136036044261034,,-0.45419129406862435,mols/page_0012.png,17
238,[O][=N+1][Branch1][C][O-1][C][Branch1][=Branch1][N+1][=Branch1][C][=O][O-1][C][=C][Ring1][Branch1],C=CC([N+](=O)[O-])[N+](=O)[O-],1.501790468830701,-0.5485404816217659,-0.7509370163585978,-0.4528326671924051,-1.3787688790238148,,-0.6438793292744345,mols/page_0012.png,18
239,[C][C][N][Branch2][Ring1][N][C][C][=Branch1][C][=O][O][C][C][Branch1][=Branch1][N+1][=Branch1][C][=O][O-1][Branch1][=Branch1][N+1][=Branch1][C][=O][O-1][N+1][=Branch1][C][=O][O-1][N+1][=Branch1][C][=O][O-1],CCN(CC(=O)OCC([N+](=O)[O-])([N+](=O)[O-])[N+](=O)[O-])[N+](=O)[O-],1.786423335035418,-0.2770196588598737,-0.44954943982235707,-0.296880476740389,-1.1054098144741056,,-0.41093544681412386,mols/page_0012.png,19
240,[O][=N+1][Branch1][C][O-1][C][Branch1][=Branch1][N+1][=Branch1][C][=O][O-1][=C][Branch2][Branch1][=Branch1][N+1][=N][C][=O][O-1][Branch1][=Branch1][N+1][Ring1][C][O-1],O=CN=[N+]C=C([N+](=O)[O-])[N+](=O)[O-],1.5370246155449356,0.6362458721269627,0.5305981423744326,0.4439217582207389,0.02840108738615744,,0.47211981565226013,mols/page_0013.png,0
241,[O][=N+1][Branch1][C][O-1][C][=N][C][Branch1][=Branch1][N+1][=Branch1][C][=O][O-1][C][=N][O][N+1][Branch1][C][O-1],O=[N+]([O-])C=NC(C=NO[N+][O-])[N+](=O)[O-],2.0763039679725397,1.0906034792706707,0.9072148274996514,0.8814660097437029,0.14657639099154604,,0.8666986196892164,mols/page_0013.png,1
242,[N][C][=C][Branch1][=Branch1][N+1][=Branch1][C][=O][O-1][C][Branch1][=Branch1][N+1][=Branch1][C][=O][O-1][=C][Branch1][=Branch1][N+1][=Branch1][C][=O][O-1][C][Branch1][=Branch1][N+1][=Branch1][C][=O][O-1][=C][Ring2][Ring1][C][N+1][=Branch1][C][=O][O-1],Nc1c([N+](=O)[O-])c([N+](=O)[O-])c([N+](=O)[O-])c([N+](=O)[O-])c1[N+](=O)[O-],1.6692669435287095,1.5663158358141804,1.8419366374705362,1.6686791007280564,1.8548210498971427,,1.7050168636021161,mols/page_0013.png,2
243,[C][N][=N][N][Branch2][Ring1][#Branch1][C][=N][C][=N][C][Branch1][=Branch1][N+1][=Branch1][C][=O][O-1],CN=NNC=NC=NC[N+](=O)[O-],1.5570246155449357,-1.9129410025042055,-1.9902182278492215,-1.6642382238361462,-2.7449531697698424,,-1.9159804140997996,mols/page_0013.png,3
244,[O][=N+1][Branch1][C][O-1][C][=C][N][=N][C][=N][N][=N][Ring1][Branch1],N=NN=CN=NC=C[N+](=O)[O-],1.518091503851731,-1.0358289632629907,-1.0921535154368707,-1.037073268076728,-1.3571243866860931,,-1.0825373655742658,mols/page_0013.png,4
245,[O][=C][Branch2][Ring1][#Branch1][C][C][C][Branch1][=Branch1][N+1][=Branch1][C][=O][O-1][Branch1][=Branch1][N+1][=Branch1][C][=O][O-1][N+1][=Branch1][C][=O][O-1][N][C][N][C][=Branch1][C][=O][C][C][C][Branch1][=Branch1][N+1][=Branch1][C][=O][O-1][Branch1][=Branch1][N+1][=Branch1][C][=O][O-1][N+1][=Branch1][C][=O][O-1],O=C(CCC([N+](=O)[O-])([N+](=O)[O-])[N+](=O)[O-])NCNC(=O)CCC([N+](=O)[O-])([N+](=O)[O-])[N+](=O)[O-],2.227950530827869,-0.3235826285522018,-0.4022493202648137,-0.37059360113025497,-0.6461611002122145,,-0.3943115376775773,mols/page_0013.png,5
246,[O][=N+1][Branch1][C][O-1][C][C][N][=N][C][Branch1][=Branch1][N+1][=Branch1][C][=O][O-1],O=[N+]([O-])CCN=NC[N+](=O)[O-],1.518091503851731,0.24119636378723727,-0.10667739503517465,0.35154515048217916,-1.189592636336161,,0.055288538747271215,mols/page_0013.png,6
247,[O][=N+1][Branch1][C][O-1][C][=C][C][Branch1][=Branch1][N+1][=Branch1][C][=O][O-1][=C][Branch2][Ring1][=C][C][C][C][=C][Branch1][=Branch1][N+1][=Branch1][C][=O][O-1][C][=C][Branch1][=Branch1][N+1][=Branch1][C][=O][O-1][C][=C][Ring1][N][N+1][=Branch1][C][=O][O-1][C][Branch1][=Branch1][N+1][=Branch1][C][=O][O-1][=C][Ring2][Ring1][=N],O=[N+]([O-])c1cc([N+](=O)[O-])c(CCc2c([N+](=O)[O-])cc([N+](=O)[O-])cc2[N+](=O)[O-])c([N+](=O)[O-])c1,1.9535676759431462,-1.0781330816384058,-0.9813488600843362,-0.9848424717218494,-0.5042412644207679,,-0.959231600561502,mols/page_0013.png,7
248,[O][=N+1][Branch1][C][C][O-1][C][Branch1][=Branch1][N+1][=Branch1][C][=O][O-1],C[N+](=O)[O-],1.482440063862291,-0.8154701353934278,-1.333418239068382,-0.6663345161412848,-3.177718116195105,,-1.1215277116914768,mols/page_0013.png,8
249,[N][Branch2][N][N][=N][N][Ring1][Branch1][C][N][Branch1][N][C][=N][O][N+1][=Branch1][Ring1][O-1][=N][N+1][Ring2],[N+][N+]([O-])ON=CNCn1[nH][nH]1,1.3380915038517311,-1.1505500520664445,-1.2365137154184556,-1.0346408670702234,-1.4133111671181118,,-1.1519534054111256,mols/page_0013.png,9
250,[O][=N+1][Branch1][C][O-1][C][=N][C][Branch1][=Branch1][N+1][=Branch1][C][=O][O-1][C][=N][O][N+1][=Branch1][C][=Ring1][O-1],[N+]ON=CC(N=C[N+](=O)[O-])[N+](=O)[O-],2.056437499842364,1.023538158938705,0.8254341275474775,0.9142899895998883,0.1099769210050013,,0.8389567595620011,mols/page_0013.png,10
251,[C][C][Branch2][Ring2][#C][C][N][Branch2][Ring2][Branch1][C][N][Branch2][Ring1][O][C][=Branch1][C][=O][O][C][C][Branch1][=Branch1][N+1][=Branch1][C][=O][O-1][Branch1][=Branch1][N+1][=Branch1][C][=O][O-1][N+1][=Branch1][C][=O][O-1][N+1][=Branch1][C][=O][O-1][N+1][=Branch1][C][=O][O-1][Branch1][=Branch1][N+1][=Branch1][C][=O][O-1][N+1][=Branch1][C][=O][O-1],CC(CN(CN(C(=O)OCC([N+](=O)[O-])([N+](=O)[O-])[N+](=O)[O-])[N+](=O)[O-])[N+](=O)[O-])([N+](=O)[O-])[N+](=O)[O-],2.2735676759431467,0.9216604018690441,0.7709464545379019,0.7059713221035658,0.16049420610302745,,0.7215896635534655,mols/page_0013.png,11
252,[C][C][Branch2][Ring2][#C][C][C][N][Branch2][Ring2][Ring2][C][=Branch1][C][=O][C][=Branch1][C][=O][N][Branch2][Ring1][Ring1][C][C][C][Branch1][C][C][Branch1][=Branch1][N+1][=Branch1][C][=O][O-1][N+1][=Branch1][C][=O][O-1][N+1][=Branch1][C][=O][O-1][N+1][=Branch1][C][=O][O-1][Branch1][=Branch1][N+1][=Branch1][C][=O][O-1][N+1][=Branch1][C][=O][O-1],CC(CCN(C(=O)C(=O)N(CCC(C)([N+](=O)[O-])[N+](=O)[O-])[N+](=O)[O-])[N+](=O)[O-])([N+](=O)[O-])[N+](=O)[O-],2.2735676759431467,-0.605079266481436,-0.7342694434015054,-0.5527464939555388,-1.2424879257405832,,-0.6801845676270091,mols/page_0013.png,12
253,[O][=N+1][Branch1][C][O-1][C][=N][C][Branch1][=Branch1][N+1][=Branch1][C][=O][O-1][N+1][=Branch1][C][C][O-1][=C][Ring1][N][C][=N][N][Branch1][=Branch1][N+1][O][N][=C][Branch1][=Branch1][N+1][S][N][=N][N][O-1],C[N+]([O-])C(N=C[N+](=O)[O-])[N+](=O)[O-],2.0370246155449356,0.745103085957268,0.40417552301704895,0.8185876377016619,-0.8213497305456142,,0.5326197342696827,mols/page_0013.png,13
254,[N][S][Branch1][=Branch1][P][N+1][=Branch1][=N+1][=Branch1][O-1],[N+]PSN,1.962440063862291,-0.9597117180327642,-1.1731867762690662,-0.9700129753793582,-1.6246976271638554,,-1.0836995764435864,mols/page_0013.png,14
255,[O][=N+1][Branch1][C][O-1][C][=C][N][=N][N][=N][NH1][Ring1][O],[NH]N=NN=NC=C[N+](=O)[O-],1.4796683620478217,0.5225146657546674,0.35318100992887697,0.44650058690197236,-0.3070897683615605,,0.366815176845519,mols/page_0013.png,15
256,[C][C][=N][O][N+1][Branch1][C][O-1][N][=C][Branch1][=Branch1][N+1][=Branch1][C][=O][O-1],CC=NO[N+]([O-])N=C[N+](=O)[O-],1.518091503851731,-0.2556217003063307,-0.5357751666094115,-0.12054528529148728,-1.3356329584772588,,-0.3796306266932563,mols/page_0013.png,16
257,[O][=N+1][Branch1][C][O-1][N][Branch2][Ring1][P][C][C][N][Branch2][Ring1][=Branch1][C][C][Branch1][=Branch1][N+1][=Branch1][C][=O][O-1][Branch1][=Branch1][N+1][=Branch1][C][=O][O-1][N+1][=Branch1][C][=O][O-1][N+1][=Branch1][C][=O][O-1][C][C][N][Branch2][Ring1][=Branch1][C][C][Branch1][=Branch1][N+1][=Branch1][C][=O][O-1][Branch1][=Branch1][N+1][=Branch1][C][=O][O-1][N+1][=Branch1][C][=O][O-1][N+1][=Branch1][C][=O][O-1],O=[N+]([O-])N(CCN(CC([N+](=O)[O-])([N+](=O)[O-])[N+](=O)[O-])[N+](=O)[O-])CCN(CC([N+](=O)[O-])([N+](=O)[O-])[N+](=O)[O-])[N+](=O)[O-],2.552166943381353,1.2902281983123483,1.1067567967334244,1.3645474769431158,0.029514169731427245,,1.1480166565118324,mols/page_0013.png,17
258,[N][C][=N][O][N+1][Branch1][C][O-1][=C][Branch1][=Branch1][N+1][=Branch1][C][=O][O-1][N+1][=Branch1][C],[N+]C([N+](=O)[O-])=[N+]([O-])ON=CN,1.498091503851731,1.2546191419038637,1.1496476643199496,1.1646047411159148,0.2895517570158008,,1.0958637737038994,mols/page_0013.png,18
259,[N][=N][O][=N+1][Branch1][C][O-1][C][Branch1][=Branch1][N+1][=Branch1][C][=O][O-1][N+1][=Branch1][C][C][O-1][C][=Branch1][C][=N][N+1][=Branch1][C][O-1][C][=C][Branch1][=Branch1][N+1][=O][O-1][C][=N][C],C[N+]([O-])C([N+]([O-])ON=N)[N+](=O)[O-],2.0170246155449356,1.0834480434111535,0.7734743319718803,1.016290074884617,-0.4728055658863714,,0.8234660672109682,mols/page_0013.png,19
260,[=N+1][Branch1][C][O-1][C][N][=N][N][N][=N][O][C][N][Branch1][=Branch1][N+1][=Branch1][C][=O][O-1],O=[N+]([O-])NCON=NNN=NC[N+][O-],1.5563039679725397,1.2993005493560137,1.0526754239634268,1.0610418650519702,-0.1460209977897737,,0.9978086395716709,mols/page_0014.png,0
261,[O][=N+1][Branch1][C][O-1][C][=N][C][Branch1][=Branch1][N+1][=Branch1][C][=O][O-1][C][Branch1][C][N][=N][C][Branch2][Branch1][P][N][=N][N][C][Branch1][=Branch1],CNN=NCN=C(N)C(N=C[N+](=O)[O-])[N+](=O)[O-],2.178407953408093,-0.7526778075559629,-0.9139736117868241,-0.7971262228389785,-1.4931163548939852,,-0.8848249794606867,mols/page_0014.png,1
262,[O][=C][N][Branch1][=Branch1][N+1][=Branch1][C][=O][O-1][C][C][Branch2][Ring1][=Branch2][C][C][Ring1][Ring2][N][Branch1][=Branch1][N+1][=Branch1][C][=O][O-1][C][=Branch1][C][=O][N][Ring1][=Branch2][N+1][=Branch1][C][=O][O-1][N][Ring2][Ring1][Ring2][N+1][=Branch1][C][=O][O-1],O=C1N([N+](=O)[O-])C2C(C3C2N([N+](=O)[O-])C(=O)N3[N+](=O)[O-])N1[N+](=O)[O-],1.735885732905358,1.3783104510239588,1.6476650722878934,1.2836070049381938,1.7216381145825936,,1.4421004942614999,mols/page_0014.png,2
263,[O][=N+1][Branch1][C][O-1][N][C][C][N][Branch1][=Branch1][N+1][=Branch1][C][=O][O-1][C][C][Ring1][=Branch2][N][Branch1][=Branch1][N+1][=Branch1][C][=O][O-1][C][C][N][Ring1][=Branch2][N+1][=Branch1][C][=O][O-1],O=[N+]([O-])N1CCN([N+](=O)[O-])C2C1N([N+](=O)[O-])CCN2[N+](=O)[O-],1.7092669435287096,1.1279833253615608,1.0113222366861225,1.3557851015942053,0.31903803080468623,,1.1090442342300717,mols/page_0014.png,3
264,[O][=N+1][Branch1][C][O-1][C][=C][N][=N][C][=N][N][=N][Ring1][Branch1],N=NN=CN=NC=C[N+](=O)[O-],1.518091503851731,-1.0358289632629907,-1.0921535154368707,-1.037073268076728,-1.3571243866860931,,-1.0825373655742658,mols/page_0014.png,4
265,[O][=N+1][Branch1][C][O-1][C][C][N][Branch1][=Branch1][N+1][=Branch1][C][=O][O-1][Branch1][=Branch1][N+1][Branch1][C][O-1][=C][Branch1][=Branch1][N+1][=Branch2][C][=O][O-1][N][Ring1][N],O=[N+]([O-])C1CN([N+](=O)[O-])[N+]([O-])=C([N+][O-])N1,2.0366010549884788,2.048423147111365,2.0132311575008153,1.9279913178964572,0.8675782352943815,,1.873367926841066,mols/page_0014.png,5
266,[O][=C][Branch2][Ring1][#Branch1][C][C][C][Branch1][=Branch1][N+1][=Branch1][C][=O][O-1][Branch1][=Branch1][N+1][=Branch1][C][=O][O-1][N+1][=Branch1][C][=O][O-1][O][C][=Branch1][C][=O][C][C][C][Branch1][=Branch1][N+1][=Branch1][C][=O][O-1][Branch1][=Branch1][N+1][=Branch1][C][=O][O-1][N+1][=Branch1][C][=O][O-1],O=C(CCC([N+](=O)[O-])([N+](=O)[O-])[N+](=O)[O-])OC(=O)CCC([N+](=O)[O-])([N+](=O)[O-])[N+](=O)[O-],2.137462216552583,0.2680418181960605,0.16575394280730196,0.055280319937715906,-0.1147383633842647,,0.1190872318875005,mols/page_0014.png,6
267,[N][C][=N][N][=N][NH1][N][Branch2][Ring1][#C][C][=N][C][Branch1][=Branch1][N+1][=Branch1][C][=O][O-1][N],NC=NN=NNNC=NC(N)[N+](=O)[O-],2.0763039679725397,-1.0847228703944038,-1.2088009726623308,-1.041199662641334,-1.5232663147457268,,-1.14218745729529,mols/page_0014.png,7
268,[O][=N+1][Branch1][C][O-1][C][C][N][Branch1][=Branch1][N+1][=Branch1][C][=O][O-1],O=[N+]([O-])CCN[N+](=O)[O-],1.481790468830701,1.0010866826548575,0.6086537846269532,1.023831324028679,-1.009227989420302,,0.711044847489894,mols/page_0014.png,8
269,[O][=C][Branch2][Ring1][=C][N][C][N][C][=Branch1][C][=O][O][C][C][Branch1][=Branch1][N+1][=Branch1][C][=O][O-1][Branch1][=Branch1][N+1][=Branch1][C][=O][O-1][N+1][=Branch1][C][=O][O-1][O][C][C][Branch1][=Branch1][N+1][=Branch1][C][=O][O-1][Branch1][=Branch1][N+1][=Branch1][C][=O][O-1][N+1][=Branch1][C][=O][O-1],O=C(NCNC(=O)OCC([N+](=O)[O-])([N+](=O)[O-])[N+](=O)[O-])OCC([N+](=O)[O-])([N+](=O)[O-])[N+](=O)[O-],2.227950530827869,0.6054542435501163,0.580827328910695,0.1911163928611596,0.4159361959816831,,0.414610569857835,mols/page_0014.png,9
270,[C][C][=C][Branch1][=Branch1][N+1][=Branch1][C][=O][O-1][C][Branch1][=Branch1][N+1][=Branch1][C][=O][O-1][=C][Branch1][C][N][C][Branch1][=Branch1][N+1][=Branch1][C][=O][O-1][=C][Ring1][S][N+1][=Branch1][C][=O][O-1],Cc1c([N+](=O)[O-])c([N+](=O)[O-])c(N)c([N+](=O)[O-])c1[N+](=O)[O-],1.6239038473124212,-0.22055550799302923,-0.18021518305138096,-0.16292109612516703,0.22091167905749623,,-0.14326994330541976,mols/page_0014.png,10
271,[O][=N+1][Branch1][C][O-1][C][=C][C][Branch1][=Branch1][N+1][=Branch1][C][=O][O-1][=C][Branch1][=Branch2][N][N][C][=N][N][=C][Ring1][Branch1][C][Branch1][=Branch1][N+1][=Branch1][C][=O][O-1][=C][Ring2][Ring1][C],O=[N+]([O-])c1cc([N+](=O)[O-])c(Nn2cnnc2)c([N+](=O)[O-])c1,1.506423335035418,-1.228097913095988,-1.0744826491994994,-1.023662373793995,-0.40679451740583833,,-1.0257895418320535,mols/page_0014.png,11
272,[O][=N+1][Branch1][C][O-1][C][C][Branch1][=Branch1][N+1][=Branch1][C][=O][O-1][C][=C][N][Branch2][Branch1][=C],NC=CC(C[N+](=O)[O-])[N+](=O)[O-],2.038091503851731,-1.1981767525617792,-1.3516605448722665,-1.021020406574117,-2.0151666689818963,,-1.2473841538863477,mols/page_0014.png,12
273,[O][=N+1][Branch1][C][O-1][C][=C][Branch1][=Branch1][N+1][=Branch1][C][=O][O-1][C][Branch1][=Branch1][N+1][O-1][C][=N][N][=C][Branch1][=Branch1],C=C([N+][O-])C(=C[N+](=O)[O-])[N+](=O)[O-],1.5570246155449357,0.6185678289000353,0.3114457982124724,0.5615291529091332,-0.5209558672952814,,0.40501948121225206,mols/page_0014.png,13
274,[O][=N+1][Branch1][C][O-1][C][N][=N][N][C][Branch1][C][=N][C][Branch1][=Branch1][N+1][=Branch1][C][=O][O-1],NC(C[N+](=O)[O-])NN=NC[N+](=O)[O-],2.056437499842364,0.06663609639927474,-0.20334554904886848,0.03826291650432236,-1.0487650661684556,,-0.12374870317751505,mols/page_0014.png,14
275,[/N+1][N][Branch2][Ring1][=Branch1][N][C][C][=N][O][N+1][=Branch1][=O][N][=Ring1],[N+]NNCC=NO[N+]N,1.481790468830701,-1.2353248404644221,-1.4657037836596138,-0.9224933887058923,-2.2921907010336877,,-1.2734735816167346,mols/page_0014.png,15
276,[C][C][=C][C][Branch1][=Branch1][N+1][=Branch1][C][=O][O-1][=C][Branch1][=Branch1][N+1][=Branch1][C][=O][O-1][C][Branch1][=Branch1][N+1][=Branch1][C][=O][O-1][=C][Ring1][#C],Cc1cc([N+](=O)[O-])c([N+](=O)[O-])c([N+](=O)[O-])c1,1.537308431519336,-1.4164073332043512,-1.3245007154138695,-1.1327800978854967,-1.1197109021643212,,-1.250310141525186,mols/page_0014.png,16
277,[O][=N+1][Branch1][C][O-1][C][=N][C][=N][C][Branch1][=Branch1][N+1][=Branch1][C][=O][O-1],O=[N+]([O-])C=NC=NC[N+](=O)[O-],1.518091503851731,0.31518457616949574,0.030831599098368283,0.16667774828623433,-0.6577205032257976,,0.08740309280887999,mols/page_0014.png,17
278,[O][=N+1][Branch1][C][O-1][C][N][=N][N][C][Branch1][C][=N][C][Branch1][=Branch1][N+1][=Branch1][C][=O][O-1],NC(C[N+](=O)[O-])NN=NC[N+](=O)[O-],2.056437499842364,0.06663609639927474,-0.20334554904886848,0.03826291650432236,-1.0487650661684556,,-0.12374870317751505,mols/page_0014.png,18
279,[C][C][Branch2][Ring2][#Branch1][C][N][Branch2][Ring1][=N][C][C][N][Branch2][Ring1][C][C][C][Branch1][C][C][Branch1][=Branch1][N+1][=Branch1][C][=O][O-1][N+1][=Branch1][C][=O][O-1][N+1][=Branch1][C][=O][O-1][N+1][=Branch1][C][=O][O-1][Branch1][=Branch1][N+1][=Branch1][C][=O][O-1][N+1][=Branch1][C][=O][O-1],CC(CN(CCN(CC(C)([N+](=O)[O-])[N+](=O)[O-])[N+](=O)[O-])[N+](=O)[O-])([N+](=O)[O-])[N+](=O)[O-],2.0926028435074597,-0.2847124594677341,-0.5418581711396978,-0.08855285342298212,-1.4152703879678716,,-0.383590837817838,mols/page_0014.png,19
280,[O][=N+1][Branch1][C][O-1][C][N][=N][N][Branch2][Branch1][C][N][=C][C][Branch1][=Branch1][N+1][=Branch1][C][=O][O-1],O=[N+]([O-])CC=NNN=NC[N+](=O)[O-],1.556437499842364,0.3419758227308984,0.13000463241927201,0.20684371026735512,-0.5506454102473295,,0.1456680568697517,mols/page_0015.png,0
281,[O][=N+1][Branch1][C][O-1][C][O][C][C][Branch1][=Branch1][N+1][=Branch1][C][=O][O-1][C][Branch1][=Branch1][O][C][=N][O][N+1][Branch1][C][O-1][=Branch1][C][Branch1][C][N+1][=Branch1][C][N+1][=Branch1][N][=O][O-1][=C][Branch2][Ring1][Ring2][C][N][=C][Ring1][=Branch1][N+1][=Branch1][O][=O][O-1][C][Branch2][Branch1][O][N][N][Branch1][=Branch1][N+1][#Branch1][C][=O][O-1][N][=C][Ring1][=N][N][C][=N][O][N],[N+]ON=COC([O-])(C(COC[N+](=O)[O-])[N+](=O)[O-])C([N+])([N+])N=O,2.82926694352871,0.7990312523100017,0.6000633454420383,0.6092130788994966,-0.10966520589641784,,0.582492360408167,mols/page_0015.png,1
282,[O][=N+1][Branch1][C][O-1][C][=C][C][=N][C][Branch1][=Branch1][N+1][=Branch1][C][=O][O-1][C][=N][C][=N][N][Branch1][=Branch1][N+1][Branch1][C][O-1][N][C][=N][NH1][Ring1][=Branch1][N+1][=Branch1][N+1][=Branch1][O-1][=O][O-1],N[N+]1([O-])NN=CN1N=CN=CC(N=CC=C[N+](=O)[O-])[N+](=O)[O-],2.76926694352871,-1.0775800044705204,-1.1287598254654572,-1.021230868369599,-1.288123077383614,,-1.0888896125701955,mols/page_0015.png,2
283,[O][=N+1][Branch1][C][O-1][N][C][C][N][N+1][=Branch1][C][=O][O-1],O=[N+]([O-])NCCN[N+](=O)[O-],1.4796683620478217,0.24292080183199355,-0.12266237081303893,0.36075845142268576,-1.366931511552172,,0.03767483716859574,mols/page_0015.png,3
284,[O][=N+1][Branch1][C][O-1][C][C][N][Branch1][=Branch1][N+1][=Branch1][C][=O][O-1],O=[N+]([O-])CCN[N+](=O)[O-],1.481790468830701,1.0010866826548575,0.6086537846269532,1.023831324028679,-1.009227989420302,,0.711044847489894,mols/page_0015.png,4
285,[O][=N+1][Branch1][C][O-1][C][=N][N][Branch1][Branch2][C][=N][C][Branch1][=Branch1][N+1][=Branch1][C][=O][O-1],O=[N+]([O-])C=NNC=NC[N+](=O)[O-],1.5370246155449356,0.16457946361556902,-0.050110308063607646,-0.018108603728897294,-0.6272987014811517,,-0.04135602275168375,mols/page_0015.png,5
286,[C][C][Branch2][Ring2][P][C][N][Branch2][Ring1][C][C][C][Branch1][C][C][Branch1][=Branch1][N+1][=Branch1][C][=O][O-1][N+1][=Branch1][C][=O][O-1][C][=Branch1][C][=O][C][C][C][Branch1][=Branch1][N+1][=Branch1][C][=O][O-1][Branch1][=Branch1][N+1][=Branch1][C][=O][O-1][N+1][=Branch1][C][=O][O-1][Branch1][=Branch1][N+1][=Branch1][C][=O][O-1][N+1][=Branch1][C][=O][O-1],CC(CN(CC(C)([N+](=O)[O-])[N+](=O)[O-])C(=O)CCC([N+](=O)[O-])([N+](=O)[O-])[N+](=O)[O-])([N+](=O)[O-])[N+](=O)[O-],2.319426144623208,-0.2664452005079741,-0.4429400337238124,-0.22779885522428525,-1.0021356099441716,,-0.36867941164207796,mols/page_0015.png,6
287,[O][=N+1][Branch1][C][O-1][C][C][C][N][=N][C][Branch1][=Branch1][N+1][=Branch1][C][=O][O-1],O=[N+]([O-])CCCN=NC[N+](=O)[O-],1.5570246155449357,-0.7681741813294563,-1.0771453212098159,-0.48355919375063994,-2.083244695458926,,-0.8630780226809667,mols/page_0015.png,7
288,[O][=N+1][Branch1][C][O-1][C][=N][N][Branch1][Branch2][N][C][=N][N][C][Branch1][=Branch1][N+1][=Branch1][C][=O][O-1],O=[N+]([O-])C=NNNC=NNC[N+](=O)[O-],1.5763039679725397,-0.20439214200996964,-0.36653514590379127,-0.21851838562564618,-0.9024786169081066,,-0.3203870379195094,mols/page_0015.png,8
289,[O][=N+1][Branch1][C][O-1][C][=N][N][C][Branch1][=Branch1][N+1][=Branch1][C][=O][O-1],O=[N+]([O-])C=NNC[N+](=O)[O-],1.4796683620478217,1.0525228592681983,0.9057455027338819,0.7870828502911985,0.1319079493920004,,0.8175910255561996,mols/page_0015.png,9
290,[O][=C][Branch2][Ring1][=Branch1][O][C][Branch1][=Branch1][N+1][=Branch1][C][=O][O-1][Branch1][=Branch1][N+1][=Branch1][C][=O][O-1][N+1][=Branch1][C][=O][O-1][C][=C][Branch1][=Branch1][N+1][=Branch1][C][=O][O-1][C][=C][Branch1][=Branch1][N+1][=Branch1][C][=O][O-1][C][=C][Ring1][N][N+1][=Branch1][C][=O][O-1],O=C(OC([N+](=O)[O-])([N+](=O)[O-])[N+](=O)[O-])c1c([N+](=O)[O-])cc([N+](=O)[O-])cc1[N+](=O)[O-],1.9326028435074594,0.758230812484775,0.8740770821735634,0.5117979262188915,1.0716408829011168,,0.7199602324422529,mols/page_0015.png,10
291,[N][C][=C][Branch1][=Branch1][N+1][=Branch1][C][=O][O-1][C][=C][Branch1][=Branch1][N+1][=Branch1][C][=O][O-1][C][Branch1][C][O][=C][Ring1][=N][N+1][=Branch1][C][=O][O-1],Nc1c([N+](=O)[O-])cc([N+](=O)[O-])c(O)c1[N+](=O)[O-],1.538407953408093,-0.4408569855312629,-0.24331437686207605,-0.5576018923564093,0.7799949407449616,,-0.31608410346640237,mols/page_0015.png,11
292,[O][=N+1][Branch1][C][O-1][C][=C][Branch1][=Branch1][N+1][=Branch1][C][=O][O-1],O=[N+]([O-])C=C[N+](=O)[O-],1.4844996950521225,1.159079774877526,1.0853206260745547,1.0881108342793637,0.44080483113029084,,1.0404249170627948,mols/page_0015.png,12
293,[O][=N+1][Branch1][C][O-1][C][=N][C][=N][O][N][=C][Branch1][=C][N][C][=N][C][Branch1][C][O-1][N][C][=N][N][=C][Branch1][=Branch1][N+1][=Branch1][C][=O][O-1],O=[N+]([O-])C=NC=NON=CNC=NC([O-])NC=NN=C[N+](=O)[O-],2.3724242818454764,-1.0905616054962848,-1.1561924382608035,-0.920421459498032,-1.2553391900019766,,-1.0553910137386826,mols/page_0015.png,13
294,[O][=N+1][Branch1][C][O-1][C][=C][C][Branch1][=Branch1][N+1][=Branch1][C][=O][O-1][=C][Branch2][Branch1][=Branch1][C][=C][C][Branch1][=Branch1][N+1][=Branch1][C][=O][O-1][=C][Branch2][Ring1][N][C][=C][Branch1][=Branch1][N+1][=Branch1][C][=O][O-1][C][=C][Branch1][=Branch1][N+1][=Branch1][C][=O][O-1][C][=C][Ring1][N][N+1][=Branch1][C][=O][O-1][C][Branch1][=Branch1][N+1][=Branch1][C][=O][O-1][=C][Ring2][Ring1][O][C][Branch1][=Branch1][N+1][=Branch1][C][=O][O-1][=C][Ring2][Ring2][#Branch1],O=[N+]([O-])c1cc([N+](=O)[O-])c(-c2cc([N+](=O)[O-])c(-c3c([N+](=O)[O-])cc([N+](=O)[O-])cc3[N+](=O)[O-])c([N+](=O)[O-])c2)c([N+](=O)[O-])c1,2.326550083696136,-0.9375234247762486,-0.7552763156940283,-0.986898728242812,0.21026208922602044,,-0.796933217492092,mols/page_0015.png,14
295,[N][C][=N][NH1][C][Branch2][Ring1][=N][N][C][=C][Branch1][=Branch1][N+1][=Branch1][C][=O][O-1][C][=C][Branch1][=Branch1][N+1][=Branch1][C][=O][O-1][C][=C][Ring1][N][N+1][=Branch1][C][=O][O-1][=N][Ring2][Ring1][Branch1],Nc1n[nH]c(Nc2c([N+](=O)[O-])cc([N+](=O)[O-])cc2[N+](=O)[O-])n1,1.5292669435287096,-0.989069588326385,-0.8216469930375523,-0.9184381929189067,0.034714676574508496,,-0.8165829548510961,mols/page_0015.png,15
296,[O][=N+1][Branch1][C][C][=C][Branch1][=Branch1][N+1][=Branch1][C][=O][O-1][=C][Branch1][=Branch1][C][=N][O][N][=N][Ring2][Ring1][Branch1],C[N+](=O)C(=CC=NON=N)[N+](=O)[O-],1.576437499842364,-1.2985681147427481,-1.3855326331628122,-1.139535025938354,-1.8426817634211652,,-1.3111073736938483,mols/page_0015.png,16
297,[O][=N+1][Branch1][C][O-1][C][C][C][Branch2][Ring1][=Branch1][C][=N][O][N][N][Branch1][=Branch1][N+1][=Branch1][C][=O][O-1],O=[N+]([O-])CCCC=NONN[N+](=O)[O-],1.5963039679725397,-1.021587226189942,-1.2214010713656602,-0.7555967370977681,-2.133575854576225,,-1.0763433546856302,mols/page_0015.png,17
298,[O][=N+1][Branch1][C][O-1][C][N][C][=N][C][Branch1][=Branch1][N+1][=Branch1][C][=O][O-1][C][Branch2][Ring1][C][N],NCC(N=CNC[N+](=O)[O-])[N+](=O)[O-],2.076437499842364,-1.0794615667106986,-1.2698871915439214,-0.9183580383202019,-1.9509250418313027,,-1.149772909074866,mols/page_0015.png,18
299,[O][=N+1][Branch1][C][O-1][C][=N][C][=C][Branch1][=Branch1][N+1][=Branch1][C][=O][O-1],O=[N+]([O-])C=CN=C[N+](=O)[O-],1.4996683620478217,0.1490878035679384,-0.07867717569444281,0.040984142740796654,-0.5570655320693862,,-0.02171023914224606,mols/page_0015.png,19
300,[O][=N+1][Branch1][C][O-1][=C][Branch1][=Branch1][N+1][=Branch1][C][=O][O-1][=C][C][Branch1][=Branch1][N+1][C][O-1][C][=C][N][=C][Ring1][Branch1][N+1][=Branch1][C][=N][O],N=[N+](O)C1=NC(C=C([N+](=O)[O-])[N+](=O)[O-])[N+]1C[O-],2.1184079534080933,0.8940866768144399,0.7712422360016198,0.8014641077884189,0.09400559754036537,,0.746318431073419,mols/page_0016.png,0
301,[N][N][C][=C][Branch1][=Branch1][N+1][=Branch1][C][=O][O-1],NNC=C[N+](=O)[O-],1.4878467081635287,-1.0851651750045168,-1.2295992647218,-0.9531388650833139,-1.7761245821287617,,-1.137559114177781,mols/page_0016.png,1
302,[O][=N+1][Branch1][C][O-1][C][N][N][N][N][=C][N][N][N][C][=C][N][Branch1][=Branch1][N+1][=Branch1][C][=O][O-1][C][Branch1][=Branch1][N+1][N][C][=O][O-1][N+1][=Branch1][C][O-1],O=CN[N+]C([N+][O-])N(C=CNNNC=NNNNC[N+](=O)[O-])[N+](=O)[O-],2.4596423657706596,-0.9272899259284147,-1.0758468853026737,-0.7706801309680001,-1.6140186490196333,,-0.9704581200969356,mols/page_0016.png,2
303,[O][=N+1][Branch1][C][O-1][C][N][C][Branch1][=Branch1][N+1][=Branch1][C][=O][O-1][N][=C][Ring1][N][N+1][=Branch1][C][N+1][=Branch1][C][=N][O-1],[N+][N+](C=N[O-])C=NC(NC[N+](=O)[O-])[N+](=O)[O-],2.137308431519336,0.9804735594574472,0.8157627764044398,0.8822254633716543,-0.07092038907938608,,0.7948572304061948,mols/page_0016.png,3
304,[O][=N+1][Branch1][C][O-1][C][C][C][N][Branch1][=Branch1][N+1][=Branch1][C][=O][O-1][N][=C][Branch1][=Branch1][N+1][N][C][=O][O-1],O=CN[N+]C=NN(CCC[N+](=O)[O-])[N+](=O)[O-],1.657308431519336,-0.9870034051565859,-1.1965247642443255,-0.8591636432812009,-1.9417877255932352,,-1.0837262722220318,mols/page_0016.png,4
305,[C][C][=C][Branch1][=Branch1][N+1][=Branch1][C][=O][O-1][C][Branch1][#Branch2][N][Branch1][C][C][N+1][=Branch1][C][=O][O-1][=C][Branch1][=Branch1][N+1][=Branch1][C][=O][O-1][C][Branch1][=Branch1][N+1][=Branch1][C][=O][O-1][=C][Ring2][Ring1][Ring2][N+1][=Branch1][C][=O][O-1],Cc1c([N+](=O)[O-])c(N(C)[N+](=O)[O-])c([N+](=O)[O-])c([N+](=O)[O-])c1[N+](=O)[O-],1.755885732905358,0.15021595529106826,0.0748206272380925,0.2732385854581592,-0.10887784401742061,,0.15466679541381181,mols/page_0016.png,5
306,[O][=N+1][Branch1][C][O-1][C][Branch1][=Branch1][N+1][=Branch1][C][=O][O-1][=C][Ring1][N],C=C([N+](=O)[O-])[N+](=O)[O-],1.4844996950521225,0.9678549153231076,0.7806842447138265,0.9711504976643125,-0.033505393414128816,,0.8222444497335457,mols/page_0016.png,6
307,[O][=N+1][Branch1][C][O-1][C][=N][N][=C][Branch1][=Branch1][N+1][=Branch1][C][=O][O-1][=C][Branch1][=Branch1][O][N+1][=Branch1][C][O-1][N][=N][C][=N][NH1][C][Branch1][=Branch1][N+1][=Ring2][C][=O][O-1],O=[N+]([O-])C=NN=C(C(N=NC=NNC#[N+][O-])O[N+][O-])[N+](=O)[O-],2.3292669435287103,0.673476450232202,0.6125174699240727,0.4974292068711892,0.1389844101987267,,0.534368603807417,mols/page_0016.png,7
308,[=N+1][Ring1][N][C][=N][N][Branch1][=Branch1][N+1][=Branch1][C][=O][O-1][N+1][=Branch1][C][C][O-1],C[N+]([O-])N(N=C[N+])[N+](=O)[O-],1.4796683620478217,0.8305016574110711,0.5037497458826933,0.9500559566822768,-0.9958685522510022,,0.6139983782712516,mols/page_0016.png,8
309,[O][=N+1][Branch1][C][O-1][C][C][Branch1][=Branch1][N+1][=Branch1][C][=O][O-1],O=[N+]([O-])CC[N+](=O)[O-],1.4844996950521225,1.2052161523792833,0.9237830613258409,1.1773654427879254,-0.29954187003786076,,0.9732417935376652,mols/page_0016.png,9
310,[O][=N+1][Branch1][=Branch1][C][=O][O-1][C][Branch1][=Branch1][N+1][=Branch1][C][=O][Branch1][N+1][=Branch1][C],[N+][N+](=O)[N+](=O)C=O,1.467846708163529,0.8077265052846544,0.7354034884539343,0.6621804915385616,0.15395163297786071,,0.6660498583478579,mols/page_0016.png,10
311,[Ring1][Cl][NH1][#Branch2][/N+1][S][#Branch2][/N+1][N+1][C][N][/N+1][F][N][=Branch1],C[SH]([N+]NCl)N[N+]F,1.9644996950521225,-1.2690539058746826,-1.3706314441089167,-1.2712644071035775,-1.9246249509493392,,-1.3608895954322646,mols/page_0016.png,11
312,[O][=N+1][Branch1][C][O-1][C][C][Branch1][=Branch1][N+1][=Branch1][C][=O][O-1][C][Branch1][=Branch1][N][C][=N][C][Branch1][=Branch1][=Branch1][N+1][=Branch1][O-1][=O][O-1],O=[N+]CN=CNC([O-])C(C[N+](=O)[O-])[N+](=O)[O-],2.6573084315193354,-0.30276445827976595,-0.5776004543223263,-0.3282889890741957,-1.2466010650120478,,-0.4760669302814062,mols/page_0016.png,12
313,[=N+1][=C][N][=C][Branch1][C][N][N][=N][C][=C][Branch1][=Branch1][N+1][=Branch1][C][=O][O-1],[N+]=CN=C(N)N=NC=C[N+](=O)[O-],1.5570246155449357,-1.045738000647278,-1.1118517304325768,-0.9770464294679383,-1.2911574206746796,,-1.059331746624607,mols/page_0016.png,13
314,[O][=N+1][Branch1][C][O-1][C][=C][N][Branch1][=Branch1][N+1][=Branch1][C][=O][O-1],O=[N+]([O-])C=CN[N+](=O)[O-],1.481790468830701,1.104442978403439,0.87647783107346,1.0175215002837128,-0.21542884541857793,,0.8806959179408521,mols/page_0016.png,14
315,[O][=N+1][Branch1][C][O-1][C][=C][C][Branch1][=Branch1][N+1][=Branch1][C][=O][O-1][C][Branch1][=Branch1],CC(C=C[N+](=O)[O-])[N+](=O)[O-],2.0196683620478217,-1.6106356217542608,-1.775984608049889,-1.3409075586016688,-2.7486193617849555,,-1.6578800170702006,mols/page_0016.png,15
316,[Branch1][C][N][C][=N][O][C][Branch1][=Branch1][N+1][=Branch1][C][=O][O-1],CNC=NOC[N+](=O)[O-],1.501790468830701,-1.6113583930532018,-1.6854911316551282,-1.3756574877820398,-2.54931027376495,,-1.6294064036663936,mols/page_0016.png,16
317,[C][O][N][=C][Branch1][=Branch1][N+1][=Branch1][C][=O][O-1],CON=C[N+](=O)[O-],1.4878467081635287,-0.7879749724365348,-0.9849110143860456,-0.7092449894936992,-1.8358685729161255,,-0.9105063497947374,mols/page_0016.png,17
318,[O][=N+1][Branch1][C][O-1][C][=N][N][=C][Branch1][=Branch1][N+1][=Branch1][C][=O][O-1][=C][Branch1][=Branch1][=Branch1][N+1][=Branch1][=Branch1][C][=O],O=C[N+]CC(=NN=C[N+](=O)[O-])[N+](=O)[O-],1.5963039679725397,0.10110285990704133,-0.07444743687959031,-0.16383279871155204,-0.6698321616164066,,-0.1258524798893987,mols/page_0016.png,18
319,[O][=N+1][Branch1][C][O-1][C][Branch1][=Branch1][N+1][=Branch1][C][=O][C],C[N+](=O)C[N+](=O)[O-],1.4878467081635287,-0.7453833167834973,-1.1258387439474216,-0.6003148898539142,-2.5048224908320598,,-0.9584137202075014,mols/page_0016.png,19
320,[C][C][=C][Branch1][=Branch1][N+1][=Branch1][C][=O][O-1][C][=C][Branch1][=Branch1][N+1][=Branch1][C][=O][O-1][C][Branch1][C][O][=C][Ring1][=N][N+1][=Branch1][C][=O][O-1],Cc1c([N+](=O)[O-])cc([N+](=O)[O-])c(O)c1[N+](=O)[O-],1.558407953408093,-1.1699399634024945,-1.012325739749461,-1.0701086053105038,-0.3839891867146339,,-1.0120087865836538,mols/page_0017.png,0
321,[O][=N+1][Branch1][C][O-1][C][=N][C][Branch1][=Branch1][N+1][=Branch1][C][=O][O-1][=C][Ring1][=C][N+1][=Branch1][C][C][O-1][C][Branch1][=Branch1],C[N+]([O-])C=C(N=C[N+](=O)[O-])[N+](=O)[O-],1.576437499842364,0.17207900146306035,-0.1496244802649118,0.22944596372893816,-1.0468193149620377,,-0.007289915705091368,mols/page_0017.png,1
322,[O][=C][Branch2][Ring1][=C][N][C][N][C][=Branch1][C][=O][O][C][C][Branch1][=Branch1][N+1][=Branch1][C][=O][O-1][Branch1][=Branch1][N+1][=Branch1][C][=O][O-1][N+1][=Branch1][C][=O][O-1][O][C][C][Branch1][=Branch1][N+1][=Branch1][C][=O][O-1][Branch1][=Branch1][N+1][=Branch1][C][=O][O-1][N+1][=Branch1][C][=O][O-1],O=C(NCNC(=O)OCC([N+](=O)[O-])([N+](=O)[O-])[N+](=O)[O-])OCC([N+](=O)[O-])([N+](=O)[O-])[N+](=O)[O-],2.227950530827869,0.6054542435501163,0.580827328910695,0.1911163928611596,0.4159361959816831,,0.414610569857835,mols/page_0017.png,2
323,[=Ring1][\N+1][#N+1][S][=Branch1][=O][#Branch1][\N+1][Cl][#N][Cl][NH1][#N][N+1][O-1][/N+1][=N+1][C@@H1][=Branch1][=O][#Branch2][O][#N][#N+1][Ring1][=N+1][S][#N+1][/N+1][=Branch1],N#[SH](Cl)[N+]#[N+],1.9567229808842468,-1.3076836749401546,-1.3994228628941727,-1.5765358830170264,-1.1321115456302697,,-1.4206021422284194,mols/page_0017.png,3
324,[O][=C][Branch2][Ring1][S][C][N][Branch2][Ring1][=Branch1][C][C][Branch1][=Branch1][N+1][=Branch1][C][=O][O-1][Branch1][=Branch1][N+1][=Branch1][C][=O][O-1][N+1][=Branch1][C][=O][O-1][N+1][=Branch1][C][=O][O-1][N][Branch2][Ring2][=C][C][N][Branch2][Ring2][Ring2][C][=Branch1][C][=O][C][N][Branch2][Ring1][=Branch1][C][C][Branch1][=Branch1][N+1][=Branch1][C][=O][O-1][Branch1][=Branch1][N+1][=Branch1][C][=O][O-1][N+1][=Branch1][C][=O][O-1][N+1][=Branch1][C][=O][O-1][N+1][=Branch1][C][=O][O-1][N+1][=Branch1][C][=O][O-1],O=C(CN(CC([N+](=O)[O-])([N+](=O)[O-])[N+](=O)[O-])[N+](=O)[O-])N(CN(C(=O)CN(CC([N+](=O)[O-])([N+](=O)[O-])[N+](=O)[O-])[N+](=O)[O-])[N+](=O)[O-])[N+](=O)[O-],2.8869026336239,1.4312660186070303,1.3260030499130229,1.24565492192912,0.5695280899855739,,1.2445320449002186,mols/page_0017.png,4
325,[O][=N+1][Branch1][C][O-1][C][N][C][Branch1][=Branch1][N+1][=Branch1][C][=O][O-1][C][Branch1][=Branch1],CC(NC[N+](=O)[O-])[N+](=O)[O-],1.9996683620478217,-0.8394520013406854,-1.1194752900379297,-0.6135596536555329,-2.2588594563271487,,-0.9610416299395819,mols/page_0017.png,5
326,[O][=N+1][Branch1][C][O-1][C][=N][N][=C][Branch1][=Branch1][N+1][=Branch1][C][=O][O-1][C][=C][Branch1][=Branch1][N][N+1][=Branch1][C],[N+]NC=CC(=NN=C[N+](=O)[O-])[N+](=O)[O-],1.5963039679725397,-0.04357631361654522,-0.18471131683463607,-0.056545196658633584,-0.7123252128216352,,-0.15092250755841227,mols/page_0017.png,6
327,[O][=N+1][Branch1][C][O-1][C][C][N][Branch1][=Branch1][N+1][=Branch1][C][=O][O-1],O=[N+]([O-])CCN[N+](=O)[O-],1.481790468830701,1.0010866826548575,0.6086537846269532,1.023831324028679,-1.009227989420302,,0.711044847489894,mols/page_0017.png,7
328,[O][=C][Branch2][Ring1][#Branch1][N][C][C][Branch1][=Branch1][N+1][=Branch1][C][=O][O-1][Branch1][=Branch1][N+1][=Branch1][C][=O][O-1][N+1][=Branch1][C][=O][O-1][C][=Branch1][C][=O][N][C][C][Branch1][=Branch1][N+1][=Branch1][C][=O][O-1][Branch1][=Branch1][N+1][=Branch1][C][=O][O-1][N+1][=Branch1][C][=O][O-1],O=C(NCC([N+](=O)[O-])([N+](=O)[O-])[N+](=O)[O-])C(=O)NCC([N+](=O)[O-])([N+](=O)[O-])[N+](=O)[O-],2.0926028435074597,1.086818357402955,1.0906989935541263,0.709161833364859,0.7944919505201532,,0.9074932661372292,mols/page_0017.png,8
329,[O][=N+1][Branch1][C][O-1][C][Branch1][=Branch1][N+1][=Branch1][C][=O][O-1][C][Branch1][C][N+1][=Branch1][C][O-1][=C][Branch1][=Branch1][N+1],[N+]CC([N+])([O-])C([N+](=O)[O-])[N+](=O)[O-],2.0370246155449356,1.4790961949354366,1.4003176635445231,1.4177862509610362,0.6475430397099793,,1.3517222689754023,mols/page_0017.png,9
330,[O][=N+1][Branch1][C][O-1][C][=C][Branch1][=Branch1][N+1][=Branch1][C][=O][O-1][=N][C][Branch1][=Branch1][N+1][C][C][O-1][=C][Branch1][=Branch1][=Branch1][N+1][=Branch1],[N+]C([N+]CC[O-])NC(=C[N+](=O)[O-])[N+](=O)[O-],2.136601054988479,0.19236216385008437,-0.06775498198993694,0.188100967902065,-1.0109863901329617,,0.00529354361256669,mols/page_0017.png,10
331,[=N+1][Branch1][C][O-1][C][=C][C][Branch1][=Branch1][N+1][=Branch1][C][=O][O-1][N+1][=Branch1][C][O-1][=Branch1][C][=O],O=C[N+]([O-])C(C=C[N+][O-])[N+](=O)[O-],2.0570246155449357,0.21454024403389754,-0.0271013210685098,0.026727371156648465,-0.8356936761919184,,-0.026018688415185516,mols/page_0017.png,11
332,[#N+1][/N+1][Branch1][/C][S][/N][C][N][Cl][=C][NH1],[N+][N+](S)NCNCl,1.467846708163529,-0.8522686219612567,-1.0531100428076707,-0.9567050730390949,-1.550836225640941,,-1.014110317971964,mols/page_0017.png,12
333,[Ring1][=N+1][Branch1][C][C][O-1][C][Branch1][=Branch1][N+1][=Branch1][C][=O][O-1][C][C][N][C][N+1][=Branch1][C],C[N+][O-],1.4891981725766341,-1.469628440677686,-1.9892561395460697,-1.0605943887815636,-4.00798938082814,,-1.6897578386513785,mols/page_0017.png,13
334,[F][=Branch2][O][=N+1][=N+1][Branch1][#Branch1][C][O-1][C][=C][C][=Branch1][C][=N][O][N+1][=Branch1][Ring1][Ring2][=Branch1][N],[N+]ON=C[N+](C[O-])=[N+]OF,1.4796683620478217,0.8605987970441523,0.7235479541047374,0.7303911594542141,0.08458296976605169,,0.6966514485455133,mols/page_0017.png,14
335,[O][=N+1][Branch1][C][O-1][C][=N][N][Branch2][Ring1][C][C][C][=N][O][N+1],[N+]ON=CCNN=C[N+](=O)[O-],1.518091503851731,-0.5435187923360794,-0.7868869215189981,-0.48861923266328755,-1.384211839447054,,-0.6664703054737898,mols/page_0017.png,15
336,[N][=N+1][Branch1][C][O-1][C][Branch1][=Branch1][N+1][=Branch1][C][=O][O-1][=C][N][=C][Ring2][Branch1][N+1][=Branch1][C][C][O-1][Branch1][=Branch1][N+1][=N][C][=O][O-1],O=[N+]([O-])c1cnc(CC[O-])n[n+]1[O-],1.436437499842364,-0.49102202740364,-0.5554337737201273,-0.4588930713201726,-0.8400627386868829,,-0.5291774526776991,mols/page_0017.png,16
337,[O][=N+1][Branch1][C][O-1][C][N][C][N][Branch1][=Branch1][N+1][=Branch1][C][=O][O-1],O=[N+]([O-])CNCN[N+](=O)[O-],1.4796683620478217,0.9652120863561098,0.6098899339407637,0.9633902786947388,-0.9171642016900876,,0.6874151963831052,mols/page_0017.png,17
338,[O][=N+1][Branch1][C][O-1][C][=C][C][Branch1][=Branch1][N+1][=Branch1][C][=O][O-1][=C][Branch2][Branch1][Ring2][C][=C][C][Branch1][=Branch1][N+1][=Branch1][C][=O][O-1][=C][Branch2][Ring1][N][C][=C][Branch1][=Branch1][N+1][=Branch1][C][=O][O-1][C][=C][Branch1][=Branch1][N+1][=Branch1][C][=O][O-1][C][=C][Ring1][N][N+1][=Branch1][C][=O][O-1][C][=C][Ring2][Ring1][Branch2][N+1][=Branch1][C][=O][O-1][C][Branch1][=Branch1][N+1][=Branch1][C][=O][O-1][=C][Ring2][Ring2][#Branch1],O=[N+]([O-])c1cc([N+](=O)[O-])c(-c2cc([N+](=O)[O-])c(-c3c([N+](=O)[O-])cc([N+](=O)[O-])cc3[N+](=O)[O-])cc2[N+](=O)[O-])c([N+](=O)[O-])c1,2.326550083696136,-0.9115303691275897,-0.7566571615554245,-0.965791201320204,0.21913368613633918,,-0.7814499945852013,mols/page_0017.png,18
339,[NH1][O][C][C][Branch1][=Branch1][N+1][=Branch1][C][=O][O-1],[NH]OCC[N+](=O)[O-],1.4878467081635287,-0.801233897667219,-1.1545231575595183,-0.7139803798920398,-2.2738266791062824,,-1.0019140836741285,mols/page_0017.png,19
340,[C][N][C][Branch2][Branch1][=Branch1][N+1][=Branch1][C][=O][O-1][C][Branch1][=Branch1][N+1][C][C][=O][O-1],CNC[N+](=O)[O-],1.4918943340952076,-1.728390778771313,-1.9716536288521496,-1.3163435325315629,-3.3946724369932597,,-1.7910157586178168,mols/page_0018.png,0
341,[O][=N+1][Branch1][C][O-1][N][C][=N][N][Branch1][=Branch1][N+1][=Branch1][C][=O][O-1],O=[N+]([O-])NC=NN[N+](=O)[O-],1.4596683620478217,1.4633114982633442,1.304233406416009,1.3392835534552694,0.18246931695914614,,1.2458465792478606,mols/page_0018.png,1
342,[O][=N+1][Branch1][C][O-1][C][N][N][N][N][=N][NH1][C][=N][NH1][N],NNN=CNN=NNNNC[N+](=O)[O-],1.5563039679725397,-0.4382825055892737,-0.6840316325677047,-0.42103950234302634,-1.3441947535907093,,-0.583413810835526,mols/page_0018.png,2
343,[C][C][N][Branch2][Ring1][O][C][=Branch1][C][=O][O][C][C][Branch1][=Branch1][N+1][=Branch1][C][=O][O-1][Branch1][=Branch1][N+1][=Branch1][C][=O][O-1][N+1][=Branch1][C][=O][O-1][N+1][=Branch1][C][=O][O-1],CCN(C(=O)OCC([N+](=O)[O-])([N+](=O)[O-])[N+](=O)[O-])[N+](=O)[O-],1.7439038473124213,0.3028927503616339,0.1493894979377563,0.12592965793463193,-0.47032715151142523,,0.1164097100975578,mols/page_0018.png,3
344,[N][C][=N][O][N+1][Branch1][C][O-1][C][N][=N][O][C][Branch1][=Branch1][N+1][=Branch1][C][=O][O-1][N+1][=Branch1][C][=Branch1][C][=O],NC=NO[N+]([O-])CN=NOC([N+]O)[N+](=O)[O-],2.1173084315193362,0.8898836045869019,0.6516027863672544,0.700836502084864,-0.1486781910672605,,0.6508383794657586,mols/page_0018.png,4
345,[O][=N+1][Branch1][C][O-1][C][C][N][Branch1][=Branch1][N+1][=Branch1][C][=O][O-1][C][Branch1][=Branch1][N+1][C][C][=O][O][N+1][Branch1][C][O-1][=N][C][N][Branch1][N][N][C][=N][N][=N][Ring1][N],O=C1C[N+]C(N(CC[N+](=O)[O-])[N+](=O)[O-])[N+]([O-])=NCNNC=NN=N1,2.3558857329053584,0.6674805909348991,0.48050886110934565,0.5206516509428623,-0.3010431230139892,,0.46515371108680714,mols/page_0018.png,5
346,[C][N][=C][Branch1][=Branch1][N+1][=Branch1][C][=O][O-1],CN=C[N+](=O)[O-],1.4918943340952076,-1.0359947292891607,-1.2881566479141302,-0.8976356117042202,-2.346605611109705,,-1.1747526500934813,mols/page_0018.png,6
347,[N][C][=C][Branch1][=Branch1][N+1][=Branch1][C][=O][O-1][C][=C][Branch1][=Branch1][N+1][=Branch1][C][=O][O-1][C][Branch1][C][O][=C][Ring1][=N][N+1][=Branch1][C][=O][O-1],Nc1c([N+](=O)[O-])cc([N+](=O)[O-])c(O)c1[N+](=O)[O-],1.538407953408093,-0.4408569855312629,-0.24331437686207605,-0.5576018923564093,0.7799949407449616,,-0.31608410346640237,mols/page_0018.png,7
348,[O][=N+1][Branch1][C][O-1][C][N][C][Branch1][=Branch1][N+1][=Branch1][C][=O][O-1][=C][Branch1][=Branch1][N+1][#Branch1][C][O-1][C][Branch1][=Branch1][N][C][N][=N][O][N+1][=Branch1][C][O-1][Branch1][=Branch1][N+1][=O][O-1][=C][Ring2][Ring1][O],C[N+]([O-])C(NCN=NO[N+]([O-])[N+]=O)=C(NC[N+](=O)[O-])[N+](=O)[O-],1.8292669435287097,0.5486585606309315,0.3057601502057986,0.503361990548505,-0.6992437401103949,,0.345025099917545,mols/page_0018.png,8
349,[O][=N+1][Branch1][C][O-1][C][C][N][N][C][C][Branch1][=Branch1][N+1][=Branch1][C][=O][O-1][N+1][=Branch1][C][=Branch1][O-1][N+1][=Branch1][/C][=O][/N+1][C][O-1][O][C],[N+][N+](C=O)C(CNNCC[N+](=O)[O-])[N+](=O)[O-],2.157308431519336,-0.5282046826292756,-0.8624217135429417,-0.3635579080864037,-1.844736496287351,,-0.677553411906351,mols/page_0018.png,9
350,[O][=C][Branch2][Ring1][Branch2][N][C][C][C][Branch1][=Branch1][N+1][=Branch1][C][=O][O-1][Branch1][=Branch1][N+1][=Branch1][C][=O][O-1][N+1][=Branch1][C][=O][O-1][N][C][C][C][Branch1][=Branch1][N+1][=Branch1][C][=O][O-1][Branch1][=Branch1][N+1][=Branch1][C][=O][O-1][N+1][=Branch1][C][=O][O-1],O=C(NCCC([N+](=O)[O-])([N+](=O)[O-])[N+](=O)[O-])NCCC([N+](=O)[O-])([N+](=O)[O-])[N+](=O)[O-],2.0926028435074597,0.4723857624472374,0.32856279289683404,0.3602430439192824,-0.2903518997394561,,0.31529916642978517,mols/page_0018.png,10
351,[C][O][C][C][N][Branch2][Ring1][=Branch1][C][C][Branch1][=Branch1][N+1][=Branch1][C][=O][O-1][Branch1][=Branch1][N+1][=Branch1][C][=O][O-1][N+1][=Branch1][C][=O][O-1][N+1][=Branch1][C][=O][O-1],COCCN(CC([N+](=O)[O-])([N+](=O)[O-])[N+](=O)[O-])[N+](=O)[O-],1.721719749037849,0.16734799193890437,-0.12111063609301527,0.25961991612626967,-1.1705600302937753,,-0.0016486976173973877,mols/page_0018.png,11
352,[O][=N+1][Branch1][C][O-1][C][=N][C][N][=N][N][=C][Branch1],C=NN=NCN=C[N+](=O)[O-],1.4996683620478217,-0.8825260282736683,-1.0660608629442205,-0.8576698123243343,-1.822122189628998,,-1.0124268666971057,mols/page_0018.png,12
353,[N][=N+1][Branch1][C][O-1][C][=N][C][Branch1][=Branch1][N+1][=Branch1][C][=O][O-1][C][N][C][Branch1][=Branch1],CNCC(N=C[N+](=N)[O-])[N+](=O)[O-],2.0570246155449357,-1.1300516295316922,-1.3828731553367692,-0.8861260382376909,-2.4046683455053683,,-1.2231484460627287,mols/page_0018.png,13
354,[/C][O][=N+1][Branch1][=N+1][O-1][C][C][N][N][=N][N][=N][N][Branch1][C][O][C][O][C][=N][O][N+1][=Branch1][C][=O][O-1][N],CO[N+]([O-])CCNN=NN=NN(O)COC=NO[N+](=O)[O-],1.786423335035418,-0.7420656393971621,-0.9955799092776698,-0.6299344769261256,-1.7901942368560995,,-0.8654046016247682,mols/page_0018.png,14
355,[=Branch1][C][O][NH1][N+1][Branch1][=Branch1][C][=O][O-1][N],CON[N+]C=O,1.4918943340952076,-3.0887437803796822,-3.1271108207108975,-2.7396010519849225,-4.0314228867042985,,-3.052946359737044,mols/page_0018.png,15
356,[O][=N+1][Branch1][C][O-1][C][N][N][=C][Branch1][=Branch1][N+1][=Branch1][C][=O][O-1][=C][Ring1][N][N+1][=Branch1][C][=N][N][=C][Branch1][Ring2][C],CC=N[N+](=N)CC(=NNC[N+](=O)[O-])[N+](=O)[O-],1.657308431519336,-0.8640356529564092,-1.0070620434853048,-0.8209357209827295,-1.6132655735055068,,-0.9574752698540709,mols/page_0018.png,16
357,[O][=N+1][Branch1][C][O-1][C][N][=N][N][=N][NH1][Branch1][C][=N][O][N][=C][Ring1][=Branch1][N+1][=Branch1][C][=O][O-1][C][N][C][Branch1][=Branch1][N+1][=Branch1][O][=O][O-1],O=[N+]([O-])C=NON=CNN=NN=NC[N+](=O)[O-],1.6384079534080929,0.8237437457659715,0.6641099343082274,0.5819067804133682,0.08034493016541495,,0.6127606252004385,mols/page_0018.png,17
358,[O][=N+1][Branch1][C][O-1][C][C][=C][Branch1][=Branch1][N+1][=Branch1][C][=O][O-1],O=[N+]([O-])C=CC[N+](=O)[O-],1.501790468830701,-0.06446597539789811,-0.367497234206943,-0.11836096052901869,-1.2772726674150379,,-0.28306245335432156,mols/page_0018.png,18
359,[O][=N+1][Branch1][C][O-1][C][=C][C][Branch1][=Branch1][N+1][=Branch1][C][=O][O-1][=C][Branch1][=Branch1][N+1][=Branch1][C][=O][O-1][C][Branch1][=Branch1][N+1][=Branch1][C][=O][O-1][=C][Ring1][#C][N+1][=Branch1][C][=O][O-1],O=[N+]([O-])c1cc([N+](=O)[O-])c([N+](=O)[O-])c([N+](=O)[O-])c1[N+](=O)[O-],1.6264233350354178,1.4590565750513167,1.6386274473047007,1.5661752505073339,1.5135333494601977,,1.5522444407379576,mols/page_0018.png,19
360,[C][N][C][Branch1][=Branch1][N+1][=Branch1][C][=O][O-1][=N][C][Branch1][=Branch1][N+1][=Branch1][C][=O][O-1][=C][Ring1][O][N+1][=Branch1][C][=O][O-1],Cn1c([N+](=O)[O-])nc([N+](=O)[O-])c1[N+](=O)[O-],1.456601054988479,0.6771688688246187,0.5972531021182902,0.6698148812219005,0.3108448141135969,,0.6176159266358471,mols/page_0019.png,0
361,[O][=N+1][Branch1][C][O-1][C][=C][Branch1][=Branch1][N+1][=Branch1][C][=O][O-1],O=[N+]([O-])C=C[N+](=O)[O-],1.4844996950521225,1.159079774877526,1.0853206260745547,1.0881108342793637,0.44080483113029084,,1.0404249170627948,mols/page_0019.png,1
362,[O][=N+1][Branch1][C][O-1][C][Branch1][=Branch1][N+1][=Branch1][C][=O][O-1][N][Branch1][=Branch1][N+1][S][C][=O][O-1][C][Branch1][Ring1][N],NCN([N+]SC=O)C([N+](=O)[O-])[N+](=O)[O-],1.5763039679725397,0.18853697531253616,-0.0169993938854162,0.07943103486477993,-0.5609166255521955,,0.018565146747472408,mols/page_0019.png,2
363,[C][=C][N][Branch1][=Branch1][N+1][=Branch1][C][=O][O-1][C][Branch1][=Branch1][N+1][=Branch2][C][=O][O-1],C=CN(C[N+][O-])[N+](=O)[O-],1.501790468830701,-0.820709441689774,-1.117736376119484,-0.668581979442398,-2.1554738211113844,,-0.9675916283404121,mols/page_0019.png,3
364,[O][O][=N+1][=N+1][Branch1][C][O-1][C][N][N][Ring1][=Branch2][N][C][=N][Ring1][N+1][Ring1][N][Ring2][C][=O][Ring1][Ring1],N#CNN1NC[N+]([O-])=[N+]OO1,1.438091503851731,1.0378584581094645,0.9365610760931993,0.8249865718664171,0.3459454801500753,,0.8581940603122403,mols/page_0019.png,4
365,[O][=N+1][Branch1][C][O-1][C][=N][C][=N][N][Branch1][Branch2][C][C][=N][N][C][Branch1][=Branch1][N+1][=Branch1][C][=O][O-1],O=[N+]([O-])C=NC=NNCC=NNC[N+](=O)[O-],1.657308431519336,-1.2162648899387583,-1.3709371275438822,-1.0390999703881125,-1.8308394978973983,,-1.245524442315645,mols/page_0019.png,5
366,[/N+1][P][C][O][=N][N+1][=Branch1][=O][O-1][=O][C][=N][C][Branch1][=Branch1][N+1][=Branch1][C][=O][O-1][N+1][=Branch1][C][C][O-1],C[N+]([O-])C(N=CO[N+]([O-])NOCP[N+])[N+](=O)[O-],2.6584079534080924,0.08188578518595548,-0.19338736015807842,0.08954394803320768,-1.2582388368596211,,-0.11788169821570978,mols/page_0019.png,6
367,[N][/C][Ring1][#Branch1][#N][#N][N+1][Branch1][O-1][C][O-1],C[N+]([O-])NN=C=N,1.4878467081635287,-1.1481044139647012,-1.443163064078998,-0.9125233208837596,-2.7386310089902737,,-1.286689298763456,mols/page_0019.png,7
368,[O][=N+1][Branch1][C][O-1][C][C][=N][N][N][=C][Branch1][=Branch1][N+1][=Branch1][C][=O][O-1][=C][Branch1][=Branch1][C][=N][C][N+1][=Branch1][C],[N+]CN=CCC(=NNN=CC[N+](=O)[O-])[N+](=O)[O-],1.698407953408093,-0.9181405840289926,-1.095460134996707,-0.9035410801272288,-1.6165093085248905,,-1.0264675426598053,mols/page_0019.png,8
369,[O][=N+1][Branch1][C][O-1][C][N][C][N][Branch1][=Branch1][N+1][=Branch1][C][=O][O-1][N][C][Branch1][=Branch1][N+1][=Branch2][C][=C][Ring1][=Branch1],[N+]CNN(CNC[N+](=O)[O-])[N+](=O)[O-],1.556437499842364,0.4649726429072281,0.16515663034817388,0.5665251577010278,-1.1124458663508054,,0.2728977947591811,mols/page_0019.png,9
370,[O][=N+1][Branch1][C][O-1][C][C][N][=N][NH1][C][Branch1][=Branch1][N+1][=Branch1][C][=O][O-1],O=[N+]([O-])CCN=NNC[N+](=O)[O-],1.5370246155449356,0.3165499854277128,-0.008326544746247243,0.3499089219700717,-1.0625543074116715,,0.11076399821722792,mols/page_0019.png,10
371,[Branch1][C][C][C][O][N+1][=Branch1][C][=O][O-1],CCCO[N+](=O)[O-],1.5078467081635287,-2.2728457564329183,-2.4122756978664306,-1.7589957366099755,-3.8181151657127588,,-2.256690174790103,mols/page_0019.png,11
372,[O][=N+1][Branch1][C][O-1][C][N][C][Branch1][=Branch1][N+1][=Branch1][C][=O][O-1],O=[N+]([O-])CNC[N+](=O)[O-],1.481790468830701,1.0245578949669936,0.8042867111469243,0.9104157013988062,-0.20666133211590268,,0.8007112988764117,mols/page_0019.png,12
373,[O][=N+1][Branch1][C][O-1][C][C][C][N][C][=N][N][Branch1][=Branch1][N+1][=Branch1][C][=O][O-1],O=[N+]([O-])CCCNC=NN[N+](=O)[O-],1.576437499842364,-1.2916939311930362,-1.4448898400972048,-1.0211247418897496,-2.3311571547093486,,-1.325711555049395,mols/page_0019.png,13
374,[O][=N+1][Branch1][C][O-1][N][C][C][N][Branch1][=Branch1][N+1][=Branch1][C][=O][O-1][C][C][Ring1][=Branch2][N][Branch1][=Branch1][N+1][=Branch1][C][=O][O-1][C][C][N][Ring1][=Branch2][N+1][=Branch1][C][=O][O-1],O=[N+]([O-])N1CCN([N+](=O)[O-])C2C1N([N+](=O)[O-])CCN2[N+](=O)[O-],1.7092669435287096,1.1279833253615608,1.0113222366861225,1.3557851015942053,0.31903803080468623,,1.1090442342300717,mols/page_0019.png,14
375,[/N+1][C][N][N][=C][Branch1][=Branch1][N+1][=Branch1][C][=O][O-1],[N+]CNN=C[N+](=O)[O-],1.4844996950521225,0.698025534524933,0.5153171648104283,0.5292474480196041,-0.37245917201379725,,0.4777887368403022,mols/page_0019.png,15
376,[C][#N+1][C][=N][N][=C][Ring1][Branch1][N+1][=Branch1][C][=O][O-1][C][Branch1][=Branch1][N+1][=Branch1][C][O-1][C][=O][=Branch1][N+1][=Branch1][N][C][=O][O-1],C#[N+]C=NN=C[N+](=O)[O-],1.501790468830701,-0.5749169203072546,-0.7126122351909155,-0.5989504705117162,-1.178963863226214,,-0.6793588634018505,mols/page_0019.png,16
377,[O][=N+1][Branch1][C][O-1][C][C][=N][N][N][=C][Branch1][=Branch1][N+1][=Branch1][C][=O][O-1][=C][Branch1][=Branch1][C][=N][C][N+1][=Branch1][C],[N+]CN=CCC(=NNN=CC[N+](=O)[O-])[N+](=O)[O-],1.698407953408093,-0.9181405840289926,-1.095460134996707,-0.9035410801272288,-1.6165093085248905,,-1.0264675426598053,mols/page_0019.png,17
378,[N][C][=N][N][Branch1][=Branch1][N+1][=Branch1][C][=O][O-1],NC=NN[N+](=O)[O-],1.467846708163529,0.33348640245224853,0.1638565973488951,0.23483378569327232,-0.5997263415598755,,0.1582966300716073,mols/page_0019.png,18
379,[O][=N+1][Branch1][C][O-1][C][=N][C][Branch1][C],CN=C[N+](=O)[O-],1.4918943340952076,-1.0359947292891607,-1.2881566479141302,-0.8976356117042202,-2.346605611109705,,-1.1747526500934813,mols/page_0019.png,19
380,[O][=N+1][Branch1][C][O-1][C][Branch1][=Branch1][N+1][=Branch1][C][=O][O-1][N][C][=C][Branch1][=Branch1][N+1][N+1][=Branch1][C][O][=O][O-1][=C][Ring1][P][N+1][=Branch1][C][O-1][Branch1][=Branch1][N+1][Ring1][O-1],O=[N+]([O-])C(NC=C([N+][N+]O)O[O-])[N+](=O)[O-],1.596601054988479,0.9099452218583809,0.8132642854657768,0.6404384446921287,0.27307715869538285,,0.7142854705774292,mols/page_0020.png,0
381,[O][=N+1][Branch1][C][O-1][C][N][C][Branch1][=Branch1][N+1][=Branch1][C][=O][O-1][=C][Ring1][N][N+1][=Branch1][C][Cl][=C][Branch1][=Branch1][N+1],[N+]C[N+](Cl)C=C(NC[N+](=O)[O-])[N+](=O)[O-],1.5963039679725397,0.11820739982067861,0.010558111515020696,-0.15361555022749182,-0.2063429587278167,,-0.04988913812985358,mols/page_0020.png,1
382,[O][=N+1][Branch1][C][O-1][C][N][=C][Branch1][=Branch1][N+1][=Branch1][C][=O][O-1][=C][Branch1][=Branch1][N][C][Branch1][=Branch1][N+1][N][C][=O][O-1][N][N][Branch1][=Branch1][N+1][#N][C][=N][O][N+1][=Branch1][C][O-1][=N][C],CN[N+]([O-])N([N+]#N)NC(NC[N+]NC=O)C(=NC[N+](=O)[O-])[N+](=O)[O-],2.4158857329053585,-0.7146293980135522,-0.9039349294523441,-0.6970462655947305,-1.479458136545097,,-0.8314054017588761,mols/page_0020.png,2
383,[O][=N+1][Branch1][C][O-1][C][=C][C][Branch1][=Branch1][N+1][=Branch1][C][=O][O-1][=C][Branch2][Ring2][=N][N][C][=N][N][Branch2][Ring1][N][C][=C][Branch1][=Branch1][N+1][=Branch1][C][=O][O-1][C][=C][Branch1][=Branch1][N+1][=Branch1][C][=O][O-1][C][=C][Ring1][N][N+1][=Branch1][C][=O][O-1][C][=C][Ring2][Ring1][Ring2][N+1][=Branch1][C][=O][O-1][C][Branch1][=Branch1][N+1][=Branch1][C][=O][O-1][=C][Ring2][Ring2][Ring2],O=[N+]([O-])c1cc([N+](=O)[O-])c(Nc2nn(-c3c([N+](=O)[O-])cc([N+](=O)[O-])cc3[N+](=O)[O-])cc2[N+](=O)[O-])c([N+](=O)[O-])c1,2.1193737172742675,-0.6396010234576002,-0.5141016680590274,-0.6358094955574475,0.2835883785543443,,-0.5143906332467014,mols/page_0020.png,3
384,[O][=N+1][Branch1][C][O-1][C][=C][Branch1][=Branch1][N+1][=Branch1][C][=O][O-1][N][Branch1][=Branch1][N+1][=C][C][=N][N][C][=N][N][Branch1][=Branch1][=N][C],CNNN=CN([N+]=CC=NN)C(=C[N+](=O)[O-])[N+](=O)[O-],1.741719749037849,-1.2023916091039741,-1.3649684748105841,-0.8813104932406456,-1.887359345873876,,-1.1831001528622855,mols/page_0020.png,4
385,[O][=N+1][Branch1][C][O-1][C][=N][C][=N][N][Branch1][=Branch1][N+1][=Branch1][C][=O][O-1][C][Branch1][=Branch1][N+1][=N][C][O-1][C][=C][N][Branch1][=Branch1][C][=O][N][=N][N][Branch2][Ring1][#Branch2][C][=C][N][=C][Branch1][=Branch1][N+1][C][C][O-1][C][C][Branch1][=Branch1],O=CNC=C([N+]=NC[O-])N(N=CN=C[N+](=O)[O-])[N+](=O)[O-],1.7639038473124213,-0.5432571805507017,-0.603598239542056,-0.6587856545493013,-0.8661375191711239,,-0.6368418687600224,mols/page_0020.png,5
386,[O][=N+1][Branch1][C][O-1][C][C][N][Branch1][=Branch1][N+1][=Branch1][C][=O][O-1],O=[N+]([O-])CCN[N+](=O)[O-],1.481790468830701,1.0010866826548575,0.6086537846269532,1.023831324028679,-1.009227989420302,,0.711044847489894,mols/page_0020.png,6
387,[O][=N+1][Branch1][C][O-1][C][=N][N][Branch1][=Branch1][N+1][=Branch1][C][=O][O-1][C][=N][O][N][Branch1][=Branch1][N][C][=N][N][=N][NH1][C][Branch1][=Branch1][N+1][N][C],CN[N+]CNN(NC=NN=N)ON=CN(N=C[N+](=O)[O-])[N+](=O)[O-],1.8724242818454757,-0.6452653507025627,-0.8339688782906673,-0.4427134849492183,-1.4460252572569765,,-0.6914964769536925,mols/page_0020.png,7
388,[O][=N+1][Branch1][C][O-1][C][N][C][=N][C][Branch1][=Branch1][N+1][=Branch1][C][=O][O-1],O=[N+]([O-])CN=CNC[N+](=O)[O-],1.518091503851731,-0.14206490179095377,-0.43641175990581244,-0.12577682817789984,-1.3490426006808338,,-0.32983415676343486,mols/page_0020.png,8
389,[N][C][Branch1][=Branch1][N+1][=Branch1][C][=O][O-1][N+1][=Branch1][C][O-1][C][N][Branch2][Ring1][=Branch1][C],CNC[N+]([O-])C(N)[N+](=O)[O-],1.9996683620478217,-1.1055520393605192,-1.400682010334752,-0.7476780000950017,-2.6129825023560826,,-1.1869279626974267,mols/page_0020.png,9
390,[O][=N+1][Branch1][C][O-1][C][N][=C][Branch1][=Branch1][N+1][=Branch1][C][=O][O-1][N+1][=Branch1][C][O-1][C][=N][O][N+1][Branch1][C][O-1][=C][Ring2][Branch1][N+1][=Branch1][C][N+1][=Branch1][C],[N+]CC=[N+]([O-])ON=C[N+]([O-])C(=NC[N+](=O)[O-])[N+](=O)[O-],1.721719749037849,1.5243841017819153,1.3393572955233048,1.4701016798251618,0.3208233708040299,,1.3360583583367727,mols/page_0020.png,10
391,[N][Branch2][P][=Branch1][=Branch1][C][=N][N][N+1][=Branch1][O-1][=Branch1][C][=O][O-1],NC=NN[N+]([O-])O,1.467846708163529,-0.3792163780462411,-0.5200441284812836,-0.387024846073679,-1.0506202034105718,,-0.4846870854024099,mols/page_0020.png,11
392,[O][=C][N][Branch1][=Branch1][N+1][=Branch1][C][=O][O-1][C][C][Branch2][Ring1][=Branch2][C][C][Ring1][Ring2][N][Branch1][=Branch1][N+1][=Branch1][C][=O][O-1][C][=Branch1][C][=O][N][Ring1][=Branch2][N+1][=Branch1][C][=O][O-1][N][Ring2][Ring1][Ring2][N+1][=Branch1][C][=O][O-1],O=C1N([N+](=O)[O-])C2C(C3C2N([N+](=O)[O-])C(=O)N3[N+](=O)[O-])N1[N+](=O)[O-],1.735885732905358,1.3783104510239588,1.6476650722878934,1.2836070049381938,1.7216381145825936,,1.4421004942614999,mols/page_0020.png,12
393,[/C][Branch1][=Branch1][#Branch1][N+1][N][=Branch1][#N][#N+1][=O][=Branch2][O-1],[N+]N[N+]C=O,1.4767229808842466,-0.3857880975197656,-0.5717614854705287,-0.5082942760034567,-1.2643209930850943,,-0.5691372054574657,mols/page_0020.png,13
394,[O][=N+1][Branch1][C][O-1][C][C][N][C][Branch1][=Branch1][N+1][=Branch1][C][=O][O-1],O=[N+]([O-])CCNC[N+](=O)[O-],1.4996683620478217,-0.1367006817592472,-0.5361776338278615,0.0024673952123555913,-1.7633222983886123,,-0.3435648506506962,mols/page_0020.png,14
395,[O][N][=N+1][Branch1][C][O-1][C][C][C][Branch1][=Branch1][N+1][=Branch1][C][=O][O-1],O=[N+]([O-])CCC[N+]([O-])=NO,1.4996683620478217,0.04219464218040788,-0.3587001312995383,0.1356789647670358,-1.721005577059862,,-0.1969553440789545,mols/page_0020.png,15
396,[#Branch2][Branch2][/C][/N][=N+1][Branch2][/N+1][=N+1][=Branch1][=O][#Branch1][=O][N+1][=Branch1][#Branch1][#N][=Branch1][C@@H1][=O][=N+1][#N][F][=O][N+1][=Branch1][F][O-1][=O][Cl][C@@H1][P][N+1][=Branch1],CN=[N+]OO[N+](F)=NC=O,1.4796683620478217,0.1346559462184291,-0.04703047558718355,-0.13163483074916144,-0.6855781746833202,,-0.0993053821101852,mols/page_0020.png,16
397,[#N+1][C][=N][O][O][N+1][=Branch2][Branch1][=N][C][O-1][N][=N][C][N][=N][O],[N+]C=NOO[N+]C[O-],1.4844996950521225,0.6673486066107447,0.39722306152753983,0.49673423515504506,-0.3348531523156884,,0.43135129586502036,mols/page_0020.png,17
398,[Ring2][S][NH1][=Branch1][P][/N+1][N+1][=Branch1][/N+1][/N][=Branch1][=Branch1][=O][#N][=Branch1][C@@H1][/N][F][C@@H1],NN(F)O[N+](N)[N+]PNS,1.939668362047822,0.3881090577487474,0.19971834302334918,0.31183817433163036,-0.40133686282622605,,0.23155843364305367,mols/page_0020.png,18
399,[O][=N+1][Branch1][C][O-1][C][N][C][N][=N][N][=N][N][C][Branch1][=Branch1][N+1][=Branch1][C][=O][O-1],O=[N+]([O-])CNCN=NN=NNC[N+](=O)[O-],1.596601054988479,0.5867580355368543,0.3044786434753056,0.5457042170531184,-0.5732633904447756,,0.3837645175298098,mols/page_0020.png,19
400,[O][=N+1][Branch1][C][O-1][C][N][C][Branch1][=Branch1][N+1][=Branch1][C][=O][O-1][=C][N][=N][N][C][Branch2][Branch1][Branch2][C][N][=N][N][=N][NH1][N][=C][Ring1][N],C=NNN=NN=NCCNN=NC=C(NC[N+](=O)[O-])[N+](=O)[O-],1.8292669435287097,-0.8496815720836337,-0.9893202663570638,-0.6942654831480454,-1.4221325589941554,,-0.879669908768808,mols/page_0021.png,0
401,[O][=N+1][Branch1][C][O-1][C][N][C][N][Branch1][=Branch1][N+1][=Branch1][C][=O][O-1],O=[N+]([O-])CNCN[N+](=O)[O-],1.4796683620478217,0.9652120863561098,0.6098899339407637,0.9633902786947388,-0.9171642016900876,,0.6874151963831052,mols/page_0021.png,1
402,[O][=N+1][Branch1][C][O-1][C][N][=N][N][=N][N][Branch2][Ring2][C][N][C][=N][N][=C][Branch1][=Branch1][N+1][=Branch1][C][=O][O-1],O=[N+]([O-])C=NN=CNNN=NN=NC[N+](=O)[O-],1.6384079534080929,0.4552168016134771,0.2531506575489894,0.33532436733423693,-0.2399889032833485,,0.28722272139597654,mols/page_0021.png,2
403,[C][C][Branch1][=Branch1][N+1][=Branch1][C][=O][O-1][N+1][=Branch1][C][=N][O-1][=C][Branch1][=Branch1][N+1][=O][O-1][N+1][C][C][Branch1][C][O-1],CC([N+](=N)[O-])[N+](=O)[O-],1.9844996950521225,-0.21654491290488306,-0.5392472449146106,-0.1563775254498998,-1.7061154986016873,,-0.4221105994950021,mols/page_0021.png,3
404,[O][=N+1][Branch1][C][O-1][C][C][Branch1][=Branch1][N+1][=Branch1][C][=O][O-1],O=[N+]([O-])CC[N+](=O)[O-],1.4844996950521225,1.2052161523792833,0.9237830613258409,1.1773654427879254,-0.29954187003786076,,0.9732417935376652,mols/page_0021.png,4
405,[O][=N+1][Branch1][C][O-1][C][=C][Branch1][=Branch1][N+1][=Branch1][C][=O][O-1][C][Branch1][=Branch1][N+1][=N][C][=O][N][=N][C][Branch1][=Branch1],CN=C([N+]=NC=O)C(=C[N+](=O)[O-])[N+](=O)[O-],1.636601054988479,-0.46491348547134587,-0.6634138119196833,-0.5694365621283,-1.1100017383407301,,-0.6208566230331504,mols/page_0021.png,5
406,[O][=N+1][Branch1][C][O-1][C][C][N][C][Branch1][=Branch1][N+1][=Branch1][C][=O][O-1][N],NC(NCC[N+](=O)[O-])[N+](=O)[O-],2.018091503851731,-0.5913693948098906,-0.8550092895180612,-0.43087299389362294,-1.7402806366824055,,-0.7079719323076776,mols/page_0021.png,6
407,[O][=N+1][Branch1][C][O-1][C][N][C][=N][N][Branch1][=Branch1][N+1][=Branch1][C][=O][O-1][N],NN(N=CNC[N+](=O)[O-])[N+](=O)[O-],1.5170246155449356,0.4615331942694409,0.21224593374367204,0.4471727212743515,-0.7010327536488319,,0.2772105951481356,mols/page_0021.png,7
408,[O][=N+1][Branch1][C][O-1][C][=N][C][Branch1][=Branch1][N+1][=Branch1][C][=O][O-1][N+1][=Branch1][C][C][O-1],C[N+]([O-])C(N=C[N+](=O)[O-])[N+](=O)[O-],2.0370246155449356,0.745103085957268,0.40417552301704895,0.8185876377016619,-0.8213497305456142,,0.5326197342696827,mols/page_0021.png,8
409,[O][=N+1][Branch1][C][O-1][N][C][=C][Branch1][=Branch1][N+1][=Branch1][C][=O][O-1][C][=N][N][Branch2][Ring1][=Branch1][C][=N][C][Branch1][=Branch1][N+1][C][O-1],O=[N+]([O-])NC=C(C=NNC=NC[N+]C[O-])[N+](=O)[O-],1.7198833105991516,-1.1016734285965275,-1.2691183513893112,-0.849933326280634,-1.8539534058724398,,-1.1180666160959574,mols/page_0021.png,9
410,[O][=N+1][Branch1][C][O-1][C][N][C][Branch1][=Branch1][N+1][=Branch1][C][=O][O-1][N][=C][Branch1][=Branch1][N+1][#N][C][=O][O-1],N#[N+]C=NC(NC[N+](=O)[O-])[N+](=O)[O-],2.056437499842364,-0.057236691166532586,-0.2654852099038305,-0.14378922333376268,-0.8036347005246921,,-0.21855963465356507,mols/page_0021.png,10
411,[O][=N+1][Branch1][C][O-1][C][=N][C][=N][N][=C][Branch1][=Branch1][N+1][=Branch1][C][=O][O-1][C][=N][N][Branch1][=Branch1][N+1][#C][C][=N][N][N][=C][Branch1][C][N][=N][N][=N][Ring1][=N][O][N+1][=Branch1][C][=N][O-1][Branch1][=Branch1][N+1][O-1][C][=C][C][Branch1][=Branch1][N+1],N=NNC(N)=NN(N=CC(=NN=CN=C[N+](=O)[O-])[N+](=O)[O-])[N+]#CC=NN,2.0036858610047386,-0.3930998719537277,-0.4293356834849223,-0.43627335400747513,-0.3836757113786723,,-0.41848580160051985,mols/page_0021.png,11
412,[NH1][N][=N][O][N][=C][Branch1][=Branch1][N+1][=Branch1][C][=O][O-1][C][=C][Branch1][=Branch1],C=CC(=NON=N[NH])[N+](=O)[O-],1.518091503851731,-0.46481606847018425,-0.6179985805018805,-0.48753020481943277,-1.0285630501813694,,-0.5685720491889262,mols/page_0021.png,12
413,[O][=N+1][Branch1][C][O-1][C][=N][C][Branch1][=Branch1][N+1][=Branch1][C][=O][O-1],O=[N+]([O-])C=NC[N+](=O)[O-],1.481790468830701,1.2140575308556785,1.0176933566378705,1.0609124534373016,0.07080474914011568,,0.9893831781623194,mols/page_0021.png,13
414,[C][C][Branch1][C][C][Branch2][Ring1][=N][C][O][C][=Branch1][C][=O][C][C][C][Branch1][=Branch1][N+1][=Branch1][C][=O][O-1][Branch1][=Branch1][N+1][=Branch1][C][=O][O-1][N+1][=Branch1][C][=O][O-1][N+1][=Branch1][C][=O][O-1],CC(C)(COC(=O)CCC([N+](=O)[O-])([N+](=O)[O-])[N+](=O)[O-])[N+](=O)[O-],1.8492669435287097,-1.3193265778209236,-1.410617839935628,-1.174681250201707,-2.0246713391292936,,-1.3548257384327502,mols/page_0021.png,14
415,[C][C][=N][N][=C][Branch1][=Branch1][N+1][=Branch1][C][=O][O-1],CC=NN=C[N+](=O)[O-],1.5044996950521223,-1.5704605362268134,-1.6243451815276249,-1.381055608940621,-2.4156020223600594,,-1.5926838752508639,mols/page_0021.png,15
416,[O][=N+1][Branch1][C][O-1][C][=N][C][=N][N][=C][Branch1][C][N][N][N][=N][N][=C][N][Branch1][=Branch1][N+1][=Branch1][C][=O][O-1][C][=C][Branch1][=Branch1][N+1][=Branch2][C][=C][C][=N][Branch1][=Branch1][N+1][Branch1][C][O-1],NC(=NN=CN=C[N+](=O)[O-])NN=NN=CN(C=C[N+]C=N[N+][O-])[N+](=O)[O-],2.0036858610047386,-0.5166521261608742,-0.572796081756687,-0.47735280973919786,-0.9144433337349837,,-0.5547475092485677,mols/page_0021.png,16
417,[C][Branch1][=Branch1][N+1][=Branch1][C][=O][O-1][C][Branch1][=Branch1][N][N+1][=Branch1][C][Cl][=O][O-1][N+1][=Branch1][C][O-1][O][=N+1][Branch1][=Branch1][N+1][=Branch2][C][C][O-1][=Branch1][C][=O][N][N+1][=Branch1][N+1][=Branch1][N+1][=O][O-1][C][=O][O-1],O=C(C[N+](=O)[O-])N[N+]Cl,1.481790468830701,0.23979324472211894,0.18917689608423405,-0.3350210797832881,0.054855466910039556,,-0.021280350020723038,mols/page_0021.png,17
418,[O][=N+1][Branch1][C][O-1][C][=C][N][=N][O][N][=C][Ring1][=N][C][Branch1][=Branch1][N+1][=Branch1][C][=O][O-1],O=[N+]([O-])C=CN=NON=CC[N+](=O)[O-],1.5963039679725397,0.10828657812173449,-0.11148655887722414,0.09641619734226987,-0.8154341080923706,,-0.04377692706120152,mols/page_0021.png,18
419,[=N+1][Branch1][C][O-1][C][N][N][=N][C][=N][N][Branch1][=Branch1][N+1][=Branch1][C][=O][O-1][N+1][=Branch1][C][O-1][=C][C][Branch1][=Branch1][N+1],[N+]CC[N+]([O-])N(N=CN=NNC[N+][O-])[N+](=O)[O-],1.6584079534080929,0.9783680952387926,0.6620011338509206,1.0220526979613307,-0.7213645680172146,,0.7467769296552392,mols/page_0021.png,19
420,[O][=N+1][Branch1][C][O-1][C][C][N][N][=N][C][=N][N][Branch1][C][N][=C][Branch1][=Branch1][N+1][=Branch1][C][=O][O-1][=C][N][=N][C],CN=NC=C(N(N)N=CN=NNCC[N+](=O)[O-])[N+](=O)[O-],1.7639038473124213,-1.0546532274955214,-1.2757628935148633,-0.7731940299463722,-1.9926393027487517,,-1.0911455725060202,mols/page_0022.png,0
421,[C][C][Branch2][Ring1][C][C][N][Branch1][=Branch2][C][C][O][N+1][=Branch1][C][=O][O-1][N+1][=Branch1][C][=O][O-1][Branch1][=Branch1][N+1][=Branch1][C][=O][O-1][N+1][=Branch1][C][=O][O-1],CC(CN(CCO[N+](=O)[O-])[N+](=O)[O-])([N+](=O)[O-])[N+](=O)[O-],1.721719749037849,0.13368491869072124,-0.18950642626588254,0.27732199208156044,-1.2959734304259956,,-0.032623923103765703,mols/page_0022.png,1
422,[O][=N+1][Branch1][C][O-1][C][=C][C][Branch1][=Branch1][N+1][=Branch1][C][=O][O-1][=C][Branch1][=Branch2][N][N][C][=N][N][=C][Ring1][Branch1][C][Branch1][=Branch1][N+1][=Branch1][C][=O][O-1][=C][Ring2][Ring1][C],O=[N+]([O-])c1cc([N+](=O)[O-])c(Nn2cnnc2)c([N+](=O)[O-])c1,1.506423335035418,-1.228097913095988,-1.0744826491994994,-1.023662373793995,-0.40679451740583833,,-1.0257895418320535,mols/page_0022.png,2
423,[N][=C][C][Branch2][Branch1][N][C][=N][O][N][Branch1][=Branch1][N+1][=Branch1][C][=O][O-1][C][Branch1][=Branch1][N+1],[N+]CN(ON=CCC=N)[N+](=O)[O-],1.5570246155449357,-1.3223292211954378,-1.424219315408672,-1.1343213946941102,-2.095009816661734,,-1.349866673694845,mols/page_0022.png,3
424,[O][=N+1][Branch1][C][O-1][C][C][Branch1][=Branch1][N+1][=Branch1][C][=O][O-1],O=[N+]([O-])CC[N+](=O)[O-],1.4844996950521225,1.2052161523792833,0.9237830613258409,1.1773654427879254,-0.29954187003786076,,0.9732417935376652,mols/page_0022.png,4
425,[O][=N+1][Branch1][C][O-1][C][=C][C][Branch1][=Branch1][N+1][=Branch1][C][=O][O-1][=C][Branch2][Ring1][Ring2][C][NH1][C][Branch1][=Branch1][N+1][=Branch1][C][=O][O-1][=N][C][=Ring1][Branch2][N+1][=Branch1][C][=O][O-1][C][Branch1][=Branch1][N+1][=Branch1][C][=O][O-1][=C][Ring2][Ring1][#Branch1],O=[N+]([O-])c1cc([N+](=O)[O-])c(-c2[nH]c([N+](=O)[O-])nc2[N+](=O)[O-])c([N+](=O)[O-])c1,1.6836858610047383,-0.03908884659529333,0.04295352841596779,-0.11508581675847847,0.7271841427396853,,0.027650258025745764,mols/page_0022.png,5
426,[O][=N+1][Branch1][C][O-1][C][N][C][Branch1][=Branch1][N+1][=Branch1][C][=O][O-1],O=[N+]([O-])CNC[N+](=O)[O-],1.481790468830701,1.0245578949669936,0.8042867111469243,0.9104157013988062,-0.20666133211590268,,0.8007112988764117,mols/page_0022.png,6
427,[O][=N+1][Branch1][C][O-1][C][N][C][=N][N][=N][Ring1],N=NN=CNC[N+](=O)[O-],1.481790468830701,-0.573648142429222,-0.7519994020479347,-0.6432634254459371,-1.3299144826220224,,-0.7217087045598662,mols/page_0022.png,7
428,[O][=N+1][Branch1][C][O-1][C][N][C][=N][C][Branch1][=Branch1][N+1][=Branch1][C][=O][O-1],O=[N+]([O-])CN=CNC[N+](=O)[O-],1.518091503851731,-0.14206490179095377,-0.43641175990581244,-0.12577682817789984,-1.3490426006808338,,-0.32983415676343486,mols/page_0022.png,8
429,[O][=N+1][Branch1][C][O-1][C][=N][C][Branch1][=Branch1][N+1][=Branch1][C][=O][O-1][C][Branch1][=Branch1],CC(N=C[N+](=O)[O-])[N+](=O)[O-],1.9996683620478217,-0.5292770552630306,-0.8170537560523854,-0.4750963906170004,-1.7402561464217836,,-0.7006468737178325,mols/page_0022.png,9
430,[O][=N+1][Branch1][C][O-1][C][=N][C][Branch1][=Branch1][N+1][=Branch1][C][=O][O-1],O=[N+]([O-])C=NC[N+](=O)[O-],1.481790468830701,1.2140575308556785,1.0176933566378705,1.0609124534373016,0.07080474914011568,,0.9893831781623194,mols/page_0022.png,10
431,[N][C][=C][Branch1][=Branch1][N+1][=Branch1][C][=O][O-1][C][=C][Branch1][=Branch1][N+1][=Branch1][C][=O][O-1][C][Branch1][Branch2][N][C][=C][N][=N][Ring1][Branch1][=C][Ring1][P][N+1][=Branch1][C][=O][O-1],Nc1c([N+](=O)[O-])cc([N+](=O)[O-])c(-n2ccnn2)c1[N+](=O)[O-],1.506423335035418,-0.98663259205539,-0.8267848384413359,-0.8533042973367766,-0.0648468044451306,,-0.8011607570034052,mols/page_0022.png,11
432,[N][C][NH1][N][Branch1][N][N+1][=Branch1][C][=O][O-1],NCNN[N+](=O)[O-],1.467846708163529,-0.276235609124718,-0.5481008848836547,-0.13661964076470065,-1.5739391129987026,,-0.4181258911078437,mols/page_0022.png,12
433,[O][=N+1][Branch1][C][O-1][C][C][N][=N][C][=N][C][=C][Branch1][=Branch1][N+1][=Branch1][C][=O][O-1],O=[N+]([O-])C=CN=CN=NCC[N+](=O)[O-],1.6163039679725397,-1.2557329165868065,-1.44574460380877,-1.1176944650599936,-2.0884427532759453,,-1.3312914414504862,mols/page_0022.png,13
434,[O][=N+1][Branch1][C][O-1][C][N][C][N][C][Branch1][=Branch1][N+1][=Branch1][C][=O][O-1],O=[N+]([O-])CNCNC[N+](=O)[O-],1.518091503851731,-0.31532810894570784,-0.6346358087083755,-0.12896510048392207,-1.6053993017937211,,-0.4496169497864618,mols/page_0022.png,14
435,[O][=N+1][Branch1][C][O-1][C][C][Branch1][=Branch1][N+1][=Branch1][C][=O][O-1][C][Branch1][=Branch1][C][N+1][=Branch1][C][Branch1][C][O-1][=N][C][Branch1][=Branch1],CN=C(C[N+][O-])C(C[N+](=O)[O-])[N+](=O)[O-],2.1163039679725397,-0.1784878615317241,-0.6236510089921108,-0.05038359175261314,-1.830101116539645,,-0.4036982659859685,mols/page_0022.png,15
436,[O][=N+1][Branch1][C][O-1][C][C][=N][N][=N][Ring1][P][=N][C][Branch1][=Branch1][N+1][=Branch1][C][=O][O-1],N=NN=CC[N+](=O)[O-],1.4844996950521225,-0.23608723471049242,-0.509389926837317,-0.39394769577186767,-1.2139494250377691,,-0.46534331119947636,mols/page_0022.png,16
437,[O][=N+1][Branch1][C][O-1][C][=N][C][N][=N][N][Branch1][=Branch1][N+1][=Branch1][C][=O][O-1],O=[N+]([O-])C=NCN=NN[N+](=O)[O-],1.5170246155449356,1.102112826585331,0.8379610794309457,0.9928755284506852,-0.21485577332002317,,0.8606831105523409,mols/page_0022.png,17
438,[N][C][Branch1][=Branch1][N+1][=Branch1][C][=O][O-1][N][C][Branch1][=Branch2][N+1][=Branch1][C][=N][O-1][C][Branch1][=Branch1][C][N+1][=Branch1][C][=Branch1][=O][O-1][N][=C][Ring2][Ring1][=Branch2],N=[N+]([O-])C1C[N+]([O-])N=CNC([N+](=O)[O-])N1,2.556601054988479,0.7779059042355159,0.5686523761341569,0.5512156293484164,-0.08667374922448623,,0.5484584469093361,mols/page_0022.png,18
439,[O][=N+1][Branch1][C][O-1][C][N][C][Branch1][=Branch1][N+1][=Branch1][C][=O][O-1][C][Branch1][=Branch1][Ring1][=Branch1][N+1][=Branch1][N][=O][O-1],O=C1C([N+](=O)[O-])N1C[N+](=O)[O-],2.4580915038517306,1.046932380395084,1.0316953828188005,0.8079042387301621,0.5536265637637107,,0.898181292671907,mols/page_0022.png,19
440,[O][=N+1][Branch1][C][O-1][C][C][C][N][C][=N][N][=N][O][N+1][Branch1][C][O-1],O=[N+]([O-])CCCNC=NN=NO[N+][O-],1.5963039679725397,-1.1495020336829798,-1.3171745343643713,-0.9712103686583333,-2.0612340737249055,,-1.2112766968476616,mols/page_0023.png,0
441,[O][=N+1][Branch1][C][O-1][C][=C][C][Branch1][=Branch1][N+1][=Branch1][C][=O][O-1][=C][Branch1][=Branch2][N][C][=N][N][=N][NH1][Ring1][Branch1][C][Branch1][=Branch1][N+1][=Branch1][C][=O][O-1][=C][Ring2][Ring1][C],O=[N+]([O-])c1cc([N+](=O)[O-])c(Nc2nnn[nH]2)c([N+](=O)[O-])c1,1.486423335035418,-0.3483485442346151,-0.2514799895386271,-0.35820187928691893,0.47453404257193743,,-0.2457844809008844,mols/page_0023.png,1
442,[O][=N+1][Branch1][C][O-1][C][C][Branch1][=Branch1][N+1][=Branch1][C][=O][O-1],O=[N+]([O-])CC[N+](=O)[O-],1.4844996950521225,1.2052161523792833,0.9237830613258409,1.1773654427879254,-0.29954187003786076,,0.9732417935376652,mols/page_0023.png,2
443,[O][=N+1][Branch1][C][O-1][C][C][C][Branch1][=Branch1][N+1][=Branch1][C][=O][O-1],O=[N+]([O-])CCC[N+](=O)[O-],1.501790468830701,-0.15493415901699145,-0.5531163930297667,-0.016372070020645307,-1.7881248098335405,,-0.3623739470033017,mols/page_0023.png,3
444,[O][=N+1][Branch1][C][O-1][C][=C][C][Branch1][=Branch1][N+1][=Branch1][C][=O][O-1][=C][Branch2][Ring2][Branch1][N][C][N][=C][C][=C][N][Ring1][=Branch1][C][=C][Branch1][=Branch1][N+1][=Branch1][C][=O][O-1][C][=C][Branch1][=Branch1][N+1][=Branch1][C][=O][O-1][C][=C][Ring1][N][N+1][=Branch1][C][=O][O-1][C][Branch1][=Branch1][N+1][=Branch1][C][=O][O-1][=C][Ring2][Ring2][C],O=[N+]([O-])c1cc([N+](=O)[O-])c(NC2N=CC=CN2c2c([N+](=O)[O-])cc([N+](=O)[O-])cc2[N+](=O)[O-])c([N+](=O)[O-])c1,2.6251741350906634,-1.2557305597238753,-1.1168177287224508,-1.1251631720532724,-0.6041039756460576,,-1.1036127384974963,mols/page_0023.png,4
445,[O][=N+1][Branch1][C][O-1][C][=N][C][=N][N][=C][Branch1][C][N][N][N][=N][N][=C][N][Branch1][=Branch1][N+1][=Branch1][C][=O][O-1][C][=C][Branch1][=Branch1][N+1][=Branch2][C][=C][C][=N][Branch1][=Branch1][N+1][Branch1][C][O-1],NC(=NN=CN=C[N+](=O)[O-])NN=NN=CN(C=C[N+]C=N[N+][O-])[N+](=O)[O-],2.0036858610047386,-0.5166521261608742,-0.572796081756687,-0.47735280973919786,-0.9144433337349837,,-0.5547475092485677,mols/page_0023.png,5
446,[O][=N+1][Branch1][C][O-1][O][C][C][Branch1][Branch2][C][O][N+1][=Branch1][C][=O][O-1][Branch1][Branch2][C][O][N+1][=Branch1][C][=O][O-1][C][O][N+1][=Branch1][C][=O][O-1],O=[N+]([O-])OCC(CO[N+](=O)[O-])(CO[N+](=O)[O-])CO[N+](=O)[O-],1.786423335035418,1.1591834768465044,0.9069580150840691,1.1259567908085883,-0.24440939532561912,,0.9424771497735168,mols/page_0023.png,6
447,[O][=N+1][Branch1][C][O-1][C][N][C][Branch1][=Branch1][N+1][=Branch1][C][=O][O-1][N+1][=Branch1][C][C@@H1][O-1],[CH][N+]([O-])C(NC[N+](=O)[O-])[N+](=O)[O-],2.0370246155449356,1.4167163181109546,1.1698253263750948,1.3265743477544938,-0.09319917916721757,,1.1679452323065882,mols/page_0023.png,7
448,[O][=N+1][Branch1][C][O-1][C][=N][N][=N][N][Branch1][=Branch1][N+1][=Branch1][C][=O][O-1][=C][Branch1][=Branch1][N+1][N][C][=C][C][=N][N][Branch1][Branch2][N][C][C][N][=N][N][=C][Ring1][Branch1][C],C=NN=NCCNN1N=C(N(N=NN=C[N+](=O)[O-])[N+](=O)[O-])[N+]NC1=CC,1.9436858610047383,-0.9601445951911518,-1.05643550805472,-0.7502613066867773,-1.4787160816482503,,-0.9521211566510039,mols/page_0023.png,8
449,[N][#C][C][N][Branch2][Ring1][=Branch1][C][C][Branch1][=Branch1][N+1][=Branch1][C][=O][O-1][Branch1][=Branch1][N+1][=Branch1][C][=O][O-1][N+1][=Branch1][C][=O][O-1][N+1][=Branch1][C][=O][O-1],N#CCN(CC([N+](=O)[O-])([N+](=O)[O-])[N+](=O)[O-])[N+](=O)[O-],1.6798833105991515,1.1238635289575964,0.9337418890534855,1.2295120544246114,-0.07816093463227976,,0.9983900828093871,mols/page_0023.png,9
450,[N][C][=N][C][N][=N][NH1][C][Branch1][=Branch1][N+1][=Branch1][C][=O][O-1],NC=NCN=NNC[N+](=O)[O-],1.518091503851731,-1.0399039792712597,-1.1997374747865235,-0.9117311785088504,-1.8710390361953766,,-1.1117067385375237,mols/page_0023.png,10
451,[O][=N+1][Branch1][C][O-1][C][C][=N][C][Branch1][=Branch1][N+1][=Branch1][C][=O][O-1][Branch1][=Branch1][N+1],[N+]C(N=CC[N+](=O)[O-])[N+](=O)[O-],2.018091503851731,0.7430777550782787,0.4644325316612618,0.6655205650119632,-0.5434134362856535,,0.513744454061105,mols/page_0023.png,11
452,[O][=N+1][Branch1][C][O-1][C][=C][C][Branch1][=Branch1][N+1][=Branch1][C][=O][O-1][=C][Branch1][Ring1][C][O][C][Branch1][=Branch1][N+1][=Branch1][C][=O][O-1][=C][Ring1][=C],O=[N+]([O-])c1cc([N+](=O)[O-])c(CO)c([N+](=O)[O-])c1,1.558407953408093,-1.1398153270352145,-0.998108425548503,-1.0567344298942165,-0.3513902008006925,,-0.9923137301836853,mols/page_0023.png,12
453,[C][Branch1][C][O-1][C][N][N][=N][N][N][=N][C][=N][N][Branch1][C][N][=N][C][Branch1][=Branch1][N+1][=Branch1][C][=O][O-1],NN(N=CN=NNN=NNCC[O-])NC[N+](=O)[O-],1.6798833105991515,-0.3986966357946588,-0.6535460184438308,-0.29422865811731824,-1.466097474862766,,-0.5273618742928263,mols/page_0023.png,13
454,[C][C][=Branch1][C][=O][O][N][Branch2][Ring2][=C][C@@H1][Branch2][Ring1][=Branch1][C][C][Branch1][=Branch1][N+1][=Branch1][C][=O][O-1][Branch1][=Branch1][N+1][=Branch1][C][=O][O-1][N+1][=Branch1][C][=O][O-1][C][Branch1][=Branch1][N+1][=Branch1][C][=O][O-1][Branch1][=Branch1][N+1][=Branch1][C][=O][O-1][N+1][=Branch1][C][=O][O-1][N+1][=Branch1][C][=O][O-1],CC(=O)ON([C@@H](CC([N+](=O)[O-])([N+](=O)[O-])[N+](=O)[O-])C([N+](=O)[O-])([N+](=O)[O-])[N+](=O)[O-])[N+](=O)[O-],2.6825801340811584,1.4184462555025505,1.3525748300466849,1.2555564777199575,0.6428421341835868,,1.2592620758936506,mols/page_0023.png,14
455,[N][C][N][C][Branch1][=Branch1][N+1][=Branch1][C][=O][O-1][N+1][=Branch1][C][=N][O-1][N][=C][Ring1][=Branch1],N=[N+]([O-])C(NCN)[N+](=O)[O-],1.979668362047822,0.3408539559755854,0.08276839654719688,0.3172286830422898,-0.7967137528729155,,0.15312568606031995,mols/page_0023.png,15
456,[O][=N+1][Branch1][C][O-1][C][N][N][=N][N][N][=C][Branch1][=Branch1][N+1][=Branch1][C][=O][O-1][C][=C][C][Branch1][=Branch1][N+1][#N][N][=O][O-1],N#[N+]CC=CC(=NNN=NNC[N+](=O)[O-])[N+](=O)[O-],1.6998833105991515,-0.8834805577608569,-0.9840057825629606,-0.8271483740689306,-1.3277470945569756,,-0.9305056441642242,mols/page_0023.png,16
457,[O][=N+1][Branch1][C][O-1][C][C][Branch1][=Branch1][N+1][=Branch1][C][=O][O-1][C][Branch1][=Branch1][C][=N][O][N],NON=CCC(C[N+](=O)[O-])[N+](=O)[O-],2.076437499842364,-0.7538365984972001,-1.0200138218771369,-0.5504238017573172,-1.8523799066274764,,-0.8488701164592589,mols/page_0023.png,17
458,[O][=C][Branch2][Ring1][#Branch1][O][C][C][Branch1][=Branch1][N+1][=Branch1][C][=O][O-1][Branch1][=Branch1][N+1][=Branch1][C][=O][O-1][N+1][=Branch1][C][=O][O-1][N][Branch2][Branch1][N][C][C][N][Branch2][Ring2][P][C][C][N][Branch2][Ring2][=Branch1][C][C][N][Branch2][Ring1][O][C][=Branch1][C][=O][O][C][C][Branch1][=Branch1][N+1][=Branch1][C][=O][O-1][Branch1][=Branch1][N+1][=Branch1][C][=O][O-1][N+1][=Branch1][C][=O][O-1][N+1][=Branch1][C][=O][O-1][N+1][=Branch1][C][=O][O-1][N+1][=Branch1][C][=O][O-1][N+1][=Branch1][C][=O][O-1],O=C(OCC([N+](=O)[O-])([N+](=O)[O-])[N+](=O)[O-])N(CCN(CCN(CCN(C(=O)OCC([N+](=O)[O-])([N+](=O)[O-])[N+](=O)[O-])[N+](=O)[O-])[N+](=O)[O-])[N+](=O)[O-])[N+](=O)[O-],3.131772261510376,0.6142154886868463,0.45337809872783663,0.4651788473554553,-0.16486135528627668,,0.4364838002672252,mols/page_0023.png,18
459,[O][=N+1][Branch1][C][O-1][N][C][C][Branch1][=Branch1][N+1][=Branch1][C][=O][O-1][Branch1][=Branch1][N+1][=Branch1][C][=O][O-1][C][C][Branch1][=Branch1][N+1][=Branch1][C][=O][O-1][Branch1][=Branch1][N+1][=Branch1][C][=O][O-1][C][Ring2][Ring1][C],O=[N+]([O-])N1CC([N+](=O)[O-])([N+](=O)[O-])CC([N+](=O)[O-])([N+](=O)[O-])C1,1.726423335035418,1.4244829670906631,1.3557012976135008,1.4723383961409737,0.6182833008318473,,1.3458097547156151,mols/page_0023.png,19
460,[O][C][N][Branch1][=Branch1][N+1][=Branch1][C][=O][O-1][N][N][Branch1][=Branch1],NNN(CO)[N+](=O)[O-],1.4644996950521225,-0.28765618126896497,-0.4551989935467413,-0.36872049115046696,-1.0512410315173395,,-0.43832609331584726,mols/page_0024.png,0
461,[O][=N+1][Branch1][C][O-1][C][C][=C][Branch1][=Branch1][N+1][=Branch1][C][=O][O-1][O][N][=Ring1][Branch2],O=[N+]([O-])c1cc([N+](=O)[O-])on1,1.3580915038517312,1.0952355005517107,1.1981896827229956,1.0543241036566127,1.126803970439136,,1.1077663343252353,mols/page_0024.png,1
462,[O][=N+1][Branch1][C][O-1][C][N][C][Branch1][=Branch1][N+1][=Branch1][C][=O][O-1][=C][N][Branch1][=Branch1][N+1],[N+]NC=C(NC[N+](=O)[O-])[N+](=O)[O-],1.5370246155449356,0.7079212163526096,0.5213330914709731,0.6027930985551931,-0.25768679012183526,,0.5226621373657895,mols/page_0024.png,2
463,[C][=N][O][=N+1][Branch1][C][O-1][C][=N][C][Branch1][=Branch1][N+1][=Branch1][C][=O][O-1],C=NO[N+]([O-])C=NC[N+](=O)[O-],1.518091503851731,0.3356358614456213,-0.052732733352079106,0.3297480253360776,-1.0937267356443814,,0.09325231859337846,mols/page_0024.png,3
464,[C][N][=C][Branch1][=Branch1][N+1][=Branch1][C][=O][O-1][N+1][=Branch1][C],CN=C([N+])[N+](=O)[O-],1.4878467081635287,-0.2951792877457696,-0.5946401497472713,-0.16220149590104094,-1.6007241110409818,,-0.44740786883777484,mols/page_0024.png,4
465,[/N+1][=C][Branch1][N][C][=N][N][Branch1][=Branch1][N+1][=Branch1][C][=O][O-1],[N+]=CC=NN[N+](=O)[O-],1.4844996950521225,-0.05800110037726054,-0.23204401707176822,-0.1473719995585497,-0.8162386131538033,,-0.21308394050105744,mols/page_0024.png,5
466,[C][O][N][=N][O][N][=C][Branch1][=Branch1][N+1][=Branch1][C][=O][O-1][N][=C][Branch1][N][N+1][=Branch1][C][=Branch1][C][=O],CON=NON=C(N=C[N+]O)[N+](=O)[O-],1.5763039679725397,0.46455312130545146,0.16076973766706948,0.3967344325095018,-0.6892957962457394,,0.24609490812235696,mols/page_0024.png,6
467,[O][=N+1][Branch1][C][O-1][C][=C][C][Branch1][=Branch1][N+1][=Branch1][C][=O][O-1][=C][Branch2][Ring1][N][N][C][=N][C][=C][Branch1][=Branch1][N+1][=Branch1][C][=O][O-1][C][=C][Branch1][=Branch1][N+1][=Branch1][C][=O][O-1][C][=C][Ring1][N][Ring1][#C][C][Branch1][=Branch1][N+1][=Branch1][C][=O][O-1][=C][Ring2][Ring1][O],O=[N+]([O-])c1cc([N+](=O)[O-])c(-n2cnc3c([N+](=O)[O-])cc([N+](=O)[O-])cc32)c([N+](=O)[O-])c1,1.7025801340811582,-1.190077785908753,-0.9933925318872371,-1.1613008057106606,-0.05987895507795834,,-1.0163757972410576,mols/page_0024.png,7
468,[O][=N+1][Branch1][C][O-1][C][C][=N][N][C][Branch1][=Branch1][N+1][=Branch1][C][=O][O-1][N+1][=Branch1][C][O-1][C][N][C][Branch1][Ring1][N][C][=N][N],CNC(=NN)NC[N+]([O-])C(NN=CC[N+](=O)[O-])[N+](=O)[O-],2.263903847312421,-0.6064313201830421,-0.8225630850871669,-0.4482584815735825,-1.5226136493001505,,-0.6888133588770003,mols/page_0024.png,8
469,[O][=C][Branch2][Ring1][#Branch1][N][C][C][Branch1][=Branch1][N+1][=Branch1][C][=O][O-1][Branch1][=Branch1][N+1][=Branch1][C][=O][O-1][N+1][=Branch1][C][=O][O-1][N][C][C][Branch1][=Branch1][N+1][=Branch1][C][=O][O-1][Branch1][=Branch1][N+1][=Branch1][C][=O][O-1][N+1][=Branch1][C][=O][O-1],O=C(NCC([N+](=O)[O-])([N+](=O)[O-])[N+](=O)[O-])NCC([N+](=O)[O-])([N+](=O)[O-])[N+](=O)[O-],2.0036858610047386,1.3713247092954972,1.354974301272872,1.0502778636907115,0.7638130010389764,,1.1780671982222746,mols/page_0024.png,9
470,[O][=N+1][Branch1][C][O-1][C][C][N][=N][N][=N][C][Branch1][=Branch1][N+1][=Branch1][C][=O][O-1],O=[N+]([O-])CCN=NN=NC[N+](=O)[O-],1.556437499842364,0.5939276125739595,0.3036372953376888,0.6505925546375444,-0.6359462125067792,,0.42103362758225193,mols/page_0024.png,10
471,[C][C][Branch2][Ring1][N][C][N][Branch2][Ring1][C][C][C][Branch1][C][C][Branch1][=Branch1][N+1][=Branch1][C][=O][O-1][N+1][=Branch1][C][=O][O-1][N+1][=Branch1][C][=O][O-1][Branch1][=Branch1][N+1][=Branch1][C][=O][O-1][N+1][=Branch1][C][=O][O-1],CC(CN(CC(C)([N+](=O)[O-])[N+](=O)[O-])[N+](=O)[O-])([N+](=O)[O-])[N+](=O)[O-],1.8292669435287097,-0.0700698098276232,-0.33872050866934467,0.0857359329081497,-1.2723893094470116,,-0.19514213740568326,mols/page_0024.png,11
472,[O][=N+1][Branch1][C][O-1][C][C][N][Branch1][=Branch1][N+1][=Branch1][C][=O][O-1],O=[N+]([O-])CCN[N+](=O)[O-],1.481790468830701,1.0010866826548575,0.6086537846269532,1.023831324028679,-1.009227989420302,,0.711044847489894,mols/page_0024.png,12
473,[O][N][=N+1][Branch1][=Branch1][C][O-1][C][N][C][=N][N][Branch2][Branch1][Ring1],NN[N+](C[O-])=NO,1.467846708163529,-0.09013928330887333,-0.33030415252733075,-0.1095551494478492,-1.0841718604627089,,-0.2573501047844616,mols/page_0024.png,13
474,[C][=N][O][N][=N][N][=C][Branch1][=Branch1][N+1][=Branch1][C][=O][O-1][C][C][Branch1][=Branch1][N+1][Branch1][C][O-1],C=NON=NN=C(CC[N+][O-])[N+](=O)[O-],1.5963039679725397,0.06749399450627877,-0.20390005943873285,0.055103890262354564,-1.2512346223217297,,-0.13718342236034467,mols/page_0024.png,14
475,[O][=N+1][Branch1][C][O-1][C][=N][N][=N][N][Branch1][=Branch1][N+1][=Branch1][C][=O][O-1][N+1][=Branch1][C][O-1][=C][N][Branch1][=Branch1][N][N+1][=Branch1][C],[N+]NNC[N+]([O-])N(N=NN=C[N+](=O)[O-])[N+](=O)[O-],1.6184079534080928,1.862188552003549,1.7266380842637379,1.8621194626569781,0.39771299305285446,,1.6818257434348984,mols/page_0024.png,15
476,[O][=N+1][Branch1][C][O-1][C][=C][C][Branch1][=Branch1][N+1][=Branch1][C][=O][O-1][=C][Branch2][Ring2][#C][C][=N][C][=C][Branch1][=Branch1][N+1][=Branch1][C][=O][O-1][C][Branch2][Ring1][N][C][=C][Branch1][=Branch1][N+1][=Branch1][C][=O][O-1][C][=C][Branch1][=Branch1][N+1][=Branch1][C][=O][O-1][C][=C][Ring1][N][N+1][=Branch1][C][=O][O-1][=N][Ring2][Ring1][Branch2][C][Branch1][=Branch1][N+1][=Branch1][C][=O][O-1][=C][Ring2][Ring2][Ring2],O=[N+]([O-])c1cc([N+](=O)[O-])c(-c2ncc([N+](=O)[O-])c(-c3c([N+](=O)[O-])cc([N+](=O)[O-])cc3[N+](=O)[O-])n2)c([N+](=O)[O-])c1,2.1277737172742675,-0.8125232711082886,-0.6751121924026283,-0.8509596633768984,0.2810536365799675,,-0.6841873675704918,mols/page_0024.png,16
477,[O][=C][Branch2][Ring1][#Branch1][O][C][C][Branch1][=Branch1][N+1][=Branch1][C][=O][O-1][Branch1][=Branch1][N+1][=Branch1][C][=O][O-1][N+1][=Branch1][C][=O][O-1][N][Branch2][Ring2][#C][C][N][Branch2][Ring2][Branch1][C][N][Branch2][Ring1][O][C][=Branch1][C][=O][O][C][C][Branch1][=Branch1][N+1][=Branch1][C][=O][O-1][Branch1][=Branch1][N+1][=Branch1][C][=O][O-1][N+1][=Branch1][C][=O][O-1][N+1][=Branch1][C][=O][O-1][N+1][=Branch1][C][=O][O-1][N+1][=Branch1][C][=O][O-1],O=C(OCC([N+](=O)[O-])([N+](=O)[O-])[N+](=O)[O-])N(CN(CN(C(=O)OCC([N+](=O)[O-])([N+](=O)[O-])[N+](=O)[O-])[N+](=O)[O-])[N+](=O)[O-])[N+](=O)[O-],2.7422400836961356,1.1228972151557512,1.1443210426256072,0.6383177062593589,0.8716754558964418,,0.9092991925387275,mols/page_0024.png,17
478,[O][=N+1][Branch1][C][O-1][O][C][C][C][N][Branch2][Ring1][=Branch1][C][C][Branch1][=Branch1][N+1][=Branch1][C][=O][O-1][Branch1][=Branch1][N+1][=Branch1][C][=O][O-1][N+1][=Branch1][C][=O][O-1][N+1][=Branch1][C][=O][O-1],O=[N+]([O-])OCCCN(CC([N+](=O)[O-])([N+](=O)[O-])[N+](=O)[O-])[N+](=O)[O-],1.8292669435287097,1.0467061215536766,0.8142538437536799,1.0797331114460254,-0.2595676421376047,,0.8711764716914888,mols/page_0024.png,18
479,[N][C][=N][O][C][Branch1][=Branch1][N+1][=Branch1][C][=O][O-1][C][Branch1][=Branch1],CC(ON=CN)[N+](=O)[O-],2.001790468830701,-2.0885689288000604,-2.099691547196598,-1.771200281792649,-2.888572629648456,,-2.04440249468107,mols/page_0024.png,19
480,[O][=N+1][Branch1][C][O-1][C][=C][C][Branch1][=Branch1][N+1][=Branch1][C][=O][O-1],O=[N+]([O-])C=CC[N+](=O)[O-],1.501790468830701,-0.06446597539789811,-0.367497234206943,-0.11836096052901869,-1.2772726674150379,,-0.28306245335432156,mols/page_0025.png,0
481,[C][C][Branch2][Ring2][=Branch1][C][O][C][=Branch1][C][=O][N][Branch2][Ring1][#Branch1][C][C][C][Branch1][=Branch1][N+1][=Branch1][C][=O][O-1][Branch1][=Branch1][N+1][=Branch1][C][=O][O-1][N+1][=Branch1][C][=O][O-1][N+1][=Branch1][C][=O][O-1][Branch1][=Branch1][N+1][=Branch1][C][=O][O-1][N+1][=Branch1][C][=O][O-1],CC(COC(=O)N(CCC([N+](=O)[O-])([N+](=O)[O-])[N+](=O)[O-])[N+](=O)[O-])([N+](=O)[O-])[N+](=O)[O-],2.0926028435074597,0.4962105041990729,0.36157724270996844,0.35116766262347454,-0.24752210745067504,,0.33016179103158266,mols/page_0025.png,1
482,[C][C][C][Branch2][Ring1][=N][C][C][C][=Branch1][C][=O][O][C][C][Branch1][=Branch1][N+1][=Branch1][C][=O][O-1][Branch1][=Branch1][N+1][=Branch1][C][=O][O-1][N+1][=Branch1][C][=O][O-1][Branch1][=Branch1][N+1][=Branch1][C][=O][O-1][N+1][=Branch1][C][=O][O-1],CCC(CCC(=O)OCC([N+](=O)[O-])([N+](=O)[O-])[N+](=O)[O-])([N+](=O)[O-])[N+](=O)[O-],1.9596423657706594,-0.559747364860239,-0.6923630234080459,-0.5786198610681741,-1.1528437757598222,,-0.659759919070323,mols/page_0025.png,2
483,[N][=N+1][Branch1][C][O-1][C][N][C][=N][N][Branch1][=Branch1][N+1][=Branch1][C][=O][O-1],N=[N+]([O-])CNC=NN[N+](=O)[O-],1.498091503851731,0.3685235267893969,0.08724280987739277,0.3480783521404342,-1.0290136709768143,,0.1502715579251897,mols/page_0025.png,3
484,[Branch2][=N+1][Branch1][C][=N][N][C][Branch1][=Branch1][N+1][=Branch1][C][=O][O-1][N+1][=Branch1][C],[N+]C(N[N+]N)[N+](=O)[O-],1.9644996950521225,1.1212222712325528,0.9505062457940624,1.1599701037047732,-0.25071563743578357,,0.9568486069949848,mols/page_0025.png,4
485,[=Ring1][O-1][N+1][=Branch1][C][=O][NH1][N][O][=N+1][Branch1][C][O-1][C][=Branch1][=Branch1][=Branch1][N+1][=Branch1][C][N][C][N+1][=Branch1][C],[N+]CC(CN)[N+]([O-])ONN[N+](=O)[O-],2.056437499842364,-0.06527516500432133,-0.34865474117808415,0.13900829125513625,-1.511011388330479,,-0.19898029887659477,mols/page_0025.png,5
486,[O][=N+1][Branch1][C][O-1][C][N][=N][N][=C][Branch1][=Branch1][N+1][=Branch1][C][=O][O-1][=C][Branch1][=Branch1][N][C][=N][N][Branch1][=Branch1][N+1][Branch1][C][O-1][=C][N][=N][Ring1][=N][C][Branch1][=Branch1][N+1][N+1][C][O-1][=C][Branch1][N+1][=Branch1][C][O-1][C][Branch1][=Branch1][C][N][C][=N][O][N+1][=Branch1][C][N+1][=Branch1][C][Branch2][O-1][N][C][=N][Ring1][Branch1],C=[N+]([O-])NN=CNC(N=N)C(=NN=NC[N+](=O)[O-])[N+](=O)[O-],2.2864233350354186,-0.07218784398191155,-0.14980079923680414,-0.09445608289071959,-0.7192265682649142,,-0.1652022507874582,mols/page_0025.png,6
487,[O][=N+1][Branch1][C][O-1][C][N][C][=N][N][=N][O],O=[N+]([O-])CNC=NN=NO,1.4796683620478217,0.012579088206295063,-0.17063710208912697,-0.11155453650492633,-0.8019252803332766,,-0.16432884610600618,mols/page_0025.png,7
488,[O][=N+1][Branch1][C][O-1][C][=C][C][Branch1][=Branch1][N+1][=Branch1][C][=O][O-1][=C][Branch2][Ring1][#Branch1][C][C][C][Branch1][=Branch1][N+1][=Branch1][C][=O][O-1][Branch1][=Branch1][N+1][=Branch1][C][=O][O-1][N+1][=Branch1][C][=O][O-1][C][Branch1][=Branch1][N+1][=Branch1][C][=O][O-1][=C][Ring2][Ring1][Branch2],O=[N+]([O-])c1cc([N+](=O)[O-])c(CCC([N+](=O)[O-])([N+](=O)[O-])[N+](=O)[O-])c([N+](=O)[O-])c1,1.8880084467297122,0.2016324913799815,0.1590218800326583,0.24326031775152035,0.06292133424589456,,0.19375985337835755,mols/page_0025.png,8
489,[O][=N+1][Branch1][C][O-1][C][C][C][N][Branch1][=Branch1][N+1][=Branch1][C][=O][O-1][N][=C][Ring1][=C][N+1][=Branch1][C][=N][O-1][Branch1][=Branch1][N+1][#N][C][=N][N][=C][Branch1][=Branch1][N+1][N+1][=Branch1][C][O-1][=Branch1][C][=O][O][C][Branch1][=Branch1][N+1][O][C][Branch1],N=[N+]([O-])C=NN(CCC[N+](=O)[O-])[N+](=O)[O-],1.616601054988479,0.33983579118925095,0.03128836744946624,0.46851668187358586,-1.2158890536790312,,0.15859880704121054,mols/page_0025.png,9
490,[O][=C][Branch2][Ring1][#Branch1][O][C][C][Branch1][=Branch1][N+1][=Branch1][C][=O][O-1][Branch1][=Branch1][N+1][=Branch1][C][=O][O-1][N+1][=Branch1][C][=O][O-1][C][=Branch1][C][=O][O][C][C][Branch1][=Branch1][N+1][=Branch1][C][=O][O-1][Branch1][=Branch1][N+1][=Branch1][C][=O][O-1][N+1][=Branch1][C][=O][O-1],O=C(OCC([N+](=O)[O-])([N+](=O)[O-])[N+](=O)[O-])C(=O)OCC([N+](=O)[O-])([N+](=O)[O-])[N+](=O)[O-],2.0926028435074597,0.7227568828843534,0.8044368378077746,0.02407510474252353,0.9970986521329106,,0.49113833728333245,mols/page_0025.png,10
491,[O][=N+1][Branch1][C][O-1][C][=C][C][Branch1][=Branch1][N+1][=Branch1][C][=O][O-1][=C][Branch2][Branch1][O][C][=C][Branch1][=Branch1][N+1][=Branch1][C][=O][O-1][C][=C][Branch1][=Branch1][N+1][=Branch1][C][=O][O-1][C][Branch2][Ring1][N][C][=C][Branch1][=Branch1][N+1][=Branch1][C][=O][O-1][C][=C][Branch1][=Branch1][N+1][=Branch1][C][=O][O-1][C][=C][Ring1][N][N+1][=Branch1][C][=O][O-1][=C][Ring2][Ring1][O][N+1][=Branch1][C][=O][O-1][C][Branch1][=Branch1][N+1][=Branch1][C][=O][O-1][=C][Ring2][Ring2][#Branch2],O=[N+]([O-])c1cc([N+](=O)[O-])c(-c2c([N+](=O)[O-])cc([N+](=O)[O-])c(-c3c([N+](=O)[O-])cc([N+](=O)[O-])cc3[N+](=O)[O-])c2[N+](=O)[O-])c([N+](=O)[O-])c1,2.4666226336239,-0.6009571132145402,-0.42238609676125927,-0.6698241518267948,0.5034313255928639,,-0.47342233066538136,mols/page_0025.png,11
492,[C][C][Branch2][Branch1][=Branch2][C][N][Branch2][Ring2][#C][C][C][C][Branch2][Ring1][=N][C][C][N][Branch2][Ring1][C][C][C][Branch1][C][C][Branch1][=Branch1][N+1][=Branch1][C][=O][O-1][N+1][=Branch1][C][=O][O-1][N+1][=Branch1][C][=O][O-1][Branch1][=Branch1][N+1][=Branch1][C][=O][O-1][N+1][=Branch1][C][=O][O-1][N+1][=Branch1][C][=O][O-1][Branch1][=Branch1][N+1][=Branch1][C][=O][O-1][N+1][=Branch1][C][=O][O-1],CC(CN(CCC(CCN(CC(C)([N+](=O)[O-])[N+](=O)[O-])[N+](=O)[O-])([N+](=O)[O-])[N+](=O)[O-])[N+](=O)[O-])([N+](=O)[O-])[N+](=O)[O-],2.505174135090663,-0.3388307460969283,-0.5538255019384642,-0.11640321803998371,-1.3676319330059612,,-0.40648854252543776,mols/page_0025.png,12
493,[O][=N+1][Branch1][C][O-1][C][=C][C][Branch1][=Branch1][N+1][=Branch1][C][=O][O-1][=C][Branch2][Branch1][=Branch1][C][=C][C][Branch1][=Branch1][N+1][=Branch1][C][=O][O-1][=C][Branch2][Ring1][N][C][=C][Branch1][=Branch1][N+1][=Branch1][C][=O][O-1][C][=C][Branch1][=Branch1][N+1][=Branch1][C][=O][O-1][C][=C][Ring1][N][N+1][=Branch1][C][=O][O-1][C][Branch1][=Branch1][N+1][=Branch1][C][=O][O-1][=C][Ring2][Ring1][O][C][Branch1][=Branch1][N+1][=Branch1][C][=O][O-1][=C][Ring2][Ring2][#Branch1],O=[N+]([O-])c1cc([N+](=O)[O-])c(-c2cc([N+](=O)[O-])c(-c3c([N+](=O)[O-])cc([N+](=O)[O-])cc3[N+](=O)[O-])c([N+](=O)[O-])c2)c([N+](=O)[O-])c1,2.326550083696136,-0.9375234247762486,-0.7552763156940283,-0.986898728242812,0.21026208922602044,,-0.796933217492092,mols/page_0025.png,13
494,[N][C][=C][Branch1][=Branch1][N+1][=Branch1][C][=O][O-1][C][=C][Branch1][=Branch1][N+1][=Branch1][C][=O][O-1][C][Branch2][Ring1][S][N][C][=C][Branch1][=Branch1][N+1][=Branch1][C][=O][O-1][C][=C][Branch1][=Branch1][N+1][=Branch1][C][=O][O-1][C][Branch1][C][N][=C][Ring1][=N][N+1][=Branch1][C][=O][O-1][=C][Ring2][Ring1][=N][N+1][=Branch1][C][=O][O-1],Nc1c([N+](=O)[O-])cc([N+](=O)[O-])c(Nc2c([N+](=O)[O-])cc([N+](=O)[O-])c(N)c2[N+](=O)[O-])c1[N+](=O)[O-],1.999426144623208,-0.4651193181673487,-0.3081984808447539,-0.4590690532044797,0.49790020023138565,,-0.327167051011679,mols/page_0025.png,14
495,[O][=N+1][Branch1][C][O-1][C][C][=N][C][Branch1][=Branch1][N+1][=Branch1][C][=O][O-1][C][=N][C][=N][Ring1][N][N],N=CN=CC(N=CC[N+](=O)[O-])[N+](=O)[O-],2.1163039679725397,-1.3601906529452963,-1.4517573362850411,-1.3335279620281792,-1.846477753817575,,-1.4210459575006136,mols/page_0025.png,15
496,[NH1][N][C][Branch2][Ring1][#Branch1][N][N][N][=N][C][=N][N][=C][Branch1][Ring1][N+1][=Branch1][C][=O][O-1],[NH]NCNNN=NC=NN=C([O-])[N+]=O,1.5763039679725397,-0.5821917705552925,-0.741689533468642,-0.6079586831493916,-1.2220740689991167,,-0.696361206165652,mols/page_0025.png,16
497,[O][=N+1][Branch1][C][O-1][C][C][N][C][Branch1][=Branch1][N+1][=Branch1][C][=O][O-1],O=[N+]([O-])CCNC[N+](=O)[O-],1.4996683620478217,-0.1367006817592472,-0.5361776338278615,0.0024673952123555913,-1.7633222983886123,,-0.3435648506506962,mols/page_0025.png,17
498,[C][O][C][=C][Branch1][=Branch1][N+1][=Branch1][C][=O][O-1][C][=C][Branch1][=Branch1][N+1][=Branch1][C][=O][O-1][C][=C][Ring1][N][N+1][=Branch1][C][=O][O-1],COc1c([N+](=O)[O-])cc([N+](=O)[O-])cc1[N+](=O)[O-],1.558407953408093,-1.235731792130565,-1.157209466533458,-1.1336725454565504,-0.8366953278513581,,-1.1353738656337617,mols/page_0025.png,18
499,[O][=C][Branch2][=Branch1][P][C][C][C][Branch2][Branch1][#C][C][C][Branch2][Ring2][=C][C][C][Branch2][Ring1][=N][C][C][C][=Branch1][C][=O][O][C][C][Branch1][=Branch1][N+1][=Branch1][C][=O][O-1][Branch1][=Branch1][N+1][=Branch1][C][=O][O-1][N+1][=Branch1][C][=O][O-1][Branch1][=Branch1][N+1][=Branch1][C][=O][O-1][N+1][=Branch1][C][=O][O-1][Branch1][=Branch1][N+1][=Branch1][C][=O][O-1][N+1][=Branch1][C][=O][O-1][Branch1][=Branch1][N+1][=Branch1][C][=O][O-1][N+1][=Branch1][C][=O][O-1][O][C][C][Branch1][=Branch1][N+1][=Branch1][C][=O][O-1][Branch1][=Branch1][N+1][=Branch1][C][=O][O-1][N+1][=Branch1][C][=O][O-1],O=C(CCC(CC(CC(CCC(=O)OCC([N+](=O)[O-])([N+](=O)[O-])[N+](=O)[O-])([N+](=O)[O-])[N+](=O)[O-])([N+](=O)[O-])[N+](=O)[O-])([N+](=O)[O-])[N+](=O)[O-])OCC([N+](=O)[O-])([N+](=O)[O-])[N+](=O)[O-],3.381060192991936,0.46057473667736676,0.3785728583919403,0.3102883694929867,-0.08565005633048671,,0.32533724093147276,mols/page_0025.png,19
500,[=N+1][C][N][=C][Branch1][=Branch1][N+1][=Branch1][C][=O][O-1][C][=Branch1][N][=N][NH1][N][Ring1][=N],O=[N+]([O-])C1=NC[N+]NNN=C1,1.458091503851731,0.20536890474711628,0.08559461079231205,-0.06210810492516644,-0.0777237834801771,,0.0401252585667728,mols/page_0026.png,0
501,[O][=N+1][Branch1][C][O-1][C][=N][N][=N][C][=C][Branch1][=Branch1][N+1][=Branch1][C][=O][O-1][C][Branch1][=Branch1][N+1][N][C][=O][O-1],O=CN[N+]CC(=CN=NN=C[N+](=O)[O-])[N+](=O)[O-],1.678407953408093,-0.577871640802165,-0.7444806116867496,-0.6157081551336642,-1.149297586021757,,-0.69180108377787,mols/page_0026.png,1
502,[O][=N+1][Branch1][C][O-1][C][N][=N][C][Branch1][=Branch1][N+1][=Branch1][C][=O][O-1],O=[N+]([O-])CN=NC[N+](=O)[O-],1.4796683620478217,1.0255650610596485,0.801144911495596,1.0026100581783,-0.1705467692896735,,0.8406668394811637,mols/page_0026.png,2
503,[O][=C][C][=C][Branch1][=Branch1][N+1][=Branch1][C][=O][O-1][C][=C][Branch1][=Branch1][N+1][=Branch1][C][=O][O-1][C][=C][Ring1][N][N+1][=Branch1][C][=O][O-1],O=Cc1c([N+](=O)[O-])cc([N+](=O)[O-])cc1[N+](=O)[O-],1.558407953408093,-1.0710004287872248,-0.9336823675906325,-1.118472725912222,-0.3108477988540061,,-0.9796445693447537,mols/page_0026.png,3
504,[NH1][C][N][Branch1][C][O][C][Branch1][=Branch1][N+1][=Branch1][C][=O][O-1][C][Branch1][=Branch1],CC(N(O)C[NH])[N+](=O)[O-],2.001790468830701,-1.9058224908306123,-2.023523029012809,-1.5309971000718876,-3.0511487757615265,,-1.8998500975657633,mols/page_0026.png,4
505,[#Branch2][O-1][N][=N][#C][C][=N][O][\N+1][=Branch1][Branch1],[N+]ON=CCN=N[O-],1.4844996950521225,-0.1354491875427111,-0.3769456312876965,-0.13363332222413013,-1.1593312457985894,,-0.2974851581771129,mols/page_0026.png,5
506,[N][O][=N+1][Branch1][C][O-1][C][C][N][C][Branch1][=Branch1][N+1][=Branch1][C][=O][O-1][N][=N][O][N+1][=Branch1][C][NH1][O-1][N+1][=Branch1][C][=C][Branch1][=Branch1][N+1][=O][O-1][N][N][=C][Branch1][=Branch1][C][=O],[NH][N+]([O-])ON=NC(NCC[N+]([O-])ON)[N+](=O)[O-],2.138407953408093,0.3996168338214535,0.09449041399376518,0.40404283030537097,-0.9585221293154866,,0.1892917311444044,mols/page_0026.png,6
507,[C][C][=C][Branch1][=Branch1][N+1][=Branch1][C][=O][O-1][C][=C][Branch1][=Branch1][N+1][=Branch1][C][=O][O-1][C][Branch1][C][O][=C][Ring1][=N][N+1][=Branch1][C][=O][O-1],Cc1c([N+](=O)[O-])cc([N+](=O)[O-])c(O)c1[N+](=O)[O-],1.558407953408093,-1.1699399634024945,-1.012325739749461,-1.0701086053105038,-0.3839891867146339,,-1.0120087865836538,mols/page_0026.png,7
508,[C][=N+1][Branch1][N][C][=N][N][=C][N][N][N][O],C=[N+]C=NN=CNNNO,1.4996683620478217,-2.6688073707270683,-2.616161438293617,-2.297890776389054,-3.1141499712116163,,-2.5518135099319545,mols/page_0026.png,8
509,[P][N][\N+1][/C][=N][=N+1][C][O-1][N][N][C][C][=N][O][N+1][Branch1][C][O-1][C],[O-]C[N+]N=C[N+]NP,1.9844996950521225,-1.1948032960860693,-1.324196948489468,-1.1785340444321866,-1.9066344054964195,,-1.2918271194664008,mols/page_0026.png,9
510,[O][=N+1][Branch1][C][O-1][C][C][C][=N][N][Branch1][=Branch1][N+1][=Branch1][C][=O][O-1],O=[N+]([O-])CCC=NN[N+](=O)[O-],1.518091503851731,-0.4349766125175951,-0.6963777936212977,-0.25024124727951297,-1.7287910309115953,,-0.5558142035376878,mols/page_0026.png,10
511,[=N+1][Branch1][C][O-1][N][=N][N][Branch1][C][O-1][C][=N][N][Branch2][Ring1][#C][C][=C][Branch1][=Branch1][N+1][=Branch1][C][=O][O-1][N+1][=Branch1][C],[N+]C(=CNN=CN([O-])N=N[N+][O-])[N+](=O)[O-],1.596601054988479,1.060474914798505,0.9208482448154297,0.8737084775204546,0.2110237363313646,,0.865916554544802,mols/page_0026.png,11
512,[O][=N+1][Branch1][C][O-1][C][N][N][=N][N][Branch1][=Branch1][N+1][=Branch1][C][=O][O-1][N+1][=Branch1][C][Branch2][O-1][N+1][=Branch1][=Branch1][C][=O],O=C[N+]N(N=NNC[N+](=O)[O-])[N+](=O)[O-],1.5563039679725397,1.2249650925018725,1.1341935619683263,0.9628444213996488,0.20191580840604356,,0.9951190130180136,mols/page_0026.png,12
513,[N][N][Branch1][=Branch1][N+1][=Branch1][C][=O][O-1][C][Branch1][=Branch1][N+1][N+1][=Branch1][C][O-1][C][Branch1][N][C][=N][N][=C][Branch1][=Branch1][N+1][=Branch2][C][=N][O][N+1][=Branch1][C][=N][O-1][C][Branch1][C][C][C][Branch1][=Branch1][C][Branch1][=Branch1][=Branch1][N+1][=Branch1],[N+]C(C=NN=C[N+]O[N+](=N)[O-])C([N+][N+][O-])N(N)[N+](=O)[O-],2.743903847312421,0.9935431500326479,0.8042298546668576,0.9055043291161586,-0.17447500709344196,,0.7941974821119957,mols/page_0026.png,13
514,[N][=N+1][Branch1][C][O-1][C][=C][N][=N][C][Branch1][=Branch1][N+1][=Branch1][C][=O][O-1][C][Branch2][Ring2][Ring1][N][C][=C][N][Branch1][=Branch1][N+1][N][C][=O][N][C][Branch1][=Branch1][N][N+1][=Branch1][C][Cl][O-1][C][Branch1][=Branch1][C],N=[N+]([O-])C=CN=NC(CNC=CN([N+]NC=O)C([O-])N[N+]Cl)[N+](=O)[O-],2.959642365770659,-1.5426118438302208,-1.5579396875755207,-1.5637169685079677,-1.5086958341886691,,-1.5514942536734895,mols/page_0026.png,14
515,[O][=N+1][Branch1][C][O-1][C][=C][N][Branch1][=Branch1][N+1][=Branch1][C][=O][O-1][C][Branch1][=Branch1][N+1][C][O-1],O=[N+]([O-])C=CN(C[N+]C[O-])[N+](=O)[O-],1.576437499842364,-0.05535120082146877,-0.33567677047521016,0.060641722229851286,-1.343614334413968,,-0.207861737373626,mols/page_0026.png,15
516,[N][=N+1][Branch1][C][O-1][C][C][N][C][N][Branch1][=Branch1][N+1][=Branch1][C][=O][O-1],N=[N+]([O-])CCNCN[N+](=O)[O-],1.518091503851731,-0.5051254951847174,-0.8640497892671,-0.3011183712774949,-2.1679809972110387,,-0.6795392693450562,mols/page_0026.png,16
517,[O][=N+1][Branch1][C][O-1][C][N][N][=C][Branch1][=Branch1][N+1][=Branch1][C][=O][O-1][=C][Ring1][N],CC(=NNC[N+](=O)[O-])[N+](=O)[O-],1.518091503851731,-0.20814348217566953,-0.42105092773497294,-0.29168520492936795,-1.2438655029005705,,-0.3983592347394649,mols/page_0026.png,17
518,[O][=N+1][Branch1][C][O-1][C][C][Branch1][=Branch1][N+1][=Branch1][C][=O][O-1][=C][Branch1][=Branch1][N+1][C][=O][O-1][C][Branch1][=Branch1],O=C[N+]C=C(C[N+](=O)[O-])[N+](=O)[O-],1.5570246155449357,-0.1939559529500414,-0.3980598281718062,-0.3522829771322839,-1.0218600658491286,,-0.3911031427182883,mols/page_0026.png,18
519,[C][C][=N][N][Branch1][=Branch1][N+1][=Branch1][C][=O][O-1],CC=NN[N+](=O)[O-],1.4878467081635287,-1.2857939176549407,-1.4211857986042125,-1.0532076275512066,-2.398485779211345,,-1.3378765580064054,mols/page_0026.png,19
520,[=N+1][Branch1][C][O-1][C][=N][C][=N][C][Branch1][=Branch1][N+1][=Branch1][C][=O][O-1],O=[N+]([O-])CN=CN=C[N+][O-],1.4996683620478217,-0.0636583570334291,-0.35560305022803784,-0.10773040090191655,-1.2333089760594584,,-0.2712384097820792,mols/page_0027.png,0
521,[O][=N+1][Branch1][C][O-1][O][C][C][N][Branch2][Branch1][=N][C][=C][Branch1][=Branch1][N+1][=Branch1][C][=O][O-1][C][=C][Branch1][=Branch1][N+1][=Branch1][C][=O][O-1][C][Branch2][Ring1][=C][/C][=C][/C][=C][Branch1][=Branch1][N+1][=Branch1][C][=O][O-1][C][=C][Branch1][=Branch1][N+1][=Branch1][C][=O][O-1][C][=C][Ring1][N][N+1][=Branch1][C][=O][O-1][=C][Ring2][Ring1][=N][N+1][=Branch1][C][=O][O-1][N+1][=Branch1][C][=O][O-1],O=[N+]([O-])OCCN(c1c([N+](=O)[O-])cc([N+](=O)[O-])c(/C=C/c2c([N+](=O)[O-])cc([N+](=O)[O-])cc2[N+](=O)[O-])c1[N+](=O)[O-])[N+](=O)[O-],2.4222400836961357,-0.48551953807996207,-0.46086707353991135,-0.42138206249950205,-0.17415051114020047,,-0.4225645290187892,mols/page_0027.png,1
522,[O][=N+1][Branch1][C][O-1][C][=N][N][C][Branch1][=Branch1][N+1][=Branch1][C][=O][O-1][C][Branch1][C][N][=N][N][N][Branch1][N][C][=N][N][Branch1][C],NN=CNNN=C(N)C(NN=C[N+](=O)[O-])[N+](=O)[O-],2.179883310599152,-0.5306778174652177,-0.6426231859024703,-0.6057336094009893,-0.8434828035827449,,-0.6199669749605922,mols/page_0027.png,2
523,[N][=N+1][Branch1][C][O-1][C][N][C][Branch1][=Branch1][N+1][=Branch1][C][=O][O-1][N+1][=Branch1][C][C][=O][O-1],C[N+](O[O-])C(NC[N+](=N)[O-])[N+](=O)[O-],2.056437499842364,0.12073631374599546,-0.22296039583503846,0.09751328542510056,-1.3689188962016472,,-0.12344259597238524,mols/page_0027.png,3
524,[O][=N+1][Branch1][C][O-1][C][=N][C][Branch1][=Branch1][N+1][=Branch1][C][=O][O-1],O=[N+]([O-])C=NC[N+](=O)[O-],1.481790468830701,1.2140575308556785,1.0176933566378705,1.0609124534373016,0.07080474914011568,,0.9893831781623194,mols/page_0027.png,4
525,[O][=N+1][Branch1][C][O-1][C][=N][N][=C][Branch1][=Branch1][N+1][=Branch1][C][=O][O-1][N+1][=Branch1][C][O-1][C][=Branch1][C][=O][N],NC(=O)[N+]([O-])C(=NN=C[N+](=O)[O-])[N+](=O)[O-],1.596601054988479,1.4401278232288302,1.526045867240867,1.174738700463891,0.7985389660879384,,1.2912927994117744,mols/page_0027.png,5
526,[O][=N+1][Branch1][C][O-1][C][N][C][=N][C][N][Branch1][=Branch1][N+1][=Branch1][C][=O][O-1],O=[N+]([O-])CNC=NCN[N+](=O)[O-],1.5370246155449356,-0.2711306440154577,-0.5544202590501736,-0.18605622094126778,-1.5345477533012502,,-0.43426498947304,mols/page_0027.png,6
527,[O][=N+1][Branch1][C][O-1][C][=N][N][=N][C][Branch1][=Branch1][N+1][=Branch1][C][=O][O-1][=C][Branch1][=Branch1][N+1][C][=O][O-1][N+1][=Branch1][C][O-1][Branch1][=Branch1][N+1][O-1][C][=N][O][N+1][Branch1][C][O-1],O=C[N+]C(C[O-])=C(N=NN=C[N+](=O)[O-])[N+](=O)[O-],1.678407953408093,0.40897200841687853,0.2878937998908945,0.17352402571415196,-0.2804247725963292,,0.2155835851029711,mols/page_0027.png,7
528,[O][=N+1][Branch1][C][O-1][C][C][C][N][N][N][Branch1][=Branch1][N+1][=Branch1][C][=O][O-1],O=[N+]([O-])CCCNNN[N+](=O)[O-],1.5370246155449356,-0.7485745091925178,-1.0339698518045297,-0.5190027512739924,-2.111606866285262,,-0.864397877387385,mols/page_0027.png,8
529,[N][=N+1][S][=Branch1][C][=O][O-1][=N][N][N][N][Branch2][C][Branch2][Ring1][N][=N][N][N][C][N][=N][NH1][C][NH1],N=[N+]S(=O)[O-],1.9567229808842468,0.8106851538844504,0.7474640894334843,0.46554379706464183,0.32834922789316984,,0.6085897524446574,mols/page_0027.png,9
530,[O][=N+1][Branch1][C][O-1][C][N][N][Branch1][=Branch1][N+1][=Branch1][C][=O][O-1],O=[N+]([O-])CNN[N+](=O)[O-],1.461790468830701,1.6905272260211222,1.4588319252491622,1.5976598873203574,-0.05788054981120331,,1.4206156877645937,mols/page_0027.png,10
531,[O][=N+1][Branch1][C][O-1][N][C][N][C][N][Branch1][=Branch1][N+1][=Branch1][C][=O][O-1],O=[N+]([O-])NCNCN[N+](=O)[O-],1.498091503851731,0.5789882440732372,0.20720423328651813,0.614531045459373,-1.0859669965663015,,0.33376383786705793,mols/page_0027.png,11
532,[=C][Branch1][=Branch1][N+1][=Branch1][C][=O][O-1][C][Branch1][=Branch1][N+1][=N][C][=O][O-1],O=CN=[N+]CC[N+](=O)[O-],1.501790468830701,-0.8827821407122062,-1.1145706200861052,-0.8808985254707663,-1.9655469519356665,,-1.048252295581451,mols/page_0027.png,12
533,[O][=N+1][Branch1][C][O-1][C][=C][C][Branch1][=Branch1][N+1][=Branch1][C][=O][O-1][N][=N][N][Branch1][=Branch1][N+1][C][=O][O-1],O=C[N+]NN=NC(C=C[N+](=O)[O-])[N+](=O)[O-],2.116601054988479,0.0701234679166657,-0.07660798312212636,-0.1389181522459945,-0.6013561684042694,,-0.1173240065401899,mols/page_0027.png,13
534,[NH1][C][C][Branch1][=Branch1][N+1][=Branch1][C][=O][O-1],[NH]CC[N+](=O)[O-],1.4918943340952076,-0.831358534034499,-1.180688637453602,-0.7586054451910494,-2.286150178251272,,-1.0350689887735722,mols/page_0027.png,14
535,[O][=N+1][Branch1][C][O-1][C][=C][C][Branch1][=Branch1][N+1][=Branch1][C][=O][O-1][=C][Branch2][Ring2][=N][N][C][=N][N][Branch2][Ring1][N][C][=C][Branch1][=Branch1][N+1][=Branch1][C][=O][O-1][C][=C][Branch1][=Branch1][N+1][=Branch1][C][=O][O-1][C][=C][Ring1][N][N+1][=Branch1][C][=O][O-1][C][=C][Ring2][Ring1][Ring2][N+1][=Branch1][C][=O][O-1][C][Branch1][=Branch1][N+1][=Branch1][C][=O][O-1][=C][Ring2][Ring2][Ring2],O=[N+]([O-])c1cc([N+](=O)[O-])c(Nc2nn(-c3c([N+](=O)[O-])cc([N+](=O)[O-])cc3[N+](=O)[O-])cc2[N+](=O)[O-])c([N+](=O)[O-])c1,2.1193737172742675,-0.6396010234576002,-0.5141016680590274,-0.6358094955574475,0.2835883785543443,,-0.5143906332467014,mols/page_0027.png,15
536,[O][=N+1][Branch1][C][O-1][C][C][=N][C][Branch1][=Branch1][N+1][=Branch1][C][=O][O-1][N],NC(N=CC[N+](=O)[O-])[N+](=O)[O-],2.018091503851731,-0.23571799285125075,-0.5228323319335451,-0.2932412788427706,-1.2597009054187545,,-0.43290418327518265,mols/page_0027.png,16
537,[O][=N+1][Branch1][C][O-1][C][=C][C][Branch1][=Branch1][N+1][=Branch1][C][=O][O-1][=C][Branch2][Ring1][#C][C][=C][Branch1][=Branch1][N+1][=Branch1][C][=O][O-1][C][=C][Branch1][=Branch1][N+1][=Branch1][C][=O][O-1][C][Branch1][C][O][=C][Ring1][=N][N+1][=Branch1][C][=O][O-1][C][Branch1][=Branch1][N+1][=Branch1][C][=O][O-1][=C][Ring2][Ring1][N][O],O=[N+]([O-])c1cc([N+](=O)[O-])c(-c2c([N+](=O)[O-])cc([N+](=O)[O-])c(O)c2[N+](=O)[O-])c([N+](=O)[O-])c1O,1.9535676759431462,-0.14274289269419965,0.04843602630285259,-0.3286942399782617,1.1173654239954178,,-0.04331787018959965,mols/page_0027.png,17
538,[C][=N+1][Branch1][C][O-1][C][=C][N][Branch1][=Branch1][N+1][=Branch1][C][=O][O-1],C=[N+]([O-])C=CN[N+](=O)[O-],1.501790468830701,-0.727406737585268,-0.9384177457759662,-0.6669802308414652,-1.7720628724046033,,-0.8604545004173549,mols/page_0027.png,18
539,[O][=N+1][Branch1][C][O-1][C][=N][C][=N][N][=N][N][Branch1][Ring1],NN=NN=CN=C[N+](=O)[O-],1.4796683620478217,0.28102891856866463,0.07017819981511514,0.1707360786105994,-0.49453087608414575,,0.10664312343177013,mols/page_0027.png,19
540,[O][=N+1][Branch1][C][O-1][C][C][=N][N][Branch2][Branch1][=Branch1][N+1][=Branch1][C][=O][O-1][N+1][=Branch1][C][O-1][C][N][=N][C][Branch1][=Branch1][N+1][S][C][O-1][=Branch1][N+1][=Branch1][O-1][=O][O-1][N+1][S][C][Branch1][O-1][C][C][Branch1][=Branch1][C],O=[N+]([O-])CC=NN[N+](=O)[O-],1.4796683620478217,0.9666796263413512,0.6625971686363394,0.8682946836749758,-0.5269621037128265,,0.7019408618431303,mols/page_0028.png,0
541,[O][=N+1][Branch1][C][O-1][C][=N][C][Branch1][=Branch1][N+1][=Branch1][C][=O][O-1],O=[N+]([O-])C=NC[N+](=O)[O-],1.481790468830701,1.2140575308556785,1.0176933566378705,1.0609124534373016,0.07080474914011568,,0.9893831781623194,mols/page_0028.png,1
542,[O][=N+1][Branch1][C][O-1][C][=C][C][Branch1][=Branch1][N+1][=Branch1][C][=O][O-1][=C][Branch2][Ring1][=Branch1][C][C][Branch1][=Branch1][N+1][=Branch1][C][=O][O-1][Branch1][=Branch1][N+1][=Branch1][C][=O][O-1][N+1][=Branch1][C][=O][O-1][C][Branch1][=Branch1][N+1][=Branch1][C][=O][O-1][=C][Ring2][Ring1][#Branch1],O=[N+]([O-])c1cc([N+](=O)[O-])c(CC([N+](=O)[O-])([N+](=O)[O-])[N+](=O)[O-])c([N+](=O)[O-])c1,1.8436858610047382,0.6876537663851278,0.6999595420824426,0.667903709002504,0.5857981946297982,,0.6726446301808741,mols/page_0028.png,2
543,[C][N][Branch1][=Branch1][N+1][=Branch1][C][=O][O-1][C][Branch1][=Branch1][N+1][O][C][=N][O],CN(C[N+]OC=NO)[N+](=O)[O-],1.518091503851731,-0.842837242131052,-1.111894213083413,-0.6686473569363136,-2.0398210143500615,,-0.960123908013148,mols/page_0028.png,3
544,[O][=N+1][Branch1][C][O-1][C][=C][N][=N][N][=N][C][=C][Branch1][=Branch1][N+1][=Branch1][C][=O][O-1][N+1][=Branch1][C][O-1][C][Branch1][=Branch1][N+1][Ring1][C][=O][O-1],O=[N+]=C[N+]([O-])C(=CN=NN=NC=C[N+](=O)[O-])[N+](=O)[O-],1.721719749037849,0.887877128611363,0.7348291741215748,0.869380576981451,0.007606407092019036,,0.7541894471850168,mols/page_0028.png,4
545,[C][C][=C][Branch1][#Branch2][N][Branch1][C][C][N+1][=Branch1][C][=O][O-1][C][Branch1][=Branch1][N+1][=Branch1][C][=O][O-1][=C][Branch1][=Branch1][N+1][=Branch1][C][=O][O-1][C][Branch1][=Branch1][N+1][=Branch1][C][=O][O-1][=C][Ring2][Ring1][Ring2][N+1][=Branch1][C][=O][O-1],Cc1c(N(C)[N+](=O)[O-])c([N+](=O)[O-])c([N+](=O)[O-])c([N+](=O)[O-])c1[N+](=O)[O-],1.755885732905358,0.1431406527712163,0.06429259587292571,0.2503931814541366,-0.12701165749497895,,0.13931441899319225,mols/page_0028.png,5
546,[O][=N+1][Branch1][C][O-1][N][C][N][Branch1][=Branch1][N+1][=Branch1][C][=O][O-1][C][C][Ring1][Branch2][C][C][Ring1][Ring2][N][Branch1][=Branch1][N+1][=Branch1][C][=O][O-1][C][N][Ring1][Branch2][N+1][=Branch1][C][=O][O-1],O=[N+]([O-])N1CN([N+](=O)[O-])C2C1C1C2N([N+](=O)[O-])CN1[N+](=O)[O-],1.6492669435287097,1.350611026613017,1.3559651372344845,1.5937775388802995,0.8864357359733199,,1.4027986301113273,mols/page_0028.png,6
547,[O][=N+1][Branch1][C][O-1][C][C][=N][N][=N][O][=N][N][=C][Branch1][=Branch1][N+1][=Branch1][C][=O][O-1],O=[N+]([O-])C=NNON=NN=CC[N+](=O)[O-],1.596601054988479,0.8255082504805604,0.6259081292350716,0.5868181526960159,-0.16027922752390086,,0.5815534332549243,mols/page_0028.png,7
548,[O][=N+1][Branch1][C][O-1][C][N][N][Branch1][=Branch1][N+1][=Branch1][C][=O][O-1],O=[N+]([O-])CNN[N+](=O)[O-],1.461790468830701,1.6905272260211222,1.4588319252491622,1.5976598873203574,-0.05788054981120331,,1.4206156877645937,mols/page_0028.png,8
549,[O][=N+1][Branch1][C][O-1][C][=C][C][Branch1][=Branch1][N+1][=Branch1][C][=O][O-1],O=[N+]([O-])C=CC[N+](=O)[O-],1.501790468830701,-0.06446597539789811,-0.367497234206943,-0.11836096052901869,-1.2772726674150379,,-0.28306245335432156,mols/page_0028.png,9
550,[O][=N+1][Branch1][C][O-1][C][N][C][=N][O][N+1][Branch1][=Branch1][=O][C][=O][NH1][N+1][=Branch1][C][=O][O-1],O=CO[N+]([O-])(O)ON=CNC[N+](=O)[O-],2.0763039679725397,0.2561797270626778,0.14902280558316858,-0.12720438605874237,-0.160918423326135,,0.03432703640535114,mols/page_0028.png,10
551,[N][/N+1][#Branch1][NH1][C][Branch1][=Branch1][N+1][=Branch1][C][=O][O-1][C][=C][Branch1][=Branch1][N+1][C][C][=O][O-1][N+1][=Branch1][C][O-1][C][Branch1][=Branch1][C][N+1][=Branch1][C][C][O-1][C][C],C[N+](N)[N+](=O)[O-],1.4718943340952075,-0.7028482258408117,-1.0943913609388232,-0.4007079973173757,-2.496846012947475,,-0.8592776969166066,mols/page_0028.png,11
552,[O][=N+1][Branch1][C][O-1][C][N][C][=C][Branch1][=Branch1][N+1][=Branch1][C][=O][O-1],O=[N+]([O-])C=CNC[N+](=O)[O-],1.4996683620478217,-0.31764961893306765,-0.5493890994011219,-0.3416761504310552,-1.292657449137777,,-0.4826958846697472,mols/page_0028.png,12
553,[O][=N+1][Branch1][C][O-1][C][=C][N][Branch1][=Branch1][N+1][=Branch1][C][=O][O-1][C][=N][N][Branch1][=Branch1][N][C][=N][C][Branch1][=Branch1][N+1][C][O-1][C][N][=N][N][Branch1][=N][C][=N][O][N+1][=Branch1][C][Branch1][O-1][C],C[N+]ON=CNNN(N=CN(C=C[N+](=O)[O-])[N+](=O)[O-])NC=NC[N+]C[O-],2.0036858610047386,-1.1799699864172568,-1.3876503773360844,-0.8874497085939552,-2.079868713032184,,-1.2048718456791359,mols/page_0028.png,13
554,[O][=N+1][Branch1][C][O-1][N][Branch2][Branch1][C][C][C][Branch2][Ring1][P][C][C][N][Branch2][Ring1][=Branch1][C][C][Branch1][=Branch1][N+1][=Branch1][C][=O][O-1][Branch1][=Branch1][N+1][=Branch1][C][=O][O-1][N+1][=Branch1][C][=O][O-1][N+1][=Branch1][C][=O][O-1][Branch1][=Branch1][N+1][=Branch1][C][=O][O-1][N+1][=Branch1][C][=O][O-1][C][C][Branch2][Ring1][P][C][C][N][Branch2][Ring1][=Branch1][C][C][Branch1][=Branch1][N+1][=Branch1][C][=O][O-1][Branch1][=Branch1][N+1][=Branch1][C][=O][O-1][N+1][=Branch1][C][=O][O-1][N+1][=Branch1][C][=O][O-1][Branch1][=Branch1][N+1][=Branch1][C][=O][O-1][N+1][=Branch1][C][=O][O-1],O=[N+]([O-])N(CC(CCN(CC([N+](=O)[O-])([N+](=O)[O-])[N+](=O)[O-])[N+](=O)[O-])([N+](=O)[O-])[N+](=O)[O-])CC(CCN(CC([N+](=O)[O-])([N+](=O)[O-])[N+](=O)[O-])[N+](=O)[O-])([N+](=O)[O-])[N+](=O)[O-],3.3308635222466276,1.3714472661679264,1.174304850400128,1.5028083384251425,0.06766754675443776,,1.2443281191875144,mols/page_0028.png,14
555,[O][=N+1][Branch1][C][O-1][C][N][C][N][C][Branch1][=Branch1][N+1][=Branch1][C][=O][O-1],O=[N+]([O-])CNCNC[N+](=O)[O-],1.518091503851731,-0.31532810894570784,-0.6346358087083755,-0.12896510048392207,-1.6053993017937211,,-0.4496169497864618,mols/page_0028.png,15
556,[O][=N+1][Branch1][C][O-1][C][=N][N][=C][Branch1][=Branch1][N+1][=Branch1][C][=O][O-1][N][N][=N][C][Branch1][=Branch1][N+1][C][C][Branch1][=Branch1][C][=O][O],O=CCC[N+]CN=NNC(=NN=C[N+](=O)[O-])[N+](=O)[O-],1.741719749037849,-0.8090484695265313,-0.9589537953065882,-0.7441574668267508,-1.4417480332393446,,-0.8838383562629146,mols/page_0028.png,16
557,[O][=N+1][Branch1][C][O-1][C][N][C][Branch1][=Branch1][N+1][=Branch1][C][=O][O-1][N][N][=C][Branch1][=Branch1][N+1][=N+1][C][O-1][C][C][Branch1][=Branch1],CC(=NNC(NC[N+](=O)[O-])[N+](=O)[O-])[N+]=[N+]C[O-],2.178407953408093,-0.2926762993126974,-0.5186380485641274,-0.24281821497376432,-1.2479308861638223,,-0.4247489615750942,mols/page_0028.png,17
558,[O][=N+1][Branch1][C][O-1][C][N][C][=N][N][=C][Branch1][=Branch1][N+1][=Branch1][C][=O][O-1][=N][C][=N][N][Branch1][=Branch1][N+1][=Ring2][C][O-1][C][C][C][Branch1][=Branch1][N+1][C][O-1][C][=N][N][Ring1][Branch1][C][=N][N][=N],C[N+]N(CC(=NC=NN=N)[N+]C[O-])N=CNC(=NN=CNC[N+](=O)[O-])[N+](=O)[O-],2.0926028435074597,-1.0900918041519732,-1.1740817867024762,-0.8743410732728183,-1.6627224303186003,,-1.0820520700546,mols/page_0028.png,18
559,[O][=N+1][Branch1][C][O-1][C][N][C][=N][N][=C][Branch1][=Branch1][N+1][=Branch1][C][=O][O-1],O=[N+]([O-])C=NN=CNC[N+](=O)[O-],1.5370246155449356,0.09202422389555906,-0.0960784527791381,0.05331854732919297,-0.7688928168063258,,-0.056575419969850146,mols/page_0028.png,19
560,[=N+1][Branch1][C][O-1][C][N][C][Branch1][=Branch1][N+1][=Branch1][C][=O][O-1][N][=N][Ring1][O][N+1][=Branch1][Ring1][O-1][C][C][=N][O][N][=C][Ring1][Branch1],O=[N+]([O-])C1N=N[N+]([O-])CN1,1.9196683620478219,1.7365866126671228,1.6361717584353013,1.5664904954095025,0.6645123412949616,,1.5362370250689033,mols/page_0029.png,0
561,[O][=N+1][Branch1][C][O-1][C][C][=N][N][N][=C][Branch1][=Branch1][N+1][=Branch1][C][=O][O-1][=C][C][Branch1][=Branch1][N+1][=N][C][=O][O-1],O=CN=[N+]CCC(=NNN=CC[N+](=O)[O-])[N+](=O)[O-],1.7198833105991516,-0.9604784841064236,-1.1142575900273108,-0.9824449984175736,-1.6002465509588528,,-1.0716866729963483,mols/page_0029.png,1
562,[C@@H1][=N+1][S][N][O-1][/C][#N][=Ring1][#N+1][Cl][/N][#N],[CH]=[N+]SN[O-],1.4767229808842466,-0.40625980894129604,-0.5807866531350551,-0.5165363181473674,-1.184518254335283,,-0.571827968211563,mols/page_0029.png,2
563,[N][=N+1][Branch1][C][O-1][C][=C][N][N][N][C][N][Branch1][=Branch1][N+1][=Branch1][C][=O][O-1][N][=N],N=NN(CNNNC=C[N+](=N)[O-])[N+](=O)[O-],1.596601054988479,-0.677098712695057,-0.9117312944268887,-0.5538108932914116,-1.647382955578012,,-0.7834701546548523,mols/page_0029.png,3
564,[O][=N+1][Branch1][C][O-1][C][N][C][=N][N][=N][NH1][Branch1][=Branch1][N+1][=Branch1][C][=O][O-1][C][N][Branch1][=Branch1][N+1][C][O-1][C][=N][N][=C][Branch1][=Branch1][N+1][N+1][C][=O][O-1],O=[N+]([O-])CNC=NN=NN[N+](=O)[O-],1.536437499842364,0.7762246753445007,0.5060942771393778,0.7021230057836283,-0.4762991015640994,,0.553799030278011,mols/page_0029.png,4
565,[O][=N+1][Branch1][C][O-1][C][N][N][N][C][=N][N][Branch1][=Branch1][N+1][=Branch1][C][=O][O-1],O=[N+]([O-])CNNNC=NN[N+](=O)[O-],1.536437499842364,0.10200161030485509,-0.19488351607174473,0.13830884162844992,-1.069169126805673,,-0.07481385247090976,mols/page_0029.png,5
566,[O][=N+1][Branch1][C][O-1][C][=N][N][N][N][C][N][Branch1][=Branch1][N+1][=Branch1][C][=O][O-1],O=[N+]([O-])C=NNNNCN[N+](=O)[O-],1.536437499842364,0.6436322805537502,0.35161841498232366,0.5553756082420886,-0.7291267561213568,,0.39805024156871827,mols/page_0029.png,6
567,[Ring1][N][/C][\N+1][=N+1][Branch1][Branch1][/N][=Branch1][=Branch2][O-1][/N+1][=N+1][C][N+1][=Branch1][C][=O][O-1][C][Branch1][=Branch1][N+1][=Branch1][C][O-1][=Branch1][C][=O][O][N+1][=Branch1][=Branch1][C][=O][=O][O-1],NC/[N+]=[N+](/[O-])N[O-],1.467846708163529,0.6772081498734742,0.3934769222116819,0.7589382869515766,-0.8932298699842092,,0.48192359580349886,mols/page_0029.png,7
568,[N][C][=C][Branch1][=Branch1][N+1][=Branch1][C][=O][O-1][C][=C][Branch1][=Branch1][N+1][=Branch1][C][=O][O-1][C][=C][Ring1][N][N+1][=Branch1][C][=O][O-1],Nc1c([N+](=O)[O-])cc([N+](=O)[O-])cc1[N+](=O)[O-],1.517308431519336,-0.7502738073660066,-0.655956669314975,-0.6827644177115462,-0.012471933078925931,,-0.6259105795627564,mols/page_0029.png,8
569,[N][C][N][N][Branch1][=Branch1][N+1][=Branch1][C][=O][O-1][C][Branch1][=Branch1][N+1][C][O-1][C][Branch1][N+1][=Branch1][C][O-1],NCNN(C([N+][O-])[N+]C[O-])[N+](=O)[O-],2.056437499842364,0.5984590743699296,0.31234272515644657,0.6169343400473535,-0.7787819840454886,,0.3965959874959866,mols/page_0029.png,9
570,[O][=N+1][Branch1][C][O-1][C][C][=N][N][Branch1][C][N][=C][N][=C][Branch1][=Branch1][N+1][=Branch1][C][=O][O-1][N][=N][O][=N+1][Branch1][=Branch1][N+1][C][O-1][C][=C][N][Branch2][Ring1][N][C][Branch1][=Branch1][N+1][Cl][C][O-1][C][N][Branch1][=Branch1][N+1],[N+]NC([N+]Cl)N[N+]([N+]C[O-])ON=NC(=NCN(N)N=CC[N+](=O)[O-])[N+](=O)[O-],2.5480084467297126,0.4974894951498079,0.3270768583728426,0.3473251675872419,-0.1439674894366192,,0.33067490647189746,mols/page_0029.png,10
571,[C][N][N][Branch1][C][N][=N][C][=N][N][Branch1][=Branch1][N+1][=Branch1][C][=O][O-1],CNN(N)NC=NN[N+](=O)[O-],1.498091503851731,-1.4960905120496795,-1.6330381540277163,-1.1723531845108348,-2.5139720522004385,,-1.5026206455437268,mols/page_0029.png,11
572,[O][=N+1][Branch1][C][O-1][C][N][N][C][=N][N][Branch1][=Branch1][N+1][=Branch1][C][=O][O-1][=C][Branch1][=Branch1][N+1][O-1][C][N][=C][Branch1][=Branch1][=Branch2][N+1][=Branch1][C][=N][O-1][Branch1][=Branch1][N+1][N][C][=O][O-1][C][Branch1][=Branch1][N+1],N=[N+]C([O-])([N+][O-])N(N=CNNC[N+](=O)[O-])[N+](=O)[O-],2.159883310599152,1.2045656582102362,1.0072113215262408,1.0609330518257956,0.008759898367315137,,0.9781934555011691,mols/page_0029.png,12
573,[C][O][N][C][Branch1][=Branch1][N+1][=Branch1][C][=O][O-1][N+1][=Branch1][C][=N][O-1],CONC([N+](=N)[O-])[N+](=O)[O-],1.979668362047822,-0.1715453289570037,-0.44382130916484686,-0.19256038600376393,-1.4349409652994602,,-0.3743599104619142,mols/page_0029.png,13
574,[N][N][O][=N+1][Branch1][C][O-1][C][C][N][Branch1][=Branch1][N+1][=Branch1][C][=O][O-1][N][C][=N][O][N+1][Branch1][C][O-1][N+1][=Branch1][C][N+1][=Branch1][C][N][O-1][N],[N+][N+](CN[O-])[N+]([O-])ON=CNN(CC[N+]([O-])ONN)[N+](=O)[O-],1.8292669435287097,0.5920798320357971,0.253579955915336,0.6309493044622246,-0.8699163663850983,,0.37680303213416333,mols/page_0029.png,14
575,[C][C][N][Branch1][=Branch1][N+1][=Branch1][C][=O][O-1][C][Branch1][C][O-1][C][=N][N][=N][N][Branch1][C],CCN(C([O-])C=NN=NN)[N+](=O)[O-],2.076437499842364,-1.2453454360274592,-1.4417997862311058,-0.9358268151362458,-2.418991474430144,,-1.2880161790621538,mols/page_0029.png,15
576,[O][=N+1][Branch1][C][O-1][C][N][N][N][C][N][Branch1][=Branch1][N+1][=Branch1][C][=O][O-1][C][=C][Branch1][=Branch1][N+1][S][C][O-1][C][Branch1][=Branch1][N+1],[N+]C(=CN(CNNNC[N+](=O)[O-])[N+](=O)[O-])[N+]SC[O-],1.721719749037849,-0.1776880993770262,-0.4615611697825239,-0.1576264147001099,-1.2105330336810003,,-0.3439161865380315,mols/page_0029.png,16
577,[O][=N+1][Branch1][C][O-1][C][N][N][=N][N][=N][N][N][Branch1][C][N][C][Branch1][=Branch1][N+1][=Branch1][C][=O][O-1][C][C][Branch1][=Branch1][C][=O][N],NN(NN=NN=NNC[N+](=O)[O-])C(CCC=O)[N+](=O)[O-],2.2439038473124215,-0.7386450456628255,-0.9035691953530384,-0.6792304507116688,-1.437328765710105,,-0.825978617109644,mols/page_0029.png,17
578,[O][=N+1][Branch1][C][O-1][C][=N][C][Branch1][=Branch1][N+1][=Branch1][C][=O][O-1],O=[N+]([O-])C=NC[N+](=O)[O-],1.481790468830701,1.2140575308556785,1.0176933566378705,1.0609124534373016,0.07080474914011568,,0.9893831781623194,mols/page_0029.png,18
579,[O][=N+1][Branch1][C][O-1][C][N][N][C][N][C][N][N][N][C][=N][N][Branch1][=Branch1][N+1][=Branch1][C][=O][O-1][N][=N][O],O=[N+]([O-])CNNCNCNNNC=NN(N=NO)[N+](=O)[O-],1.786423335035418,-0.9468840987185134,-1.1379776024416701,-0.6893039582673254,-1.7263420048493954,,-0.9695712090819155,mols/page_0029.png,19
580,[O][=N+1][Branch1][C][O-1][C][C][C][Branch1][=Branch1][N+1][=Branch1][C][=O][O-1][C][Branch1][=Branch1][C][=N][O][N+1][Branch1][C][O-1],O=[N+]([O-])CCC(CC=NO[N+][O-])[N+](=O)[O-],2.136601054988479,-0.719266133020455,-0.9960916175982705,-0.5663382958241753,-1.8519550006056849,,-0.84057025604492,mols/page_0030.png,0
581,[C][O][C][=Branch1][C][=O][O][C][C][Branch1][=Branch1][N+1][=Branch1][C][=O][O-1][Branch1][=Branch1][N+1][=Branch1][C][=O][O-1][N+1][=Branch1][C][=O][O-1],COC(=O)OCC([N+](=O)[O-])([N+](=O)[O-])[N+](=O)[O-],1.637308431519336,0.087792869312845,-0.04797084343727612,-0.33475822643446296,-0.2783798358343924,,-0.1517857676883322,mols/page_0030.png,1
582,[C][O][N][=C][Branch1][C][N][N][C][=N][N][Ring1][Branch1][N][N+1][=Branch1][C][=O][O-1],CON=C1NC=NN(N[N+](=O)[O-])N1,1.496437499842364,-0.7134132567409861,-0.7936196231304964,-0.5970988545025306,-1.116704722672971,,-0.72726823403618,mols/page_0030.png,2
583,[O][=N+1][Branch1][C][O-1][C][=N][C][=N][N][Branch1][=Branch1][N+1][=Branch1][C][=O][O-1][=C][Ring1][=Branch1],CN(N=CN=C[N+](=O)[O-])[N+](=O)[O-],1.5370246155449356,-0.40100400460443064,-0.6488004188688222,-0.3547323941988487,-1.4159610133174119,,-0.5459401648795938,mols/page_0030.png,3
584,[O][=N+1][Branch1][C][O-1][C][N][N][=N][C][Branch1][=Branch1][N+1][=Branch1][C][=O][O-1][N][=N][C],CN=NC(N=NNC[N+](=O)[O-])[N+](=O)[O-],2.0763039679725397,0.09864308062771017,-0.16281965549837782,0.11364316698903679,-1.026079737754299,,-0.0731948506974821,mols/page_0030.png,4
585,[O][=N+1][Branch1][C][O-1][C][N][=C][N][=C][Branch1][=Branch1][N+1][=Branch1][C][=O][O-1][N][=N][C][Branch1][=Branch1][N+1][Branch1][C][O-1],O=[N+]([O-])CN=CN=C(N=NC[N+][O-])[N+](=O)[O-],1.637308431519336,0.9775479069386899,0.7431091385951141,0.898540282640982,-0.2967634499702951,,0.7599040294428142,mols/page_0030.png,5
586,[O][=N+1][Branch1][C][O-1][C][N][C][N][=N][N][=N][C][Branch1][=Branch1][N+1][=Branch1][C][=O][O-1][C][Branch1][=Branch1][N],NCC(N=NN=NCNC[N+](=O)[O-])[N+](=O)[O-],2.137308431519336,-0.12307487153225269,-0.379663562685943,0.006785892139220506,-1.2299868722060843,,-0.24596893891946914,mols/page_0030.png,6
587,[O][=N+1][Branch1][C][O-1][C][=N][N][=C][Branch1][=Branch1][N+1][=Branch1][C][=O][O-1][N],NC(=NN=C[N+](=O)[O-])[N+](=O)[O-],1.498091503851731,1.26268275561292,1.239735798730414,1.13907124741343,0.48478811469436794,,1.1297119490206424,mols/page_0030.png,7
588,[O][=N+1][Branch1][C][O-1][C][=C][Branch1][C][O][C][Branch1][=Branch1][N+1][=Branch1][C][=O][O-1][=C][Branch1][C][O][C][Branch1][=Branch1][N+1][=Branch1][C][=O][O-1][=C][Ring1][=C][O],O=[N+]([O-])c1c(O)c([N+](=O)[O-])c(O)c([N+](=O)[O-])c1O,1.5598833105991516,0.30329027457605146,0.6814224130701219,-0.2851568591499441,2.3568762907002236,,0.3678030573215881,mols/page_0030.png,8
589,[O][=N+1][Branch1][C][O-1][O][C][C][N][C][=C][Branch1][=Branch1][N+1][=Branch1][C][=O][O-1][C][=C][Branch1][=Branch1][N+1][=Branch1][C][=O][O-1][C][Branch2][Branch1][Ring1][C][=N][N][=C][Branch2][Ring2][Branch2][C][=C][Branch1][=Branch1][N+1][=Branch1][C][=O][O-1][C][=C][Branch1][=Branch1][N+1][=Branch1][C][=O][O-1][C][Branch1][#Branch2][N][C][C][O][N+1][=Branch1][C][=O][O-1][=C][Ring2][Ring1][Ring1][N+1][=Branch1][C][=O][O-1][O][Ring2][Ring1][O][=C][Ring2][Ring2][#Branch1][N+1][=Branch1][C][=O][O-1],O=[N+]([O-])OCCNc1c([N+](=O)[O-])cc([N+](=O)[O-])c(-c2nnc(-c3c([N+](=O)[O-])cc([N+](=O)[O-])c(NCCO[N+](=O)[O-])c3[N+](=O)[O-])o2)c1[N+](=O)[O-],2.602434876452602,-0.5170095837054591,-0.4875464976835872,-0.4848085307919043,0.0091860289021379,,-0.44414382977380956,mols/page_0030.png,9
590,[O][=C][Branch2][Ring1][#Branch1][O][C][C][Branch1][=Branch1][N+1][=Branch1][C][=O][O-1][Branch1][=Branch1][N+1][=Branch1][C][=O][O-1][N+1][=Branch1][C][=O][O-1][N][Branch2][Ring2][S][C][C][N][Branch2][Ring2][Branch1][C][N][Branch2][Ring1][O][C][=Branch1][C][=O][O][C][C][Branch1][=Branch1][N+1][=Branch1][C][=O][O-1][Branch1][=Branch1][N+1][=Branch1][C][=O][O-1][N+1][=Branch1][C][=O][O-1][N+1][=Branch1][C][=O][O-1][N+1][=Branch1][C][=O][O-1][N+1][=Branch1][C][=O][O-1],O=C(OCC([N+](=O)[O-])([N+](=O)[O-])[N+](=O)[O-])N(CCN(CN(C(=O)OCC([N+](=O)[O-])([N+](=O)[O-])[N+](=O)[O-])[N+](=O)[O-])[N+](=O)[O-])[N+](=O)[O-],2.790265751340508,1.094622716189565,0.9902342321130547,0.8045552094356762,0.43896071450545443,,0.8869323923004708,mols/page_0030.png,10
591,[=N+1][Branch1][C][O-1][C][N][C][N][=N][N][=N][O][N][=C][Ring1][Branch2][N+1][=Branch1][C][=O][O-1][N+1][=Branch1][C][=N][C][N][=N],O=[N+]([O-])C1=NON=NN=NC1NC[N+][O-],2.0366010549884788,1.6564187056789177,1.5085928443709424,1.5041082758555333,0.5625618353516466,,1.449152381389843,mols/page_0030.png,11
592,[=N+1][Branch1][C][N][C][N][N][N][C][N][Branch1][=Branch1][N+1][=Branch1][C][=O][O-1][N][N][N][Branch1][N][C][N][=N][N][C][Branch1][=Branch1][N+1][C][O-1][C][Branch1][=Branch1][O][N+1][=Branch1][C][O-1][C][C][Branch1][=Branch1][=Branch1][N+1][=Branch1][O][=O][O-1][C][Branch1][=Branch2][N+1][=Branch1][C][N][N][Branch1][=Branch1][=Branch1],N[N+]CNNNCN(NNN(CN=NNC[N+]C[O-])O[N+]([O-])CC[N+]=O)[N+](=O)[O-],2.137462216552583,-0.34749300299054237,-0.7531981794057463,-0.12317337098868453,-1.796010673753824,,-0.5040432113699284,mols/page_0030.png,12
593,[O][=N+1][Branch1][C][O-1][C][N][C][=N][N][Branch1][=Branch1][N+1][=Branch1][C][=O][O-1][N+1][=Branch1][C][C][=O][O-1],C[N+](O[O-])N(N=CNC[N+](=O)[O-])[N+](=O)[O-],1.596601054988479,0.4620862714373263,0.13987785600838928,0.43611720793679776,-1.021485364861612,,0.2227893785499868,mols/page_0030.png,13
594,[O][=N+1][Branch1][C][O-1][C][C][C][Branch1][=Branch1][N+1][=Branch1][C][=O][O-1],O=[N+]([O-])CCC[N+](=O)[O-],1.501790468830701,-0.15493415901699145,-0.5531163930297667,-0.016372070020645307,-1.7881248098335405,,-0.3623739470033017,mols/page_0030.png,14
595,[O][=N+1][Branch1][C][O-1][C][C][N][C][Branch1][=Branch1][N+1][=Branch1][C][=O][O-1][C][Branch1][=Branch1][N][N+1][=Branch1][C][O-1][C][Branch1][C][N+1][=Branch1][C][Branch1][O-1][N][C][=N][N][Branch1][=Branch1][N+1][C][C][O-1][C][N][=N][C][Branch1][=Branch1],[N+]C([O-])C(N[N+][O-])C(NCC[N+](=O)[O-])[N+](=O)[O-],3.178407953408093,0.5954752858988661,0.2799415587238073,0.6691731966412081,-0.9116440969458893,,0.3953590801175627,mols/page_0030.png,15
596,[O][=N+1][Branch1][C][O-1][C][=N][N][=C][Branch1][=Branch1][N+1][=Branch1][C][=O][O-1][N][=C][Ring1][=Branch1][N+1][=Branch1][N+1][=Branch1][=O][O-1][C][Branch1][=Branch1][N+1],[N+]C[N+]([O-])C=NC(=NN=C[N+](=O)[O-])[N+](=O)[O-],1.637308431519336,1.3027164293644875,1.1364518502496288,1.2533134923293865,0.18230033416085437,,1.129347500251369,mols/page_0030.png,16
597,[/N][=N+1][#Branch1][=N+1][Branch1][C][O-1][C][N][Branch1][C][C][N][=N][N][Branch1][=Branch1][N+1][=Branch1][C][=O][O-1][N+1][=Branch1][C][C][=O][O-1],N=[N+]C[O-],1.482440063862291,-0.5884657396784924,-0.8781559458553432,-0.5965892682828321,-1.740225533596006,,-0.7793136820561923,mols/page_0030.png,17
598,[O][=N+1][Branch1][C][O-1][C][N][N][Branch1][=Branch1][N+1][=Branch1][C][=O][O-1][N+1][=Branch1][C],[N+]N(NC[N+](=O)[O-])[N+](=O)[O-],1.4596683620478217,1.6930019320990184,1.5490420774988711,1.7089762654880627,0.23569889842105854,,1.5176713984368035,mols/page_0030.png,18
599,[O][=C][Branch2][Ring1][Branch2][N][C][C][C][Branch1][=Branch1][N+1][=Branch1][C][=O][O-1][Branch1][=Branch1][N+1][=Branch1][C][=O][O-1][N+1][=Branch1][C][=O][O-1][N][Branch2][Ring1][#Branch1][C][C][C][Branch1][=Branch1][N+1][=Branch1][C][=O][O-1][Branch1][=Branch1][N+1][=Branch1][C][=O][O-1][N+1][=Branch1][C][=O][O-1][N+1][=Branch1][C][=O][O-1],O=C(NCCC([N+](=O)[O-])([N+](=O)[O-])[N+](=O)[O-])N(CCC([N+](=O)[O-])([N+](=O)[O-])[N+](=O)[O-])[N+](=O)[O-],2.227950530827869,1.0550949823472562,0.9145672008601918,0.9771088054317186,0.11368842000226508,,0.8946279099747759,mols/page_0030.png,19
600,[O][=N+1][Branch1][C][O-1][C][N][=N][C][=N][N][Branch2][Ring1][=N][C][=N][O][N+1][=Branch1][C][=O][O-1],O=[N+]([O-])CN=NC=NNC=NO[N+](=O)[O-],1.596601054988479,0.2253645298565181,0.013766989036090648,0.16898073767807031,-0.5789830908130432,,0.06947686571307599,mols/page_0031.png,0
601,[NH1][N][=N+1][Branch1][C][C][N][=N][N][N][C][=N][N][=C][Branch1][=Branch1][N+1][=Branch1][C][=O][O-1][C][N][=N][Ring1][Branch2][N][C][=N][O][N+1][=Branch1][C][O-1],C[N+](N=NNNC=NN=C(CN=N)[N+](=O)[O-])=N[NH],1.6798833105991515,-0.7963221953183277,-1.0009477359491392,-0.6632223683144794,-1.7209014934522187,,-0.8866965794878803,mols/page_0031.png,1
602,[O][=N+1][Branch1][C][O-1][C][C][C][Branch1][=Branch1][N+1][=Branch1][C][=O][O-1][C][Branch1][=Branch1][Ring1][C][O][N+1][=Branch1][C][O-1][C][N][=N][N][Branch1][=Branch1][N+1][N][C][N][N][C][Branch1][=Branch1][C][=O][N][C][Branch1],O=[N+]([O-])CCC(CC[O-])[N+](=O)[O-],2.0770246155449357,-1.083173625827543,-1.3626654679494539,-0.7887068554375979,-2.474190072846065,,-1.174361522903895,mols/page_0031.png,2
603,[O][=N+1][Branch1][C][O-1][C][C][C][Branch1][=Branch1][N+1][=Branch1][C][=O][O-1],O=[N+]([O-])CCC[N+](=O)[O-],1.501790468830701,-0.15493415901699145,-0.5531163930297667,-0.016372070020645307,-1.7881248098335405,,-0.3623739470033017,mols/page_0031.png,3
604,[O][=N+1][Branch1][C][O-1][C][C][N][=N][N][N][Branch1][=Branch1][N+1][=Branch1][C][=O][O-1][N+1][=Branch1][C][O-1][C][=Branch1][N+1][=Branch1][=Branch1][C][=O][=Branch1][N+1][=Branch1][N][=O][O-1],O=CC(N=O)[N+]([O-])N(NN=NCC[N+](=O)[O-])[N+](=O)[O-],2.2017197490378493,0.733816855000107,0.47554062689048027,0.5372024560977621,-0.4400669854868846,,0.4732136543630632,mols/page_0031.png,4
605,[C][C][=C][C][Branch1][=Branch1][N+1][=Branch1][C][=O][O-1][=C][Branch1][=Branch1][N+1][=Branch1][C][=O][O-1][C][Branch1][=Branch1][N+1][=Branch1][C][=O][O-1][=C][Ring1][#C][N+1][=Branch1][C][=O][O-1],Cc1cc([N+](=O)[O-])c([N+](=O)[O-])c([N+](=O)[O-])c1[N+](=O)[O-],1.601719749037849,-0.29584078060849617,-0.32117102143436305,-0.19279144618773972,-0.14280420205707428,,-0.24564994919151814,mols/page_0031.png,5
606,[O][=N+1][Branch1][C][O-1][C][=N][N][=N][O][N+1][Branch1][=Branch1][C][=O][O-1],O=C[N+]ON=NN=C[N+](=O)[O-],1.498091503851731,1.0239419681209394,0.8721388511564568,0.649022599201461,0.12799318123157405,,0.7464285626230909,mols/page_0031.png,6
607,[=N][O][N+1][Branch1][C][O-1][C][N][C][N][=N][O][C],CON=NCNC[N+]([O-])ON,1.518091503851731,-1.5303592990712145,-1.8724563197307678,-1.285116375574714,-2.9161878475258205,,-1.6563692396829635,mols/page_0031.png,7
608,[O][=N+1][Branch1][C][O-1][C][N][=N][C][Branch1][=Branch1][N+1][=Branch1][C][=O][O-1][N+1][=Branch1][C][O-1][C][Branch1][=Branch1],C[N+]([O-])C(N=NC[N+](=O)[O-])[N+](=O)[O-],2.056437499842364,0.6227489037402142,0.29767950283092026,0.7587376765592876,-1.0593093478792568,,0.42767123747857294,mols/page_0031.png,8
609,[O][=N+1][Branch1][C][O-1][C][C][N][C][Branch1][=Branch1][N+1][=Branch1][C][=O][O-1][N+1][=Branch1][C][=Branch1][=O][O-1],O=[N+]([O-])CCNC([N+][O-])[N+](=O)[O-],2.0370246155449356,0.8520606682649217,0.5272921616514509,0.8144079560016041,-0.6662737267480303,,0.6039740172049317,mols/page_0031.png,9
610,[/N][O][=N+1][Branch1][C][O-1][C][N][=N][C][Branch1][=Branch1][N+1][=Branch1][C][=O][O-1],NO[N+]([O-])CN=NC[N+](=O)[O-],1.498091503851731,0.8316612339732853,0.49000772630161904,0.8733027788253342,-0.7886638042064648,,0.6008719711782133,mols/page_0031.png,10
611,[O][O][=N+1][Branch1][C][O-1][C][N][C][N][N][Branch1][=Branch1][N+1][=Branch1][C][=O][O-1][C][Branch1][=Branch1][N+1][#C][C][O-1][N][N][=N],N=NC([N+]#CC[O-])N(NCNC[N+]([O-])OO)[N+](=O)[O-],2.221719749037849,-0.18714776156240678,-0.46569540248760133,-0.12150624489383612,-1.3706405615233737,,-0.3488773451223739,mols/page_0031.png,11
612,[O][=N+1][Branch1][C][O-1][C][C][N][Branch1][=Branch1][N+1][=Branch1][C][=O][O-1],O=[N+]([O-])CCN[N+](=O)[O-],1.481790468830701,1.0010866826548575,0.6086537846269532,1.023831324028679,-1.009227989420302,,0.711044847489894,mols/page_0031.png,12
613,[O][=N+1][Branch1][C][O-1][C][N][N][C][Branch1][=Branch1][N+1][=Branch1][C][=O][O-1][N+1][=Branch1][C][=N][O][N][=C][Branch1][=Branch1][N+1],[N+]C=NO[N+](=N)C(NNC[N+](=O)[O-])[N+](=O)[O-],2.1173084315193362,1.283965227882828,1.0388152195642364,1.1041260813334206,0.04716430056170112,,1.0270619744513045,mols/page_0031.png,13
614,[O][=N+1][Branch1][C][O-1][C][N][C][C][Branch1][=Branch1][N+1][=Branch1][C][=O][O-1][N][N][C][=N][O][N+1][Branch1][C][O-1],O=[N+]([O-])CNCC(NNC=NO[N+][O-])[N+](=O)[O-],2.1584079534080933,-0.3031282007921678,-0.5309628085830886,-0.20283719069803496,-1.2601466281620748,,-0.4156722914392356,mols/page_0031.png,14
615,[N][C][=C][Branch1][=Branch1][N+1][=Branch1][C][=O][O-1][C][=C][Branch1][=Branch1][N+1][=Branch1][C][=O][O-1][C][Branch1][C][O][=C][Ring1][=N][N+1][=Branch1][C][=O][O-1],Nc1c([N+](=O)[O-])cc([N+](=O)[O-])c(O)c1[N+](=O)[O-],1.538407953408093,-0.4408569855312629,-0.24331437686207605,-0.5576018923564093,0.7799949407449616,,-0.31608410346640237,mols/page_0031.png,15
616,[C][N][N][=C][Branch1][=Branch1][N+1][=Branch1][C][=O][O-1][C][Branch2][Ring1][N][C][=C][Branch1][=Branch1][N+1][=Branch1][C][=O][O-1][C][=C][Branch1][=Branch1][N+1][=Branch1][C][=O][O-1][C][=C][Ring1][N][N+1][=Branch1][C][=O][O-1][=C][Ring2][Ring1][#Branch1][N+1][=Branch1][C][=O][O-1],Cn1nc([N+](=O)[O-])c(-c2c([N+](=O)[O-])cc([N+](=O)[O-])cc2[N+](=O)[O-])c1[N+](=O)[O-],1.7280084467297125,-0.49716951154952516,-0.48611167010797046,-0.39618441208767957,-0.018681438659633495,,-0.40616220411540904,mols/page_0031.png,16
617,[O][=N+1][Branch1][C][O-1][C][=N][N][N][Branch1][=Branch1][N+1][=Branch1][C][=O][O-1][=C][Branch1][=Branch1][N+1][C][O-1][C][C][N][Branch1][=Branch1][N],NNC([N+]C[O-])N(NN=C[N+](=O)[O-])[N+](=O)[O-],2.1173084315193362,0.5466646545910265,0.3540562164197919,0.5130947291119028,-0.4957737568107121,,0.3808407337163945,mols/page_0031.png,17
618,[O][=N+1][Branch1][C][O-1][C][C][C][N][Branch1][=Branch1][N+1][=Branch1][C][=O][O-1][C][=N][N][N][=N][N][Branch1][=Branch1],NN=NNN=CN(CCC[N+](=O)[O-])[N+](=O)[O-],1.637308431519336,-0.630994545653361,-0.8945654287231439,-0.475788227795765,-1.742185978958797,,-0.7459238826083119,mols/page_0031.png,18
619,[O][=N+1][Branch1][C][O-1][C][N][N][C][=N][C][Branch1][=Branch1][N+1][=Branch1][C][=O][O-1][C][Branch1][=Branch1],CC(N=CNNC[N+](=O)[O-])[N+](=O)[O-],2.076437499842364,-1.5453120231285475,-1.698367846716535,-1.1988306217556082,-2.6089122210407063,,-1.5513434382675846,mols/page_0031.png,19
620,[O][=N+1][Branch1][C][O-1][C][N][C][N][N][Branch1][=Branch1][N+1][=Branch1][C][=O][O-1][C][Branch1][=Branch1][N+1][N][C][O-1][N][C][Branch1][=Branch1][=O],O=[N+]([O-])CNCNN(C(CO)[N+]NC[O-])[N+](=O)[O-],2.1998833105991515,-0.7925991375078038,-0.9980854274217345,-0.6986721949125909,-1.4854496788062688,,-0.8756849870780478,mols/page_0032.png,0
621,[O][=N+1][Branch1][C][O-1][C][Branch1][=Branch1][N+1][=Branch1][C][=O][O-1][N][C][=N][N][Branch1][=Branch1][N+1][C][C][=O][O-1],O=CC[N+]NN=CNC([N+](=O)[O-])[N+](=O)[O-],1.616601054988479,-0.653957461193307,-0.8379951475673035,-0.6969862615934654,-1.293480321894676,,-0.7811306890170064,mols/page_0032.png,1
622,[=N+1][Branch1][C][O-1][C][N][=N][N][Branch1][=Branch1][N+1][=Branch1][C][=O][O-1][C][Branch1][=Branch1][N+1][C][N][O-1][=Branch1][=Branch1][=Branch1][C][=O][O],O=CC([N+]CN[O-])N(N=NC[N+][O-])[N+](=O)[O-],2.137308431519336,0.2643651120231861,-0.0027201125095540515,0.12199223119490535,-0.915709480209141,,0.022637194335456037,mols/page_0032.png,2
623,[O][=N+1][Branch1][C][O-1][O][C][C][N][C][=C][Branch1][=Branch1][N+1][=Branch1][C][=O][O-1][C][Branch2][=Branch1][Branch1][C][=N][N][=C][Branch2][Branch1][#Branch2][C][=C][Branch1][=Branch1][N+1][=Branch1][C][=O][O-1][C][Branch1][#Branch2][N][C][C][O][N+1][=Branch1][C][=O][O-1][=C][Branch1][=Branch1][N+1][=Branch1][C][=O][O-1][C][Branch1][P][N][Branch1][=Branch2][C][C][O][N+1][=Branch1][C][=O][O-1][N+1][=Branch1][C][=O][O-1][=C][Ring2][Ring1][=N][N+1][=Branch1][C][=O][O-1][O][Ring2][Ring2][Branch1][=C][Branch1][=Branch1][N+1][=Branch1][C][=O][O-1][C][Branch1][P][N][Branch1][=Branch2][C][C][O][N+1][=Branch1][C][=O][O-1][N+1][=Branch1][C][=O][O-1][=C][Ring2][Branch1][O][N+1][=Branch1][C][=O][O-1],O=[N+]([O-])OCCNc1c([N+](=O)[O-])c(-c2nnc(-c3c([N+](=O)[O-])c(NCCO[N+](=O)[O-])c([N+](=O)[O-])c(N(CCO[N+](=O)[O-])[N+](=O)[O-])c3[N+](=O)[O-])o2)c([N+](=O)[O-])c(N(CCO[N+](=O)[O-])[N+](=O)[O-])c1[N+](=O)[O-],3.620290765159798,0.15388166277026316,0.08389530475885673,0.16918179586141358,0.17176829758036416,,0.14429378998488182,mols/page_0032.png,3
624,[C][C][Branch2][Ring1][=N][C][N][C][=Branch1][C][=O][C][C][C][Branch1][=Branch1][N+1][=Branch1][C][=O][O-1][Branch1][=Branch1][N+1][=Branch1][C][=O][O-1][N+1][=Branch1][C][=O][O-1][Branch1][=Branch1][N+1][=Branch1][C][=O][O-1][N+1][=Branch1][C][=O][O-1],CC(CNC(=O)CCC([N+](=O)[O-])([N+](=O)[O-])[N+](=O)[O-])([N+](=O)[O-])[N+](=O)[O-],1.9158857329053582,-0.3302525506478651,-0.4723121552099748,-0.3189023929957073,-0.9795274258509742,,-0.4261548762478403,mols/page_0032.png,4
625,[O][=N+1][Branch1][C][O-1][C][=N][C][=N][N][=N][N][=C][Branch1][=Branch1][N+1][=Branch1][C][=O][O-1][N+1][=Branch1][C][=N][O-1][N][=N][C][Branch1][=Branch1][N+1][=O][C],N=[N+]([O-])C(=NN=NN=CN=C[N+](=O)[O-])[N+](=O)[O-],1.6384079534080929,1.4545769642398358,1.3661079499762778,1.2954067470078556,0.5612601779995875,,1.2794599451571294,mols/page_0032.png,5
626,[C][C][=C][Branch1][=Branch1][N+1][=Branch1][C][=O][O-1][C][=C][Branch1][=Branch1][N+1][=Branch1][C][=O][O-1][C][Branch2][Ring1][N][C][=C][Branch1][=Branch1][N+1][=Branch1][C][=O][O-1][C][=C][Branch1][=Branch1][N+1][=Branch1][C][=O][O-1][C][=C][Ring1][N][N+1][=Branch1][C][=O][O-1][=C][Ring2][Ring1][O][N+1][=Branch1][C][=O][O-1],Cc1c([N+](=O)[O-])cc([N+](=O)[O-])c(-c2c([N+](=O)[O-])cc([N+](=O)[O-])cc2[N+](=O)[O-])c1[N+](=O)[O-],1.9135115308278692,-0.907473422401794,-0.7803532175877332,-0.866844155443124,-0.10001726772438177,,-0.7786960489470696,mols/page_0032.png,6
627,[O][=N+1][Branch1][C][O-1][C][=N][N][=N][N][Branch2][Ring1][=Branch1][C][N][C][Branch1][=Branch1][N+1][=Branch1][C][=O][O-1],O=[N+]([O-])C=NN=NNCNC[N+](=O)[O-],1.5763039679725397,0.3127538648663176,0.07258853126783202,0.32141597719026926,-0.8074245683559462,,0.1441595330740505,mols/page_0032.png,7
628,[Branch1][C][N][=N][N][C][Branch1][=Branch1][N+1][=Branch1][C][=O][O-1],CN=NNC[N+](=O)[O-],1.4844996950521225,-0.7399436771379881,-1.0116044929405243,-0.579616196163806,-2.0947881798031047,,-0.8792123389654609,mols/page_0032.png,8
629,[O][=N+1][Branch1][C][O-1][C][=N][C][=N][N][Branch1][=Branch1][N+1][=Branch1][C][=O][O-1][N][Branch1][=Branch1][C][=O][C][N][=N][C][Branch1][=Branch1][N+1][#C][C][=N][N][=C][Branch1][=Branch1][N+1][=N+1][C][O-1][N][C][=N][N][Branch2][Ring1][=N][N][C][=N][O][N+1][Branch1][C][O-1][N][=N][C][=N][C][Branch1][C][N+1][=Branch1][C],[N+]CN=CN=N[N+]([O-])ON=CNNN=CC([N+]=[N+]C[O-])=C([N+]#CC=NN)N(C=O)N(N=CN=C[N+](=O)[O-])[N+](=O)[O-],2.6467906006930217,-0.5750748301236537,-0.67007943566144,-0.4991812802590946,-0.8648909649054642,,-0.5974501750404577,mols/page_0032.png,9
630,[Branch1][C][N][N][=N][O][N][=C][Branch2][Branch1][=Branch1][C][N][=N][N][=N][O][Branch1][=Branch1][N+1][=Branch1][C][=O][O-1][N+1][=Branch1][C][O-1][O-1][N][=C][Ring1][P][N+1][=Branch1][C][=C][=O][O-1][N][=N][Ring1][#Branch2][N][N+1][Branch1][C][C][O-1][=N][N][=C][Ring1][N][C][Branch1][=Branch1][N+1][N][N][=C][N][N][Ring1][O][N+1][=N][C][C][Branch2][Ring1][=Branch1][C][=N][O],CNN=NON=C(CN=NN=NO[N+](=O)[O-])O[N+]=NCCC=NO,1.9158857329053582,-0.6987347144046642,-0.878692249394849,-0.5753733759251037,-1.3751332998344792,,-0.7620194213033676,mols/page_0032.png,10
631,[O][=N+1][Branch1][C][O-1][C][N][C][=N][C][Branch1][=Branch1][N+1][=Branch1][C][=O][O-1][N][C][Branch1][=Branch1][C][=Branch1][C][=N][O][N][=C][Branch1][=Branch1][N+1][=N][C][=O][O-1][=C][Branch1][=Branch1][C][N][N][=N][N][=N][N][Branch1][=Branch1][N+1][N][C][=N][N][=C][Branch1][Branch2][N+1][=Branch1][C][=N][O-1][C][Branch1][=Branch1],N=C(O)C(N=C([N+]=NC=O)C(CNN=NN)=NN(C[N+](=N)[O-])[N+]NC=NN)NC(N=CNC[N+](=O)[O-])[N+](=O)[O-],3.5993737172742675,-0.7768937885543993,-0.838499189845648,-0.8182185248657431,-0.8182908969939267,,-0.8129647442457018,mols/page_0032.png,11
632,[O][=N+1][Branch1][C][O-1][C][=C][C][Branch1][=Branch1][N+1][=Branch1][C][=O][O-1][=C][Branch2][Ring2][=Branch2][N][C][=N][NH1][C][Branch2][Ring1][=N][N][C][=C][Branch1][=Branch1][N+1][=Branch1][C][=O][O-1][C][=C][Branch1][=Branch1][N+1][=Branch1][C][=O][O-1][C][=C][Ring1][N][N+1][=Branch1][C][=O][O-1][=N][Ring2][Ring1][Branch1][C][Branch1][=Branch1][N+1][=Branch1][C][=O][O-1][=C][Ring2][Ring2][C],O=[N+]([O-])c1cc([N+](=O)[O-])c(Nc2n[nH]c(Nc3c([N+](=O)[O-])cc([N+](=O)[O-])cc3[N+](=O)[O-])n2)c([N+](=O)[O-])c1,2.025174135090663,-0.7530109108502576,-0.6249670129127567,-0.7516463244174693,0.1703796998030969,,-0.6281150407274315,mols/page_0032.png,12
633,[O][=N+1][Branch1][C][O-1][C][Branch1][=Branch1][N+1][=Branch1][C][=O][O-1][C][Branch1][C][N][=N][C][Branch1][=Branch1],CN=C(N)C([N+](=O)[O-])[N+](=O)[O-],1.518091503851731,-0.2694910530362293,-0.49575044057141926,-0.3324968816106691,-1.0701303695350866,,-0.43132216299968845,mols/page_0032.png,13
634,[O][=N+1][Branch1][C][O-1][C][=C][C][Branch1][=Branch1][N+1][=Branch1][C][=O][O-1][=C][C][Branch1][=Branch1][N+1][=Branch1][C][=O][O-1][=C][Ring1][N],O=[N+]([O-])c1cc([N+](=O)[O-])cc([N+](=O)[O-])c1,1.496601054988479,-0.9103849337429634,-0.8082211976995458,-0.8683603759527014,-0.2654734684865995,,-0.8035430300903679,mols/page_0032.png,14
635,[C][C][=C][Branch1][=Branch1][N+1][=Branch1][C][=O][O-1][C][=C][Branch1][=Branch1][N+1][=Branch1][C][=O][O-1][C][Branch1][C][N][=C][Ring1][=N][N+1][=Branch1][C][=O][O-1],Cc1c([N+](=O)[O-])cc([N+](=O)[O-])c(N)c1[N+](=O)[O-],1.558407953408093,-1.338383385862679,-1.2364047937347322,-1.0878590426996497,-0.8200529712456794,,-1.1608459591037807,mols/page_0032.png,15
636,[O][=N+1][Branch1][C][O-1][C][=N][C][=N][N][Branch1][=Branch1][N+1][=Branch1][C][=O][O-1][=C][N][C][Branch1][=Branch1][N+1][C][N][Branch1][=Branch1][C][N+1][=Branch1][C][=N][O-1][C][Branch1][=Branch1][N][C][=N][N][C][Branch1][C][N+1][=Branch1][N][=N][C][C][N][Branch1][Ring1][C][=N][O][N+1][=Branch1][C][O-1][=N][N][Branch1][C][C],N=[N+]CNC[N+]C([O-])NCN(N=CN=C[N+](=O)[O-])[N+](=O)[O-],2.2864233350354186,-0.5408751777481045,-0.7950554089613953,-0.4634726304316458,-1.464013353683834,,-0.6657730342184166,mols/page_0032.png,16
637,[O][=N+1][Branch1][C][O-1][C][C][Branch1][=Branch1][N+1][=Branch1][C][=O][O-1][C][N][N][Branch1][=Branch1][N+1][C][C][O-1][C][Branch1][=Branch1],O=[N+]([O-])CC(CNN[N+]CC[O-])[N+](=O)[O-],2.136601054988479,-0.7805092162910592,-1.1155866901034777,-0.47518997894733167,-2.208765852737883,,-0.8849765534513552,mols/page_0032.png,17
638,[C][=N][O][=N+1][Branch1][C][O-1][C][C][Branch1][=Branch1][N+1][=Branch1][C][=O][O-1][C][Branch1][=Branch1],C=NO[N+]([O-])CC(C)[N+](=O)[O-],2.038091503851731,-1.3972994597990835,-1.7008027733881572,-0.9957829027584694,-3.009919422004393,,-1.4738306616006374,mols/page_0032.png,18
639,[C][C][Branch1][=Branch1][N+1][=Branch1][C][=O][O-1][N+1][=Branch1][C],CC([N+])[N+](=O)[O-],1.9918943340952078,-1.0282972149554377,-1.3990635171634138,-0.8487019008815383,-2.5844929821745124,,-1.2047702415997794,mols/page_0032.png,19
640,[O][=N+1][Branch1][C][O-1][C][C][N][=N][N][=N][N][N][=N][C][Branch1][=Branch1][N+1][=Branch1][C][=O][O-1][N+1][=Branch1][C][O-1][C][=O][Branch1][=Branch1][N+1][C][=O][O-1][N][=N][O],O=C[N+]([O-])C(N=NNN=NN=NCC[N+](=O)[O-])[N+](=O)[O-],2.2439038473124215,0.9786037815319256,0.8014962717656714,0.7772981679655115,-0.10713168843507216,,0.7452311116670967,mols/page_0033.png,0
641,[F][N][=N+1][Branch1][C][O-1][C][C][N][=N][C][Branch1][=Branch1][N+1][=Branch1][C][=O][O-1][C][Branch1][=Branch1][N][N+1][=Branch1][C][O-1][N][=N][O][N+1][Branch1][O-1],[N+]ON=NC(N[N+][O-])C(N=NCC[N+]([O-])=NF)[N+](=O)[O-],2.743903847312421,1.2378241366552079,1.0184478229632505,1.115851042297028,-0.12734594955246922,,0.9976738118681789,mols/page_0033.png,1
642,[N][C][=N][O][N+1][Branch1][C][O-1][C][N][N][N][=N][N][=N][N][C][Branch1][=Branch1][N+1][=Branch1][C][=O][O-1],NC=NO[N+]([O-])CNNN=NN=NNC[N+](=O)[O-],1.6598833105991515,0.7007579242833213,0.3739623728116971,0.6469542523220345,-0.5842203330470574,,0.4690397418978627,mols/page_0033.png,2
643,[O][=N+1][Branch1][C][O-1][C][N][C][Branch1][=Branch1][N+1][=Branch1][C][=O][O-1][C][Branch1][=Branch1][N][C][=N][N][Branch1][=Branch1][N+1][Branch1][C][O-1][N][N][=N][C][=N][C][N][Branch1][=Branch1][N][=Branch1][C][=O][N][C][=N][O][N+1][Branch1][C],[N+]ON=CN(CN=CN=NC(NC=NN[N+](N)[O-])C(NC[N+](=O)[O-])[N+](=O)[O-])N(N)O,3.182580134081158,-0.7116243977761068,-0.8993669265229373,-0.5653594245796578,-1.3272046352841982,,-0.7616120644350439,mols/page_0033.png,3
644,[O][=N+1][Branch1][C][O-1][C][N][N][C][=N][N][=C][Branch1][=Branch1][N+1][=Branch1][C][=O][O-1][C][Branch1][=Branch1][N+1][=N][N][=O][O-1],O=NN=[N+]CC(=NN=CNNC[N+](=O)[O-])[N+](=O)[O-],1.6798833105991515,0.2701276418902874,0.029289446931164847,0.18977928877326886,-0.6632197912484672,,0.08444400858982387,mols/page_0033.png,4
645,[=N+1][Branch1][C][O-1][C][N][=C][N][N][Branch1][=Branch1][N+1][=Branch1][C][=O][O-1],O=[N+]([O-])NNC=NC[N+][O-],1.4796683620478217,0.35802134556739146,0.06978659282319478,0.33494687947553237,-1.058797501432257,,0.1350509862446338,mols/page_0033.png,5
646,[O][=N+1][Branch1][C][O-1][C][N][=N][N][=N][C][Branch1][=Branch1][N+1][=Branch1][C][=O][O-1][C][Branch1][=Branch1][Ring1][N][N+1][=Branch1][C][O-1][C][O-1][N][Branch1][=Branch1][N+1][=Ring2][C][=O][O-1][=C][Branch1][=Branch1][N+1][#C][C][=O][O-1][N][=N][Ring1][Branch1][N][=C][Ring2][Ring1][=Branch2],O=[N+]([O-])CN=NN=NC(C[O-])[N+](=O)[O-],2.0763039679725397,0.9876934162370874,0.7913726241295186,0.8332505557719845,-0.02940694829903747,,0.7751260375705415,mols/page_0033.png,6
647,[O][=N+1][Branch1][C][O-1][C][C][N][C][=N][N][=N][N][=N][C][=N][O][C][Branch1][=Branch1][N+1][=Branch1][C][=O][O-1],O=[N+]([O-])CCNC=NN=NN=NC=NOC[N+](=O)[O-],1.721719749037849,-0.4148191494869087,-0.6344109381355273,-0.31672478509905194,-1.2595049833337784,,-0.5149479342786076,mols/page_0033.png,7
648,[O][=N+1][Branch1][C][O-1][C][C][N][Branch1][=Branch1][N+1][=Branch1][C][=O][O-1][N][Branch2][Branch1][=Branch1][N+1][=N][C][N][N][C][N][=N][C][Branch1][=Branch1][N+1][=Branch2][C][O-1][N][C][=N][C][=N][C][Branch1],CN=CN=CC(N=NCNNCN=[N+]NN(CC[N+](=O)[O-])[N+](=O)[O-])[N+]N,2.5036858610047386,-1.366228150154386,-1.5950187368765723,-1.0433835396127484,-2.340712029891021,,-1.391736340591941,mols/page_0033.png,8
649,[/N][=N+1][Branch1][C][O-1][C][=N][N][=N][N][Branch1][=Branch1][N+1][=Branch1][C][=O][O-1][N+1][=Branch1][C][C@@H1][O-1][C],[CH][N+]([O-])N(N=NN=C[N+](=N)[O-])[N+](=O)[O-],1.5563039679725397,1.577240681121871,1.4249403524345488,1.4698912180296801,0.3634731596772392,,1.374849061568701,mols/page_0033.png,9
650,[O][=N+1][Branch1][C][O-1][C][N][C][=N][N][N][Branch1][=Branch1][N+1][=Branch1][C][=O][O-1][N+1][=Branch1][C][O-1],O=[N+]([O-])CNC=NNN([N+][O-])[N+](=O)[O-],1.5563039679725397,1.0156238132152995,0.8120613556684098,0.8794307994022885,-0.32171657651804875,,0.7765219543300379,mols/page_0033.png,10
651,[O][=N+1][Branch1][C][O-1][C][C][N][Branch1][=Branch1][N+1][=Branch1][C][=O][O-1],O=[N+]([O-])CCN[N+](=O)[O-],1.481790468830701,1.0010866826548575,0.6086537846269532,1.023831324028679,-1.009227989420302,,0.711044847489894,mols/page_0033.png,11
652,[O][=N+1][Branch1][C][O-1][C][=N][N][=N][C][Branch1][=Branch1][N+1][=Branch1][C][=O][O-1][N+1][=Branch1][C][N+1][=Branch1][C][Cl][O-1][C][Branch1][=Branch1][N][O][C][N][=C][Branch1][=Branch1][N+1][=Branch2][C][=N][N][Branch1][=Branch1][N+1][=N][C][=O][O-1][C][Branch1][C],[N+][N+](CCl)C(N=NN=C[N+](=O)[O-])[N+](=O)[O-],2.0966010549884793,0.9133391044794957,0.8687082972468121,0.8059187331957657,0.3429613418932849,,0.8021754778992117,mols/page_0033.png,12
653,[O-1][N+1][O][N][=C][C][=Ring1][Branch1][C][=N][O][N+1][Branch1][C][O-1][=C][Ring1][=Branch1][C][=N][O][N+1][Branch1][C][O-1][=C][Ring1][=C][Ring1][=Branch1],[O-][n+]1onc2c1c1no[n+]([O-])c1c1no[n+]([O-])c21,1.1798833105991513,1.9072957660252925,2.387973495294396,2.416858693307403,3.0834349751381906,,2.3489042901667023,mols/page_0033.png,13
654,[O][=N+1][Branch1][C][O-1][C][=C][N][Branch1][=Branch1][N+1][=Branch1][C][=O][O-1][C][=N][Ring1][Branch2],O=[N+]([O-])c1cn([N+](=O)[O-])cn1,1.3580915038517312,-0.21772570123347926,-0.22755746584133338,-0.33585083660675147,0.06322011542548293,,-0.23933911486885545,mols/page_0033.png,14
655,[O][=N+1][Branch1][C][O-1][C][=N][C][Branch1][=Branch1][N+1][=Branch1][C][=O][O-1][N][C][=N][N][Branch1][=Branch1][N+1][=C][C][=O],O=CC=[N+]NN=CNC(N=C[N+](=O)[O-])[N+](=O)[O-],2.178407953408093,-0.8191264154208975,-0.9176018857029932,-0.9989371429443711,-0.9670508625770974,,-0.9304620187164307,mols/page_0033.png,15
656,[O][=N+1][Branch1][C][O-1][C][N][C][N][N][Branch1][=Branch1][N+1][=Branch1][C][=O][O-1][N][N][=N][N][Branch1][=Branch1][C][=O][N][N][=C][Branch1][=Branch1][N+1][#C][N][=C][N][Branch1][=Branch1][N][N+1][=Branch1][C][O-1][C][Branch1][=Branch1][N+1][Branch1][C][O-1][O][C][N][C][Branch1][=Branch1],CNCC(N(C=NC#[N+]N(C=O)N=NNN(NCNC[N+](=O)[O-])[N+](=O)[O-])N[N+][O-])[N+]([O-])O,2.773567675943147,-0.3318560030621464,-0.6418067524021861,-0.26553778969155206,-1.327078510441995,,-0.48233865578690344,mols/page_0033.png,16
657,[O][=C][N][C][C][Branch2][Ring1][C][N][Branch1][=Branch1][N+1][=Branch1][C][=O][O-1][C][N][Ring1][Branch2][N+1][=Branch1][C][=O][O-1][N][Ring1][=C][N+1][=Branch1][C][=O][O-1],O=C1NC2C(N([N+](=O)[O-])CN2[N+](=O)[O-])N1[N+](=O)[O-],2.559883310599151,1.1573388387922503,1.2658942514190965,0.9397379552110179,1.2295259195920438,,1.1046560465964483,mols/page_0033.png,17
658,[O][=N+1][Branch1][C][O-1][C][C][Branch1][=Branch1][N+1][=Branch1][C][=O][O-1],O=[N+]([O-])CC[N+](=O)[O-],1.4844996950521225,1.2052161523792833,0.9237830613258409,1.1773654427879254,-0.29954187003786076,,0.9732417935376652,mols/page_0033.png,18
659,[N][O][=N+1][Branch1][C][C][N][C][N][C][=N][NH1][N][N][=N][C][Branch1][=Branch1][N+1][=Branch1][C][=O][O-1][C][Branch1][=Branch1][C][N+1][=Branch1][C][Cl][=O][O-1][N][=N][Ring2][Ring2][Ring1][Ring2][Ring1][#C][Ring2],C[N+](NCNC=NNNN=NC(C(=O)C[N+]Cl)[N+](=O)[O-])ON,2.3292669435287103,-1.5356645975296377,-1.6148498299380523,-1.4458966491732934,-1.9530458984011676,,-1.5612918563763567,mols/page_0033.png,19
660,[O][=N+1][Branch1][C][O-1][C][C][N][C][=N][N][Branch1][=Branch1][N+1][=Branch1][C][=O][O-1][C],CN(N=CNCC[N+](=O)[O-])[N+](=O)[O-],1.576437499842364,-1.379234105430441,-1.595066330222246,-1.1047730063995194,-2.645481078201474,,-1.4500324192931269,mols/page_0034.png,0
661,[O][=N+1][Branch1][C][O-1][C][=C][C][Branch1][=Branch1][N+1][=Branch1][C][=O][O-1][=C][Branch2][Ring1][N][N][N][=N][C][=C][Branch1][=Branch1][N+1][=Branch1][C][=O][O-1][C][=C][Branch1][=Branch1][N+1][=Branch1][C][=O][O-1][C][=C][Ring1][N][Ring1][#C][C][Branch1][=Branch1][N+1][=Branch1][C][=O][O-1][=C][Ring2][Ring1][O],O=[N+]([O-])c1cc([N+](=O)[O-])c(-n2nnc3c([N+](=O)[O-])cc([N+](=O)[O-])cc32)c([N+](=O)[O-])c1,1.7025801340811582,-0.7253476250042629,-0.5621770161397279,-0.7004199233971984,0.3179849495979403,,-0.5702506346850831,mols/page_0034.png,1
662,[O][=N+1][Branch1][C][O-1][C][N][N][=N][C][=N][N][C][Branch1][=Branch1][N+1][=Branch1][C][=O][O-1][C][Branch1][=Branch1][C][C][N][Branch1][=Branch1][N+1][N+1][=Branch1][C],[N+][N+]NCCCC(NN=CN=NNC[N+](=O)[O-])[N+](=O)[O-],2.263903847312421,-0.9714268980434274,-1.2348453929724523,-0.6664491506511643,-2.0279640546699214,,-1.0209441384814277,mols/page_0034.png,2
663,[O][=N+1][Branch1][C][O-1][C][N][=N][C][Branch1][=Branch1][N+1][=Branch1][C][=O][O-1][N+1][=Branch1][C][O-1][=Branch1][=Branch1][N+1][=Branch1][=O][O-1][C][=C][Branch1][=Branch1][N+1],[N+]C=C[N+]([O-])[N+]([O-])C(N=NC[N+](=O)[O-])[N+](=O)[O-],2.1584079534080933,1.3367919536256534,1.1557677213878075,1.3755420906972962,0.05284359199994243,,1.1786411142322781,mols/page_0034.png,3
664,[O][=N+1][Branch1][C][O-1][C][C][Branch1][=Branch1][N+1][=Branch1][C][=O][O-1][N+1][=Branch1][C],[N+]C(C[N+](=O)[O-])[N+](=O)[O-],1.981790468830701,1.3183267181796618,1.1573871728144274,1.2772819562973843,0.15159566990602452,,1.1450008222580783,mols/page_0034.png,4
665,[O][=N+1][Branch1][C][O-1][C][N][C][Branch1][=Branch1][N+1][=Branch1][C][=O][O-1][C][Branch1][=Branch1][C][=N][N][Branch1][=Branch1][N+1],[N+]NN=CCC(NC[N+](=O)[O-])[N+](=O)[O-],2.0963039679725397,-0.5063494926670546,-0.7946487893033899,-0.2781529592709422,-1.704970578917609,,-0.607007812092749,mols/page_0034.png,5
666,[N][O][=N+1][Branch1][C][O-1][C][N][N][N][=N][O][N+1][C][O],NO[N+]([O-])CNNN=NO[N+]CO,1.536437499842364,0.04295905139113584,-0.21326029703354013,-0.15906203281992834,-0.910402440732354,,-0.19724036861180783,mols/page_0034.png,6
667,[O][=N+1][Branch1][C][O-1][C][C][N][Branch1][=Branch1][N+1][=Branch1][C][=O][O-1][C][Branch1][=Branch1][N+1][Branch1][C][O-1][N][=N][N][Branch1][=Branch1][N][N][C][C][Branch1][=Branch1][C][N+1][=Branch1][C][=Branch1][O-1][N+1][=Branch1][C][O-1][C][=O][N][=N][N][=N][Ring1],[N+][N+]CCCNNN(C[O-])N=C(N(CC[N+](=O)[O-])[N+](=O)[O-])[N+](N)[O-],1.9158857329053582,-0.0269431462891739,-0.3704825188288741,0.2774675241741808,-1.6380619623852797,,-0.15217560284836767,mols/page_0034.png,7
668,[O][=N+1][Branch1][C][O-1][C][C][N][Branch1][=Branch1][N+1][=Branch1][C][=O][O-1][C][=N][C][Branch1][=Branch1][N+1][C][=O][O-1][N+1][=Branch1][C][O-1],O=C[N+]C([O-])N=CN(CC[N+](=O)[O-])[N+](=O)[O-],2.157308431519336,-0.5101157596313196,-0.7292782110558713,-0.5773570902952833,-1.4963686615045866,,-0.6904281949403697,mols/page_0034.png,8
669,[O][=N+1][Branch1][C][O-1][C][C][N][N][=N][N][Branch1][=Branch1][N+1][=Branch1][C][=O][O-1][N][C][N][=C][Branch1][=Branch1][N+1][=N][C][O-1][C][Branch1][=Branch1][N+1][O-1][C][O-1][C][N][N][=C][Branch1][N+1][=Branch1][C][N][O-1][C][Branch1][C][N][=N][N][=C][Branch1][=N][N+1][=Branch1][C][Branch1][O-1][C][=C][Branch1][=Branch1],O=[N+]([O-])CCNN=NN(NCN=C([N+][O-])[N+]=NC[O-])[N+](=O)[O-],1.8292669435287097,0.9561161666831312,0.6493649408653018,0.894209247564599,-0.6348490488309138,,0.6955690710298565,mols/page_0034.png,9
670,[O][=N+1][Branch1][C][O-1][C][C][N][=N][O][N+1][=Branch1][C][=O][O-1],O=[N+]([O-])CCN=NO[N+](=O)[O-],1.498091503851731,1.1022856632002953,0.7841416297713679,1.0515495902846865,-0.5258722871151476,,0.8396394306452757,mols/page_0034.png,10
671,[C][C][=C][Branch1][#Branch2][N][Branch1][C][C][N+1][=Branch1][C][=O][O-1][C][Branch1][=Branch1][N+1][=Branch1][C][=O][O-1][=C][Branch1][=Branch1][N+1][=Branch1][C][=O][O-1][C][Branch1][=Branch1][N+1][=Branch1][C][=O][O-1][=C][Ring2][Ring1][Ring2][N+1][=Branch1][C][=O][O-1],Cc1c(N(C)[N+](=O)[O-])c([N+](=O)[O-])c([N+](=O)[O-])c([N+](=O)[O-])c1[N+](=O)[O-],1.755885732905358,0.1431406527712163,0.06429259587292571,0.2503931814541366,-0.12701165749497895,,0.13931441899319225,mols/page_0034.png,11
672,[/N+1][O][=N+1][Branch1][C][O-1][C][N][=N][N][=C][Branch1][=Branch1][N+1][=Branch1][C][=O][O-1][C][Branch1][=Branch1][N+1][=O][C][O-1][C][Branch1][N][C][=N][N][=C][Ring1][Branch1][N+1][=Branch1][C][O-1][C][=N][O][N][Branch1][=Branch1][N+1][Ring1][C][O-1][C][=C][Branch1][=Branch1][=Branch1][N+1][=Branch1][N+1][=Branch1][O-1][C][=O][O-1],C[N+]C(=O)N([N+][O-])ONC(C=NN=C[N+](C)[O-])([N+]=O)C(=NN=NC[N+]([O-])O[N+])[N+](=O)[O-],2.7279505308278695,0.24105180952744903,-0.06216388183775613,0.19094623226055732,-0.8675420356177955,,0.03434627126486661,mols/page_0034.png,12
673,[N][=N][N][C][=N][N][Branch1][=Branch1][N+1][=Branch1][C][=O][O-1][N+1][=Branch1][C][O-1][C][C][Branch1][=Branch1][N+1][C][C][O-1],N=NNC=NN([N+]([O-])CC[N+]CC[O-])[N+](=O)[O-],1.678407953408093,-0.3361454935971666,-0.6527889967710321,-0.19673290304695426,-1.6824444371974954,,-0.49417122753058096,mols/page_0034.png,13
674,[O][=N+1][Branch1][C][O-1][N][C][C][N][Branch2][Ring1][Ring1][C][C][N][Branch1][=Branch2][C][C][N][N+1][=Branch1][C][=O][O-1][N+1][=Branch1][C][=O][O-1][N+1][=Branch1][C][=O][O-1],O=[N+]([O-])NCCN(CCN(CCN[N+](=O)[O-])[N+](=O)[O-])[N+](=O)[O-],1.8292669435287097,-0.6614585702827526,-0.9289013125701889,-0.36712725057956425,-1.8592824865837865,,-0.7303691196034398,mols/page_0034.png,14
675,[O][=N+1][Branch1][C][O-1][C][N][C][N][=N][N][Branch1][=Branch1][N+1][=Branch1][C][=O][O-1][N+1][=Branch1][C][O-1][=C][C][Branch1][=Branch1][N+1][=C][C][=O][N][N+1][=Branch1][C][=C][O-1][Branch1][=Branch1][N+1],C=[N+]([O-])C(C[N+]([O-])N(N=NCNC[N+](=O)[O-])[N+](=O)[O-])[N+]=CC=O,2.3724242818454764,-0.22471458544584916,-0.5263567948608282,-0.2044649111801123,-1.3111708616549762,,-0.4006708957142119,mols/page_0034.png,15
676,[O][=N+1][Branch1][C][O-1][C][N][N][=N][N][Branch1][=Branch1][N+1][=Branch1][C][=O][O-1][C][Branch1][=Branch1][N+1][C][C][Branch1][=Branch1][=O][N+1][=Branch1][C][=C][Branch1][=Branch1][N+1][S][C][O-1][C][Branch1][O][N+1][=Branch1][C][O-1][C][C][=N][N][=N][Ring1][Branch1][N+1][=Branch1][C][C][=O][O-1][N+1][=Branch1][C][=N][O-1][N][Branch1][=Branch1][C][=Branch1][N+1][=Branch1][=O][O-1][C][=C][Branch1][Ring2][N+1][=Branch1][C][Branch1][=Branch1][C][=O][N][N+1][=Branch1][C][N+1][=Branch1][C][#N+1][=O][O-1][C][=Ring1][=Branch2],C=[N+]OCC[N+]C([N+]SC[O-])(O[N+]([O-])C1C=NN=N1)N(N=NNC[N+](=O)[O-])[N+](=O)[O-],3.122580134081158,0.5481447645119016,0.27931869279049193,0.5135837169431073,-0.40749248983356523,,0.3715501021194848,mols/page_0034.png,16
677,[O][=N+1][Branch1][C][O-1][C][N][N][=N][N][N][=N][C][Branch1][=Branch1][N+1][=Branch1][C][=O][O-1][C][Branch1][=Branch1][N][N+1][=Branch1][C][O-1][N][=N][N][=N][N][=C][Branch1][=Branch1][N+1][=N+1][C][O-1][C][=N][N][N][=C][Branch1][Ring1][C][N+1][=Branch1][C][=N][O-1][Branch1][=Branch1][N+1][N][C][=O][O-1][N][=C][Ring2][Ring1],[N+]CC(C=N[O-])=NNNC(=NN=NN=NC(N[N+][O-])C(N=NNN=NNC[N+](=O)[O-])[N+](=O)[O-])[N+]=[N+]C[O-],3.505174135090663,0.6955618271407162,0.5813345653733129,0.6211852205250317,-0.04607624419140033,,0.56309056191938,mols/page_0034.png,17
678,[O][=C][Branch2][Ring2][Branch2][C][C][N][Branch2][Ring1][=N][C][C][C][=Branch1][C][=O][O][C][C][Branch1][=Branch1][N+1][=Branch1][C][=O][O-1][Branch1][=Branch1][N+1][=Branch1][C][=O][O-1][N+1][=Branch1][C][=O][O-1][N+1][=Branch1][C][=O][O-1][O][C][C][Branch1][=Branch1][N+1][=Branch1][C][=O][O-1][Branch1][=Branch1][N+1][=Branch1][C][=O][O-1][N+1][=Branch1][C][=O][O-1],O=C(CCN(CCC(=O)OCC([N+](=O)[O-])([N+](=O)[O-])[N+](=O)[O-])[N+](=O)[O-])OCC([N+](=O)[O-])([N+](=O)[O-])[N+](=O)[O-],2.4583993249990477,0.11045724888148921,-0.012811179466118051,-0.07431041115256885,-0.38411163801774384,,-0.043723810908959146,mols/page_0034.png,18
679,[N][C][=C][Branch1][=Branch1][N+1][=Branch1][C][=O][O-1][C][=C][Branch1][=Branch1][N+1][=Branch1][C][=O][O-1][C][Branch1][=Branch1][N+1][=Branch1][C][=O][O-1][=C][Ring1][#C][N+1][=Branch1][C][=O][O-1],Nc1c([N+](=O)[O-])cc([N+](=O)[O-])c([N+](=O)[O-])c1[N+](=O)[O-],1.581719749037849,0.5461131486650953,0.6336412493610026,0.5110299645609101,0.9944120705426774,,0.5987917923851562,mols/page_0034.png,19
680,[/N+1][C][Branch1][C][N][N][Branch1][=Branch1][N+1][=Branch1][C][=O][O-1][C][Branch1][=Branch1][N+1][N][C][=O][O-1][N+1][=Branch1][C][=Ring2][=O][O-1],[N+]C(N)N(C([N+])[N+]NC=O)[N+](=O)[O-],2.5564374998423633,0.5004104339427026,0.34346557904286623,0.47031859307575347,-0.5434244569029334,,0.34475399478640023,mols/page_0035.png,0
681,[\N+1][Branch1][N][=N][C][C][Branch1][=Branch1][N+1][=Branch1][C][=O][O-1],[N+]NCC[N+](=O)[O-],1.4878467081635287,0.06877691356189929,-0.35240854653619824,0.2255201795566212,-1.888289975777512,,-0.16952883399867746,mols/page_0035.png,1
682,[O][=N+1][Branch1][C][O-1][C][N][C][=N][N][Branch1][=Branch1][N+1][=Branch1][C][=O][O-1],O=[N+]([O-])CNC=NN[N+](=O)[O-],1.498091503851731,0.6726279795769233,0.3943482956814688,0.5717790901401513,-0.666086376254272,,0.42884706724523125,mols/page_0035.png,2
683,[O][=N+1][Branch1][C][O-1][C][N][C][N][=C][Branch1][=Branch1][N+1][=Branch1][C][=O][O-1][C][N][=C][N][Branch1][=Branch1][N+1][#Branch2][C][=O][O-1],O=[N+]([O-])CNCN=C(CN=CN[N+][O-])[N+](=O)[O-],1.678407953408093,-0.41052023150016315,-0.6924566130072569,-0.4097453163735752,-1.4925432827954304,,-0.5888966659558281,mols/page_0035.png,3
684,[=N+1][Branch1][C][O-1][C][C][N][N][=N][N][=N][N][Branch1][=Branch1][N+1][=Branch1][C][=O][O-1][C][=N][N][N+1][=Branch1][C][O-1][C],C[N+]([O-])NN=CN(N=NN=NNCC[N+][O-])[N+](=O)[O-],1.701719749037849,0.20518978316433523,-0.1661441624901453,0.34786654697178976,-1.4265640716537058,,0.006251616791892789,mols/page_0035.png,4
685,[O][=N+1][Branch1][C][O-1][C][N][N][=N][N][C][=C][Branch1][=Branch1][N+1][=Branch1][C][=O][O-1][C][=C][Branch1][C][O][N][=N][O],O=[N+]([O-])CNN=NNC=C(C=C(O)N=NO)[N+](=O)[O-],1.721719749037849,-0.4937229923229439,-0.4882936173851384,-0.6169982411608622,-0.2501964439105972,,-0.5173230932824252,mols/page_0035.png,5
686,[O][=N+1][Branch1][C][O-1][C][N][N][C][Branch1][=Branch1][N+1][=Branch1][C][=O][O-1][N][Branch2][Ring1][#C][C][N][=N][N][Branch1][=Branch1][N+1][=Branch2][C][O-1][C][=C][Branch1][=Branch1][N+1][N][C][=O][O-1],C[N+]N(C[N+]NC=O)N=NCNC(NNC[N+](=O)[O-])[N+](=O)[O-],2.3292669435287103,-1.0216752157393783,-1.2336073271480776,-0.8202013436538143,-1.9751495831255519,,-1.089416131495945,mols/page_0035.png,6
687,[C][=N+1][Branch1][C][O-1][C][=N][N][=C][Branch1][=Branch1][N+1][=Branch1][C][=O][O-1],C=[N+]([O-])C=NN=C[N+](=O)[O-],1.4996683620478217,-0.04181102328097922,-0.2192129788454712,-0.05255672173872631,-0.9216042859408559,,-0.1784391178211887,mols/page_0035.png,7
688,[Ring1][S][=Ring1][/C][F][Cl][N+1][/C][/C][#N][C@@H1][=Branch1][#N+1][C@@H1][F][\N+1][O][NH1][=N+1][=N+1][Branch2][Branch1],FS,1.4772360217868288,-0.8881817136878827,-0.8958526849853291,-1.2869550056433272,-0.5915833299030612,,-1.01994893491594,mols/page_0035.png,8
689,[O][=N+1][Branch1][C][O-1][C][C][N][N][=N][N][Branch1][=Branch1][N+1][=Branch1][C][=O][O-1][N][C][N][=C][Branch1][=Branch1][N+1][=N][C][O-1][C][Branch1][=Branch1][N+1][O-1][C][O-1][C][N][N][=C][Branch1][N+1][=Branch1][C][N][O-1][C][Branch1][C][N][=N][N][=C][Branch1][=N][N+1][=Branch1][C][Branch1][O-1][C][=C][Branch1][=Branch1],O=[N+]([O-])CCNN=NN(NCN=C([N+][O-])[N+]=NC[O-])[N+](=O)[O-],1.8292669435287097,0.9561161666831312,0.6493649408653018,0.894209247564599,-0.6348490488309138,,0.6955690710298565,mols/page_0035.png,9
690,[O][=N+1][Branch1][C][O-1][C][C][N][N][N][N][=N][C][Branch1][=Branch1][N+1][=Branch1][C][=O][O-1][N+1][=Branch1][C][O-1],O=[N+]([O-])CCNNNN=NC([N+][O-])[N+](=O)[O-],2.1173084315193362,0.5891054710164588,0.2611150366163155,0.5658682482244921,-0.8079180471074795,,0.3581106214872425,mols/page_0035.png,10
691,[O][=N+1][Branch1][C][O-1][C][C][=N][N][N][Branch1][=Branch1][N+1][=Branch1][C][=O][O-1][N],NN(NN=CC[N+](=O)[O-])[N+](=O)[O-],1.5170246155449356,0.5913979130276656,0.2897291781743972,0.5815225756888504,-0.7840020830970674,,0.3744905947663491,mols/page_0035.png,11
692,[O][=N+1][Branch1][C][O-1][C][N][=N][N][=N][N][C][=C][Branch1][=Branch1][N+1][=Branch1][C][=O][O-1][N][C][=N][N][=C][Ring1][P][N+1][=Branch1][C][=N][O],N=[N+](O)C=NN=CNC(=CNN=NN=NC[N+](=O)[O-])[N+](=O)[O-],1.8292669435287097,-0.22309699185397983,-0.3159226572547194,-0.32550731104540215,-0.5353340993064564,,-0.31849124662598133,mols/page_0035.png,12
693,[O][=N+1][Branch1][C][O-1][C][N][C][Branch1][=Branch1][N+1][=Branch1][C][=O][O-1][C][N][Branch1][=Branch1][N+1][Branch1][C][O-1][N][=N][C][N][=C][Branch1][=Branch1][N+1][N][C][=O][O-1],N[N+]([O-])N(CC(NC[N+](=O)[O-])[N+](=O)[O-])NCN=C[N+]NC=O,2.3292669435287103,-0.7556490260913927,-1.0012598077526516,-0.6352994615466947,-1.690567856645812,,-0.8624037787442702,mols/page_0035.png,13
694,[Ring1][S][=Ring1][/C][F][Cl][N+1][/C][/C][#N][C@@H1][=Branch1][#N+1][C@@H1][F][\N+1][O][NH1][=N+1][=N+1][Branch2][Branch1],FS,1.4772360217868288,-0.8881817136878827,-0.8958526849853291,-1.2869550056433272,-0.5915833299030612,,-1.01994893491594,mols/page_0035.png,14
695,[C][C][Branch2][Branch1][=Branch2][C][C][N][Branch2][Ring2][=C][C][C][Branch2][Ring1][=N][C][N][Branch2][Ring1][Ring1][C][C][C][Branch1][C][C][Branch1][=Branch1][N+1][=Branch1][C][=O][O-1][N+1][=Branch1][C][=O][O-1][N+1][=Branch1][C][=O][O-1][Branch1][=Branch1][N+1][=Branch1][C][=O][O-1][N+1][=Branch1][C][=O][O-1][N+1][=Branch1][C][=O][O-1][Branch1][=Branch1][N+1][=Branch1][C][=O][O-1][N+1][=Branch1][C][=O][O-1],CC(CCN(CC(CN(CCC(C)([N+](=O)[O-])[N+](=O)[O-])[N+](=O)[O-])([N+](=O)[O-])[N+](=O)[O-])[N+](=O)[O-])([N+](=O)[O-])[N+](=O)[O-],2.505174135090663,-0.252407724888974,-0.46623969148779076,-0.029604295672745914,-1.3019172166789543,,-0.321695294031185,mols/page_0035.png,15
696,[C][N][=C][Branch1][=Branch1][N+1][=Branch1][C][=O][O-1],CN=C[N+](=O)[O-],1.4918943340952076,-1.0359947292891607,-1.2881566479141302,-0.8976356117042202,-2.346605611109705,,-1.1747526500934813,mols/page_0035.png,16
697,[O][=N+1][Branch1][C][O-1][C][=N][C][=N][N][=C][Branch1][=Branch1][N+1][=Branch1][C][=O][O-1][=C][Ring1][Branch1][N+1][=Branch1][C][=N][O][N+1][Branch1][C][O-1][=C][Branch1][=Branch1],C=[N+]([O-])O[N+](=N)CC(=NN=CN=C[N+](=O)[O-])[N+](=O)[O-],1.721719749037849,0.5288357721364939,0.3250894369179255,0.34859734197227127,-0.44990227415267897,,0.3079300116372454,mols/page_0035.png,17
698,[C][O][C][C][N][Branch2][Ring1][=Branch1][C][C][Branch1][=Branch1][N+1][=Branch1][C][=O][O-1][Branch1][=Branch1][N+1][=Branch1][C][=O][O-1][N+1][=Branch1][C][=O][O-1][N+1][=Branch1][C][=O][O-1],COCCN(CC([N+](=O)[O-])([N+](=O)[O-])[N+](=O)[O-])[N+](=O)[O-],1.721719749037849,0.16734799193890437,-0.12111063609301527,0.25961991612626967,-1.1705600302937753,,-0.0016486976173973877,mols/page_0035.png,18
699,[O][=N+1][Branch1][C][O-1][C][N][C][N][N][=N][C][Branch1][=Branch1][N+1][=Branch1][C][=O][O-1][N][C][=N][N][Branch1][=Branch1][N+1][=O][C][O-1][C][=N][O][N+1][=Branch1][C][O-1][O-1][C][C][N][N][Branch1][=Branch1][=O][O][N+1][=Branch1][N+1][=Branch1][O-1][=O][O-1][C][Branch1][=Branch1][C],O=[N+]N(N=CNC(N=NNCNC[N+](=O)[O-])[N+](=O)[O-])NO[N+]([O-])[O-],2.4158857329053585,0.5738471403990298,0.33634063160259287,0.5480990036110689,-0.47947303934071034,,0.3988392405107622,mols/page_0035.png,19
700,[O][=N+1][Branch1][C][O-1][C][C][C][Branch1][=Branch1][N+1][=Branch1][C][=O][O-1][C][N][=C][Branch1][=Branch1][N+1][N][C][=O][O-1][N][C][Branch1][=Branch1][=Branch1][N+1][=Branch1][=O][O-1],O=CN[N+]C(=NCC(CC[N+](=O)[O-])[N+](=O)[O-])NC[N+][O-],2.2839038473124216,-0.8392658091691104,-1.0323143060956201,-0.7965987249771114,-1.6636469376570808,,-0.9528992125727352,mols/page_0036.png,0
701,[C][#N+1][C][=N][C][O][N][Branch1][=Branch1][N+1][=Branch1][C][=O][O-1][C][Branch1][=Branch1][N+1][N][=Branch1][C][=O][N][=N][N+1][C][O-1][N][C][Branch1][=Branch1][C][=Branch1][N+1][=Branch1][=Branch1][C][=O][Cl][N+1][=Branch1][C][O-1][Branch1][=Branch1][C][N+1][=Branch1][C][C][O-1],C#[N+]C=NCON(C(N=N[N+]C[O-])[N+]NO)[N+](=O)[O-],2.221719749037849,-0.21513708011390206,-0.42889137245249065,-0.143198586933251,-1.2038839279221278,,-0.3386749407071114,mols/page_0036.png,1
702,[=N+1][Branch2][=Branch1][/N+1][S][=Branch1][O][/C][N+1][NH1][=Branch1][C@@H1][P][/N][Cl][Ring1][/C][N][/C][#N+1][=N+1][#N][O][#N+1][#N][Ring1][/N+1][Cl][P][NH1],N#[N+][N+]#CN[SH]([N+])C[N+]N[CH]PNCl,2.5763039679725397,-1.78227180786542,-1.808919203256188,-1.7764403327090919,-1.9651428626354035,,-1.8048881721275791,mols/page_0036.png,2
703,[O][=N+1][Branch1][C][O-1][C][N][N][Branch1][=Branch1][N+1][=Branch1][C][=O][O-1],O=[N+]([O-])CNN[N+](=O)[O-],1.461790468830701,1.6905272260211222,1.4588319252491622,1.5976598873203574,-0.05788054981120331,,1.4206156877645937,mols/page_0036.png,3
704,[N][C][=C][Branch1][=Branch1][N+1][=Branch1][C][=O][O-1][C][=C][Branch1][=Branch1][N+1][=Branch1][C][=O][O-1][C][Branch2][Ring1][#C][C][=C][Branch1][=Branch1][N+1][=Branch1][C][=O][O-1][C][=C][Branch1][=Branch1][N+1][=Branch1][C][=O][O-1][C][Branch1][C][N][=C][Ring1][=N][N+1][=Branch1][C][=O][O-1][=C][Ring2][Ring1][N][N+1][=Branch1][C][=O][O-1],Nc1c([N+](=O)[O-])cc([N+](=O)[O-])c(-c2c([N+](=O)[O-])cc([N+](=O)[O-])c(N)c2[N+](=O)[O-])c1[N+](=O)[O-],1.9535676759431462,-0.4540444192530301,-0.3002398513091199,-0.4204878237642315,0.5840691822298852,,-0.29835927892324154,mols/page_0036.png,4
705,[O][=N+1][Branch1][C][O-1][C][C][N][C][N][C][=N][N][N][Branch1][=Branch1][N+1][=Branch1][C][=O][O-1],O=[N+]([O-])CCNCNC=NNN[N+](=O)[O-],1.616601054988479,-1.2364836314056593,-1.4187358592665051,-0.9840382389884763,-2.1659152437275733,,-1.274011692636189,mols/page_0036.png,5
706,[O][=N+1][Branch1][C][O-1][C][C][C][Branch1][=Branch1][N+1][=Branch1][C][=O][O-1][C][N][=C][Branch1][=Branch1][N+1][N][C][=O][O-1][N][C][Branch1][=Branch1][=Branch1][N+1][=Branch1][=O][O-1],O=CN[N+]C(=NCC(CC[N+](=O)[O-])[N+](=O)[O-])NC[N+][O-],2.2839038473124216,-0.8392658091691104,-1.0323143060956201,-0.7965987249771114,-1.6636469376570808,,-0.9528992125727352,mols/page_0036.png,6
707,[O][=N+1][Branch1][C][O-1][C][N][N][C][Branch1][=Branch1][N+1][=Branch1][C][=O][O-1][N][=N][N][=C][Branch1][=Branch1][N+1][N+1][C][O-1][C][C][Branch1][=Branch1],CC(=NN=NC(NNC[N+](=O)[O-])[N+](=O)[O-])[N+][N+]C[O-],2.221719749037849,-0.047765244666495336,-0.27237921782113617,-0.014077588658839438,-1.1363630548742487,,-0.19930345657286852,mols/page_0036.png,7
708,[O][=N+1][Branch1][C][O-1][C][N][=N][N][=C][N][Branch1][=Branch1][N+1][=Branch1][C][=O][O-1][N][=N][N][=N][NH1][C][Branch1][=Branch1][N+1][O][C][N][=C][Branch1][=Branch1][N+1][O-1][C][=C][Branch1][=Branch1],C=NCO[N+]C([N+][O-])NN=NN=NN(C=NN=NC[N+](=O)[O-])[N+](=O)[O-],2.4596423657706596,0.5358670798816277,0.25295836765573,0.44862356429001327,-0.564847312382026,,0.32017105636214216,mols/page_0036.png,8
709,[O][=C][Branch2][Ring2][Branch2][O][C][#C][O][C][=Branch1][C][=O][N][Branch2][Ring1][#Branch1][C][C][C][Branch1][=Branch1][N+1][=Branch1][C][=O][O-1][Branch1][=Branch1][N+1][=Branch1][C][=O][O-1][N+1][=Branch1][C][=O][O-1][N+1][=Branch1][C][=O][O-1][N][Branch2][Ring1][#Branch1][C][C][C][Branch1][=Branch1][N+1][=Branch1][C][=O][O-1][Branch1][=Branch1][N+1][=Branch1][C][=O][O-1][N+1][=Branch1][C][=O][O-1][N+1][=Branch1][C][=O][O-1],O=C(OC#COC(=O)N(CCC([N+](=O)[O-])([N+](=O)[O-])[N+](=O)[O-])[N+](=O)[O-])N(CCC([N+](=O)[O-])([N+](=O)[O-])[N+](=O)[O-])[N+](=O)[O-],2.6467906006930217,0.9522949062504684,0.8592062378702653,0.7792715831414442,0.3273132898688593,,0.7973152482736471,mols/page_0036.png,9
710,[O][=N+1][Branch1][C][O-1][C][N][N][N][N][Branch1][=Branch1][N+1][=Branch1][C][=O][O-1][N][Branch2][Ring2][#C][C][=N][N][=N][N][Branch1][=Branch1][N][N][C][=N][N][Branch1][=C][N][N][N][C][Branch1][=Branch1][N+1][C][C][=N][O][N+1][=Branch1][C][O-1][C][=N][O][N][=C][Branch1][=Branch1][N+1][N+1][=Branch1][C][=C][O-1][N],C=[N+][N+]C([O-])=NON=C[N+]([O-])C([N+]CC=NO)NNNCN(N=NN=CNN(NNNC[N+](=O)[O-])[N+](=O)[O-])NNC=NN,3.2902657513405082,-0.31038890986261775,-0.5555720818991661,-0.1995208501505068,-1.1138209944847306,,-0.4076806874491217,mols/page_0036.png,10
711,[O][Branch1][#Branch2][=N+1][C][C][N][C][Branch1][=Branch1][N+1][=Branch1][C][=O][O-1][N+1][=Branch1][C][N][=O][O-1][N][Ring2][Ring2][Ring1][=Branch2],N[N+](O[O-])O[N+]CCNC[N+](=O)[O-],1.556437499842364,-0.15301960069577455,-0.5415208652804255,0.059814204361659004,-1.8087382621990762,,-0.330583260969294,mols/page_0036.png,11
712,[C][N][C][Branch1][=Branch1][N+1][=Branch1][C][=O][O-1],CNC[N+](=O)[O-],1.4918943340952076,-1.728390778771313,-1.9716536288521496,-1.3163435325315629,-3.3946724369932597,,-1.7910157586178168,mols/page_0036.png,12
713,[O][=N+1][Branch1][C][O-1][C][N][C][Branch1][=Branch1][N+1][=Branch1][C][=O][O-1],O=[N+]([O-])CNC[N+](=O)[O-],1.481790468830701,1.0245578949669936,0.8042867111469243,0.9104157013988062,-0.20666133211590268,,0.8007112988764117,mols/page_0036.png,13
714,[O][=N+1][Branch1][C][O-1][C][N][C][=N][N][Branch1][=Branch1][N+1][=Branch1][C][=O][O-1],O=[N+]([O-])CNC=NN[N+](=O)[O-],1.498091503851731,0.6726279795769233,0.3943482956814688,0.5717790901401513,-0.666086376254272,,0.42884706724523125,mols/page_0036.png,14
715,[O][=N+1][Branch1][C][O-1][C][Branch1][=Branch1][N+1][=Branch1][C][=O][O-1][C][Branch1][C][N+1][=Branch1][C][Branch1][=Branch1][C][=O][O][N+1][=Branch1][C][O-1][O-1][N],[N+]C(C=O)C([N+](=O)[O-])[N+](=O)[O-],2.018091503851731,0.7810688142893604,0.6213736652405355,0.5940880404612224,0.05344605241124358,,0.5935904413080874,mols/page_0036.png,15
716,[O][=N+1][Branch1][C][O-1][C][C][N][C][Branch1][=Branch1][N+1][=Branch1][C][=O][O-1][N+1][=Branch1][C][O-1][C][O-1][C][Branch1][=Branch1][C][N][N][Branch1][=Branch1][N+1][C][=O][O-1][C][Branch1][C][N+1][=Branch1][C][=N+1][O-1][C][N][N+1][=Branch1][C][=N][O][N+1][Branch1][C][O-1],O=[N+]([O-])CCNC([N+]([O-])C[O-])[N+](=O)[O-],2.0963039679725397,0.719130456454014,0.3854333273743752,0.7380873443030348,-0.7683846438984194,,0.4945374192884692,mols/page_0036.png,16
717,[O][=N+1][Branch1][C][O-1][C][N][=N][N][N][=C][Branch1][=Branch1][N+1][=Branch1][C][=O][O-1],O=[N+]([O-])C=NNN=NC[N+](=O)[O-],1.5170246155449356,1.2383065079351532,1.1105565983450756,0.9925038618756854,0.23777567252180398,,1.0079948885725118,mols/page_0036.png,17
718,[O][=N+1][Branch1][C][O-1][C][Branch1][=Branch1][N+1][=Branch1][C][=O][O-1][C][Branch1][=N][C],CCC([N+](=O)[O-])[N+](=O)[O-],1.501790468830701,-0.882173284454946,-1.1411519827725873,-0.5614569255421601,-2.206206620502884,,-0.9510347490740357,mols/page_0036.png,18
719,[O][=N+1][Branch1][C][O-1][C][=N][N][Branch1][=Branch1][N+1][=Branch1][C][=O][O-1][N][Branch2][Ring1][#Branch1][N][C][=N][C][Branch1][=Branch1][N+1][O-1][C][=O][O-1][C][=C][Ring1][=Branch1][N+1][=Branch1],[N+]C=CC(N=CNNN(N=C[N+](=O)[O-])[N+](=O)[O-])[N+][O-],2.221719749037849,-0.2672182515494503,-0.4049892915345467,-0.17403482229976888,-1.0394134601499456,,-0.34160716070590136,mols/page_0036.png,19
720,[N][C][=Branch1][C][=O][C][C][C][Branch1][=Branch1][N+1][=Branch1][C][=O][O-1][Branch1][=Branch1][N+1][=Branch1][C][=O][O-1][N+1][=Branch1][C][=O][O-1],NC(=O)CCC([N+](=O)[O-])([N+](=O)[O-])[N+](=O)[O-],1.616601054988479,0.08492063902053112,-0.062765666154867,-0.06464663241152035,-0.46050165894987966,,-0.06637007564318008,mols/page_0037.png,0
721,[O][=N+1][Branch1][C][O-1][C][N][=N][N][Branch1][=Branch1][N+1][=Branch1][C][=O][O-1][=C][N][=N][N][=C][Branch1][=Branch1][N+1][C][O][C][N][=N][O][N][=N][O][Branch1],NCOC[N+]C(=NN=NCN(N=NC[N+](=O)[O-])[N+](=O)[O-])NON=NO,1.9596423657706594,0.42454144494124296,0.21804529471047934,0.3349921063720082,-0.5916408820155229,,0.23547943926018156,mols/page_0037.png,1
722,[O][=N+1][Branch1][C][O-1][C][N][C][Branch1][=Branch1][N+1][=Branch1][C][=O][O-1][C][N][Branch1][=Branch1][N+1][Branch1][C][O-1][N][=N][C][N][=C][Branch1][=Branch1][N+1][N][C][=O][O-1],N[N+]([O-])N(CC(NC[N+](=O)[O-])[N+](=O)[O-])NCN=C[N+]NC=O,2.3292669435287103,-0.7556490260913927,-1.0012598077526516,-0.6352994615466947,-1.690567856645812,,-0.8624037787442702,mols/page_0037.png,2
723,[O][=N+1][Branch1][C][O-1][C][C][N][N][Branch1][=Branch1][N+1][=Branch1][C][=O][O-1][C][=N][N][=N][O][N+1][Branch1][C][O-1],O=[N+]([O-])CCNN(C=NN=NO[N+][O-])[N+](=O)[O-],1.6384079534080929,0.6497774078367041,0.38714988200290695,0.5580426517610028,-0.5605615167731764,,0.42639273148698625,mols/page_0037.png,3
724,[O][=N+1][Branch1][C][O-1][C][N][N][C][Branch1][=Branch1][N+1][=Branch1][C][=O][O-1][N+1][=Branch1][C],[N+]C(NNC[N+](=O)[O-])[N+](=O)[O-],1.9980915038517313,1.2229853276395555,1.044905890136779,1.0913295563770726,0.010373806542304798,,1.0045420076491431,mols/page_0037.png,4
725,[O][=N+1][Branch1][C][O-1][C][=C][C][Branch1][=Branch1][N+1][=Branch1][C][=O][O-1][=C][Branch2][Branch1][=Branch1][N][C][=N][C][Branch2][Ring1][=N][N][C][=C][Branch1][=Branch1][N+1][=Branch1][C][=O][O-1][C][=C][Branch1][=Branch1][N+1][=Branch1][C][=O][O-1][C][=C][Ring1][N][N+1][=Branch1][C][=O][O-1][=C][Branch1][=Branch1][N+1][=Branch1][C][=O][O-1][C][=C][Ring2][Ring1][=Branch2][N+1][=Branch1][C][=O][O-1][C][Branch1][=Branch1][N+1][=Branch1][C][=O][O-1][=C][Ring2][Ring2][=Branch2],O=[N+]([O-])c1cc([N+](=O)[O-])c(Nc2nc(Nc3c([N+](=O)[O-])cc([N+](=O)[O-])cc3[N+](=O)[O-])c([N+](=O)[O-])cc2[N+](=O)[O-])c([N+](=O)[O-])c1,2.400207645650445,-0.6318178764373722,-0.504739513953656,-0.648713042575753,0.3517264061698979,,-0.5084519240110684,mols/page_0037.png,5
726,[O][=N+1][Branch1][C][O-1][C][N][N][C][N][Branch1][=Branch1][N+1][=Branch1][C][=O][O-1][N+1][=Branch1][C][=Branch1][C][=O],O=[N+]([O-])CNNCN([N+]O)[N+](=O)[O-],1.536437499842364,0.8849938996253697,0.6384657452875645,0.8123382657490149,-0.4674789342010869,,0.6590523241077308,mols/page_0037.png,6
727,[O][=N+1][Branch1][C][O-1][C][N][=N][C][Branch1][=Branch1][N+1][=Branch1][C][=O][O-1][N+1][=Branch1][C][C][O-1][N][=C][Ring2][=Branch1][N+1][=Branch1][=O][O-1][N+1][#C][=Branch1][N][=O][O-1],C[N+]([O-])C(N=NC[N+](=O)[O-])[N+](=O)[O-],2.056437499842364,0.6227489037402142,0.29767950283092026,0.7587376765592876,-1.0593093478792568,,0.42767123747857294,mols/page_0037.png,7
728,[O][=N+1][Branch1][C][O-1][C][N][N][N][Branch1][=Branch1][N+1][=Branch1][C][=O][O-1][N+1][=Branch1][C][O-1][C][Branch1][=Branch1][N+1][#N][C][=N][O-1][N+1][=Branch1],N#[N+]C([N+])[N+]([O-])N(NNC[N+](=O)[O-])[N+](=O)[O-],2.0973084315193358,1.4988294226384837,1.3008942061765838,1.4438553027643641,0.07552157333591247,,1.2850251856431039,mols/page_0037.png,8
729,[O][=N+1][Branch1][C][O-1][C][=C][N][=C][Branch1][=Branch1][N+1][=Branch1][C][=O][O-1],O=[N+]([O-])C=CN=C[N+](=O)[O-],1.4996683620478217,0.1490878035679384,-0.07867717569444281,0.040984142740796654,-0.5570655320693862,,-0.02171023914224606,mols/page_0037.png,9
730,[O][=N+1][Branch1][C][O-1][C][C][N][N][=N][C][=N][C][N][Branch1][=Branch1][N+1][=Branch1][C][=O][O-1],O=[N+]([O-])CCNN=NC=NCN[N+](=O)[O-],1.616601054988479,-0.5406827006087125,-0.8641775566380364,-0.43690205264759524,-1.835911430872214,,-0.7095670284579467,mols/page_0037.png,10
731,[=N+1][Branch1][C][O-1][C][N][N][N][Branch1][=Branch1][N+1][=Branch1][C][=O][O-1],O=[N+]([O-])NNNC[N+][O-],1.461790468830701,1.46848559801859,1.1279425433452586,1.3608751425074854,-0.45274559341089293,,1.1481825330028672,mols/page_0037.png,11
732,[N][=C][C][Branch2][Ring2][#Branch1][N][C][=N][O][N+1][=Branch1][C][=O][O-1],N=CCNC=NO[N+](=O)[O-],1.4996683620478217,-1.667984381841331,-1.6923573501692553,-1.478468970457009,-2.209978120638672,,-1.6524708332493174,mols/page_0037.png,12
733,[O][=N+1][Branch1][C][O-1][C][N][N][Branch1][=Branch1][N+1][=Branch1][C][=O][O-1],O=[N+]([O-])CNN[N+](=O)[O-],1.461790468830701,1.6905272260211222,1.4588319252491622,1.5976598873203574,-0.05788054981120331,,1.4206156877645937,mols/page_0037.png,13
734,[O][=N+1][Branch1][C][O-1][C][N][C][N][Branch1][=Branch1][N+1][=Branch1][C][=O][O-1],O=[N+]([O-])CNCN[N+](=O)[O-],1.4796683620478217,0.9652120863561098,0.6098899339407637,0.9633902786947388,-0.9171642016900876,,0.6874151963831052,mols/page_0037.png,14
735,[N][C][=C][Branch1][=Branch1][N+1][=Branch1][C][=O][O-1][C][=C][Branch1][=Branch1][N+1][=Branch1][C][=O][O-1][C][Branch2][Ring1][#C][C][=C][Branch1][=Branch1][N+1][=Branch1][C][=O][O-1][C][=C][Branch1][=Branch1][N+1][=Branch1][C][=O][O-1][C][Branch1][C][N][=C][Ring1][=N][N+1][=Branch1][C][=O][O-1][=C][Ring2][Ring1][N][N+1][=Branch1][C][=O][O-1],Nc1c([N+](=O)[O-])cc([N+](=O)[O-])c(-c2c([N+](=O)[O-])cc([N+](=O)[O-])c(N)c2[N+](=O)[O-])c1[N+](=O)[O-],1.9535676759431462,-0.4540444192530301,-0.3002398513091199,-0.4204878237642315,0.5840691822298852,,-0.29835927892324154,mols/page_0037.png,15
736,[O][=N+1][Branch1][C][O-1][C][N][C][N][N][N][N][=N][C][=N][N][Branch1][=Branch1][N+1][=Branch1][C][=O][O-1][N+1][=Branch1][C][=N][O],N=[N+](O)N(N=CN=NNNNCNC[N+](=O)[O-])[N+](=O)[O-],1.7439038473124213,0.08472737626016208,-0.14418350677358135,0.10855984294156992,-0.8256796086235835,,-0.054008056314085194,mols/page_0037.png,16
737,[O][=N+1][Branch1][C][O-1][C][=C][N][Branch1][=Branch1][N+1][=Branch1][C][=O][O-1],O=[N+]([O-])C=CN[N+](=O)[O-],1.481790468830701,1.104442978403439,0.87647783107346,1.0175215002837128,-0.21542884541857793,,0.8806959179408521,mols/page_0037.png,17
738,[O][=N+1][Branch1][C][O-1][C][N][N][C][Branch1][=Branch1][N+1][=Branch1][C][=O][O-1][N+1][=Branch1][C][=N][N][N][Branch1][=Branch1][N+1][C][O-1][C][Branch1][=Branch1],N=[N+](NN[N+]C[O-])C(NNC[N+](=O)[O-])[N+](=O)[O-],2.138407953408093,0.744209049285317,0.5043553632209322,0.6648448483111504,-0.40062297172909483,,0.538016745278113,mols/page_0037.png,18
739,[O][=N+1][Branch1][C][O-1][C][N][N][C][=N][N][Branch1][=Branch1][N+1][=Branch1][C][=O][O-1][C][Branch1][=Branch1][N+1],[N+]CN(N=CNNC[N+](=O)[O-])[N+](=O)[O-],1.5763039679725397,0.21954936338395042,-0.05477765012391763,0.2610358314397026,-0.9619213774898199,,0.04941512314190724,mols/page_0037.png,19
740,[=N+1][Branch1][C][O-1][C][C][N][=N][N][=C][Branch1][=Branch1][N+1][=Branch1][C][=O][O-1][C][N][N][Branch1][=Branch1][N+1][C][O-1][C][=N][N][Branch1][=Branch1],NN([N+]C[O-])NCC(=NN=NCC[N+][O-])[N+](=O)[O-],1.6998833105991515,0.1338153317729215,-0.2617837891678004,0.2481519872277825,-1.5613621396562756,,-0.0888675334232343,mols/page_0038.png,0
741,[O][=N+1][Branch1][C][O-1][C][N][C][Branch1][=Branch1][N+1][=Branch1][C][=O][O-1][C][Branch1][=Branch1],CC(NC[N+](=O)[O-])[N+](=O)[O-],1.9996683620478217,-0.8394520013406854,-1.1194752900379297,-0.6135596536555329,-2.2588594563271487,,-0.9610416299395819,mols/page_0038.png,1
742,[C][N][=N][N][Branch1][=Branch1][N+1][=Branch1][C][=O][O-1][N][C][Branch1][=Branch1][N+1][Branch1][C][O-1][C][=N][N][Branch1][Branch1][C][N][N][C][Branch1][C][O][N+1][=Branch1][C][O-1][=Branch1][C][=O][N][N+1][=Branch1][C][=Branch1][O-1][C][Branch1][=Branch1][C][=O][O][N+1][=Branch1][O-1][=O][O-1],CN=NN(NC(=NN(CNNC)CO[N+]([O-])C=O)[N+](C)[O-])[N+](=O)[O-],1.9158857329053582,-1.1166670049446705,-1.3222108047082604,-0.879243937525436,-2.266283678834707,,-1.188045395306878,mols/page_0038.png,2
743,[N][O][=N+1][Branch1][C][O-1][C][N][N][C][Branch1][=Branch1][N+1][=Branch1][C][=O][O-1],NO[N+]([O-])CNNC[N+](=O)[O-],1.498091503851731,0.41361502839159814,-0.02508642962884135,0.5096113625011519,-1.33380843406092,,0.16759585128505797,mols/page_0038.png,3
744,[C][C][Branch2][Ring2][C][C][O][C][=Branch1][C][=O][C][=C][Branch1][=Branch1][N+1][=Branch1][C][=O][O-1][C][=C][Branch1][=Branch1][N+1][=Branch1][C][=O][O-1][C][=C][Ring1][N][N+1][=Branch1][C][=O][O-1][Branch1][=Branch1][N+1][=Branch1][C][=O][O-1][N+1][=Branch1][C][=O][O-1],CC(COC(=O)c1c([N+](=O)[O-])cc([N+](=O)[O-])cc1[N+](=O)[O-])([N+](=O)[O-])[N+](=O)[O-],1.8880084467297122,-0.8196787069678058,-0.7872216720308517,-0.8898919610036525,-0.46575237082723603,,-0.804257116233849,mols/page_0038.png,4
745,[N][C][N][=N][N][Branch1][=Branch1][N+1][=Branch1][C][=O][O-1],NCN=NN[N+](=O)[O-],1.4644996950521225,0.2818703186351494,-0.022200164719386035,0.3210801338996068,-1.1060355406329976,,0.08274603797548384,mols/page_0038.png,5
746,[O][=N+1][Branch1][C][O-1][C][N][=N][N][Branch1][=Branch1][N+1][=Branch1][C][=O][O-1][C][Branch1][=Branch1][N+1][O][C][=O][O-1][N][=C][Ring2][Ring2][=Branch1][N+1][=Branch1],[N+]C=NC([N+]OC=O)N(N=NC[N+](=O)[O-])[N+](=O)[O-],2.179883310599152,1.0569521903371442,0.866682545580614,0.7702284428015398,0.07396521727338451,,0.7963965828273939,mols/page_0038.png,6
747,[O][=C][N][Branch1][=Branch1][N+1][=Branch1][C][=O][O-1][C][C][Branch2][Ring1][=Branch2][C][C][Ring1][Ring2][N][Branch1][=Branch1][N+1][=Branch1][C][=O][O-1][C][=Branch1][C][=O][N][Ring1][=Branch2][N+1][=Branch1][C][=O][O-1][N][Ring2][Ring1][Ring2][N+1][=Branch1][C][=O][O-1],O=C1N([N+](=O)[O-])C2C(C3C2N([N+](=O)[O-])C(=O)N3[N+](=O)[O-])N1[N+](=O)[O-],1.735885732905358,1.3783104510239588,1.6476650722878934,1.2836070049381938,1.7216381145825936,,1.4421004942614999,mols/page_0038.png,7
748,[O][=N+1][Branch1][C][O-1][C][N][N][C][=N][O][N+1][=Branch1][C][=O][O-1],O=[N+]([O-])CNNC=NO[N+](=O)[O-],1.5170246155449356,0.7282059499815878,0.3709144821780071,0.6354724419008666,-0.5671885812974891,,0.4722502266704964,mols/page_0038.png,8
749,[O][=N+1][Branch1][C][O-1][C][=C][C][Branch1][#C][N][C][=C][Branch1][=Branch1][N+1][=Branch1][C][=O][O-1][N][=N][Ring1][Branch2][=C][C][Branch1][=Branch1][N+1][=Branch1][C][=O][O-1][=C][Ring1][P],O=[N+]([O-])c1cc(-n2cc([N+](=O)[O-])nn2)cc([N+](=O)[O-])c1,1.4839038473124213,-1.1118370071773986,-0.9750199033649971,-0.9561050330264447,-0.29983452865229365,,-0.9341396937114063,mols/page_0038.png,9
750,[O][=N+1][Branch1][C][O-1][C][=C][C][Branch1][=Branch1][N+1][=Branch1][C][=O][O-1][=C][Branch2][Branch1][=Branch1][C][=C][C][Branch1][=Branch1][N+1][=Branch1][C][=O][O-1][=C][Branch2][Ring1][N][C][=C][Branch1][=Branch1][N+1][=Branch1][C][=O][O-1][C][=C][Branch1][=Branch1][N+1][=Branch1][C][=O][O-1][C][=C][Ring1][N][N+1][=Branch1][C][=O][O-1][C][Branch1][=Branch1][N+1][=Branch1][C][=O][O-1][=C][Ring2][Ring1][O][C][Branch1][=Branch1][N+1][=Branch1][C][=O][O-1][=C][Ring2][Ring2][#Branch1],O=[N+]([O-])c1cc([N+](=O)[O-])c(-c2cc([N+](=O)[O-])c(-c3c([N+](=O)[O-])cc([N+](=O)[O-])cc3[N+](=O)[O-])c([N+](=O)[O-])c2)c([N+](=O)[O-])c1,2.326550083696136,-0.9375234247762486,-0.7552763156940283,-0.986898728242812,0.21026208922602044,,-0.796933217492092,mols/page_0038.png,10
751,[O][=N+1][Branch1][C][O-1][C][=N][C][Branch1][=Branch1][N+1][=Branch1][C][=O][O-1],O=[N+]([O-])C=NC[N+](=O)[O-],1.481790468830701,1.2140575308556785,1.0176933566378705,1.0609124534373016,0.07080474914011568,,0.9893831781623194,mols/page_0038.png,11
752,[C][C][Branch2][Ring1][=N][C][O][C][=Branch1][C][=O][O][C][C][Branch1][=Branch1][N+1][=Branch1][C][=O][O-1][Branch1][=Branch1][N+1][=Branch1][C][=O][O-1][N+1][=Branch1][C][=O][O-1][Branch1][=Branch1][N+1][=Branch1][C][=O][O-1][N+1][=Branch1][C][=O][O-1],CC(COC(=O)OCC([N+](=O)[O-])([N+](=O)[O-])[N+](=O)[O-])([N+](=O)[O-])[N+](=O)[O-],1.9158857329053582,0.2167140572775607,0.1066736716494142,-0.06091653292989606,-0.14922065034003773,,0.04155825402578153,mols/page_0038.png,12
753,[O][=N+1][Branch1][C][O-1][C][C][N][N][=N][N][C][Branch1][=Branch1][N+1][=Branch1][C][=O][O-1],O=[N+]([O-])CCNN=NNC[N+](=O)[O-],1.556437499842364,0.2389518446556342,-0.07549576815812421,0.30820121538928313,-1.043623335950867,,0.059782171685004035,mols/page_0038.png,13
754,[O][=N+1][Branch1][C][O-1][C][N][C][N][N][Branch1][=Branch1][N+1][=Branch1][C][=O][O-1][N+1][=Branch1][C][O-1][N][C][=N][N][Branch1][=Branch1][C][N][N][=N][N][Branch1][N+1][=Branch1][C][=N][O][N+1][=Ring2][Ring2],[N+]O[N+](=N)N(CNN=NN)N=CN[N+]([O-])N(NCNC[N+](=O)[O-])[N+](=O)[O-],2.0036858610047386,0.5968579788185796,0.34580883262584144,0.6357352952496917,-0.5746630088393229,,0.4324945200770497,mols/page_0038.png,14
755,[O][=N+1][Branch1][C][O-1][C][=N][C][N][Branch1][=Branch1][N+1][=Branch1][C][=O][O-1],O=[N+]([O-])C=NCN[N+](=O)[O-],1.4796683620478217,1.162519223515313,0.9155286503264889,1.047176015058153,-0.2556504249511162,,0.9128173319886,mols/page_0038.png,15
756,[O][=N+1][Branch1][C][O-1][C][C][N][Branch1][=Branch1][N+1][=Branch1][C][=O][O-1][N+1][=Branch1][C][=Ring1][O-1],[N+]N(CC[N+](=O)[O-])[N+](=O)[O-],1.4796683620478217,1.2695757940660826,0.9977986993093496,1.3660274263773018,-0.4238605555202775,,1.070868538342751,mols/page_0038.png,16
757,[\N+1][N][C][=C][Branch1][=Branch1][N+1][=Branch1][C][=O][O-1][C][Branch1][=Branch1][N+1][N][C][=O][O-1][N+1][=Branch1][C][NH1][N][=N][O-1][C][Branch1][N+1][=Branch1][C][C][=O][O-1],[N+]NC=C(C([N+]NC=O)[N+]([NH])N=N[O-])[N+](=O)[O-],2.1584079534080933,0.3404737154226642,0.2099761463989853,0.21889779765581185,-0.3863182104997859,,0.18653976346775852,mols/page_0038.png,17
758,[O][=N+1][Branch1][C][O-1][C][C][N][C][N][Branch1][=Branch1][N+1][=Branch1][C][=O][O-1],O=[N+]([O-])CCNCN[N+](=O)[O-],1.518091503851731,-0.2539224021328419,-0.6071214247956297,-0.09723641754635047,-1.7951559636581162,,-0.4336711201164697,mols/page_0038.png,18
759,[O][=N+1][Branch1][C][O-1][C][=C][C][Branch1][=Branch1][N+1][=Branch1][C][=O][O-1][=C][Branch2][Ring1][N][N][N][=N][C][=C][C][Branch1][=Branch1][N+1][=Branch1][C][=O][O-1][=C][C][Branch1][=Branch1][N+1][=Branch1][C][=O][O-1][=C][Ring1][N][Ring1][#C][C][Branch1][=Branch1][N+1][=Branch1][C][=O][O-1][=C][Ring2][Ring1][O],O=[N+]([O-])c1cc([N+](=O)[O-])c(-n2nnc3cc([N+](=O)[O-])cc([N+](=O)[O-])c32)c([N+](=O)[O-])c1,1.7025801340811582,-0.7356628284337162,-0.571032572619336,-0.7141697955079733,0.31938824153158085,,-0.5804029443132943,mols/page_0038.png,19
760,[N][C][Branch1][=Branch1][N+1][=Branch1][C][=O][O-1][C][N][N][Branch1][=Branch1][N+1][N+1][=Branch1][C][O-1][C][N][C][Branch1],CNCN([N+][N+][O-])NCC(N)[N+](=O)[O-],2.0963039679725397,-1.6015012066534036,-1.8164571587230136,-1.1371124763350424,-2.857903476271528,,-1.595124929505274,mols/page_0039.png,0
761,[O][=N+1][Branch1][C][O-1][C][N][C][Branch1][=Branch1][N+1][=Branch1][C][=O][O-1][C][N][Branch1][=Branch1][N+1][=Branch2][C][=O][N][Branch1][=Branch1][C][=O][N][C][Branch1][=Branch2][N][C][=N][N][Branch1][=Branch1],N[N+]N(C=O)CC(NC[N+](=O)[O-])[N+](=O)[O-],2.116601054988479,-0.5474791076816905,-0.7664882219121327,-0.5217230819283584,-1.4354613833376777,,-0.680727203503567,mols/page_0039.png,1
762,[N][C][Branch1][=Branch1][N+1][=Branch1][C][=O][O-1][N+1][=Branch1][C][O-1][C],C[N+]([O-])C(N)[N+](=O)[O-],1.9844996950521225,-0.4819591038116999,-0.8313355927756663,-0.20512585077613602,-2.168904280036488,,-0.6272644424609448,mols/page_0039.png,2
763,[O][=N+1][Branch1][C][O-1][C][N][N][N][=N][N][Branch1][=Branch1][N+1][=Branch1][C][=O][O-1],O=[N+]([O-])CNNN=NN[N+](=O)[O-],1.4970246155449356,1.302091075066708,1.0542501568102192,1.1177487807847981,0.056373863068603425,,1.0418222065900113,mols/page_0039.png,3
764,[O][=N+1][Branch1][C][O-1][C][N][N][Branch1][=Branch1][N+1][=Branch1][C][=O][O-1],O=[N+]([O-])CNN[N+](=O)[O-],1.461790468830701,1.6905272260211222,1.4588319252491622,1.5976598873203574,-0.05788054981120331,,1.4206156877645937,mols/page_0039.png,4
765,[O][=N+1][Branch1][C][O-1][O][C][C][N][Branch2][Branch1][=N][C][=C][Branch1][=Branch1][N+1][=Branch1][C][=O][O-1][C][=C][Branch1][=Branch1][N+1][=Branch1][C][=O][O-1][C][Branch2][Ring1][=C][/C][=C][/C][=C][Branch1][=Branch1][N+1][=Branch1][C][=O][O-1][C][=C][Branch1][=Branch1][N+1][=Branch1][C][=O][O-1][C][=C][Ring1][N][N+1][=Branch1][C][=O][O-1][=C][Ring2][Ring1][=N][N+1][=Branch1][C][=O][O-1][N+1][=Branch1][C][=O][O-1],O=[N+]([O-])OCCN(c1c([N+](=O)[O-])cc([N+](=O)[O-])c(/C=C/c2c([N+](=O)[O-])cc([N+](=O)[O-])cc2[N+](=O)[O-])c1[N+](=O)[O-])[N+](=O)[O-],2.4222400836961357,-0.48551953807996207,-0.46086707353991135,-0.42138206249950205,-0.17415051114020047,,-0.4225645290187892,mols/page_0039.png,5
766,[O][=N+1][Branch1][C][O-1][C][N][N][C][C][N][Branch1][=Branch1][N+1][=Branch1][C][=O][O-1][C][Branch1][=Branch1][N+1],[N+]CN(CCNNC[N+](=O)[O-])[N+](=O)[O-],1.5963039679725397,-0.6904204876039098,-1.0025055396192823,-0.3503126964937308,-2.0696415801964374,,-0.7703207434229341,mols/page_0039.png,6
767,[O][=N+1][Branch1][C][O-1][C][C][N][Branch1][=Branch1][N+1][=Branch1][C][=O][O-1][C][N][Branch1][P][N][C][=N][C][Branch2][Ring1][Branch1][C][=N][N][=N][N][N][Ring1][Branch1][N][=N][N][N+1][=Branch1][C][O-1][O-1][C][N][C][N][=N][N][Branch1][=Branch1][N][=N][O][N+1][=Branch1][C][=Ring1][O-1][C][N],[N+]ON=NN(CN)NN(CN(CC[N+](=O)[O-])[N+](=O)[O-])NC=NCC=NN=NNNN=NN[N+]([O-])[O-],2.4118467354148354,-0.5154595535176213,-0.761225803321686,-0.33663044083214255,-1.3111231056467634,,-0.5849358261073602,mols/page_0039.png,7
768,[=N+1][N][=N+1][Branch1][C][O-1][C][=N][N][C][Branch1][=Branch1][N+1][=Branch1][C][=O][O-1][N+1][=Branch1][C][O-1][O-1][=N][O],[N+]N=[N+]([O-])C=NNC([N+]([O-])[O-])[N+](=O)[O-],2.05630396797254,1.874210124195285,1.7769056010112814,1.808796503920865,0.5947420378089519,,1.695771736650883,mols/page_0039.png,8
769,[O][=N+1][Branch1][C][C][C][C][N][Branch1][=Branch1][N+1][=Branch1][C][=O][O-1][N+1][=Branch1][C][O-1][C][N],C[N+](=O)CCN([N+]([O-])CN)[N+](=O)[O-],1.576437499842364,-0.880064677752383,-1.2964350152955328,-0.4769712917610053,-2.723901341739173,,-1.0073035741402983,mols/page_0039.png,9
770,[O][=N+1][Branch1][C][O-1][C][Branch1][=Branch1][N+1][=Branch1][C][=O][O-1][C][Branch1][N][N][=N][N][C][Branch1][=Branch1][O][N+1][=Branch1][C][O-1][N][N+1][=Branch1][C][C][O-1][Branch1][=Branch1][N+1][C][C][O-1][N][N][N][Branch1][=Branch1][N+1],C[N+]([O-])NC(N=NNCO[N+][O-])C([N+](=O)[O-])[N+](=O)[O-],2.2017197490378493,1.0159176354607387,0.6910337135488194,1.0404246693337293,-0.7417147500810637,,0.7687362299777749,mols/page_0039.png,10
771,[O][=N+1][Branch1][C][O-1][C][=N][C][N][Branch1][=Branch1][N+1][=Branch1][C][=O][O-1][N+1][=Branch1][C][=N][O-1][Branch1][=Branch1][N+1][=Ring2][C][=O][O-1],N=[N+]([O-])N(CN=C[N+](=O)[O-])[N+](=O)[O-],1.536437499842364,1.391655008941148,1.2405183738774002,1.2149077969823912,0.2930746810062752,,1.1733139325982211,mols/page_0039.png,11
772,[O][=N+1][Branch1][C][O-1][C][N][N][N][Branch1][N][C][=N][N][N][=N][N][Branch1][=Branch1][N+1][=Branch1][C][=O][O-1],O=[N+]([O-])CNNNC=NNN=NN[N+](=O)[O-],1.597308431519336,0.06325478371379363,-0.21295557185385658,0.10265168777223607,-0.925051290123402,,-0.0888696509384615,mols/page_0039.png,12
773,[C][C][=C][Branch1][=Branch1][N+1][=Branch1][C][=O][O-1][C][=C][Branch1][=Branch1][N+1][=Branch1][C][=O][O-1][C][Branch1][C][N][=C][Ring1][=N][N+1][=Branch1][C][=O][O-1],Cc1c([N+](=O)[O-])cc([N+](=O)[O-])c(N)c1[N+](=O)[O-],1.558407953408093,-1.338383385862679,-1.2364047937347322,-1.0878590426996497,-0.8200529712456794,,-1.1608459591037807,mols/page_0039.png,13
774,[O][=N+1][Branch1][C][O-1][C][N][C][Branch1][=Branch1][N+1][=Branch1][C][=O][O-1][N+1][=Branch1][C][O-1][N][N][N][Branch1][=Branch1][N+1],[N+]NNN[N+]([O-])C(NC[N+](=O)[O-])[N+](=O)[O-],2.076601054988479,1.8827309693130194,1.6995079607190835,1.9301635523004619,0.1425783559450049,,1.6818829890227112,mols/page_0039.png,14
775,[O][=N+1][Branch1][C][O-1][C][C][Branch1][=Branch1][N+1][=Branch1][C][=O][O-1][C][=N][N][Branch1][=Branch1][N+1][Branch1][C][O-1][=C][Branch1][=Branch1][N+1][N+1][C][O-1][C][=C][N][Branch1][=Branch1][=Branch1][N+1][=Branch1][N+1][=Branch1],C=[N+]([O-])N(N=CC(C[N+](=O)[O-])[N+](=O)[O-])[N+][N+]C[O-],2.1998833105991515,0.8137710730825382,0.5283283550297458,0.8505567844353478,-0.6616401694383484,,0.6095835538583754,mols/page_0039.png,15
776,[N][=N+1][Branch1][C][O-1][C][N][=N][N][N][=C][Branch1][=Branch1][N+1][=Branch1][C][=O][O-1],N=[N+]([O-])CN=NNN=C[N+](=O)[O-],1.5170246155449356,1.2863393744756542,1.0853455407118875,1.0146430993872084,0.1716091108863212,,1.015939379640401,mols/page_0039.png,16
777,[O][=N+1][Branch1][C][O-1][C][N][N][N][=N][N][Branch1][=Branch1][N+1][=Branch1][C][=O][O-1],O=[N+]([O-])CNNN=NN[N+](=O)[O-],1.4970246155449356,1.302091075066708,1.0542501568102192,1.1177487807847981,0.056373863068603425,,1.0418222065900113,mols/page_0039.png,17
778,[N][Branch1][=N][O][=N+1][Branch1][C][O-1][C][N][C][N][N][N][Branch1][=Branch1][N+1][=Branch1][C][=O][O-1],NO[N+]([O-])CNCNNN[N+](=O)[O-],1.536437499842364,-0.11364349170204804,-0.5187064041075785,0.008768710927291621,-1.7489869243335259,,-0.3294786820148426,mols/page_0039.png,18
779,[O][=N+1][Branch1][C][O-1][C][N][N][N][C][Branch1][=Branch1][N+1][=Branch1][C][=O][O-1],O=[N+]([O-])CNNNC[N+](=O)[O-],1.498091503851731,0.5829791986369557,0.25101438710693125,0.5597679906928993,-0.8098552267226795,,0.3514200700408635,mols/page_0039.png,19
780,[C][N][C][Branch1][=Branch1][N+1][=Branch1][C][=O][O-1][N+1][=Branch1][C][O-1][C][=N][N][Branch1][=Branch1][N+1][#Branch1][C][=O][O-1][C][Branch1][=Branch1][C][Branch1][=Branch1],CCN(N=C[N+]([O-])C(NC)[N+](=O)[O-])[N+](=O)[O-],2.157308431519336,-0.8684351304282247,-1.1104127504174044,-0.5182267293770351,-2.269475984306785,,-0.9289502603928997,mols/page_0040.png,0
781,[O][=N+1][Branch1][C][O-1][C][C][N][Branch1][=Branch1][N+1][=Branch1][C][=O][O-1],O=[N+]([O-])CCN[N+](=O)[O-],1.481790468830701,1.0010866826548575,0.6086537846269532,1.023831324028679,-1.009227989420302,,0.711044847489894,mols/page_0040.png,1
782,[O][=N+1][Branch1][C][O-1][C][N][N][C][=N][N][=N][O][N+1][Branch1][C][O-1],O=[N+]([O-])CNNC=NN=NO[N+][O-],1.536437499842364,0.38993012717368813,0.15291779388616747,0.2981353202815481,-0.6265823613579583,,0.1923078722417873,mols/page_0040.png,2
783,[O][=N+1][Branch1][C][O-1][C][N][N][N][N][=N][N][=N][N][N][Branch1][=Branch1][N+1][=Branch1][C][=O][O-1][C][Branch1][=Branch1][N+1][C][O-1][C][=C][N][Branch1][=Branch1][N][N][=N][C][=N][N][Branch1][=Branch1],N=CN=NNN(N)C([N+]C[O-])N(NN=NN=NNNNC[N+](=O)[O-])[N+](=O)[O-],2.5480084467297126,0.4883448669762484,0.2660800766509075,0.48703911104020137,-0.4359379275460158,,0.339828087568268,mols/page_0040.png,3
784,[O][=N+1][Branch1][C][O-1][C][=N][N][C][Branch1][=Branch1][N+1][=Branch1][C][=O][O-1][N+1][=Branch1][C][O-1][=C][C][Branch1][=Branch1][N][N+1][=Branch1][C][NH1][C],CC(C[N+]([O-])C(NN=C[N+](=O)[O-])[N+](=O)[O-])N[N+][NH],2.6998833105991515,-0.5374435853200883,-0.8285614437342078,-0.25039976531270564,-1.8830392639001556,,-0.6299650897786719,mols/page_0040.png,4
785,[C][=N+1][Branch1][C][O-1][C][C][Branch1][=Branch1][N+1][=Branch1][C][=O][O-1],C=[N+]([O-])CC[N+](=O)[O-],1.5044996950521223,-0.5124451258284505,-0.9549495659014385,-0.32299520323124703,-2.411303981620899,,-0.7371771523870609,mols/page_0040.png,5
786,[O][=N+1][Branch1][C][O-1][C][C][N][C][Branch1][=Branch1][N+1][=Branch1][C][=O][O-1][N][N][=N][C][Branch1][=Branch1][C][=N][O][C][Branch1][=Branch1],CON=CCN=NNC(NCC[N+](=O)[O-])[N+](=O)[O-],2.219883310599152,-1.3721148081358707,-1.5474525417690537,-1.126363252078573,-2.284921991681079,,-1.4089293374757683,mols/page_0040.png,6
787,[O][=C][Branch2][Ring2][Ring2][C][=Branch1][C][=O][N][Branch2][Ring1][#Branch1][C][C][C][Branch1][=Branch1][N+1][=Branch1][C][=O][O-1][Branch1][=Branch1][N+1][=Branch1][C][=O][O-1][N+1][=Branch1][C][=O][O-1][N+1][=Branch1][C][=O][O-1][N][Branch2][Ring1][#Branch1][C][C][C][Branch1][=Branch1][N+1][=Branch1][C][=O][O-1][Branch1][=Branch1][N+1][=Branch1][C][=O][O-1][N+1][=Branch1][C][=O][O-1][N+1][=Branch1][C][=O][O-1],O=C(C(=O)N(CCC([N+](=O)[O-])([N+](=O)[O-])[N+](=O)[O-])[N+](=O)[O-])N(CCC([N+](=O)[O-])([N+](=O)[O-])[N+](=O)[O-])[N+](=O)[O-],2.4583993249990477,1.1855834841613062,1.0870244039659929,1.0371477343989723,0.4161639554054677,,1.0246274613319606,mols/page_0040.png,7
788,[C][=N+1][Branch1][C][O-1][C][N][N][Branch1][=Branch1][N+1][=Branch1][C][=O][O-1][N+1][=Branch1][C],C=[N+]([O-])CNN([N+])[N+](=O)[O-],1.4796683620478217,0.7066013731110649,0.3556041181186875,0.8071761304760059,-1.154925447912692,,0.47292928020657127,mols/page_0040.png,8
789,[O][=N+1][Branch1][C][O-1][C][=C][N][=N][N][Branch1][=Branch1][N+1][=Branch1][C][=O][O-1][N+1][=Branch1][C][O-1][N][N][=N][C][=C][N][Branch1][=Branch1][N],NNC=CN=NN[N+]([O-])N(N=NC=C[N+](=O)[O-])[N+](=O)[O-],1.7439038473124213,-0.13203880688107691,-0.25628084850156574,-0.002672350507942572,-0.8060702569435497,,-0.17875587974319268,mols/page_0040.png,9
790,[O][=N+1][Branch1][C][O-1][C][C][Branch1][=Branch1][N+1][=Branch1][C][=O][O-1],O=[N+]([O-])CC[N+](=O)[O-],1.4844996950521225,1.2052161523792833,0.9237830613258409,1.1773654427879254,-0.29954187003786076,,0.9732417935376652,mols/page_0040.png,10
791,[O][=N+1][Branch1][C][O-1][C][N][N][C][Branch1][=Branch1][N+1][=Branch1][C][=O][O-1][N+1][=Branch1][C][N+1][=Branch1][C][O-1][=O],[N+][N+](C[O-])C(NNC[N+](=O)[O-])[N+](=O)[O-],2.0763039679725397,1.285296069818052,1.094503905860615,1.2688388559701302,-0.0719759193121942,,1.0952879443764993,mols/page_0040.png,11
792,[O][=N+1][Branch1][C][O-1][C][C][N][C][N][Branch1][=Branch1][N+1][=Branch1][C][=O][O-1][N+1][=Branch1][C][O-1][C][N][=N][N][Branch1][=Branch1][Branch1][=Branch1][N+1][O-1][C][Branch1][=Branch1][N+1][C][C][O-1][C][Branch1][Ring1][O][N+1][=Branch1][C][C][=O][O-1],O=[N+]([O-])CCNCN([N+]([O-])CN=NN([N+][O-])[N+]CC[O-])[N+](=O)[O-],1.8724242818454757,0.7043812082297523,0.29961390082689876,0.8117109104820575,-1.0840947161417496,,0.46727366984281077,mols/page_0040.png,12
793,[O][=N+1][Branch1][C][O-1][C][C][N][N][=N][C][=N][N][=C][Branch1][=Branch1][N+1][=Branch1][C][=O][O-1][C][N][N][C][=N][N][Branch1][=Branch1][N+1],[N+]NN=CNNCC(=NN=CN=NNCC[N+](=O)[O-])[N+](=O)[O-],1.8292669435287097,-0.7755880864904425,-0.9910879279339702,-0.5589206370110773,-1.766752159388723,,-0.8419124743494064,mols/page_0040.png,13
794,[O][=N+1][Branch1][C][O-1][C][N][C][N][=N][N][=N][N][Branch1][=Branch1][N+1][=Branch1][C][=O][O-1][C][Branch1][=Branch1][N+1][S][C][=O],O=CS[N+]CN(N=NN=NCNC[N+](=O)[O-])[N+](=O)[O-],1.701719749037849,0.2725614956773739,0.03438225433669335,0.189767198414805,-0.7230225586613238,,0.08034056100330643,mols/page_0040.png,14
795,[O][=N+1][Branch1][C][O-1][C][C][N][N][=N][O],O=[N+]([O-])CCNN=NO,1.481790468830701,-0.20007672598270482,-0.5322644386745041,-0.23912572994069423,-1.5178956005913227,,-0.43052514319971213,mols/page_0040.png,15
796,[O][=N+1][Branch1][C][O-1][C][C][=N][O][N+1][Branch1][C][O-1][Branch1][=Branch1][N+1][=Branch1][C][=O][O-1],O=[N+]([O-])CC=NO[N+]([O-])[N+](=O)[O-],1.5170246155449356,1.189327753738212,0.9631379669216985,1.0831090082037644,0.08423275903915713,,0.9797833093503991,mols/page_0040.png,16
797,[O][=N+1][Branch1][C][O-1][C][=C][C][Branch1][=Branch1][N+1][=Branch1][C][=O][O-1][=C][Branch2][Branch1][O][C][=C][Branch1][=Branch1][N+1][=Branch1][C][=O][O-1][C][=C][Branch1][=Branch1][N+1][=Branch1][C][=O][O-1][C][Branch2][Ring1][N][C][=C][Branch1][=Branch1][N+1][=Branch1][C][=O][O-1][C][=C][Branch1][=Branch1][N+1][=Branch1][C][=O][O-1][C][=C][Ring1][N][N+1][=Branch1][C][=O][O-1][=C][Ring2][Ring1][O][N+1][=Branch1][C][=O][O-1][C][Branch1][=Branch1][N+1][=Branch1][C][=O][O-1][=C][Ring2][Ring2][#Branch2],O=[N+]([O-])c1cc([N+](=O)[O-])c(-c2c([N+](=O)[O-])cc([N+](=O)[O-])c(-c3c([N+](=O)[O-])cc([N+](=O)[O-])cc3[N+](=O)[O-])c2[N+](=O)[O-])c([N+](=O)[O-])c1,2.4666226336239,-0.6009571132145402,-0.42238609676125927,-0.6698241518267948,0.5034313255928639,,-0.47342233066538136,mols/page_0040.png,17
798,[O][=N+1][Branch1][C][O-1][C][=C][C][Branch1][=Branch1][N+1][=Branch1][C][=O][O-1][=C][Branch1][Branch2][N][N][=C][C][=N][Ring1][Branch1][C][Branch1][=Branch1][N+1][=Branch1][C][=O][O-1][=C][Ring1][P],O=[N+]([O-])c1cc([N+](=O)[O-])c(-n2nccn2)c([N+](=O)[O-])c1,1.4839038473124213,-1.158087299720837,-0.9948608983977247,-1.004609760019187,-0.28846737418459334,,-0.9689276909557747,mols/page_0040.png,18
799,[O][=N+1][Branch1][C][O-1][C][=C][Branch1][=Branch1][N+1][=Branch1][C][=O][O-1][C][Branch1][=Branch1][N+1][=N][C][O-1][C][=N][N][Branch1][=Branch1][N+1],[N+]NN=C([N+]=NC[O-])C(=C[N+](=O)[O-])[N+](=O)[O-],1.637308431519336,1.0266445042821974,0.9185624865493759,0.9918550126381256,0.17880190043100197,,0.9009239428062438,mols/page_0040.png,19
800,[=N+1][C][C][N][N][N][=N][N][Branch1][=Branch1][N+1][=Branch1][C][=O][O-1][N+1][=Branch1][C][N][O-1][C][Branch1][=Branch1][N+1][O-1][C][C][N][Branch1][=Branch1][N][N+1][=Branch1][C][O-1][C][C][=Branch1][N+1][=Branch1][N+1][=O][O-1],[N+]CCNNN=NN([N+](N)[O-])[N+](=O)[O-],1.5563039679725397,0.3984509722914224,0.09975442967634858,0.5326730495843611,-0.9935505490831301,,0.23826551541737417,mols/page_0041.png,0
801,[O][=N+1][Branch1][C][O-1][C][N][N][=N][C][N][Branch1][=Branch1][N+1][=Branch1][C][=O][O-1],O=[N+]([O-])CNN=NCN[N+](=O)[O-],1.5170246155449356,1.2207321666772042,0.9565483647656491,1.0771215940178342,-0.38310508830617973,,0.9368582616372292,mols/page_0041.png,1
802,[O][=N+1][Branch1][C][O-1][C][=N][N][=N][C][=N][N][Branch1][=Branch1][N+1][=Branch1][C][=O][O-1][C][Branch1][=Branch1][N+1],[N+]CN(N=CN=NN=C[N+](=O)[O-])[N+](=O)[O-],1.596601054988479,1.0023295350406454,0.8290122527705539,0.959781082797753,0.005873721153012686,,0.8423352521872023,mols/page_0041.png,2
803,[O][=N+1][Branch1][C][O-1][C][N][N][N][Branch1][=Branch1][N+1][=Branch1][C][=O][O-1][C][Branch1][=Branch1][N+1][Ring1][O],[N+]CN(NNC[N+](=O)[O-])[N+](=O)[O-],1.5170246155449356,1.145259130648208,0.9073822027555782,1.0902638136680372,-0.403725887749902,,0.9088932700431713,mols/page_0041.png,3
804,[O][=N+1][Branch1][C][O-1][C][N][N][=N][N][N][N][Branch1][=Branch1][N+1][=Branch1][C][=O][O-1][C][Branch1][=Branch1][N+1][C][O-1][C][Branch1][N][N+1][=Branch1][C][=N][O-1][N+1][=Branch1][C][Branch1][O-1][C][=N][O],N=[N+]([O-])NC([N+]C[O-])N(NNN=NNC[N+](=O)[O-])[N+](=O)[O-],2.2864233350354186,1.1914897826672186,1.0856515435652803,1.0571317535665508,0.12385187816039421,,1.0045232208007846,mols/page_0041.png,4
805,[O][=N+1][Branch1][C][O-1][C][N][N][C][Branch1][=Branch1][N+1][=Branch1][C][=O][O-1][N+1][=Branch1][C][O-1][C][=C][C][Branch1][=Branch1][O][N+1][=Branch1][C][\N+1][O-1],[N+][N+]OC([O-])C=C[N+]([O-])C(NNC[N+](=O)[O-])[N+](=O)[O-],2.721719749037849,0.7612884493276868,0.510240328326267,0.7373090834508063,-0.5799480070815499,,0.5548110270856559,mols/page_0041.png,5
806,[O][=N+1][Branch1][C][O-1][C][=N][N][Branch1][=Branch1][N+1][=Branch1][C][=O][O-1][N+1][=Branch1][C][Branch1][O-1][C][=N][C][Branch1][=Branch1][N+1][C][=O][O-1],C[N+](NC[N+]C=O)N(N=C[N+](=O)[O-])[N+](=O)[O-],1.637308431519336,-0.4742733737926335,-0.7654124206488475,-0.3384932516176836,-1.7274085556994834,,-0.6180596048273921,mols/page_0041.png,6
807,[O][=N+1][Branch1][C][O-1][C][N][N][N][Branch1][=Branch1][N+1][=Branch1][C][=O][O-1][C][N][Branch1][=Branch1][N][=N][N][=N][N][N][Branch1][N],NN=NN=NN(N)CN(NNC[N+](=O)[O-])[N+](=O)[O-],1.6598833105991515,0.9458748116255261,0.6666097029205998,0.9518914522135107,-0.45913387789414106,,0.7379643217325217,mols/page_0041.png,7
808,[O][=N+1][Branch1][C][O-1][C][C][Branch1][=Branch1][N+1][=Branch1][C][=O][O-1][N][C][Branch1][=Branch1][C][N+1][=Branch1][C][=Ring1][=Branch1][N+1][=Branch1][=O][O-1][C],C[N+]([O-])C(C[N+])NC(C[N+](=O)[O-])[N+](=O)[O-],2.636601054988479,-0.14519403014278262,-0.5558653080154653,0.1111619567576226,-1.8118803626368785,,-0.3119880881002008,mols/page_0041.png,8
809,[O][=N+1][Branch1][C][O-1][C][C][N][N][Branch1][=Branch1][N+1][=Branch1][C][=O][O-1][N],NN(NCC[N+](=O)[O-])[N+](=O)[O-],1.498091503851731,0.22922428571705913,-0.10986135791891198,0.34232065476531714,-1.3118957733693875,,0.0355794165187249,mols/page_0041.png,9
810,[N+1][=Branch1][=Branch1][#N+1][C][N][O-1][O][=N+1][Branch1][C][O-1][C][N][N][N][=N][O][N][=C][Branch1][=Branch1][N+1][=Branch1][C][=O][O-1][C][=N][O][N][Branch1][N],NON=CC(=NON=NNNC[N+]([O-])=[N+]=[N+]CN[O-])[N+](=O)[O-],1.8292669435287097,1.0575602609734271,0.7477694534500225,0.8970442127288443,-0.2084172838024999,,0.7893083853171501,mols/page_0041.png,10
811,[O][=N+1][Branch1][C][O-1][C][=N][N][C][=N][N][Branch1][=Branch1][N+1][=Branch1][C][=O][O-1],O=[N+]([O-])C=NNC=NN[N+](=O)[O-],1.5170246155449356,0.8075646673633697,0.6541268307801048,0.6771689537052997,-0.05825647531175098,,0.6304648084868134,mols/page_0041.png,11
812,[O][=N+1][Branch1][C][O-1][C][=N][N][Branch1][=Branch1][N+1][=Branch1][C][=O][O-1][N+1][=Branch1][C][O-1][C][=C][Branch1][=Branch1][N+1][#Branch2][C][=O][O-1],O=[N+]([O-])C=NN([N+]([O-])C=C[N+][O-])[N+](=O)[O-],1.596601054988479,1.6592280862930628,1.5131158093020942,1.6673245327890511,0.341638867819697,,1.4941796737963795,mols/page_0041.png,12
813,[O][=N+1][Branch1][C][O-1][C][N][C][Branch1][=Branch1][N+1][=Branch1][C][=O][O-1][N+1][=Branch1][C],[N+]C(NC[N+](=O)[O-])[N+](=O)[O-],1.979668362047822,1.4009583325520836,1.2464998033477919,1.3368726464193672,0.07213457029189017,,1.203827049571905,mols/page_0041.png,13
814,[O][=N+1][Branch1][C][O-1][C][N][C][N][Branch1][=Branch1][N+1][=Branch1][C][=O][O-1][N+1][=Branch1][C],[N+]N(CNC[N+](=O)[O-])[N+](=O)[O-],1.498091503851731,1.2635013726710687,1.0572463016586797,1.2763254746055777,-0.24306120647837814,,1.0664109877768302,mols/page_0041.png,14
815,[C][=N+1][Branch1][C][O-1][C][N][=N][N][Branch1][=Branch1][N+1][=Branch1][C][=O][O-1],C=[N+]([O-])CN=NN[N+](=O)[O-],1.4796683620478217,0.5791909342853316,0.23697211420415631,0.6491099184570331,-1.0546170139440818,,0.35822302811077705,mols/page_0041.png,15
816,[O][=N+1][Branch1][C][O-1][C][N][N][Branch1][=Branch1][N+1][=Branch1][C][=O][O-1],O=[N+]([O-])CNN[N+](=O)[O-],1.461790468830701,1.6905272260211222,1.4588319252491622,1.5976598873203574,-0.05788054981120331,,1.4206156877645937,mols/page_0041.png,16
817,[O][=N+1][Branch1][C][O-1][C][N][N][N][N][=N][C][=N][N][Branch1][=Branch1][N+1][=Branch1][C][=O][O-1][C][Branch1][=Branch1][N+1][C][N][=O][O-1][C][N][Branch1][=Branch1],NCC([N+]CN=O)N(N=CN=NNNNC[N+](=O)[O-])[N+](=O)[O-],2.3292669435287103,-0.3070343082903584,-0.5687282880844964,-0.17530430993847296,-1.2445181683461468,,-0.4135141899037176,mols/page_0041.png,17
818,[O][=N+1][Branch1][C][O-1][C][N][N][=N][N][Branch1][=Branch1][N+1][=Branch1][C][=O][O-1][C][Branch1][=Branch1][N+1][=Branch2][C][=O][O-1][N][=N][N][=C][Branch1][=Branch1][N+1][=O][O-1][C][N][Branch1][=Branch1][N][N][C][C][N][Branch1],NCCNNC(=NN=NC([N+][O-])N(N=NNC[N+](=O)[O-])[N+](=O)[O-])[N+]=O,2.4596423657706596,0.5101584190266826,0.27499440612114645,0.5468751906598949,-0.6793625465374571,,0.34710202789716954,mols/page_0041.png,18
819,[=N+1][#N+1][O][=N+1][Branch1][C][O-1][C][N][N][N][C][Branch1][=Branch1][N+1][=Branch1][C][=O][O-1][N+1][=Branch1][C][O-1],[N+]#[N+]O[N+]([O-])CNNNC([N+][O-])[N+](=O)[O-],2.076601054988479,1.1807409164584006,0.8845514512429369,1.080334047040784,-0.15907675572736077,,0.9325490351689119,mols/page_0041.png,19
820,[O][=N+1][Branch1][C][O-1][C][N][N][Branch1][=Branch1][N+1][=Branch1][C][=O][O-1][N+1][=Branch1][C][C][O-1][C][Branch1][=Branch1][N+1][Branch1][C][O-1][O],C[N+]([O-])N(NC[N+](=O)[O-])[N+](=O)[O-],1.5170246155449356,1.175775791883066,0.7914684496577209,1.2643958731301932,-0.8891571396427709,,0.9086536956729969,mols/page_0042.png,0
821,[N][O][=N+1][Branch1][C][O-1][C][N][C][N][N][N][Branch1][=Branch1][N+1][=Branch1][C][=O][O-1][N][Branch1][=Branch1][N][=N][N][C][Branch1][=Branch1][N+1][C][=O][O-1],NO[N+]([O-])CNCNNN(NN=NNC[N+]C=O)[N+](=O)[O-],1.786423335035418,-0.3538290361709339,-0.6504770461939363,-0.3324628494905486,-1.5127012163133968,,-0.5353317820187766,mols/page_0042.png,1
822,[O][=N+1][Branch1][C][O-1][C][C][N][N][Branch1][=Branch1][N+1][=Branch1][C][=O][O-1][N+1][=Branch1][C][=N][O-1][N][=N][Ring1][N][Branch1][C][C][N][Branch1][=Branch1][C][=Branch1][N+1][=Branch1][N][C][=O][O-1][C][Branch1][=Branch1][N+1][C][O-1][N][C][Branch1][=Branch1][C][N+1][=Branch1][C][N+1][O-1][C][=O][O-1][N],N=[N+]([O-])N(NCC[N+](=O)[O-])[N+](=O)[O-],1.536437499842364,1.1834811624265602,0.8861990114911629,1.1707681371861522,-0.49677173493105853,,0.9360501248607858,mols/page_0042.png,2
823,[O][=N+1][Branch1][C][O-1][C][N][N][Branch1][=Branch1][N+1][=Branch1][C][=O][O-1][C][Branch1][=Branch1][N+1][N+1][=Branch1][C][O-1][C][=N][N][Branch1][=Branch1][N][C][N][=C][Branch1][=Branch1][N+1],[N+]C=NCNNN=CC([N+][N+][O-])N(NC[N+](=O)[O-])[N+](=O)[O-],2.2864233350354186,-0.035724031950331525,-0.28662623793583686,0.050072062186122604,-1.0925181412826859,,-0.16981055672536166,mols/page_0042.png,3
824,[C][=N][O][C][Branch1][=Branch1][N+1][=Branch1][C][=O][O-1][N][N][Branch1][=Branch1][N+1][C][C][=O][N][C][N],C=NOC(NN(CN)[N+]CC=O)[N+](=O)[O-],2.136601054988479,-1.7148474587469151,-1.8499817197646118,-1.4874288216608291,-2.4677381136851997,,-1.7329526346607333,mols/page_0042.png,4
825,[O][=N+1][Branch1][C][O-1][C][N][=C][Branch2][Ring1][=Branch1][C][=N][C][Branch1][=Branch1][N+1][=Branch1][C][=O][O-1][=C][Branch1][=Branch1][N+1][=Branch1][C][=O][O-1][NH1][Ring1][O][NH1][C][=Ring1][S][N+1][=Branch1][C][=O][O-1],O=[N+]([O-])c1nc(-c2nc([N+](=O)[O-])c([N+](=O)[O-])[nH]2)[nH]c1[N+](=O)[O-],1.5092669435287096,0.8639376861968695,1.0368367418252848,0.662460360947447,1.5666098667932227,,0.8968387380638396,mols/page_0042.png,5
826,[O][=N+1][Branch1][C][O-1][C][C][C][N][N][N][N][Branch1][=Branch1][N+1][=Branch1][C][=O][O-1][C][=N][N][Branch1][=Branch1][C][N+1][=Branch1][C][NH1][O-1][N+1][=Branch1][C][=N][O-1][N+1][=Branch1],[NH][N+]CN([O-])N=CN(NNNCCC[N+](=O)[O-])[N+](=O)[O-],1.7439038473124213,-0.2747099331871705,-0.6165059381909149,-0.11114122536188441,-1.673761415293966,,-0.43463659951867173,mols/page_0042.png,6
827,[O][=N+1][Branch1][C][O-1][C][=N][N][Branch1][=Branch1][N+1][=Branch1][C][=O][O-1][C][N][Branch1][=Branch1],NCN(N=C[N+](=O)[O-])[N+](=O)[O-],1.498091503851731,0.975390591735546,0.7549193155276285,0.9538147147913709,-0.24207914702743602,,0.7898954480295983,mols/page_0042.png,7
828,[O][=N+1][Branch1][C][O-1][C][C][N][Branch1][=Branch1][N+1][=Branch1][C][=O][O-1],O=[N+]([O-])CCN[N+](=O)[O-],1.481790468830701,1.0010866826548575,0.6086537846269532,1.023831324028679,-1.009227989420302,,0.711044847489894,mols/page_0042.png,8
829,[O][=N+1][Branch1][C][O-1][C][=N][C][N][Branch1][=Branch1][N+1][=Branch1][C][=O][O-1],O=[N+]([O-])C=NCN[N+](=O)[O-],1.4796683620478217,1.162519223515313,0.9155286503264889,1.047176015058153,-0.2556504249511162,,0.9128173319886,mols/page_0042.png,9
830,[O][=N+1][Branch1][C][O-1][C][C][N][N][Branch1][=Branch1][N+1][=Branch1][C][=O][O-1],O=[N+]([O-])CCNN[N+](=O)[O-],1.4796683620478217,0.4124790204586972,0.03867523800015942,0.4328004195982154,-1.198039327224688,,0.16610479973153153,mols/page_0042.png,10
831,[O][=N+1][Branch1][C][O-1][C][=N][C][Branch1][=Branch1][N+1][=Branch1][C][=O][O-1][C][=N][N][Branch1][=Branch1][N+1][C][N][O-1][N][C][=C][Branch1][=Branch1][N+1][Branch1][C][O-1][N+1][=Branch1][C][=N][O-1][N][C][=N][N][=N][Branch1][=Branch1][N+1][=O][O-1],[N+][N+]([O-])C(C=N[O-])=CN(N=CC(N=C[N+](=O)[O-])[N+](=O)[O-])[N+]CN[O-],2.4158857329053585,0.7060467247012253,0.4422323121241919,0.6923795202349293,-0.5318711764545059,,0.5108344496548755,mols/page_0042.png,11
832,[O][=N+1][Branch1][C][O-1][C][C][=N][N][Branch1][=Branch1][N+1][=Branch1][C][=O][O-1][N+1][=Branch1][C][O-1][C][N][N][N][N][Branch1][=Branch1],NNNNC[N+]([O-])N(N=CC[N+](=O)[O-])[N+](=O)[O-],1.6384079534080929,0.7521941008966623,0.4337255605672404,0.8044262456120618,-0.7418310788190182,,0.5440673057288986,mols/page_0042.png,12
833,[O][=N+1][Branch1][C][O-1][C][C][N][N][Branch1][=Branch1][N+1][=Branch1][C][=O][O-1][C][Branch1][=Branch1][N+1][C][O-1][C][=N][C][Branch1][=Branch1][C][=N][N][Branch1][=Branch1][C][=O][N][C][=N][N][=C][Branch1][=Branch1][N+1][#N][O-1][=N][C][=N][N][=N][N][Branch1][=C][C][Branch1][=Branch1][O-1][N+1][=Branch1][C][O-1][C][Branch1][#C],CC([O-])NN=NNC(=NC(C=NNC=O)C([N+]C[O-])N(NCC[N+](=O)[O-])[N+](=O)[O-])[N+]#N,3.7279505308278695,-1.4120683485477732,-1.4851937378406932,-1.266897548742857,-1.796675584329711,,-1.4107420995272308,mols/page_0042.png,13
834,[N][C][O][=N+1][Branch1][C][O-1][C][N][N][Branch1][=Branch1][N+1][=Branch1][C][=O][O-1],NCO[N+]([O-])CNN[N+](=O)[O-],1.498091503851731,0.23729261315197805,-0.1058564896769077,0.27268914583463544,-1.396790037302512,,0.0022556854723705944,mols/page_0042.png,14
835,[O][=N+1][Branch1][C][O-1][C][=N][N][N][=N][C][Branch1][=Branch1][N+1][=Branch1][C][=O][O-1][C][=C][Branch1][=Branch1][N+1][#Branch1][C][=N][O-1][N+1][=Branch1][C][O-1][C],C[N+]([O-])C(=CC(N=NNN=C[N+](=O)[O-])[N+](=O)[O-])[N+](=N)[O-],2.2439038473124215,0.5982720965773775,0.37584949688042907,0.5672344587309069,-0.5947095116714591,,0.4109532306896685,mols/page_0042.png,15
836,[O][=N+1][Branch1][C][O-1][C][N][N][N][C][N][Branch1][=Branch1][N+1][=Branch1][C][=O][O-1][N][Branch1][=Branch1][C][=N][N][Branch1][=Branch1],NN=CNN(CNNNC[N+](=O)[O-])[N+](=O)[O-],1.617308431519336,-0.44815069068275143,-0.7193120367043977,-0.2767106242853105,-1.6021188313834045,,-0.5627618146992519,mols/page_0042.png,16
837,[O][=N+1][Branch1][C][O-1][C][=N][N][Branch1][=Branch1][N+1][=Branch1][C][=O][O-1][N][=C][Branch1][=Branch1][N+1][#C][C][=N][C][N][Branch1][=Branch1],CN=CC#[N+]C(N)=NN(N=C[N+](=O)[O-])[N+](=O)[O-],1.678407953408093,-0.5431652628963799,-0.631025741642565,-0.3799103418042856,-1.152216825087899,,-0.5607335703652404,mols/page_0042.png,17
838,[O][=N+1][Branch1][C][O-1][C][C][N][N][Branch1][=Branch1][N+1][=Branch1][C][=O][O-1][C][Branch1][=Branch1][N+1][C][N][=N][N][N][=N][C][Branch1][=Branch1][O-1][N+1][=Branch1][C][O-1][C][=N][N][Branch1][=Branch1],NN=CC([O-])N=NC([N+]CN=NN)N(NCC[N+](=O)[O-])[N+](=O)[O-],2.872424281845476,-0.3179835078483394,-0.5657893191345298,-0.19168629786593314,-1.29232683061938,,-0.4268504089540286,mols/page_0042.png,18
839,[O][=N+1][Branch1][C][O-1][C][N][C][=N][N][N][=C][Branch1][=Branch1][N+1][=Branch1][C][=O][O-1][N+1][=Branch1][C][Cl][C][N],NC[N+](Cl)C(=NNN=CNC[N+](=O)[O-])[N+](=O)[O-],1.6584079534080929,-0.1487458225802966,-0.2765495448085032,-0.2908657473001516,-0.5692078032857728,,-0.2795909210958379,mols/page_0042.png,19
840,[N][C][Branch1][=Branch1][N+1][=Branch1][C][=O][O-1][N+1][=Branch1][C][O-1][C][Branch1][=Branch1][N],NC[N+]([O-])C(N)[N+](=O)[O-],1.981790468830701,0.18640637122261403,-0.11432618869628763,0.3678532528856936,-1.3367484898485908,,0.03148649780099996,mols/page_0043.png,0
841,[O][=C][Branch2][Ring1][=N][/C][=C][/C][=Branch1][C][=O][O][C][C][Branch1][=Branch1][N+1][=Branch1][C][=O][O-1][Branch1][=Branch1][N+1][=Branch1][C][=O][O-1][N+1][=Branch1][C][=O][O-1][O][C][C][Branch1][=Branch1][N+1][=Branch1][C][=O][O-1][Branch1][=Branch1][N+1][=Branch1][C][=O][O-1][N+1][=Branch1][C][=O][O-1],O=C(/C=C/C(=O)OCC([N+](=O)[O-])([N+](=O)[O-])[N+](=O)[O-])OCC([N+](=O)[O-])([N+](=O)[O-])[N+](=O)[O-],2.1825801340811584,0.4320127004335584,0.3624696977959598,0.10004688720985809,0.15146342249866573,,0.25378569669118933,mols/page_0043.png,1
842,[O][=N+1][Branch1][C][O-1][C][N][C][N][N][N][N][C][N][C][Branch1][=Branch1][N+1][=Branch1][C][=O][O-1][N+1][=Branch1][C][O-1][C][C][Branch1][=Branch1],CC[N+]([O-])C(NCNNNNCNC[N+](=O)[O-])[N+](=O)[O-],2.263903847312421,-1.4779953040839067,-1.760015922611819,-0.9145016617612886,-2.763797200805439,,-1.451683191458991,mols/page_0043.png,2
843,[C][C][Branch2][Ring2][#C][C][N][Branch2][Ring2][Branch1][C][N][Branch2][Ring1][O][C][=Branch1][C][=O][O][C][C][Branch1][=Branch1][N+1][=Branch1][C][=O][O-1][Branch1][=Branch1][N+1][=Branch1][C][=O][O-1][N+1][=Branch1][C][=O][O-1][N+1][=Branch1][C][=O][O-1][N+1][=Branch1][C][=O][O-1][Branch1][=Branch1][N+1][=Branch1][C][=O][O-1][N+1][=Branch1][C][=O][O-1],CC(CN(CN(C(=O)OCC([N+](=O)[O-])([N+](=O)[O-])[N+](=O)[O-])[N+](=O)[O-])[N+](=O)[O-])([N+](=O)[O-])[N+](=O)[O-],2.2735676759431467,0.9216604018690441,0.7709464545379019,0.7059713221035658,0.16049420610302745,,0.7215896635534655,mols/page_0043.png,3
844,[O][=N+1][Branch1][C][O-1][C][C][N][N][Branch1][=Branch1][N+1][=Branch1][C][=O][O-1][N+1][=Branch1][C][C][O-1][N+1][=Branch1][=O][O-1],C[N+]([O-])N(NCC[N+](=O)[O-])[N+](=O)[O-],1.556437499842364,0.19780258911657062,-0.24850556514322564,0.3806506734241499,-1.8145779648443916,,-0.041873271121442956,mols/page_0043.png,4
845,[N][C][N][N][C][Branch1][=Branch1][N+1][=Branch1][C][=O][O-1][N+1][=Branch1][C][=N][N],N=[N+](N)C(NNCN)[N+](=O)[O-],1.9980915038517313,-0.6038340572327167,-0.8368018003227568,-0.45359391198457333,-1.5648066948127595,,-0.6980771986639736,mols/page_0043.png,5
846,[=N+1][N][C][=N][N][Branch1][=Branch1][N+1][=Branch1][C][=O][O-1],[N+]NC=NN[N+](=O)[O-],1.4644996950521225,1.1072335041141335,0.9895423717994336,1.1138006070597704,-0.01911124273354956,,0.967803087528945,mols/page_0043.png,6
847,[O][=N+1][Branch1][C][O-1][C][C][Branch1][=Branch1][N+1][=Branch1][C][=O][O-1][N][=N][N][=C][Branch1][=Branch1][N+1][C][O-1][N][C][N][C][=N][O][N+1][Branch1][C][O-1][N][=N][C][Branch1][=Branch1][C][=N][O][C][Branch1][=Branch1],CON=CCN=N[N+]([O-])ON=CNC(=NN=NC(C[N+](=O)[O-])[N+](=O)[O-])[N+]C[O-],2.5926028435074597,-0.19863668273166232,-0.3894594870156437,-0.08557996861403809,-1.030628803664835,,-0.28431891024892525,mols/page_0043.png,7
848,[O][=N+1][Branch1][C][O-1][C][N][N][N][N][Branch1][=Branch1][N+1][=Branch1][C][=O][O-1][C][N][Branch1][=Branch1][=Branch1][N+1][=Branch1][O-1][=O][O-1][C][=N][N][=C][Branch1][=Branch1][N+1][O-1][C][=N][O][N+1][=Branch1][C][O-1],O=[N+]N([O-])CN(NNNC[N+](=O)[O-])[N+](=O)[O-],1.597308431519336,1.5401735121798705,1.3014947128199854,1.480418337923258,-0.06799135390899513,,1.2957852560283676,mols/page_0043.png,8
849,[O][=N+1][Branch1][C][O-1][C][=N][N][N][N][Branch1][=Branch1][N+1][=Branch1][C][=O][O-1][C][=C][Branch1][=Branch1][N+1],[N+]C=CN(NNN=C[N+](=O)[O-])[N+](=O)[O-],1.5763039679725397,0.6201862081128817,0.4927732510455394,0.5373976929974005,-0.30298030262918924,,0.46290091172564657,mols/page_0043.png,9
850,[C][N][N][=C][Branch1][=Branch1][N+1][=Branch1][C][=O][O-1][C][Branch2][Ring1][N][C][=C][Branch1][=Branch1][N+1][=Branch1][C][=O][O-1][C][=C][Branch1][=Branch1][N+1][=Branch1][C][=O][O-1][C][=C][Ring1][N][N+1][=Branch1][C][=O][O-1][=C][Ring2][Ring1][#Branch1][N+1][=Branch1][C][=O][O-1],Cn1nc([N+](=O)[O-])c(-c2c([N+](=O)[O-])cc([N+](=O)[O-])cc2[N+](=O)[O-])c1[N+](=O)[O-],1.7280084467297125,-0.49716951154952516,-0.48611167010797046,-0.39618441208767957,-0.018681438659633495,,-0.40616220411540904,mols/page_0043.png,10
851,[=C][O][=N+1][Branch1][C][O-1][N][C][N][N][N][N][Branch1][=Branch1][N+1][=Branch1][C][=O][O-1][C][Branch1][=Branch1][N+1][#N][C][O-1][N+1][=Branch1][C][N][O-1],CO[N+]([O-])NCNNNN([N+](=O)[O-])C(N)([O-])[N+]#N,2.159883310599152,-0.5452267323403164,-0.8384544712658202,-0.4052351648755056,-1.6357170199307234,,-0.6715860688448088,mols/page_0043.png,11
852,[O][=N+1][Branch1][C][O-1][C][=N][C][Branch1][=Branch1][N+1][=Branch1][C][=O][O-1][N+1][=Branch1][C][O-1][C][N][Branch1][=Branch1][N+1][C][C][O-1][C][N+1][=Branch1][C],[N+]N(C[N+]([O-])C(N=C[N+](=O)[O-])[N+](=O)[O-])[N+]CC[O-],2.1998833105991515,1.0924009800662982,0.8014515531858436,1.175984007385667,-0.5534275038539884,,0.8885139858819034,mols/page_0043.png,12
853,[O][=C][Branch2][Ring2][=Branch1][C][N][Branch2][Ring1][N][C][C][=Branch1][C][=O][O][C][C][Branch1][=Branch1][N+1][=Branch1][C][=O][O-1][Branch1][=Branch1][N+1][=Branch1][C][=O][O-1][N+1][=Branch1][C][=O][O-1][N+1][=Branch1][C][=O][O-1][O][C][C][Branch1][=Branch1][N+1][=Branch1][C][=O][O-1][Branch1][=Branch1][N+1][=Branch1][C][=O][O-1][N+1][=Branch1][C][=O][O-1],O=C(CN(CC(=O)OCC([N+](=O)[O-])([N+](=O)[O-])[N+](=O)[O-])[N+](=O)[O-])OCC([N+](=O)[O-])([N+](=O)[O-])[N+](=O)[O-],2.3655207929383306,0.749955081111899,0.6796579456774889,0.4047176514240754,0.3123093316987923,,0.5505212504368564,mols/page_0043.png,13
854,[O][=N+1][Branch1][C][O-1][C][N][N][Branch1][=Branch1][N+1][=Branch1][C][=O][O-1],O=[N+]([O-])CNN[N+](=O)[O-],1.461790468830701,1.6905272260211222,1.4588319252491622,1.5976598873203574,-0.05788054981120331,,1.4206156877645937,mols/page_0043.png,14
855,[O][=N+1][Branch1][C][O-1][C][N][C][N][Branch1][=Branch1][N+1][=Branch1][C][=O][O-1][N+1][=Branch1][C][O-1][C][Branch1][=Branch1][N+1][Branch1][C][O-1][N+1][=Branch1][O-1][C][=N][O][N+1][=Branch1][C][=Ring1][O-1],CC(NO[N+])([N+]([N+])[O-])[N+]([O-])N(CNC[N+](=O)[O-])[N+](=O)[O-],2.2439038473124215,1.290655576123896,1.0138271159933323,1.379645200127083,-0.40111522596759697,,1.0878672304833805,mols/page_0043.png,15
856,[O][=C][Branch2][Ring2][#C][C][C][C][Branch2][Ring1][=N][C][C][C][=Branch1][C][=O][O][C][C][Branch1][=Branch1][N+1][=Branch1][C][=O][O-1][Branch1][=Branch1][N+1][=Branch1][C][=O][O-1][N+1][=Branch1][C][=O][O-1][Branch1][=Branch1][N+1][=Branch1][C][=O][O-1][N+1][=Branch1][C][=O][O-1][O][C][C][Branch1][=Branch1][N+1][=Branch1][C][=O][O-1][Branch1][=Branch1][N+1][=Branch1][C][=O][O-1][N+1][=Branch1][C][=O][O-1],O=C(CCC(CCC(=O)OCC([N+](=O)[O-])([N+](=O)[O-])[N+](=O)[O-])([N+](=O)[O-])[N+](=O)[O-])OCC([N+](=O)[O-])([N+](=O)[O-])[N+](=O)[O-],2.5993737172742675,0.129638185037628,0.024720485746475954,-0.060647858297366096,-0.27593203428522367,,-0.013262679051442818,mols/page_0043.png,16
857,[O][=N+1][Branch1][C][O-1][C][N][N][C][C][N][Branch1][=Branch1][N+1][=Branch1][C][=O][O-1][N+1][=Branch1][C],[N+]N(CCNNC[N+](=O)[O-])[N+](=O)[O-],1.556437499842364,-0.09300915673825588,-0.48444941661208674,0.14619041197371632,-1.663403259563892,,-0.2522288045044883,mols/page_0043.png,17
858,[O][=N+1][Branch1][C][O-1][C][N][N][N][N][C][N][Branch1][=Branch1][N+1][=Branch1][C][=O][O-1],O=[N+]([O-])CNNNNCN[N+](=O)[O-],1.536437499842364,0.16596687026114515,-0.19332730949373828,0.2896931155364025,-1.3290548744741901,,-0.02386835104100629,mols/page_0043.png,18
859,[N][/N+1][O][=N+1][Branch1][/N+1][O][C][Cl][=O][C][Cl][O-1][O][=Ring1][#Branch1][#C][/C][#N+1][#C][Cl][/C][#N][=N][#Branch1][#N+1][\N+1][C@@H1][=Branch2][#N+1][#Branch1][C@@H1][#N][#Branch1][=Branch1][P][\N+1][C@@H1][Cl][NH1][#C][S][O-1][/N][C@@H1][Branch2][=Branch2][C@@H1][Ring1][#N][Ring2][\N+1][#N+1][/N][#C][C@@H1][#N][P][NH1][#N][#C][F][#N][/N+1][Ring1][/N][F][#N+1][#C][=Branch2][C@@H1][/C][P][#N+1][P][F][Cl][#C][=O][#N][=Ring2][C@@H1][/N][=Branch2][/N][/N+1],N[N+]O[N+](O)CCl,1.467846708163529,-0.7074606065974242,-0.8709335757947307,-0.9563656474199987,-1.1614153669775213,,-0.8932863412637905,mols/page_0043.png,19
860,[=N][P][=N+1][Branch1][C][O-1][C][N][C][=N][O][N+1][=Branch1][C][=O][O-1],NP=[N+]([O-])CNC=NO[N+](=O)[O-],1.5170246155449356,0.4131483695311949,0.20235482272262365,0.2653865693224711,-0.48121062333184106,,0.21190936345925895,mols/page_0044.png,0
861,[=C][N+1][#Branch2][=N+1][Branch1][C][O-1][C][Branch1][=Branch1][N+1][=Branch1][C][=O][O-1],C[N+](C[O-])[N+](=O)[O-],1.4878467081635287,-0.7104585362460756,-1.086337864130269,-0.4622103074498092,-2.4742488494715578,,-0.8815081080211656,mols/page_0044.png,1
862,[O][=N+1][Branch1][C][O-1][C][N][N][C][=N][N][Branch1][=Branch1][N+1][=Branch1][C][=O][O-1][C][N][=C][Branch1][=Branch1][N+1][C][=O][O-1],O=C[N+]C=NCN(N=CNNC[N+](=O)[O-])[N+](=O)[O-],1.6998833105991515,-0.9933637925872678,-1.1805254146372308,-0.9456334392235894,-1.6869653393083162,,-1.0904222114263922,mols/page_0044.png,2
863,[O][=N+1][Branch1][C][O-1][C][=N][C][N][Branch1][=Branch1][N+1][=Branch1][C][=O][O-1][N+1][=Branch1][C][O-1][C][C][Branch1][=Branch1][N+1][O-1][C][=N][O][N+1][=Branch1][C][C][O-1],C[N+]([O-])C(C[N+]([O-])N(CN=C[N+](=O)[O-])[N+](=O)[O-])[N+][O-],2.221719749037849,0.960853461175104,0.5688421106799976,1.157226487915588,-1.076731719285746,,0.7376413162014359,mols/page_0044.png,3
864,[Ring1][O][O][=N+1][Branch1][C][C][C][N][N][N][Branch1][=Branch1][N+1][=Branch1][C][=O][O-1][N+1][=Branch1][C][C@@H1][O-1][N+1][=Branch1][=Branch1][O-1][=O][O-1][C][N+1][=Branch1][=O],[CH][N+]([O-])N(NNC[N+](C)OO)[N+](=O)[O-],1.5763039679725397,-0.5196154884865328,-0.8337829767659548,-0.35028627682153207,-1.9159553986891518,,-0.6700596669106499,mols/page_0044.png,4
865,[/N][=N][NH1][N][=N+1][Branch1][C][O-1][C][C][N][Branch1][=Branch1][N+1][=Branch1][C][=O][O-1][N+1][=Branch1][C][Branch1][O-1][N+1][=Branch1][N+1][=Branch1][=Branch1][C][=O][C][N+1][=Branch1][C][O-1][C][N][N][=N][N][Branch1][=Branch1],[N+][N+](N(CC[N+]([O-])=NNN=N)[N+](=O)[O-])[N+](C=O)C[O-],1.701719749037849,0.8760221080667743,0.6460436280578077,0.7883792053931556,-0.5113667057487382,,0.6447314456135339,mols/page_0044.png,5
866,[O][=N+1][Branch1][C][O-1][C][N][C][N][N][N][=N][N][Branch1][=Branch1][N+1][=Branch1][C][=O][O-1],O=[N+]([O-])CNCNNN=NN[N+](=O)[O-],1.5563039679725397,0.21327696550270478,-0.09737784694156221,0.33487165057842394,-1.1251832509003066,,0.05040511478162456,mols/page_0044.png,6
867,[O][=N+1][Branch1][C][O-1][C][C][N][Branch1][=Branch1][N+1][=Branch1][C][=O][O-1],O=[N+]([O-])CCN[N+](=O)[O-],1.481790468830701,1.0010866826548575,0.6086537846269532,1.023831324028679,-1.009227989420302,,0.711044847489894,mols/page_0044.png,7
868,[O][=C][Branch2][Ring1][#Branch1][C][C][C][Branch1][=Branch1][N+1][=Branch1][C][=O][O-1][Branch1][=Branch1][N+1][=Branch1][C][=O][O-1][N+1][=Branch1][C][=O][O-1][O][C][C][Branch1][=Branch1][N+1][=Branch1][C][=O][O-1][Branch1][=Branch1][N+1][=Branch1][C][=O][O-1][N+1][=Branch1][C][=O][O-1],O=C(CCC([N+](=O)[O-])([N+](=O)[O-])[N+](=O)[O-])OCC([N+](=O)[O-])([N+](=O)[O-])[N+](=O)[O-],2.0036858610047386,0.83120871629047,0.7786751028058502,0.491609266539536,0.4568679930722593,,0.6448014606971204,mols/page_0044.png,8
869,[N][#C][C][N][Branch2][Ring1][=Branch1][C][C][Branch1][=Branch1][N+1][=Branch1][C][=O][O-1][Branch1][=Branch1][N+1][=Branch1][C][=O][O-1][N+1][=Branch1][C][=O][O-1][N+1][=Branch1][C][=O][O-1],N#CCN(CC([N+](=O)[O-])([N+](=O)[O-])[N+](=O)[O-])[N+](=O)[O-],1.6798833105991515,1.1238635289575964,0.9337418890534855,1.2295120544246114,-0.07816093463227976,,0.9983900828093871,mols/page_0044.png,9
870,[/C][N][=N+1][Branch1][C][O-1][C][N][N][=N][N][Branch1][=Branch1][N+1][=Branch1][C][=O][O-1][N][C][=C][Branch1][=Branch1][N+1][N][C][=N][N][Branch1][=C][O][N+1][=Branch1][C][N+1][=Branch1][C][O-1][N][=C][Branch1][=Branch1][C][=N][O][N+1][Branch1][C][O-1],CN=[N+]([O-])CNN=NN(NC=C(CO[N+]([N+])C[O-])[N+]NC=NN)[N+](=O)[O-],2.0036858610047386,-0.65323626113632,-0.935555117830134,-0.4523924885861102,-1.6625399778769665,,-0.7444088379637543,mols/page_0044.png,10
871,[C][N][N][C][N][N][Branch1][=Branch1][N+1][=Branch1][C][=O][O-1][N+1][=Branch1][C][O-1],CNNCNN([N+][O-])[N+](=O)[O-],1.498091503851731,-0.8435576565670619,-1.1435249422693052,-0.5118542148844786,-2.278430848103218,,-0.929355420473205,mols/page_0044.png,11
872,[O][=N+1][Branch1][C][O-1][C][N][=N][C][Branch1][=Branch1][N+1][=Branch1][C][=O][O-1][C][Branch1][=Branch1],CC(N=NC[N+](=O)[O-])[N+](=O)[O-],2.018091503851731,-0.5397407410571577,-0.8214074292170463,-0.3437297202056926,-1.9630979258734667,,-0.6740887232381748,mols/page_0044.png,12
873,[O][=N+1][Branch1][C][O-1][C][N][C][N][Branch1][=Branch1][N+1][=Branch1][C][=O][O-1][C][Branch1][=Branch1][N+1][C][=O][O-1][N+1][=Branch1][C][O-1][C][O-1][C][Branch1][Ring1][N+1][=Branch1][C][Cl][O-1][N+1][=Branch1][Ring2][Ring1][O-1],O=C[N+]C([O-])(C[O-])N(CNC[N+](=O)[O-])[N+](=O)[O-],2.178407953408093,0.33227654614749924,0.10713555069534962,0.2235597503212609,-0.8273522934240659,,0.11654169499681,mols/page_0044.png,13
874,[O][=N+1][Branch1][C][O-1][C][C][N][N][Branch1][=Branch1][N+1][=Branch1][C][=O][O-1][N+1][=Branch1][C][N][O-1],N[N+]([O-])N(NCC[N+](=O)[O-])[N+](=O)[O-],1.536437499842364,1.1135169006890586,0.790961213195103,1.2625164940756461,-0.6479586853418692,,0.916330257567112,mols/page_0044.png,14
875,[O][=N+1][Branch1][C][O-1][C][C][N][N][N][N][Branch1][=Branch1][N+1][=Branch1][C][=O][O-1][C][Branch1][=Branch1][N+1][=C][C][N+1][=Branch1][C][O-1][O-1][C][Branch1][C][O-1][N][C][Branch1][=Branch1][=Branch1][N+1][=Branch1][N][=O][O-1][C][=N][O][N+1][Branch1][C][O-1],O=[N+]([O-])CCNNNN(C([O-])[N+]=CC[N+][O-])[N+](=O)[O-],2.221719749037849,0.22028077651363975,-0.12969085388825527,0.2556775636849467,-1.2478929262598581,,0.00012921350433900414,mols/page_0044.png,15
876,[O][=N+1][Branch1][C][O-1][C][N][N][N][=N][C][=N][C][Branch1][=Branch1][N+1][=Branch1][C][=O][O-1][N+1][=Branch1][C],[N+]C(N=CN=NNNC[N+](=O)[O-])[N+](=O)[O-],2.0966010549884793,0.8227271522215913,0.5876679939506347,0.6510434802291405,-0.2317809924358859,,0.5898380793911242,mols/page_0044.png,16
877,[C][C][O][C][=Branch1][C][=O][C][N][Branch1][=Branch1][N+1][=Branch1][C][=O][O-1][C][=Branch1][C][=O][N][Branch1][=Branch1][N+1][=Branch1][C][=O][O-1][C][Ring1][N][Branch1][Branch2][C][=Branch1][C][=O][O][C][C][N][Branch1][=Branch1][N+1][=Branch1][C][=O][O-1][C][=Branch1][C][=O][N][Ring2][Ring1][Branch2][N+1][=Branch1][C][=O][O-1],CCOC(=O)C12N([N+](=O)[O-])C(=O)N([N+](=O)[O-])C1(C(=O)OCC)N([N+](=O)[O-])C(=O)N2[N+](=O)[O-],2.1535676759431466,-0.45742337507557984,-0.4311790472291085,-0.7312167531509453,-0.15344766932339457,,-0.5299820737688896,mols/page_0044.png,17
878,[=N+1][Branch1][C][O-1][C][N][C][N][N][N][Branch1][=Branch1][N+1][=Branch1][C][=O][O-1][N+1][=Branch1][C],[N+]N(NNCNC[N+][O-])[N+](=O)[O-],1.5170246155449356,0.3162325945529604,-0.07091403023634167,0.417852706417411,-1.4082294380390472,,0.08764777984221436,mols/page_0044.png,18
879,[O][=C][Branch2][Ring1][S][C][N][Branch2][Ring1][=Branch1][C][C][Branch1][=Branch1][N+1][=Branch1][C][=O][O-1][Branch1][=Branch1][N+1][=Branch1][C][=O][O-1][N+1][=Branch1][C][=O][O-1][N+1][=Branch1][C][=O][O-1][N][C][N][Branch2][Ring2][Ring2][C][=Branch1][C][=O][C][N][Branch2][Ring1][=Branch1][C][C][Branch1][=Branch1][N+1][=Branch1][C][=O][O-1][Branch1][=Branch1][N+1][=Branch1][C][=O][O-1][N+1][=Branch1][C][=O][O-1][N+1][=Branch1][C][=O][O-1][C][N][Branch2][Ring2][Ring2][C][=Branch1][C][=O][C][N][Branch2][Ring1][=Branch1][C][C][Branch1][=Branch1][N+1][=Branch1][C][=O][O-1][Branch1][=Branch1][N+1][=Branch1][C][=O][O-1][N+1][=Branch1][C][=O][O-1][N+1][=Branch1][C][=O][O-1][C][Ring2][Ring2][#Branch2],O=C(CN(CC([N+](=O)[O-])([N+](=O)[O-])[N+](=O)[O-])[N+](=O)[O-])N1CN(C(=O)CN(CC([N+](=O)[O-])([N+](=O)[O-])[N+](=O)[O-])[N+](=O)[O-])CN(C(=O)CN(CC([N+](=O)[O-])([N+](=O)[O-])[N+](=O)[O-])[N+](=O)[O-])C1,3.5744805547995004,0.722910864595867,0.5805896816007532,0.6489469225132983,0.06510831451943898,,0.5919647370064182,mols/page_0044.png,19
880,[C][O][=N+1][Branch1][C][O-1][C][N][N][Branch1][=Branch1][N+1][=Branch1][C][=O][O-1][N+1][=Branch1][C][O-1][C][=N][C][Branch1][=Branch1][N+1][N+1][=Branch1][C][Branch1][O-1][C][C][=N][N][Branch1][=Branch1][N][N+1][=Branch1][C][=Ring1][O-1][N][N][Branch1],C[N+][N+]C(C=NN(N=[N+])NN)N=C[N+]([O-])N(NC[N+]([O-])OC)[N+](=O)[O-],2.4596423657706596,-0.35712471616991004,-0.7065426462345775,-0.16675150080293585,-1.6716858657062517,,-0.4997860274929214,mols/page_0045.png,0
881,[O][=N+1][Branch1][C][O-1][C][C][N][N][Branch1][=Branch1][N+1][=Branch1][C][=O][O-1][N+1][=Branch1][C][O-1][C][Branch1][=Branch1][N+1][=N][C][=O][N][Branch1][=Branch1][C][N+1][=Branch1][C][N+1][C][O-1][C][=N][O][N+1][Branch1][O-1][C],[N+][N+]CC(C[O-])([N+]=NC=O)[N+]([O-])N(NCC[N+](=O)[O-])[N+](=O)[O-],2.3292669435287103,0.9019177467142716,0.6137005957789445,0.8667914491059706,-0.6911325657923892,,0.6565079086864534,mols/page_0045.png,1
882,[O][=N+1][Branch1][C][O-1][C][N][C][N][Branch1][=Branch1][N+1][=Branch1][C][=O][O-1][N+1][=Branch1][C][=Ring1][O-1],[N+]N(CNC[N+](=O)[O-])[N+](=O)[O-],1.498091503851731,1.2635013726710687,1.0572463016586797,1.2763254746055777,-0.24306120647837814,,1.0664109877768302,mols/page_0045.png,2
883,[O][=N+1][Branch1][C][O-1][C][N][N][C][N][N][Branch1][=Branch1][N+1][=Branch1][C][=O][O-1][N+1][=Branch1][C][C][=O][O-1],C[N+](O[O-])N(NCNNC[N+](=O)[O-])[N+](=O)[O-],1.617308431519336,0.05876495982961041,-0.3821374584057008,0.19261425393751416,-1.7124584761027848,,-0.17504327067929543,mols/page_0045.png,3
884,[O][=N+1][Branch1][C][O-1][C][=N][N][Branch1][=Branch1][N+1][=Branch1][C][=O][O-1][C][=C][Branch1][=Branch1][N+1],[N+]C=CN(N=C[N+](=O)[O-])[N+](=O)[O-],1.5370246155449356,0.6658669254479154,0.5171378498462733,0.6735418461661452,-0.22771805819869645,,0.5423961264701357,mols/page_0045.png,4
885,[O][=N+1][Branch1][C][O-1][C][N][N][Branch1][=Branch1][N+1][=Branch1][C][=O][O-1],O=[N+]([O-])CNN[N+](=O)[O-],1.461790468830701,1.6905272260211222,1.4588319252491622,1.5976598873203574,-0.05788054981120331,,1.4206156877645937,mols/page_0045.png,5
886,[O][=N+1][Branch1][C][O-1][C][C][N][N][N][N][=N][N][N][C][N][Branch1][=Branch1][N+1][=Branch1][C][=O][O-1][N+1][=Branch1][C][O-1][N+1][=Branch1][N+1][=Branch1][N+1][=O][O-1],O=[N+]([O-])CCNNNN=NNNCN([N+]([O-])[N+]([O-])O)[N+](=O)[O-],1.8292669435287097,0.52357682531572,0.21633640612420377,0.5189585529668692,-0.5992806188165551,,0.33263366716507314,mols/page_0045.png,6
887,[O][=N+1][Branch1][C][O-1][C][N][C][Branch1][=Branch1][N+1][=Branch1][C][=O][O-1][N+1][=Branch1][C][O-1][C][=N][N][Branch1][=Branch1][N+1][O-1][C][C][N][Branch1][=Branch1][C][N][Branch1],NCN(N=C[N+]([O-])C(NC[N+](=O)[O-])[N+](=O)[O-])[N+][O-],2.179883310599152,1.2267877331687675,0.9834574507585833,1.2115847395690498,-0.38160383533005127,,0.9990348082764526,mols/page_0045.png,7
888,[O][=N+1][Branch1][C][O-1][C][=C][C][Branch1][=Branch1][N+1][=Branch1][C][=O][O-1][=C][Branch2][Ring1][#Branch1][C][C][C][Branch1][=Branch1][N+1][=Branch1][C][=O][O-1][Branch1][=Branch1][N+1][=Branch1][C][=O][O-1][N+1][=Branch1][C][=O][O-1][C][Branch1][=Branch1][N+1][=Branch1][C][=O][O-1][=C][Ring2][Ring1][Branch2],O=[N+]([O-])c1cc([N+](=O)[O-])c(CCC([N+](=O)[O-])([N+](=O)[O-])[N+](=O)[O-])c([N+](=O)[O-])c1,1.8880084467297122,0.2016324913799815,0.1590218800326583,0.24326031775152035,0.06292133424589456,,0.19375985337835755,mols/page_0045.png,8
889,[/N+1][=Branch1][=N+1][Branch1][C][O-1][C][C][N][C][Branch1][=Branch1][N+1][=Branch1][C][=O][O-1][N+1][=Branch1][C][N][O-1],N[N+]([O-])C(NCC[N+][O-])[N+](=O)[O-],2.0370246155449356,0.5113132818630342,0.11287677750838081,0.7481935406056492,-1.3989108938723769,,0.3154338416978758,mols/page_0045.png,9
890,[O][=N+1][Branch1][C][O-1][C][N][N][N][Branch1][=Branch1][N+1][=Branch1][C][=O][O-1][N][N][Branch1][#C][N][N+1][=Branch1][C][O-1][C][=N][N][=C][Branch1][=Branch1][N+1][N+1][=Branch1][C][=N+1][O-1][C][N],[N+]=[N+][N+]C=NN=C[N+]([O-])NN([O-])NN(NNC[N+](=O)[O-])[N+](=O)[O-],1.8724242818454757,1.5204465694446405,1.374676029871279,1.4667266786495312,0.12555150224756087,,1.3230264715135482,mols/page_0045.png,10
891,[O][=N+1][Branch1][C][O-1][C][N][N][C][N][N][Branch1][=Branch1][N+1][=Branch1][C][=O][O-1][N+1][=Branch1][C][O-1],O=[N+]([O-])CNNCNN([N+][O-])[N+](=O)[O-],1.5563039679725397,0.8049784031067239,0.4861363749622434,0.8052483899876035,-0.7293643116493902,,0.5719416193473443,mols/page_0045.png,11
892,[O][=N+1][Branch1][C][O-1][C][N][N][N][C][Branch1][=Branch1][N+1][=Branch1][C][=O][O-1][C][Branch1][=Branch1],CC(NNNC[N+](=O)[O-])[N+](=O)[O-],2.0370246155449356,-1.03969736095428,-1.2843031840066856,-0.6815226931182036,-2.401462570389949,,-1.0937554705265178,mols/page_0045.png,12
893,[O][=N+1][Branch1][C][O-1][C][N][N][N][Branch1][=Branch1][N+1][=Branch1][C][=O][O-1][C][Branch1][=Branch1][N+1][=C][N+1][=Branch1][C][O-1][=C][C][Branch1][=Branch1],CC=C([N+]=C[N+][O-])N(NNC[N+](=O)[O-])[N+](=O)[O-],1.678407953408093,-0.3296209113822687,-0.558527341188927,-0.17648737390371322,-1.3979116912389995,,-0.4324231818281842,mols/page_0045.png,13
894,[O][=N+1][Branch1][C][O-1][C][N][N][C][=N][N][Branch1][=Branch1][N+1][=Branch1][C][=O][O-1],O=[N+]([O-])CNNC=NN[N+](=O)[O-],1.5170246155449356,0.332381819358432,0.01102829544006698,0.3022890301004613,-0.9358919039877295,,0.11317895034103631,mols/page_0045.png,14
895,[O][=N+1][Branch1][C][O-1][C][N][N][Branch1][=Branch1][N+1][=Branch1][C][=O][O-1][N+1][=Branch1][C][N+1][=Branch1][C][C][O-1][C][N+1][=Branch1][O-1][C][N][Branch1][=Branch1][O][N+1][=Branch1][C][O-1][C][Branch1][=Branch1][N+1][=Branch2][C][=O][O-1],[N+][N+](CC[O-])N(NC[N+](=O)[O-])[N+](=O)[O-],1.5763039679725397,1.0942550455722775,0.8230538214269306,1.1836443689501506,-0.5823700938570655,,0.8945479549441557,mols/page_0045.png,15
896,[O][=N+1][Branch1][C][O-1][C][=N][N][N][Branch1][=Branch1][N+1][=Branch1][C][=O][O-1][N+1][=Branch1][C][O-1][C][N+1][=Branch1][C][=N][O][N+1][Branch1][C][O-1][N][=C][Ring1][Branch1][N+1][=Branch1][C][Cl][O-1][N],N=[N+](C[N+]([O-])N(NN=C[N+](=O)[O-])[N+](=O)[O-])O[N+]([O-])N=C[N+]([O-])Cl,1.8724242818454757,1.5634216081345076,1.5728183075564426,1.3862004133697596,0.8383099248250319,,1.4223711367531446,mols/page_0045.png,16
897,[O][=N+1][Branch1][C][O-1][C][N][C][N][N][Branch1][=Branch1][N+1][=Branch1][C][=O][O-1][N+1][=Branch1][C][O-1],O=[N+]([O-])CNCNN([N+][O-])[N+](=O)[O-],1.536437499842364,1.067822042176437,0.7943055241293657,1.0448622786810158,-0.5519691088339485,,0.8282798921654622,mols/page_0045.png,17
898,[C][C][Branch1][=Branch1][N+1][=Branch1][C][=O][O-1][N+1][=Branch1][C][C][=O][O-1],CC([N+](C)O[O-])[N+](=O)[O-],2.001790468830701,-1.6642440403693106,-1.9322412279393704,-1.2548336099512076,-3.3188603862118033,,-1.7329407996788337,mols/page_0045.png,18
899,[O][=N+1][Branch1][C][O-1][C][C][N][N][N][=N][C][N][N][=C][Branch1][=Branch1][N+1][=Branch1][C][=O][O-1][N+1][=Branch1][C][=N][O-1][N+1][=Branch1][N][=O][O-1][C][Branch1][=Branch1][N+1][C][O-1][C][N][C][N][Branch1][=Branch1][N+1][=N+1][O-1][C][O-1][C][Branch1][C][N+1][=Branch1][C][Cl][O-1][N+1][=Branch1][=O][O-1][C],N=[N+]([O-])C(=NNCN=NNNCC[N+](=O)[O-])[N+](=O)[O-],1.701719749037849,0.5999831790655229,0.3131636305147135,0.6123153753231092,-0.7588456873861512,,0.39732828378568763,mols/page_0045.png,19
900,[NH1][N][C][N][=N][N][N][Branch1][=Branch1][N+1][=Branch1][C][=O][O-1][C][Branch1][=Branch1][N+1][C][N][C][N][N][Branch1][Ring1][N+1][=Branch1][C][N][O-1][C][Branch1][N][N+1][=Branch1][C][=N][O-1][N+1][=Branch1][C][O-1][Branch1][=Branch1][N+1],[NH]NCN=NNN(C([N+]CNCN)N([O-])[N+]N)[N+](=O)[O-],2.2439038473124215,-0.12522354490464832,-0.4582120675718511,0.04783176354187694,-1.467177495356196,,-0.2734439472379937,mols/page_0046.png,0
901,[C][C][=C][C][Branch1][=Branch1][N+1][=Branch1][C][=O][O-1][=C][Branch1][=Branch1][N+1][=Branch1][C][=O][O-1][C][Branch1][=Branch1][N+1][=Branch1][C][=O][O-1][=C][Ring1][#C][N+1][=Branch1][C][=O][O-1],Cc1cc([N+](=O)[O-])c([N+](=O)[O-])c([N+](=O)[O-])c1[N+](=O)[O-],1.601719749037849,-0.29584078060849617,-0.32117102143436305,-0.19279144618773972,-0.14280420205707428,,-0.24564994919151814,mols/page_0046.png,1
902,[O][=C][Branch2][Ring1][#Branch1][O][C][C][Branch1][=Branch1][N+1][=Branch1][C][=O][O-1][Branch1][=Branch1][N+1][=Branch1][C][=O][O-1][N+1][=Branch1][C][=O][O-1][C][=Branch1][C][=O][O][C][C][Branch1][=Branch1][N+1][=Branch1][C][=O][O-1][Branch1][=Branch1][N+1][=Branch1][C][=O][O-1][N+1][=Branch1][C][=O][O-1],O=C(OCC([N+](=O)[O-])([N+](=O)[O-])[N+](=O)[O-])C(=O)OCC([N+](=O)[O-])([N+](=O)[O-])[N+](=O)[O-],2.0926028435074597,0.7227568828843534,0.8044368378077746,0.02407510474252353,0.9970986521329106,,0.49113833728333245,mols/page_0046.png,2
903,[O][=N+1][Branch1][C][O-1][C][N][C][N][N][Branch1][=Branch1][N+1][=Branch1][C][=O][O-1][C][Branch1][=Branch1][N+1][Branch1][C][O-1],O=[N+]([O-])CNCNN(C[N+][O-])[N+](=O)[O-],1.5763039679725397,0.6825896535666772,0.3045156960128772,0.764570602831513,-1.078397057008042,,0.4447648728266896,mols/page_0046.png,3
904,[O][=N+1][Branch1][C][O-1][C][=C][C][=C][Branch2][Ring1][Branch1][C][N][C][Branch1][=Branch1][N+1][=Branch1][C][=O][O-1][=N][N][=C][Ring1][Branch2][N+1][=Branch1][C][=O][O-1][C][Branch1][=Branch1][N+1][=Branch1][C][=O][O-1][=C][Ring2][Ring1][Branch1],O=[N+]([O-])c1ccc(Cn2c([N+](=O)[O-])nnc2[N+](=O)[O-])c([N+](=O)[O-])c1,1.5958857329053582,-0.617001064809079,-0.5899660998999872,-0.5093770347725524,-0.20615438372102732,,-0.5261080434583902,mols/page_0046.png,4
905,[O][=N+1][Branch1][C][O-1][C][N][N][C][N][N][Branch1][=Branch1][N+1][=Branch1][C][=O][O-1][N+1][=Branch1][C][O-1],O=[N+]([O-])CNNCNN([N+][O-])[N+](=O)[O-],1.5563039679725397,0.8049784031067239,0.4861363749622434,0.8052483899876035,-0.7293643116493902,,0.5719416193473443,mols/page_0046.png,5
906,[O][=N+1][Branch1][C][O-1][O][C][C][O][C][O][C][C][Branch1][Branch2][C][O][N+1][=Branch1][C][=O][O-1][O][C][Branch2][Ring1][Branch2][O][C][Ring1][#C][C][Branch1][#Branch1][O][N+1][=Branch1][C][=O][O-1][C][Ring2][Ring1][Ring1][O][N+1][=Branch1][C][=O][O-1][C][Branch1][#Branch1][O][N+1][=Branch1][C][=O][O-1][C][Ring2][Ring1][O][O][N+1][=Branch1][C][=O][O-1],O=[N+]([O-])OCC1OC2OC3C(CO[N+](=O)[O-])OC(OC1C(O[N+](=O)[O-])C2O[N+](=O)[O-])C(O[N+](=O)[O-])C3O[N+](=O)[O-],9.186790600693021,0.3680144443962297,0.34948917174566707,0.27685628938517515,0.18385301668428902,,0.30850372145797317,mols/page_0046.png,6
907,[O][=C][Branch2][Ring2][Branch2][C][C][N][Branch2][Ring1][=N][C][C][C][=Branch1][C][=O][O][C][C][Branch1][=Branch1][N+1][=Branch1][C][=O][O-1][Branch1][=Branch1][N+1][=Branch1][C][=O][O-1][N+1][=Branch1][C][=O][O-1][N+1][=Branch1][C][=O][O-1][O][C][C][Branch1][=Branch1][N+1][=Branch1][C][=O][O-1][Branch1][=Branch1][N+1][=Branch1][C][=O][O-1][N+1][=Branch1][C][=O][O-1],O=C(CCN(CCC(=O)OCC([N+](=O)[O-])([N+](=O)[O-])[N+](=O)[O-])[N+](=O)[O-])OCC([N+](=O)[O-])([N+](=O)[O-])[N+](=O)[O-],2.4583993249990477,0.11045724888148921,-0.012811179466118051,-0.07431041115256885,-0.38411163801774384,,-0.043723810908959146,mols/page_0046.png,7
908,[O][=N+1][Branch1][C][O-1][C][N][N][C][N][Branch1][=Branch1][N+1][=Branch1][C][=O][O-1][C][Branch1][=Branch1][N+1][#Branch1][C][=N][C][=N][N][Branch1][=Branch1][C][N+1][=Branch1][C][O-1][C][=N][N][=C][Branch1][=Branch1][N+1][C][N],C[N+](=N)C(=NN(C=NN=C[N+]CN)C[N+][O-])N(CNNC[N+](=O)[O-])[N+](=O)[O-],2.0480084467297126,-0.7197249356710872,-0.9348386622976077,-0.4017007500845739,-1.8247989751149825,,-0.7568010970375016,mols/page_0046.png,8
909,[C][C][N][N][Branch1][=Branch1][N+1][=Branch1][C][=O][O-1][N][N][Branch1][N][C],CCNN(NNC)[N+](=O)[O-],1.4996683620478217,-2.638421908195388,-2.7665822835155742,-1.9191956730022905,-4.2974667104062165,,-2.548675988169278,mols/page_0046.png,9
910,[O][=N+1][Branch1][C][O-1][C][N][N][N][N][=N][N][N][N][C][=N][N][Branch1][=Branch1][N+1][=Branch1][C][=O][O-1],O=[N+]([O-])CNNNN=NNNNC=NN[N+](=O)[O-],1.6598833105991515,0.29350300844321603,0.03783197335197858,0.302943700621726,-0.7377277356518025,,0.1302384521323088,mols/page_0046.png,10
911,[O][=N+1][Branch1][C][O-1][C][C][C][Branch1][=Branch1][N+1][=Branch1][C][=O][O-1][N+1][=Branch1][C][N][O-1][N+1][=Branch1][=O][O-1][N+1][=N][C][O-1],N[N+]([O-])C(CC[N+](=O)[O-])[N+](=O)[O-],2.0370246155449356,1.1932919971887088,0.8808410867909412,1.3773646002879576,-0.646008036083327,,1.0048783075017629,mols/page_0046.png,11
912,[O][=N+1][Branch1][C][O-1][C][N][N][Branch1][=Branch1][N+1][=Branch1][C][=O][O-1][C][Branch1][=Branch1][N+1][N][C][Branch1][=Branch1][=O][O-1][C][=N][N][Branch1][=Branch1][C],CC([N+]NCO[O-])N(NC[N+](=O)[O-])[N+](=O)[O-],2.137308431519336,-0.6190884597452601,-0.9323088683530651,-0.4019846496129473,-2.0115506820010585,,-0.749798260069866,mols/page_0046.png,12
913,[N][=N+1][Branch1][C][O-1][C][C][N][N][N][Branch1][=Branch1][N+1][=Branch1][C][=O][O-1][N+1][=Branch1][C][O-1][N+1][=Branch1][=O][O-1][N+1][#N][Ring1][O-1],N#[N+][N+]([O-])[N+]([O-])N(NNCC[N+](=N)[O-])[N+](=O)[O-],1.6184079534080928,0.861332567036773,0.5924139129440706,0.9273471289497902,-0.6145956032965215,,0.6729159112454749,mols/page_0046.png,13
914,[O][=N+1][Branch1][C][O-1][C][=C][C][Branch1][=Branch1][N+1][=Branch1][C][=O][O-1][=C][Branch2][Ring2][#C][C][=N][C][=C][Branch1][=Branch1][N+1][=Branch1][C][=O][O-1][C][Branch2][Ring1][N][C][=C][Branch1][=Branch1][N+1][=Branch1][C][=O][O-1][C][=C][Branch1][=Branch1][N+1][=Branch1][C][=O][O-1][C][=C][Ring1][N][N+1][=Branch1][C][=O][O-1][=N][Ring2][Ring1][Branch2][C][Branch1][=Branch1][N+1][=Branch1][C][=O][O-1][=C][Ring2][Ring2][Ring2],O=[N+]([O-])c1cc([N+](=O)[O-])c(-c2ncc([N+](=O)[O-])c(-c3c([N+](=O)[O-])cc([N+](=O)[O-])cc3[N+](=O)[O-])n2)c([N+](=O)[O-])c1,2.1277737172742675,-0.8125232711082886,-0.6751121924026283,-0.8509596633768984,0.2810536365799675,,-0.6841873675704918,mols/page_0046.png,14
915,[C][C][Branch2][Ring1][#C][N][C][=Branch1][C][=O][N][C][Branch1][C][C][C][Branch1][=Branch1][N+1][=Branch1][C][=O][O-1][Branch1][=Branch1][N+1][=Branch1][C][=O][O-1][N+1][=Branch1][C][=O][O-1][C][Branch1][=Branch1][N+1][=Branch1][C][=O][O-1][Branch1][=Branch1][N+1][=Branch1][C][=O][O-1][N+1][=Branch1][C][=O][O-1],CC(NC(=O)NC(C)C([N+](=O)[O-])([N+](=O)[O-])[N+](=O)[O-])C([N+](=O)[O-])([N+](=O)[O-])[N+](=O)[O-],3.0926028435074597,0.408231953456441,0.24034261744946092,0.3972825287598629,-0.43989065561040624,,0.27706758866937997,mols/page_0046.png,15
916,[O][=N+1][Branch1][C][O-1][C][N][N][N][Branch1][=Branch1][N+1][=Branch1][C][=O][O-1][C][=N][N][=N][Ring1][Branch1][C],N=NN=CN(NNC[N+](=O)[O-])[N+](=O)[O-],1.5563039679725397,0.8292399501218325,0.5957856938630847,0.6539053128566388,-0.3244129542125307,,0.5853772407176318,mols/page_0046.png,16
917,[N][/N][=N+1][Branch1][C][O-1][C][=N][O][=N+1][Branch1][C][C][N][N][C][N][N][Branch1][=Branch1][N+1][=Branch1][C][=O][O-1][C][Branch1][=Branch1][N+1],C[N+](NNCNN(C[N+])[N+](=O)[O-])ON=C[N+]([O-])=NN,1.701719749037849,-0.24131711355511318,-0.6256294867310623,0.07419859639625893,-1.8001960592941233,,-0.3670768174424527,mols/page_0046.png,17
918,[O][=N+1][Branch1][C][O-1][C][N][N][C][Branch1][=Branch1][N+1][=Branch1][C][=O][O-1][C][Branch1][=Branch1],CC(NNC[N+](=O)[O-])[N+](=O)[O-],2.018091503851731,-0.9314144360582418,-1.170981192028275,-0.6270529414922418,-2.2657681588486143,,-1.0029968995033873,mols/page_0046.png,18
919,[N][/C][=N+1][=Branch1][C][=O][O-1][N+1][=Branch1][C][=O][C][N+1][=Branch1][C][O-1][C][N][=N][Ring1][Branch1][N][=N][O],NC=[N+]([O-])O,1.4767229808842466,0.03202634987367413,-0.16313204672031753,-0.13526865515412917,-0.49549089430052806,,-0.13643297570336535,mols/page_0046.png,19
920,[N][C][N][Branch1][=Branch1][N+1][=Branch1][C][=O][O-1][C][Branch1][=Branch1][N+1][=Branch2][O-1][C][N][Branch1][#C][N][C][=N][O][N+1][=Ring2][C][O-1][C][Branch1][Ring1][C][O-1][C][N+1][=Branch1][C][=Branch1][C][=O][N][N+1][=Branch1][C][O-1][=C][Branch1][=Branch1][N+1],CC(C[O-])[N+]ON=CNC([N+]N)(N(CN)[N+](=O)[O-])[N+](O)N[N+]([O-])C[N+],2.959642365770659,-0.44600044606840156,-0.8005462117273909,-0.21084190358321095,-1.801955684519814,,-0.5761689943342139,mols/page_0047.png,0
921,[O][=N+1][Branch1][C][O-1][C][N][C][N][C][Branch1][=Branch1][N+1][=Branch1][C][=O][O-1][N+1][=Branch1][C][O-1],O=[N+]([O-])CNCNC([N+][O-])[N+](=O)[O-],2.056437499842364,0.7801574939559129,0.4643002924323425,0.7696731818943112,-0.7416412792991977,,0.5448195914248687,mols/page_0047.png,1
922,[C][C][Branch1][C][C][Branch2][Ring1][=N][C][O][C][=Branch1][C][=O][C][C][C][Branch1][=Branch1][N+1][=Branch1][C][=O][O-1][Branch1][=Branch1][N+1][=Branch1][C][=O][O-1][N+1][=Branch1][C][=O][O-1][N+1][=Branch1][C][=O][O-1],CC(C)(COC(=O)CCC([N+](=O)[O-])([N+](=O)[O-])[N+](=O)[O-])[N+](=O)[O-],1.8492669435287097,-1.3193265778209236,-1.410617839935628,-1.174681250201707,-2.0246713391292936,,-1.3548257384327502,mols/page_0047.png,2
923,[=N+1][=N+1][Branch1][C][O-1][C][N][C][N][N][N][N][C][N][Branch1][=Branch1][N+1][=Branch1][C][=O][O-1][N+1][=Branch1][C][Cl][O-1][C][N][=C][Branch1][=Branch1][N+1],[N+]=[N+]([O-])CNCNNNNCN([N+]([O-])Cl)[N+](=O)[O-],1.6598833105991515,0.18331966640354916,-0.1247679770860723,0.1358356916360116,-0.9374972405715014,,-0.024777525073376286,mols/page_0047.png,3
924,[O][=N+1][Branch1][C][O-1][C][N][C][N][N][Branch1][=Branch1][N+1][=Branch1][C][=O][O-1][N+1][=Branch1][C][=N][O-1][N][Branch1][=Branch1][N][N+1][=Branch1][C][O-1][C],N=[N+]([O-])N(NCNC[N+](=O)[O-])[N+](=O)[O-],1.5563039679725397,1.1048106490207266,0.8228251178329543,1.0309189608348193,-0.42822471996311756,,0.8514540540510362,mols/page_0047.png,4
925,[O][=N+1][Branch1][C][O-1][C][N][N][Branch1][=Branch1][N+1][=Branch1][C][=O][O-1][N+1][=Branch1][C],[N+]N(NC[N+](=O)[O-])[N+](=O)[O-],1.4596683620478217,1.6930019320990184,1.5490420774988711,1.7089762654880627,0.23569889842105854,,1.5176713984368035,mols/page_0047.png,5
926,[O][=N+1][Branch1][C][O-1][C][=C][C][Branch1][=Branch1][N+1][=Branch1][C][=O][O-1][=C][Branch2][Ring1][N][N][N][=N][C][=C][C][Branch1][=Branch1][N+1][=Branch1][C][=O][O-1][=C][C][Branch1][=Branch1][N+1][=Branch1][C][=O][O-1][=C][Ring1][N][Ring1][#C][C][Branch1][=Branch1][N+1][=Branch1][C][=O][O-1][=C][Ring2][Ring1][O],O=[N+]([O-])c1cc([N+](=O)[O-])c(-n2nnc3cc([N+](=O)[O-])cc([N+](=O)[O-])c32)c([N+](=O)[O-])c1,1.7025801340811582,-0.7356628284337162,-0.571032572619336,-0.7141697955079733,0.31938824153158085,,-0.5804029443132943,mols/page_0047.png,6
927,[O][=N+1][Branch1][C][O-1][C][N][C][N][Branch1][=Branch1][N+1][=Branch1][C][=O][O-1],O=[N+]([O-])CNCN[N+](=O)[O-],1.4796683620478217,0.9652120863561098,0.6098899339407637,0.9633902786947388,-0.9171642016900876,,0.6874151963831052,mols/page_0047.png,7
928,[O][=N+1][Branch1][C][O-1][C][N][C][N][N][N][C][N][Branch1][=Branch1][N+1][=Branch1][C][=O][O-1][N+1][=Branch1][C][C][=O][N+1][=Branch1][C][C@@H1][O-1][N+1][=Branch1][N+1][=Branch1][=O][O-1],[CH][N+]([O-])O[N+](C)N(CNNNCNC[N+](=O)[O-])[N+](=O)[O-],1.7439038473124213,-0.6662202190250158,-1.0117293855456149,-0.37762615963672674,-2.1106615422252526,,-0.7816040192198737,mols/page_0047.png,8
929,[O][=N+1][Branch1][C][O-1][C][=N][N][N][Branch1][=Branch1][N+1][=Branch1][C][=O][O-1][C][=N][C][Branch1][=Branch1][N+1][N+1][=Branch1][C][O-1][O-1][C][N][Branch1][=Branch1][=Branch1][N+1][=Branch1][N][C][=O][O-1][N+1][=Branch1][C][C][O-1][N][Branch1][=Branch1],O=[N+]([O-])C=NNN(C=NC([O-])[N+][N+][O-])[N+](=O)[O-],2.138407953408093,1.1367634254017414,1.0540961971282405,0.8917992361108052,0.24956650849826487,,0.929391250926644,mols/page_0047.png,9
930,[O][=N+1][Branch1][C][O-1][C][=N][C][N][Branch1][=Branch1][N+1][=Branch1][C][=O][O-1][N+1][=Branch1][C][O-1][N+1][=Branch1][O-1],[N+][N+]([O-])N(CN=C[N+](=O)[O-])[N+](=O)[O-],1.536437499842364,1.5860537772430903,1.4677111186923937,1.5849927739786782,0.3564028214356684,,1.4330786157189093,mols/page_0047.png,10
931,[O][=N+1][Branch1][C][O-1][C][C][N][C][Branch1][=Branch1][N+1][=Branch1][C][=O][O-1],O=[N+]([O-])CCNC[N+](=O)[O-],1.4996683620478217,-0.1367006817592472,-0.5361776338278615,0.0024673952123555913,-1.7633222983886123,,-0.3435648506506962,mols/page_0047.png,11
932,[O][=N+1][Branch1][C][O-1][C][N][N][C][Branch1][=Branch1][N+1][=Branch1][C][=O][O-1][N+1][=Branch1][C][O-1][N+1][=Branch1][O-1][=O][O-1],O=[N+]([O-])CNNC([N+]([O-])[N+](=O)[O-])[N+](=O)[O-],2.076601054988479,1.8070945241207843,1.6480892599594024,1.6947400922924085,0.31339792378344017,,1.5730317753153542,mols/page_0047.png,12
933,[O][=N+1][Branch1][C][O-1][C][C][C][N][N][Branch1][=Branch1][N+1][=Branch1][C][=O][O-1][N+1][=Branch1][C][O-1][N+1][=Branch1][O-1][C][O-1],C[N+]([O-])[N+]([O-])N(NCCC[N+](=O)[O-])[N+](=O)[O-],1.637308431519336,0.06920272013149287,-0.3632013757776309,0.33295958277691906,-1.8477243080832346,,-0.12508826160909037,mols/page_0047.png,13
934,[O][=N+1][Branch1][C][O-1][C][N][N][N][N][C][Branch1][=Branch1][N+1][=Branch1][C][=O][O-1][N][C][Branch1][#C][N][N][N][=N][N][Branch1][=Branch1][N+1][C],C[N+]NN=NNNCNC(NNNNC[N+](=O)[O-])[N+](=O)[O-],2.2864233350354186,-0.7380440456153364,-0.9862241435408453,-0.4237043069066693,-1.8459928466572595,,-0.7851480547174391,mols/page_0047.png,14
935,[O][=N+1][Branch1][C][O-1][C][N][N][Branch1][=Branch1][N+1][=Branch1][C][=O][O-1],O=[N+]([O-])CNN[N+](=O)[O-],1.461790468830701,1.6905272260211222,1.4588319252491622,1.5976598873203574,-0.05788054981120331,,1.4206156877645937,mols/page_0047.png,15
936,[N][C][N][Branch1][=N][C][N+1][=Branch1][C][=O][O-1][N+1][=Branch1][C][O-1][C][C][N][N][N][N][=N][O][N+1][Branch1][C][O-1][C][N][N][Branch1][=Branch1][N+1][=Branch1][C][N][O-1][N][N+1][=Branch1][C][=N][O-1][N+1][=Branch1][Branch1][C][O-1][N][C][=N][N][N][Branch1][Branch1][N][N][C][=N][O][N+1][=Branch1][C],N=[N+]([O-])NN(NC[N+]([O-])ON=NNNNN(CN)C[N+](=O)[O-])[N+](N)[O-],1.9596423657706594,0.8973831424343932,0.5589228908373431,0.9719569693529566,-0.635111094619569,,0.6893481865971598,mols/page_0047.png,16
937,[=Branch2][C][Branch1][=Branch1][N+1][=Branch1][C][=O][O-1][C][Branch1][=Branch1][=Branch1][N+1][=Branch1][N+1][=Branch1][O-1][=O][O-1][C][C][Branch1][=Branch1],O=[N+]([O-])CC([O-])[N+]O,1.9844996950521225,1.2645792446516633,1.0108233051026154,1.118695411073412,-0.18285067622616522,,0.9980437342453179,mols/page_0047.png,17
938,[O][=N+1][Branch1][C][O-1][C][N][C][N][N][Branch1][=Branch1][N+1][=Branch1][C][=O][O-1][N+1][=Branch1][C][=C][O-1][N][C][Branch1][=Branch1][N+1][=N][C][N][O-1][N][N][=N][N][N][N][Branch1][N][N][C][N][Branch1][=Branch1][C][N+1][=Branch1][C][C][O-1][C][Branch1][=Branch1][C][=O][O][N+1][=Branch1][C][O-1],C=[N+]([O-])N(NCNC[N+](=O)[O-])[N+](=O)[O-],1.5763039679725397,0.5758017653900794,0.23274556957357723,0.5997821515066407,-1.028472436217068,,0.3392024507218636,mols/page_0047.png,18
939,[O][=N+1][Branch1][C][O-1][C][N][N][Branch1][=Branch1][N+1][=Branch1][C][=O][O-1][N+1][=Branch1][C][O-1][C][Branch1][=Branch1][N+1][N+1][=Branch1][C][=Branch1][O-1][C][=N][O][N+1][Branch1][C][O-1],C[N+][N+]C(=NO[N+][O-])[N+]([O-])N(NC[N+](=O)[O-])[N+](=O)[O-],1.701719749037849,1.6529431184761834,1.3912372364920669,1.7239257698330839,-0.2237469624388395,,1.4282407004314122,mols/page_0047.png,19
940,[O][=N+1][Branch1][C][O-1][C][C][N][Branch1][=Branch1][N+1][=Branch1][C][=O][O-1][N+1][=Branch1][C][O-1],O=[N+]([O-])CCN([N+][O-])[N+](=O)[O-],1.498091503851731,1.4396894467236028,1.2111753194681258,1.423220643195009,-0.14581650411358002,,1.2174227984145778,mols/page_0048.png,0
941,[O][=N+1][Branch1][C][O-1][N][Branch2][Branch1][C][C][C][Branch2][Ring1][P][C][C][N][Branch2][Ring1][=Branch1][C][C][Branch1][=Branch1][N+1][=Branch1][C][=O][O-1][Branch1][=Branch1][N+1][=Branch1][C][=O][O-1][N+1][=Branch1][C][=O][O-1][N+1][=Branch1][C][=O][O-1][Branch1][=Branch1][N+1][=Branch1][C][=O][O-1][N+1][=Branch1][C][=O][O-1][C][C][Branch2][Ring1][P][C][C][N][Branch2][Ring1][=Branch1][C][C][Branch1][=Branch1][N+1][=Branch1][C][=O][O-1][Branch1][=Branch1][N+1][=Branch1][C][=O][O-1][N+1][=Branch1][C][=O][O-1][N+1][=Branch1][C][=O][O-1][Branch1][=Branch1][N+1][=Branch1][C][=O][O-1][N+1][=Branch1][C][=O][O-1],O=[N+]([O-])N(CC(CCN(CC([N+](=O)[O-])([N+](=O)[O-])[N+](=O)[O-])[N+](=O)[O-])([N+](=O)[O-])[N+](=O)[O-])CC(CCN(CC([N+](=O)[O-])([N+](=O)[O-])[N+](=O)[O-])[N+](=O)[O-])([N+](=O)[O-])[N+](=O)[O-],3.3308635222466276,1.3714472661679264,1.174304850400128,1.5028083384251425,0.06766754675443776,,1.2443281191875144,mols/page_0048.png,1
942,[O][=N+1][Branch1][C][O-1][C][N][N][C][N][N][Branch1][=Branch1][N+1][=Branch1][C][=O][O-1][N+1][=Branch1][C],[N+]N(NCNNC[N+](=O)[O-])[N+](=O)[O-],1.536437499842364,0.5299356415044478,0.21790155641817577,0.6262645144530106,-0.9267827515493773,,0.34478683010692235,mols/page_0048.png,2
943,[O][=N+1][Branch1][C][O-1][C][N][N][C][=N][O][N][Branch1][=Branch1][N+1][=Branch1][C][=O][O-1],O=[N+]([O-])CNNC=NON[N+](=O)[O-],1.536437499842364,0.44159570511234525,0.07334619177748541,0.4082135561843444,-0.8030150969309555,,0.2117193870030999,mols/page_0048.png,3
944,[O][=N+1][Branch1][C][O-1][C][=N][N][C][Branch1][=Branch1][N+1][=Branch1][C][=O][O-1][N+1][=Branch1][C][O-1][=C][Branch1][=Branch1][N+1][Branch1][C][O-1][N][N][N][C][Branch1][=Branch2][N+1][=Branch1][C][C][=O],C[N+](O)CNNC([N+](N)[O-])[N+]([O-])C(NN=C[N+](=O)[O-])[N+](=O)[O-],2.82926694352871,0.2926058292873565,-0.009809285085965212,0.4333041845342091,-1.036392586502222,,0.14038155121380924,mols/page_0048.png,4
945,[O][=N+1][Branch1][C][O-1][C][N][N][N][N][C][Branch1][=Branch1][N+1][=Branch1][C][=O][O-1][N+1][=Branch1][C][=N][O-1][Branch1][=Branch1][N+1][O-1][C][N][C][=N][N][Branch1][=Branch1][N+1][=Branch2][C][N][O-1][N][N][C][N][N][=N][N][N][Branch1][=Branch1],N=[N+]([O-])C(NNNNC[N+](=O)[O-])[N+](=O)[O-],2.076601054988479,1.376347969823138,1.1008948297548582,1.2133485885316089,-0.06080346241643876,,1.0985697890654988,mols/page_0048.png,5
946,[O][=N+1][Branch1][C][O-1][C][=C][C][Branch1][=Branch1][N+1][=Branch1][C][=O][O-1][=C][Branch2][Ring1][#C][C][=C][Branch1][=Branch1][N+1][=Branch1][C][=O][O-1][C][=C][Branch1][=Branch1][N+1][=Branch1][C][=O][O-1][C][Branch1][C][O][=C][Ring1][=N][N+1][=Branch1][C][=O][O-1][C][Branch1][=Branch1][N+1][=Branch1][C][=O][O-1][=C][Ring2][Ring1][N],O=[N+]([O-])c1cc([N+](=O)[O-])c(-c2c([N+](=O)[O-])cc([N+](=O)[O-])c(O)c2[N+](=O)[O-])c([N+](=O)[O-])c1,1.907950530827869,-0.35970783794264743,-0.1768676779328449,-0.4699364942992625,0.7576488024404197,,-0.24635359644453608,mols/page_0048.png,6
947,[P][O][=N+1][Branch1][C][O-1][C][N][N][C][Branch1][=Branch1][N+1][=Branch1][C][=O][O-1][N+1][=Branch1][C][O-1][C][=N][N][Branch1][=Branch1][N+1][N+1][=Branch1][C][C][O-1][C][Branch1][=Branch1],C[N+][N+]N([O-])N=C[N+]([O-])C(NNC[N+]([O-])OP)[N+](=O)[O-],2.743903847312421,0.6026872864687353,0.32268229964948203,0.594595835516704,-0.8403284580146315,,0.3851478849347728,mols/page_0048.png,7
948,[=Branch2][#Branch1][=N+1][Branch1][C][O-1][C][N][N][Branch1][=Branch1][N+1][=Branch1][C][=O][O-1][N+1][=Branch1][C][NH1][C][O-1][Branch1][=Branch1][N+1][#N][Ring1][=Branch1][N+1][=Branch1][=O][O-1][N][C][=N][Ring1][=Branch1][N][Ring2][Ring1][O][Ring1][=N],[NH][N+](C[O-])N(NC[N+][O-])[N+](=O)[O-],1.5170246155449356,1.4183299835979382,1.1677861591349483,1.4709381535144384,-0.36880155158990185,,1.1980241419300068,mols/page_0048.png,8
949,[O][=N+1][Branch1][C][O-1][C][C][N][N][Branch1][=Branch1][N+1][=Branch1][C][=O][O-1][N+1][=Branch1][C][O-1][C][Branch1][=Branch1][N+1][S][C][=O][O-1][N][Ring1][N],NC([N+]SC=O)[N+]([O-])N(NCC[N+](=O)[O-])[N+](=O)[O-],2.179883310599152,0.3852713947794263,0.19195775291266676,0.29458120268423094,-0.676946582327097,,0.19444510976400592,mols/page_0048.png,9
950,[O][=N+1][Branch1][C][O-1][C][N][C][Branch1][=Branch1][N+1][=Branch1][C][=O][O-1][N+1][=Branch1][C][O-1][N][C][=N][N][Branch1][=Branch1][N+1][Branch1][C][O-1][O-1][N][N+1][=Branch1][C][=N][O-1][N+1][=Branch1],N=[N+]([O-])NN(N=CN[N+]([O-])C(NC[N+](=O)[O-])[N+](=O)[O-])[N+]([O-])[O-],2.3292669435287103,1.7552749644706136,1.5802856715508258,1.6518555908211385,0.2782850126166507,,1.5224608965954802,mols/page_0048.png,10
951,[O][=N+1][Branch1][C][O-1][C][N][N][N][C][N][N][Branch1][=Branch1][N+1][=Branch1][C][=O][O-1][N+1][=Branch1][C][O-1],O=[N+]([O-])CNNNCNN([N+][O-])[N+](=O)[O-],1.576601054988479,0.574155103822057,0.22553182381050296,0.6040178070884755,-0.9181511591931542,,0.3497137388242148,mols/page_0048.png,11
952,[O][=N+1][Branch1][C][O-1][C][N][N][C][N][Branch1][=Branch1][N+1][=Branch1][C][=O][O-1],O=[N+]([O-])CNNCN[N+](=O)[O-],1.498091503851731,0.6467669082524189,0.25614296937632197,0.6802573686062316,-1.1011178963001005,,0.3877186272196678,mols/page_0048.png,12
953,[O][=N+1][Branch1][C][O-1][C][N][C][=N][N][=N][N][Branch1][=Branch1][N+1][=Branch1][C][=O][O-1],O=[N+]([O-])CNC=NN=NN[N+](=O)[O-],1.536437499842364,0.7762246753445007,0.5060942771393778,0.7021230057836283,-0.4762991015640994,,0.553799030278011,mols/page_0048.png,13
954,[O][=N+1][Branch1][C][O-1][C][C][N][N][Branch1][=Branch1][N+1][=Branch1][C][=O][O-1],O=[N+]([O-])CCNN[N+](=O)[O-],1.4796683620478217,0.4124790204586972,0.03867523800015942,0.4328004195982154,-1.198039327224688,,0.16610479973153153,mols/page_0048.png,14
955,[O][=N+1][Branch1][C][O-1][C][N][N][C][N][N][Branch1][=Branch1][N+1][=Branch1][C][=O][O-1][N+1][=Branch1][C][C][=O][O-1],C[N+](O[O-])N(NCNNC[N+](=O)[O-])[N+](=O)[O-],1.617308431519336,0.05876495982961041,-0.3821374584057008,0.19261425393751416,-1.7124584761027848,,-0.17504327067929543,mols/page_0048.png,15
956,[#Branch2][=C][Branch1][C][N][N][N][Branch1][=Branch1][N+1][=Branch1][C][=O][O-1],NCNN[N+](=O)[O-],1.467846708163529,-0.276235609124718,-0.5481008848836547,-0.13661964076470065,-1.5739391129987026,,-0.4181258911078437,mols/page_0048.png,16
957,[O][=N+1][Branch1][C][O-1][C][N][N][N][N][Branch1][=Branch1][N+1][=Branch1][C][=O][O-1][N][C][N][Branch1][=Branch1],NCNN(NNNC[N+](=O)[O-])[N+](=O)[O-],1.5563039679725397,0.16240015102506608,-0.15987014574030894,0.26542328818891686,-1.1531241892439439,,-0.008510602327638367,mols/page_0048.png,17
958,[O][=N+1][Branch1][C][O-1][C][N][N][C][Branch1][=Branch1][N+1][=Branch1][C][=O][O-1][N+1][=Branch1][C][C][O-1][Branch1][=Branch1][N+1][Branch1][C][O-1][N][N][C][C][N][Branch1][=Branch1][N+1][=N][C][N][N+1][=Branch1][C][Branch1][O-1][N+1][=Branch1],C[N+]([O-])C(NNC[N+](=O)[O-])[N+](=O)[O-],2.056437499842364,0.3892764905207327,0.03372041935524233,0.5284364984204178,-1.2344489976914124,,0.19367892706801965,mols/page_0048.png,18
959,[C][C][=C][Branch1][=Branch1][N+1][=Branch1][C][=O][O-1][C][Branch1][C][N][=C][Branch1][=Branch1][N+1][=Branch1][C][=O][O-1][C][Branch1][C][N][=C][Ring1][=C][N+1][=Branch1][C][=O][O-1],Cc1c([N+](=O)[O-])c(N)c([N+](=O)[O-])c(N)c1[N+](=O)[O-],1.5798833105991517,-1.2132488910076333,-1.0791158134880838,-0.9961747199309089,-0.5398047963830022,,-1.025541543734593,mols/page_0048.png,19
960,[O][=N+1][Branch1][C][O-1][C][N][N][Branch1][=Branch1][N+1][=Branch1][C][=O][O-1],O=[N+]([O-])CNN[N+](=O)[O-],1.461790468830701,1.6905272260211222,1.4588319252491622,1.5976598873203574,-0.05788054981120331,,1.4206156877645937,mols/page_0049.png,0
961,[O][=N+1][Branch1][C][O-1][C][N][C][N][N][N][N][Branch1][=Branch1][N+1][=Branch1][C][=O][O-1][N+1][=Branch1][C][Cl][O-1][C][C][N][Branch1][=Branch1][=Branch1][N+1][=Branch1][O-1][N][C][O-1][=Branch1][N+1][=Branch1][=O][O-1][C][Branch1][=Branch1][N+1][O][C][=O],O=[N+]([O-])CNCNNNN([N+]([O-])Cl)[N+](=O)[O-],1.597308431519336,0.4776117131869726,0.2385966763256138,0.35110273292061317,-0.45155046869253945,,0.27433814367713794,mols/page_0049.png,1
962,[=N+1][Branch1][C][O-1][C][N][N][N][N][Branch1][=Branch1][N+1][=Branch1][C][=O][O-1][N+1][=Branch1][C][N+1][=Branch1][C][O-1][O-1][N][C][Branch1][=Branch1][N+1][=C][C][=N][N][Branch1][=Branch1][C][N+1][C][N][=N][C][N][Branch1][=Branch1][N][N][N][=Branch1][N+1][=Branch1][=O][O-1][N+1][C][N][Branch1][C][N+1][=Branch1][O-1][C][O-1][N][=Branch1][=Branch1][N+1][=Branch1][O-1][=Branch1][C][=O][N+1][=Branch1][C],[N+][N+](C[O-])N(NNNC[N+][O-])[N+](=O)[O-],1.5563039679725397,1.474338474298059,1.228437968955355,1.4323645365221118,-0.22681681660780692,,1.2259582437614176,mols/page_0049.png,2
963,[O][=N+1][Branch1][C][O-1][C][N][N][C][N][N][N][Branch1][=Branch1][N+1][=Branch1][C][=O][O-1][N+1][=Branch1][C][O-1],O=[N+]([O-])CNNCNNN([N+][O-])[N+](=O)[O-],1.576601054988479,0.5070913547320454,0.16817513448654847,0.5319100136279761,-0.906381139938222,,0.2909425137620167,mols/page_0049.png,3
964,[N][=N+1][Branch1][C][O-1][C][N][N][Branch1][=Branch1][N+1][=Branch1][C][=O][O-1],N=[N+]([O-])CNN[N+](=O)[O-],1.461790468830701,1.6385599696272548,1.3368479443581123,1.5277023865022061,-0.2653044856883077,,1.3284024845283935,mols/page_0049.png,4
965,[C][C][N][N][Branch1][=Branch1][N+1][=Branch1][C][=O][O-1][N][N][Branch1][N][C],CCNN(NNC)[N+](=O)[O-],1.4996683620478217,-2.638421908195388,-2.7665822835155742,-1.9191956730022905,-4.2974667104062165,,-2.548675988169278,mols/page_0049.png,5
966,[O][=C][Branch2][Ring1][#Branch1][O][C][C][Branch1][=Branch1][N+1][=Branch1][C][=O][O-1][Branch1][=Branch1][N+1][=Branch1][C][=O][O-1][N+1][=Branch1][C][=O][O-1][N][Branch2][Ring1][#Branch1][C][C][C][Branch1][=Branch1][N+1][=Branch1][C][=O][O-1][Branch1][=Branch1][N+1][=Branch1][C][=O][O-1][N+1][=Branch1][C][=O][O-1][N+1][=Branch1][C][=O][O-1],O=C(OCC([N+](=O)[O-])([N+](=O)[O-])[N+](=O)[O-])N(CCC([N+](=O)[O-])([N+](=O)[O-])[N+](=O)[O-])[N+](=O)[O-],2.1825801340811584,1.2069429472869708,1.1685003787384833,0.8140309159339537,0.7394574368503996,,0.993418941564985,mols/page_0049.png,6
967,[O][=N+1][Branch1][C][O-1][C][=N][N][C][Branch1][=Branch1][N+1][=Branch1][C][=O][O-1],O=[N+]([O-])C=NNC[N+](=O)[O-],1.4796683620478217,1.0525228592681983,0.9057455027338819,0.7870828502911985,0.1319079493920004,,0.8175910255561996,mols/page_0049.png,7
968,[O][=N+1][Branch1][C][O-1][C][C][N][N][Branch1][=Branch1][N+1][=Branch1][C][=O][O-1][N+1][=Branch1][C][O-1][C][N][=N][N][Branch1][=Branch1][O-1][N+1][=Branch1][N+1][=Branch1][N+1][=O][O-1][N+1][=Ring2][C][O-1],O=[N+]N([O-])N=NC[N+]([O-])N(NCC[N+](=O)[O-])[N+](=O)[O-],1.701719749037849,1.5057947382215404,1.258203933362429,1.4768467564748264,-0.2412109672883862,,1.2576172737570845,mols/page_0049.png,8
969,[O][=N+1][Branch1][C][O-1][O][C][C][N][C][=C][Branch1][=Branch1][N+1][=Branch1][C][=O][O-1][C][Branch1][#Branch2][N][C][C][O][N+1][=Branch1][C][=O][O-1][=C][Branch1][=Branch1][N+1][=Branch1][C][=O][O-1][C][Branch1][#Branch2][N][C][C][O][N+1][=Branch1][C][=O][O-1][=C][Ring2][Ring1][#Branch2][N+1][=Branch1][C][=O][O-1],O=[N+]([O-])OCCNc1c([N+](=O)[O-])c(NCCO[N+](=O)[O-])c([N+](=O)[O-])c(NCCO[N+](=O)[O-])c1[N+](=O)[O-],2.2983993249990475,-0.47376979074630604,-0.552049535482447,-0.3159402551720644,-0.7136036044261034,,-0.45419129406862435,mols/page_0049.png,9
970,[O][=N+1][Branch1][C][O-1][C][N][N][C][Branch1][=Branch1][N+1][=Branch1][C][=O][O-1][C][Branch1][=Branch1],CC(NNC[N+](=O)[O-])[N+](=O)[O-],2.018091503851731,-0.9314144360582418,-1.170981192028275,-0.6270529414922418,-2.2657681588486143,,-1.0029968995033873,mols/page_0049.png,10
971,[C][C][Branch2][Ring1][=N][C][O][C][=Branch1][C][=O][C][=Branch1][C][=O][O][C][C][Branch1][C][C][Branch1][=Branch1][N+1][=Branch1][C][=O][O-1][N+1][=Branch1][C][=O][O-1][Branch1][=Branch1][N+1][=Branch1][C][=O][O-1][N+1][=Branch1][C][=O][O-1],CC(COC(=O)C(=O)OCC(C)([N+](=O)[O-])[N+](=O)[O-])([N+](=O)[O-])[N+](=O)[O-],1.9158857329053582,-1.1900039375369047,-1.205962939935404,-1.3439807486067574,-1.2807478353972994,,-1.26465880235051,mols/page_0049.png,11
972,[O][=N+1][Branch1][C][O-1][C][N][N][N][Branch1][=Branch1][N+1][=Branch1][C][=O][O-1][N+1][=Branch1][C][O-1][C][=N][N][=C][Branch1][=Branch1][N+1][O-1][C][N][Branch1][=Branch1][N][N][C][=N][N][Branch1][=Branch1],NN=CNNC(=NN=C[N+]([O-])N(NNC[N+](=O)[O-])[N+](=O)[O-])[N+][O-],1.8724242818454757,0.992485704197458,0.8926602074394212,0.9912867657903247,-0.11750821186061267,,0.8560503630392884,mols/page_0049.png,12
973,[O][=N+1][Branch1][C][O-1][C][N][C][Branch1][=Branch1][N+1][=Branch1][C][=O][O-1][C][Branch1][=Branch1],CC(NC[N+](=O)[O-])[N+](=O)[O-],1.9996683620478217,-0.8394520013406854,-1.1194752900379297,-0.6135596536555329,-2.2588594563271487,,-0.9610416299395819,mols/page_0049.png,13
974,[O][=N+1][Branch1][C][O-1][C][N][Branch1][=Branch1][N+1][=Branch1][C][=O][O-1][C][N][N][N][Branch1][=Branch1][=Branch1][N+1][=Branch1][N][=O][O-1][N+1][=Branch1][C][O-1],O=[N+]NNNCN(C[N+](=O)[O-])[N+](=O)[O-],1.5563039679725397,1.13052245235958,0.8327424211650447,1.0692113650450978,-0.5067331484390561,,0.8678274495552898,mols/page_0049.png,14
975,[O][=N+1][Branch1][C][O-1][C][=N][N][N][Branch1][=Branch1][N+1][=Branch1][C][=O][O-1][N+1][=Branch1][C][O-1][C][N][Branch1][=Branch1][N][N][=N][N][=N][N][Branch1][=Branch1][C][N+1][=Branch1][C],[N+]CNN(C[N+]([O-])N(NN=C[N+](=O)[O-])[N+](=O)[O-])NN=NN=N,1.8292669435287097,1.2312830563997905,1.0100822543511838,1.1090047648691104,-0.022359875805057577,,1.001707246054882,mols/page_0049.png,15
976,[O][=N+1][Branch1][C][O-1][C][=C][C][Branch1][=Branch1][N+1][=Branch1][C][=O][O-1][=C][Branch2][Ring2][=Branch2][N][C][=N][NH1][C][Branch2][Ring1][=N][N][C][=C][Branch1][=Branch1][N+1][=Branch1][C][=O][O-1][C][=C][Branch1][=Branch1][N+1][=Branch1][C][=O][O-1][C][=C][Ring1][N][N+1][=Branch1][C][=O][O-1][=N][Ring2][Ring1][Branch1][C][Branch1][=Branch1][N+1][=Branch1][C][=O][O-1][=C][Ring2][Ring2][C],O=[N+]([O-])c1cc([N+](=O)[O-])c(Nc2n[nH]c(Nc3c([N+](=O)[O-])cc([N+](=O)[O-])cc3[N+](=O)[O-])n2)c([N+](=O)[O-])c1,2.025174135090663,-0.7530109108502576,-0.6249670129127567,-0.7516463244174693,0.1703796998030969,,-0.6281150407274315,mols/page_0049.png,16
977,[O][=N+1][Branch1][C][O-1][C][N][C][N][Branch1][=Branch1][N+1][=Branch1][C][=O][O-1][C][Branch1][=Branch1][N+1],[N+]CN(CNC[N+](=O)[O-])[N+](=O)[O-],1.5370246155449356,0.45724056125051227,0.12047638073168325,0.6194867490563881,-1.20862891591764,,0.27136104352634016,mols/page_0049.png,17
978,[O][=N+1][Branch1][C][O-1][C][N][N][Branch1][=Branch1][N+1][=Branch1][C][=O][O-1][C][Branch1][=Branch1][N+1][N+1][=Branch1][C][O-1][N][N][N][=Branch1][N+1][=Branch1][N+1][=Branch1][O-1][C][=O][O-1][N+1][=Branch1][C][Cl][=O][O-1],C[N+](NNNC([N+][N+][O-])N(NC[N+](=O)[O-])[N+](=O)[O-])O[O-],2.2439038473124215,0.8182255440227514,0.5556731277575735,0.7626088302229901,-0.7075385913830656,,0.5777643408959707,mols/page_0049.png,18
979,[C][C][N][Branch2][Ring1][O][C][=Branch1][C][=O][O][C][C][Branch1][=Branch1][N+1][=Branch1][C][=O][O-1][Branch1][=Branch1][N+1][=Branch1][C][=O][O-1][N+1][=Branch1][C][=O][O-1][N+1][=Branch1][C][=O][O-1],CCN(C(=O)OCC([N+](=O)[O-])([N+](=O)[O-])[N+](=O)[O-])[N+](=O)[O-],1.7439038473124213,0.3028927503616339,0.1493894979377563,0.12592965793463193,-0.47032715151142523,,0.1164097100975578,mols/page_0049.png,19
980,[O][=N+1][Branch1][C][O-1][C][N][C][Branch1][=Branch1][N+1][=Branch1][C][=O][O-1][N+1][=Branch1][C][=N][O][N+1][Branch1][C][O-1],N=[N+](O[N+][O-])C(NC[N+](=O)[O-])[N+](=O)[O-],2.05630396797254,1.7592234955015682,1.6151508317319754,1.5040634967501116,0.40523517660290115,,1.4857424981687206,mols/page_0050.png,0
981,[N][C][=N][NH1][C][Branch2][Ring1][=N][N][C][=C][Branch1][=Branch1][N+1][=Branch1][C][=O][O-1][C][=C][Branch1][=Branch1][N+1][=Branch1][C][=O][O-1][C][=C][Ring1][N][N+1][=Branch1][C][=O][O-1][=N][Ring2][Ring1][Branch1],Nc1n[nH]c(Nc2c([N+](=O)[O-])cc([N+](=O)[O-])cc2[N+](=O)[O-])n1,1.5292669435287096,-0.989069588326385,-0.8216469930375523,-0.9184381929189067,0.034714676574508496,,-0.8165829548510961,mols/page_0050.png,1
982,[C][N][Branch1][=Branch1][N+1][=Branch1][C][=O][O-1][N+1][=Branch1][C][N+1][=Branch1][C][O-1][O-1][N+1][=Branch1][N][C][O-1][=N][O][N][=N][NH1][Ring1][Branch1],CN([N+]([N+])C[O-])[N+](=O)[O-],1.481790468830701,0.39447415890529197,0.012150731793744048,0.5955030601925468,-1.4772809523758013,,0.19212935151419763,mols/page_0050.png,2
983,[O][=N+1][Branch1][C][O-1][C][N][N][N][=N][N][Branch1][=Branch1][N+1][=Branch1][C][=O][O-1],O=[N+]([O-])CNNN=NN[N+](=O)[O-],1.4970246155449356,1.302091075066708,1.0542501568102192,1.1177487807847981,0.056373863068603425,,1.0418222065900113,mols/page_0050.png,3
984,[O][=N+1][Branch1][C][O-1][C][N][N][C][Branch1][=Branch1][N+1][=Branch1][C][=O][O-1][N+1][=Branch1][C][O-1],O=[N+]([O-])CNNC([N+][O-])[N+](=O)[O-],2.0170246155449356,1.6472190840369605,1.4562005562447253,1.508041672475772,0.19702142982073728,,1.3987737220428038,mols/page_0050.png,4
985,[C][C][=C][Branch1][=Branch1][N+1][=Branch1][C][=O][O-1][C][=C][Branch1][=Branch1][N+1][=Branch1][C][=O][O-1][C][Branch1][C][O][=C][Ring1][=N][N+1][=Branch1][C][=O][O-1],Cc1c([N+](=O)[O-])cc([N+](=O)[O-])c(O)c1[N+](=O)[O-],1.558407953408093,-1.1699399634024945,-1.012325739749461,-1.0701086053105038,-0.3839891867146339,,-1.0120087865836538,mols/page_0050.png,5
986,[O][=N+1][Branch1][C][O-1][C][N][N][N][C][Branch1][=Branch1][N+1][=Branch1][C][=O][O-1][C][N][Branch1][=Branch1][N+1][=Branch2][C][=N][O],O=[N+]([O-])CNNNC(CN[N+]O)[N+](=O)[O-],2.0966010549884793,-0.1266706587444848,-0.4325266735740611,-0.018128306535282825,-1.3427008476927675,,-0.28132074046302635,mols/page_0050.png,6
987,[O][=N+1][Branch1][C][O-1][C][N][N][N][Branch1][=Branch1][N+1][=Branch1][C][=O][O-1],O=[N+]([O-])CNNN[N+](=O)[O-],1.4596683620478217,1.4947457647994664,1.1981059950950321,1.3348329581674105,-0.20923036045515025,,1.1862230871950739,mols/page_0050.png,7
988,[N][C][Branch1][=Branch1][N+1][=Branch1][C][=O][O-1][N+1][=Branch1][C][O-1][C][N+1][=Branch1][C][C@@H1][O-1][N+1][=Branch1][N][=O][O-1][N+1][S][C][=O][O-1],[CH][N+]([O-])C[N+]([O-])C(N)[N+](=O)[O-],2.018091503851731,0.8994603242978718,0.5924579926870437,1.0251469341459674,-0.8297388693216796,,0.7000644659724479,mols/page_0050.png,8
989,[O][=N+1][Branch1][C][O-1][C][N][C][N][N][N][N][=N][N][Branch1][=Branch1][N+1][=Branch1][C][=O][O-1],O=[N+]([O-])CNCNNNN=NN[N+](=O)[O-],1.576601054988479,0.04740566612157801,-0.2666402269370964,0.13969341156808765,-1.1182708748397476,,-0.1107583630606193,mols/page_0050.png,9
990,[O][=N+1][Branch1][C][O-1][C][C][N][C][Branch1][=Branch1][N+1][=Branch1][C][=O][O-1][N+1][=Branch1][C][O-1][O-1][N+1][=Branch1][N+1][=Branch1][O-1][C][O-1][C][Branch1][=Branch1][C],O=[N+]([O-])CCNC([N+]([O-])[O-])[N+](=O)[O-],2.056437499842364,1.213576730817687,0.9336326479513348,1.210844988747484,-0.2882579824562752,,0.9923145419456214,mols/page_0050.png,10
991,[O][=N+1][Branch1][C][O-1][C][=C][C][=C][Branch2][Ring1][#Branch1][C][C][C][Branch1][=Branch1][N+1][=Branch1][C][=O][O-1][Branch1][=Branch1][N+1][=Branch1][C][=O][O-1][N+1][=Branch1][C][=O][O-1][C][Branch1][=Branch1][N+1][=Branch1][C][=O][O-1][=C][Ring2][Ring1][Branch1],O=[N+]([O-])c1ccc(CCC([N+](=O)[O-])([N+](=O)[O-])[N+](=O)[O-])c([N+](=O)[O-])c1,1.755885732905358,-0.5795740814595622,-0.6092899564988493,-0.3960151470691857,-0.6076195525583453,,-0.5163840235731118,mols/page_0050.png,11
992,[O][=N+1][Branch1][C][O-1][C][N][C][N][N][N][N][Branch1][=Branch1][N+1][=Branch1][C][=O][O-1][N+1][=Branch1][C][O-1][N][N][C][N][Branch1][=Branch1],NCNN[N+]([O-])N(NNNCNC[N+](=O)[O-])[N+](=O)[O-],1.701719749037849,0.0068943348159276495,-0.32096914898828344,0.15341149051401326,-1.1804945045150887,,-0.1352035577889925,mols/page_0050.png,12
993,[C][C][Branch2][Branch1][=Branch2][C][N][Branch2][Ring2][#C][C][C][C][Branch2][Ring1][=N][C][C][N][Branch2][Ring1][C][C][C][Branch1][C][C][Branch1][=Branch1][N+1][=Branch1][C][=O][O-1][N+1][=Branch1][C][=O][O-1][N+1][=Branch1][C][=O][O-1][Branch1][=Branch1][N+1][=Branch1][C][=O][O-1][N+1][=Branch1][C][=O][O-1][N+1][=Branch1][C][=O][O-1][Branch1][=Branch1][N+1][=Branch1][C][=O][O-1][N+1][=Branch1][C][=O][O-1],CC(CN(CCC(CCN(CC(C)([N+](=O)[O-])[N+](=O)[O-])[N+](=O)[O-])([N+](=O)[O-])[N+](=O)[O-])[N+](=O)[O-])([N+](=O)[O-])[N+](=O)[O-],2.505174135090663,-0.3388307460969283,-0.5538255019384642,-0.11640321803998371,-1.3676319330059612,,-0.40648854252543776,mols/page_0050.png,13
994,[C][=N][N][=N][C][Branch2][Branch1][Branch2][C][O][N+1][Branch1][C][O-1][N+1][=Branch1][C][=O][O-1][N][Branch1][=Branch1][N+1][=Branch1][C][O-1][C][C][N][Branch1][=Branch1][=Branch2][=Branch1][N+1][=Branch1][O-1][=O][C][N+1][=Branch1][C],C=NN=NCCO[N+]([O-])[N+](=O)[O-],1.5370246155449356,-0.8284627351128718,-1.0403761077832854,-0.6279735998997111,-1.9461935234791328,,-0.9130185030318371,mols/page_0050.png,14
995,[O][=N+1][Branch1][C][O-1][C][=N][N][N][N][N][Branch1][=Branch1][N+1][=Branch1][C][=O][O-1][C][Branch1][=Branch1][N+1][=N][C][=O][O-1][N+1][=Branch1][C][O-1][=C][Branch1][=Branch1][N+1][N][C],CN[N+]C[N+]([O-])C([N+]=NC=O)N(NNNN=C[N+](=O)[O-])[N+](=O)[O-],2.3724242818454764,0.4142655225606452,0.11493063799618489,0.3923899637014923,-0.9606797212762846,,0.19318705349217596,mols/page_0050.png,15
996,[Cl][=N+1][Branch2][Ring1][=Branch1][C][N][N][=N][N][C][Branch1][=Branch1][N+1][=Branch1][C][=O][O-1][N+1][=Branch1][C][O-1][N][N][=Branch1][N+1][=Branch1],NN[N+]([O-])C(NN=NNC[N+]Cl)[N+](=O)[O-],2.076601054988479,0.8452461919094701,0.6875552468750734,0.6995867172525455,-0.09818294720379414,,0.6532167518767746,mols/page_0050.png,16
997,[O][=N+1][Branch1][C][O-1][C][N][N][N][N][C][Branch1][=Branch1][N+1][=Branch1][C][=O][O-1][N+1][=Branch1][C],[N+]C(NNNNC[N+](=O)[O-])[N+](=O)[O-],2.0364374998423638,0.8519931048608902,0.6072528154046346,0.8312820662976483,-0.4481708127267037,,0.6525072253127702,mols/page_0050.png,17
998,[O][=N+1][Branch1][C][O-1][C][N][N][Branch1][=Branch1][N+1][=Branch1][C][=O][O-1][N+1][=Branch1][C][O-1][N][=N][O][N+1][=Branch1][C][C][O-1][N+1][=Branch1][N+1][=Branch1][O-1][=O][O-1][N+1][O-1][C][=C],C[N+]([O-])ON=N[N+]([O-])N(NC[N+](=O)[O-])[N+](=O)[O-],1.6184079534080928,1.5782022811978536,1.266404043229133,1.5827009793631976,-0.3348347846202219,,1.3107484943900036,mols/page_0050.png,18
999,[O][=N+1][Branch1][C][O-1][C][N][N][C][Branch1][=Branch1][N+1][=Branch1][C][=O][O-1][N+1][=Branch1][C][O-1],O=[N+]([O-])CNNC([N+][O-])[N+](=O)[O-],2.0170246155449356,1.6472190840369605,1.4562005562447253,1.508041672475772,0.19702142982073728,,1.3987737220428038,mols/page_0050.png,19
1000,[O][=N+1][Branch1][C][O-1][C][N][N][N][N][C][Branch1][=Branch1][N+1][=Branch1][C][=O][O-1][N][C][Branch1],CNC(NNNNC[N+](=O)[O-])[N+](=O)[O-],2.0763039679725397,-0.9082653283467208,-1.1760315167829671,-0.5674098598169156,-2.152159064336197,,-0.963254061642808,mols/page_0051.png,0
1001,[O][=N+1][Branch1][C][O-1][C][N][C][N][N][N][Branch1][=Branch1][N+1][=Branch1][C][=O][O-1][N+1][=Branch1][C][O-1][=Branch1][N+1][=Branch1],[N+][N+]([O-])N(NNCNC[N+](=O)[O-])[N+](=O)[O-],1.576601054988479,1.072702319686244,0.8150555840063064,1.1104462042726337,-0.4718430986439269,,0.8689336477677984,mols/page_0051.png,1
1002,[N][NH1][C][=N+1][Branch1][C][O-1][C][N][N][N][Branch1][=Branch1][N+1][=Branch1][C][=O][O-1][C][N+1][=Branch1][C][O-1][C][N+1][Branch1][=Branch1][O-1][N+1][=Branch1][C][Cl][=O][O-1][N+1][Branch1][=Branch1][N+1],NNC=[N+]([O-])CNNN(C[N+]([O-])C[N+](=O)[O-])[N+](=O)[O-],1.701719749037849,0.6017225439088443,0.31580969276680826,0.7241596991437358,-0.8101748246237966,,0.43802945636402785,mols/page_0051.png,2
1003,[O][=N+1][Branch1][C][O-1][C][N][N][N][Branch1][=Branch1][N+1][=Branch1][C][=O][O-1][N+1][=Branch1][C][O-1][C][Branch1][=Branch1][N+1][C][O-1][C][=N][N][N][Branch1][Ring2][=Branch1][N+1][=Branch1],[N+]NNC([N+]C[O-])[N+]([O-])N(NNC[N+](=O)[O-])[N+](=O)[O-],2.2017197490378493,1.6805372696761924,1.497845053127765,1.7070077760137266,-0.0027701163335214682,,1.477121679473128,mols/page_0051.png,3
1004,[O][=N+1][Branch1][C][O-1][C][C][N][N][Branch1][=Branch1][N+1][=Branch1][C][=O][O-1][N+1][=Branch1][C][O-1][N+1][=Branch1][O-1][C][O-1][C][N][N][N][Branch1][N+1][=Branch1][C],C[N+]([O-])[N+]([O-])N(NCC[N+](=O)[O-])[N+](=O)[O-],1.596601054988479,0.9310501437874619,0.4914681073514231,1.0603464455447718,-1.234788187801027,,0.6562893222225273,mols/page_0051.png,4
1005,[O][=N+1][Branch1][C][O-1][C][N][N][N][Branch1][=Branch1][N+1][=Branch1][C][=O][O-1][N+1][=Branch1][C][O-1][C][Branch1][=Branch1][N+1][=Branch2][C][O-1][C][=N][O][N+1][Branch1][=Branch1][N+1][S][O-1][C][=O][O-1],C[N+]C(=NO[N+]([O-])[N+]S[O-])[N+]([O-])N(NNC[N+](=O)[O-])[N+](=O)[O-],1.8292669435287097,1.5428320535664106,1.3738908993768741,1.4992725802610483,0.15286181638018181,,1.3441759519782586,mols/page_0051.png,5
1006,[O][=N+1][Branch1][C][O-1][C][N][N][N][Branch1][=Branch1][N+1][=Branch1][C][=O][O-1][N+1][=Branch1][C][Branch1][=Branch1][N+1][C][O-1][N][C][Branch1][=Branch1][C][N+1][=Branch1][C][O-1][C][=N][N][Branch1][=Branch1][C][Branch1],CNN=C[N+]([O-])C[N+]([N+]C[O-])N(NNC[N+](=O)[O-])[N+](=O)[O-],1.786423335035418,0.4528803648275522,0.12126853843148948,0.5490053327048032,-1.0998762400865651,,0.25315173488802517,mols/page_0051.png,6
1007,[O][=N+1][Branch1][C][O-1][C][=N][C][N][Branch1][=Branch1][N+1][=Branch1][C][=O][O-1][C][Branch1][=Branch1][N+1],[N+]CN(CN=C[N+](=O)[O-])[N+](=O)[O-],1.5370246155449356,0.7301275788915987,0.4242151963115828,0.7960458360323981,-0.8002219827070166,,0.5269818299430529,mols/page_0051.png,7
1008,[NH1][C][/N][=Branch1][C][N][N][Branch1][=Branch1][N+1][=Branch1][C][=O][O-1][N][=N][N][NH1][=N][Ring1],[NH]CN(N)N(N=NNNN)[N+](=O)[O-],1.516437499842364,0.22324099635538996,-0.036099977003566805,0.2517925284985635,-0.8773148741190038,,0.059770778825480805,mols/page_0051.png,8
1009,[O][=N+1][Branch1][C][O-1][C][=C][NH1][C][Branch1][=Branch1][N+1][=Branch1][C][=O][O-1][=N][Ring1][Branch2],O=[N+]([O-])c1c[nH]c([N+](=O)[O-])n1,1.3580915038517312,0.38380856852004763,0.5039656727395759,0.07655755966987199,1.0070392489193796,,0.3532705090747927,mols/page_0051.png,9
1010,[O][=N+1][Branch1][C][O-1][C][N][N][N][N][C][N][C][N][Branch1][=Branch1][N+1][=Branch1][C][=O][O-1][N+1][=Branch1][C][O-1][N][C][N][N][=N][N][Branch1][=Branch1],NN=NNCN[N+]([O-])N(CNCNNNNC[N+](=O)[O-])[N+](=O)[O-],1.8724242818454757,-0.058140155290209,-0.40719615344904725,0.135743446678843,-1.3140558143562475,,-0.19344227994890162,mols/page_0051.png,10
1011,[O][=N+1][Branch1][C][O-1][C][N][N][N][Branch1][=Branch1][N+1][=Branch1][C][=O][O-1],O=[N+]([O-])CNNN[N+](=O)[O-],1.4596683620478217,1.4947457647994664,1.1981059950950321,1.3348329581674105,-0.20923036045515025,,1.1862230871950739,mols/page_0051.png,11
1012,[O][=N+1][Branch1][C][O-1][C][N][N][N][Branch1][=Branch1][N+1][=Branch1][C][=O][O-1][N+1][=Branch1][C][O-1][C][Branch1][=Branch1][N+1][=O][O-1],O=[N+]C[N+]([O-])N(NNC[N+](=O)[O-])[N+](=O)[O-],1.576601054988479,1.8269330250347642,1.6244261040251098,1.7464098064563538,0.2270073049263115,,1.5841044353401412,mols/page_0051.png,12
1013,[O][=N+1][Branch1][C][O-1][C][N][Branch1][=Branch1][N+1][=Branch1][C][=O][O-1][N+1][=Branch1][C][C@@H1][=O][N+1][=Branch1][C][=N][O-1],[CH][N+](O[N+](=N)[O-])N(C[N+](=O)[O-])[N+](=O)[O-],1.5563039679725397,1.8329241706062045,1.694262471305286,1.6752401352544382,0.47109193644151565,,1.5990019082237996,mols/page_0051.png,13
1014,[N][C][=Ring1][S][N][Branch1][S][Cl][N+1][=Branch1][C][=O][O-1][N+1][=Branch1][C][O-1][C],N#CNCl,1.482440063862291,-1.9208302083563433,-1.7692480734172624,-2.2629800902202195,-1.3027731512876932,,-1.9579889216602586,mols/page_0051.png,14
1015,[O][=N+1][Branch1][C][O-1][C][N][C][Branch1][=Branch1][N+1][=Branch1][C][=O][O-1][C][Branch1][=Branch1],CC(NC[N+](=O)[O-])[N+](=O)[O-],1.9996683620478217,-0.8394520013406854,-1.1194752900379297,-0.6135596536555329,-2.2588594563271487,,-0.9610416299395819,mols/page_0051.png,15
1016,[N][O][=N+1][Branch1][C][O-1][C][N][N][N][Branch1][=Branch1][N+1][=Branch1][C][=O][O-1][N+1][=Branch1][C][=N][O],N=[N+](O)N(NNC[N+]([O-])ON)[N+](=O)[O-],1.5363039679725397,1.2600147867746547,1.0565927715563397,1.1136559705492584,-0.1332407552841841,,1.0112902022740333,mols/page_0051.png,16
1017,[O][=N+1][Branch1][C][O-1][C][N][C][N][Branch1][=Branch1][N+1][=Branch1][C][=O][O-1][C][Branch1][=Branch1][N+1][#C][O-1][C][N][=N][N][N][Branch1][=Branch1],NNN=C([N+]#C[O-])N(CNC[N+](=O)[O-])[N+](=O)[O-],1.6584079534080929,0.6968125357362752,0.5476499756996166,0.8258311057946696,-0.4772909571192903,,0.5937189744649117,mols/page_0051.png,17
1018,[O][=N+1][Branch1][C][O-1][C][N][N][N][N][C][N][N][=N][N][Branch1][=Branch1][N+1][=Branch1][C][=O][O-1][N+1][=Branch1][C][O-1][O-1][N+1][=Branch1][N+1][=Branch1][O-1][=O][O-1][N+1],O=[N+]([O-])CNNNNCNN=NN([N+]([O-])[O-])[N+](=O)[O-],1.701719749037849,0.5712655898682467,0.2851857704638956,0.609619225385671,-0.5798145351611601,,0.399979076721188,mols/page_0051.png,18
1019,[O][=C][Branch2][Ring1][Branch2][N][C][C][C][Branch1][=Branch1][N+1][=Branch1][C][=O][O-1][Branch1][=Branch1][N+1][=Branch1][C][=O][O-1][N+1][=Branch1][C][=O][O-1][N][Branch2][Ring1][#Branch1][C][C][C][Branch1][=Branch1][N+1][=Branch1][C][=O][O-1][Branch1][=Branch1][N+1][=Branch1][C][=O][O-1][N+1][=Branch1][C][=O][O-1][N+1][=Branch1][C][=O][O-1],O=C(NCCC([N+](=O)[O-])([N+](=O)[O-])[N+](=O)[O-])N(CCC([N+](=O)[O-])([N+](=O)[O-])[N+](=O)[O-])[N+](=O)[O-],2.227950530827869,1.0550949823472562,0.9145672008601918,0.9771088054317186,0.11368842000226508,,0.8946279099747759,mols/page_0051.png,19
1020,[O][=N+1][Branch1][C][O-1][C][N][C][N][N][Branch1][=Branch1][N+1][=Branch1][C][=O][O-1][N+1][=Branch1][C][O-1][C][Branch1][=Branch1][N+1][O-1][C][=N][N][Branch1][=Branch1][C][C][N][Branch1][=Branch1][O][N+1][=Branch1][C][Cl][O-1][N+1][=Branch1][N+1][=Branch1][O-1][=O][O-1][N+1][#C][C][O-1][C][=N][O][N+1][=Branch1][Ring1][=O][O-1],O=[N+]([O-])CNCNN([N+]([O-])C([O-])(CCNO[N+]Cl)[N+][O-])[N+](=O)[O-],2.3724242818454764,0.5706182381831081,0.3016249592454391,0.4025104893178418,-0.5038396241465671,,0.3286810326696168,mols/page_0052.png,0
1021,[C][O][=N+1][Branch1][C][O-1][C][N][N][N][N][=N][N][Branch1][=Branch1][N+1][=Branch1][C][=O][O-1][N+1][=Branch1][C][O-1],CO[N+]([O-])CNNNN=NN([N+][O-])[N+](=O)[O-],1.597308431519336,0.1805770635724584,-0.12923216902659326,0.27276168798541855,-1.190008970766735,,0.0029400017539602252,mols/page_0052.png,1
1022,[O][N][/C][=N][N][N][NH1][C][N][=N][N],NN=NCNNNN=CNO,1.498091503851731,-1.8000826210374792,-1.9270273609498796,-1.568298766574712,-2.4982701216026446,,-1.8089240142869891,mols/page_0052.png,2
1023,[N][O][=N+1][Branch1][C][O-1][C][N][C][Branch1][=Branch1][N+1][=Branch1][C][=O][O-1][N][N][N][Branch1][=Branch1][N+1][N][C][O-1][C][Branch1][=Branch1][N][N+1][=Branch1][C][C][O-1][C][C][Branch1][=Branch1],C[N+]([O-])NN([N+]NC[O-])NNC(NC[N+]([O-])ON)[N+](=O)[O-],2.2864233350354186,0.2660086311073,-0.0760458066900058,0.35214653386799205,-1.3046821671031779,,0.05788110294120258,mols/page_0052.png,3
1024,[O][=N+1][Branch1][C][O-1][C][N][C][Branch1][=Branch1][N+1][=Branch1][C][=O][O-1][N+1][=Branch1][C][=C][N][N][N][=C][Branch1][=Branch1][N+1][N+1][=Branch1][C][O-1][O-1][N+1][=Branch1][N][=O][O-1],C=[N+](NNN=C([O-])[N+][N+][O-])C(NC[N+](=O)[O-])[N+](=O)[O-],2.2017197490378493,0.6096070360351195,0.4211839154361145,0.5145455721275646,-0.45917551133719847,,0.41759841558511446,mols/page_0052.png,4
1025,[C][C][Branch2][Ring1][=Branch2][C][O][C][=Branch1][C][=O][O][C][C][Branch1][C][C][Branch1][=Branch1][N+1][=Branch1][C][=O][O-1][N+1][=Branch1][C][=O][O-1][Branch1][=Branch1][N+1][=Branch1][C][=O][O-1][N+1][=Branch1][C][=O][O-1],CC(COC(=O)OCC(C)([N+](=O)[O-])[N+](=O)[O-])([N+](=O)[O-])[N+](=O)[O-],1.8292669435287097,-1.041543570250488,-1.09906509136768,-1.100782292524341,-1.4265310098018662,,-1.1181181833944651,mols/page_0052.png,5
1026,[N][C][N][N][N][Branch1][=Branch1][N+1][=Branch1][C][=O][O-1][N],NCNNN(N)[N+](=O)[O-],1.461790468830701,-0.6213235514251378,-0.8867300947004637,-0.4642356663880309,-1.7842394299858606,,-0.7411316210851988,mols/page_0052.png,6
1027,[O][=N+1][Branch1][C][O-1][O][C][C][N][C][=C][Branch1][=Branch1][N+1][=Branch1][C][=O][O-1][C][Branch1][#Branch2][N][C][C][O][N+1][=Branch1][C][=O][O-1][=C][Branch1][=Branch1][N+1][=Branch1][C][=O][O-1][C][Branch1][#Branch2][N][C][C][O][N+1][=Branch1][C][=O][O-1][=C][Ring2][Ring1][#Branch2][N+1][=Branch1][C][=O][O-1],O=[N+]([O-])OCCNc1c([N+](=O)[O-])c(NCCO[N+](=O)[O-])c([N+](=O)[O-])c(NCCO[N+](=O)[O-])c1[N+](=O)[O-],2.2983993249990475,-0.47376979074630604,-0.552049535482447,-0.3159402551720644,-0.7136036044261034,,-0.45419129406862435,mols/page_0052.png,7
1028,[N][=C][Branch1][=Branch1][N+1][=Branch1][C][=O][O-1][N+1][=Branch1][C][C][O-1][N+1][=Branch1][N+1][=Branch1][=O][O-1][N+1][=C],C[N+]([O-])C(=N)[N+](=O)[O-],1.4844996950521225,-0.022958476693272365,-0.3097118853534966,0.10977649123587643,-1.5455365332423405,,-0.19381064734157574,mols/page_0052.png,8
1029,[C][C][Branch1][C][C][N][C][=Branch1][C][=O][C][Branch1][=Branch1][N+1][=Branch1][C][=O][O-1][Branch1][=Branch1][N+1][=Branch1][C][=O][O-1][N+1][=Branch1][C][=O][O-1],CC(C)NC(=O)C([N+](=O)[O-])([N+](=O)[O-])[N+](=O)[O-],1.657308431519336,-0.7680461251101873,-0.9389131637567724,-0.6710063202099266,-1.5856221918284268,,-0.8537045694835532,mols/page_0052.png,9
1030,[O][=N+1][Branch1][C][O-1][C][N][N][C][Branch1][=Branch1][N+1][=Branch1][C][=O][O-1][C][=Branch1][C],CC(NNC[N+](=O)[O-])[N+](=O)[O-],2.018091503851731,-0.9314144360582418,-1.170981192028275,-0.6270529414922418,-2.2657681588486143,,-1.0029968995033873,mols/page_0052.png,10
1031,[O][=N+1][Branch1][C][O-1][C][C][N][N][=N][N][Branch1][=Branch1][N+1][=Branch1][C][=O][O-1][N+1][=Branch1][C][O-1][=Branch1][N+1][=Branch1][N+1][=O][O-1][N+1][Branch1][C][O-1],O=[N+]([O-])CCNN=NN([N+]([O-])[N+](=O)[O-])[N+](=O)[O-],1.6184079534080928,1.154634731389038,0.9529842939533757,1.1190581218273274,0.0497590436746018,,0.9795039094339946,mols/page_0052.png,11
1032,[O][=C][Branch2][Ring1][#Branch1][C][C][C][Branch1][=Branch1][N+1][=Branch1][C][=O][O-1][Branch1][=Branch1][N+1][=Branch1][C][=O][O-1][N+1][=Branch1][C][=O][O-1][N][C][N][C][=Branch1][C][=O][C][C][C][Branch1][=Branch1][N+1][=Branch1][C][=O][O-1][Branch1][=Branch1][N+1][=Branch1][C][=O][O-1][N+1][=Branch1][C][=O][O-1],O=C(CCC([N+](=O)[O-])([N+](=O)[O-])[N+](=O)[O-])NCNC(=O)CCC([N+](=O)[O-])([N+](=O)[O-])[N+](=O)[O-],2.227950530827869,-0.3235826285522018,-0.4022493202648137,-0.37059360113025497,-0.6461611002122145,,-0.3943115376775773,mols/page_0052.png,12
1033,[NH1][=Branch2][\N+1][S][C][Branch2][Cl][/C][=N+1][/N+1][/N+1][P][#C][P][N][/N][#N][/N+1][O][/N][Cl][=Branch1],[N+]C([N+][N+][PH]#CPN/N=N/[N+]O)NNCl,3.076601054988479,-0.07135430012519793,-0.19289417810626358,-0.2935807044618668,-0.3466574579354914,,-0.21816014713616125,mols/page_0052.png,13
1034,[O][=N+1][Branch1][C][O-1][C][N][N][N][N][Branch1][=Branch1][N+1][=Branch1][C][=O][O-1][N+1][=Branch1][C][O-1][N][N][N][C][N][Branch1][=Branch1][=Branch1][N+1][=Branch1][N+1][=Branch1][O-1][=O][O-1][N+1][=Ring2][C][O-1][C][C][Branch1][=Branch1][N+1][=C][C][Branch1][=Branch1][=Branch1][=Branch1][N+1],O=[N+]([O-])CNNNN([N+]([O-])NNNCN([O-])[N+]O)[N+](=O)[O-],1.786423335035418,1.4396533081586558,1.2196903759041882,1.3800759751212393,-0.1101660317261377,,1.205849707891593,mols/page_0052.png,14
1035,[O][=N+1][Branch1][C][O-1][C][N][Branch1][C][C][N][=N][N][N][Branch1][Branch1][N][N+1][=Branch1][C][=O][O-1][N+1][=Branch1][C][C][=O][O-1],CN(C[N+](=O)[O-])N=NNN([O-])N[N+]=O,1.5563039679725397,0.4847137268200463,0.1937324416949746,0.5468407107487202,-1.0805485264036843,,0.2802929737878749,mols/page_0052.png,15
1036,[N][C][=C][Branch1][=Branch1][N+1][=Branch1][C][=O][O-1][C][Branch1][=Branch1][N+1][=Branch1][C][=O][O-1][=C][Branch2][Ring2][=Branch1][C][=C][Branch1][=Branch1][N+1][=Branch1][C][=O][O-1][C][Branch1][=Branch1][N+1][=Branch1][C][=O][O-1][=C][Branch1][C][N][C][Branch1][=Branch1][N+1][=Branch1][C][=O][O-1][=C][Ring1][S][N+1][=Branch1][C][=O][O-1][C][Branch1][=Branch1][N+1][=Branch1][C][=O][O-1][=C][Ring2][Ring2][C][N+1][=Branch1][C][=O][O-1],Nc1c([N+](=O)[O-])c([N+](=O)[O-])c(-c2c([N+](=O)[O-])c([N+](=O)[O-])c(N)c([N+](=O)[O-])c2[N+](=O)[O-])c([N+](=O)[O-])c1[N+](=O)[O-],2.232166943381353,0.8675405439978956,1.0734976724049468,0.9042155864621232,1.5614056864110482,,1.0030863573266646,mols/page_0052.png,16
1037,[C][C][Branch2][Ring1][=Branch2][C][O][C][=Branch1][C][=O][O][C][C][Branch1][C][C][Branch1][=Branch1][N+1][=Branch1][C][=O][O-1][N+1][=Branch1][C][=O][O-1][Branch1][=Branch1][N+1][=Branch1][C][=O][O-1][N+1][=Branch1][C][=O][O-1],CC(COC(=O)OCC(C)([N+](=O)[O-])[N+](=O)[O-])([N+](=O)[O-])[N+](=O)[O-],1.8292669435287097,-1.041543570250488,-1.09906509136768,-1.100782292524341,-1.4265310098018662,,-1.1181181833944651,mols/page_0052.png,17
1038,[O][=N+1][Branch1][C][O-1][C][N][N][N][C][N][N][Branch1][=Branch1][N+1][=Branch1][C][=O][O-1][N+1][=Branch1][C][O-1][N][N+1][=Branch1][C],[N+]N[N+]([O-])N(NCNNNC[N+](=O)[O-])[N+](=O)[O-],1.6184079534080928,0.7345553387185902,0.4422974734833695,0.8218878577712382,-0.7055744724811814,,0.552410898910867,mols/page_0052.png,18
1039,[O][=N+1][Branch1][C][O-1][C][N][N][N][N][Branch1][=Branch1][N+1][=Branch1][C][=O][O-1][N+1][=Branch1][C][N+1][=Branch1][C][O-1][C][N+1][=Branch1][N][C][O-1][C][Branch1][=Branch1][N+1][N+1][C][O-1][C][O-1][C][=N][N][N+1][=Branch1][C][=N][O-1][N+1][=Branch1],[N+][N+](C[O-])N(NNNC[N+](=O)[O-])[N+](=O)[O-],1.576601054988479,1.3736014388871618,1.2149157092522915,1.3055245858778797,0.06544505560299145,,1.1758836269463142,mols/page_0052.png,19
1040,[O][=N+1][Branch1][C][O-1][C][N][N][N][N][=N][N][N][Branch1][=Branch1][N+1][=Branch1][C][=O][O-1][C][N][Branch1][=Branch1][N][N][=N][O][N+1][=Branch1][C][O-1][N][=N][C][=N][N][=N][C][Branch1][=Branch1][N+1][N][C][N][C][N][N],[N+]ON=NNN(C[O-])CN(NN=NNNNC[N+](=O)[O-])[N+](=O)[O-],1.8724242818454757,0.8369846017141822,0.5925129326565464,0.794416772177158,-0.35257308038873497,,0.6398837844246719,mols/page_0053.png,0
1041,[O][=N+1][Branch1][C][O-1][C][N][C][Branch1][=Branch1][N+1][=Branch1][C][=O][O-1][N+1][=Branch1][C][C][O-1][N+1][=Branch1][=O][O-1][N+1][Branch1][C][O-1],C[N+]([O-])C(NC[N+](=O)[O-])[N+](=O)[O-],2.0370246155449356,0.5600217824438495,0.22021861769010903,0.6885361296165882,-1.1857378693142586,,0.35190076494869904,mols/page_0053.png,1
1042,[O][=N+1][Branch1][C][O-1][C][N][C][Branch1][=Branch1][N+1][=Branch1][C][=O][O-1][N+1][=Branch1][C][O-1][C][N+1][=Branch1][C][=N][O-1][N+1][=Branch1][N+1][=Branch1],N=[N+]([O-])C[N+]([O-])C(NC[N+](=O)[O-])[N+](=O)[O-],2.0966010549884793,1.670228351214556,1.4901790108715756,1.5498192344610182,0.2085881799125069,,1.430888352297191,mols/page_0053.png,2
1043,[O][=N+1][Branch1][C][O-1][C][=N][C][Branch1][=Branch1][N+1][=Branch1][C][=O][O-1][=C][Branch1][=Branch1][N+1][=Branch1][C][=O][O-1][NH1][Ring1][O],O=[N+]([O-])c1nc([N+](=O)[O-])c([N+](=O)[O-])[nH]1,1.4163039679725398,1.4827289063335929,1.6851354091624378,1.3450224436061093,1.6240346298996833,,1.49237851930642,mols/page_0053.png,3
1044,[/C][O][=N+1][=N+1][Branch1][C][O-1][C][C][N][C][Branch1][=Branch1][N+1][=Branch1][C][=O][O-1][N+1][=Branch1][C][O-1],CO[N+]=[N+]([O-])CCNC([N+][O-])[N+](=O)[O-],2.0963039679725397,-0.048935034301412016,-0.40737981904476844,0.0662413493628299,-1.635699876748288,,-0.25115216126624196,mols/page_0053.png,4
1045,[O][=N+1][Branch1][C][O-1][C][N][N][N][Branch1][=Branch1][N+1][=Branch1][C][=O][O-1][N+1][=Branch1][C][=N][N][C][Branch1][=Branch1][N+1][O][C][=O][N][C][N][N][Branch1][C][N+1][=Branch1][C][Cl][O-1][N+1][=Branch1][N+1][=Branch1][=O][O-1][C][=N][O][N+1][Branch1][C][O-1],[N+]N(CCl)NCC([N+]OC=O)N[N+](=N)N(NNC[N+](=O)[O-])[N+](=O)[O-],2.4158857329053585,-0.244388891575613,-0.39305070839424106,-0.4079044473496907,-0.8182798763766468,,-0.40434966657000454,mols/page_0053.png,5
1046,[O][=N+1][Branch1][C][O-1][C][N][C][N][N][N][Branch1][=Branch1][N+1][=Branch1][C][=O][O-1][N+1][=Branch1][C][N][O-1][=Branch1][N+1][=Branch1],N[N+]([O-])N(NNCNC[N+](=O)[O-])[N+](=O)[O-],1.576601054988479,0.8504564302296631,0.5099036613038493,0.9875548751444835,-0.8692661499655842,,0.6481853579446131,mols/page_0053.png,6
1047,[O][=N+1][Branch1][C][O-1][C][N][N][N][N][Branch1][=Branch1][N+1][=Branch1][C][=O][O-1][N+1][=Branch1][C][O-1][N+1][=Branch1][O-1][C][O-1][N][N][Branch1][N+1][=Branch1][C][N][O-1][N+1][=Branch1][N+1][=Branch1][N][=O][O-1][N+1][Ring2][C][=O][O-1],C[N+]([O-])[N+]([O-])N(NNNC[N+](=O)[O-])[N+](=O)[O-],1.597308431519336,1.2511482684269921,0.9346330664657676,1.2310672327559058,-0.5433558841731918,,0.9845366384082329,mols/page_0053.png,7
1048,[=N+1][Branch1][C][O-1][C][N][N][=N][N][Branch1][=Branch1][N+1][=Branch1][C][=O][O-1][N+1][=Branch1][C][O-1][C],C[N+]([O-])N(N=NNC[N+][O-])[N+](=O)[O-],1.536437499842364,1.0914912309748048,0.7313315423421883,1.1198807139939233,-0.8241942743168593,,0.8212385514951316,mols/page_0053.png,8
1049,[O][=N+1][Branch1][C][O-1][C][=C][C][Branch1][=Branch1][N+1][=Branch1][C][=O][O-1][=C][Branch1][=Branch2][N][C][=N][N][=N][NH1][Ring1][Branch1][C][Branch1][=Branch1][N+1][=Branch1][C][=O][O-1][=C][Ring2][Ring1][C],O=[N+]([O-])c1cc([N+](=O)[O-])c(Nc2nnn[nH]2)c([N+](=O)[O-])c1,1.486423335035418,-0.3483485442346151,-0.2514799895386271,-0.35820187928691893,0.47453404257193743,,-0.2457844809008844,mols/page_0053.png,9
1050,[Branch1][O][=N+1][Branch1][C][O-1][C][N][C][N][Branch1][=Branch1][N+1][=Branch1][C][=O][O-1][N+1][=Branch1][C][C][O-1][C][Branch1][=Branch1][N+1][C][O-1][C][=C][Branch1][=Branch1][N+1][N][C][N][O-1][N][N][=C][Branch1][=Branch1][C][N+1][=Branch1][C][O-1][C][N+1][=Branch1][N+1][=Branch1][O-1][=O][O-1][N+1][N][C][O-1][N][=C][Branch1][#C][N+1][=Branch1][C][N+1][N][C][=O][O-1],C[N+]([O-])N(CNC[N+](=O)[O-])[N+](=O)[O-],1.556437499842364,0.4208490263488263,-0.004713922333017982,0.596874196400558,-1.5905471832395104,,0.18372873624022426,mols/page_0053.png,10
1051,[C][Branch1][=Branch1][N+1][=Branch1][C][=O][O-1][N+1][=Branch1][C][O-1][C][Branch1][=Branch1][O][N+1][=Branch1][C][C][O-1][N][=N][N][=C][Branch1][=Branch1][N+1],C[N+]OC([O-])[N+]([O-])C[N+](=O)[O-],2.018091503851731,0.4199439909831957,0.04515623789091289,0.4210553080371681,-1.3101055353179194,,0.15368662690160248,mols/page_0053.png,11
1052,[O][=N+1][Branch1][C][O-1][C][N][N][Branch1][=Branch1][N+1][=Branch1][C][=O][O-1][N+1][=Branch1][C][O-1][C][C][N][N][N][N][Branch1][C][O][N+1][=Branch1][C][=N][O-1][Branch1][=Branch1][N+1][N][C][O-1][N][N+1][=Branch1][C][=C][N][Branch1][=Branch1][C][=N][O][N+1][=Branch1][N+1][=Branch1][=O][O-1][N+1],N=[N+]([O-])N(O)NNNCC[N+]([O-])N(NC[N+](=O)[O-])[N+](=O)[O-],1.786423335035418,0.6420594673575761,0.33633679858146476,0.630123129967195,-0.7377277356518025,,0.42287554490645796,mols/page_0053.png,12
1053,[C][C][N][Branch1][=Branch1][N+1][=Branch1][C][=O][O-1][C][=Branch1][C][=O][N][Branch1][=Branch1][N+1][=Branch1][C][=O][O-1][C][Ring1][N][Branch1][C][C][N][Branch1][=Branch1][N+1][=Branch1][C][=O][O-1][C][=Branch1][C][=O][N][Ring2][Ring1][Ring2][N+1][=Branch1][C][=O][O-1],CC12N([N+](=O)[O-])C(=O)N([N+](=O)[O-])C1(C)N([N+](=O)[O-])C(=O)N2[N+](=O)[O-],1.7958857329053581,0.9018109022613847,0.926070097265604,0.8588319631172705,0.6509386143452193,,0.8655968965631773,mols/page_0053.png,13
1054,[O][=N+1][Branch1][C][O-1][C][N][N][N][Branch1][=Branch1][N+1][=Branch1][C][=O][O-1][N][N+1][=Branch1][C][O-1][N+1][=Branch1][C][C][O-1][C][N+1][=Branch1][C][Branch1][=Branch1][N+1],C[N+]([O-])[N+]([O-])NN(NNC[N+](=O)[O-])[N+](=O)[O-],1.597308431519336,1.2840406474966304,0.9372982938235028,1.3620514896069125,-0.6474933703900513,,1.0354059941337932,mols/page_0053.png,14
1055,[O][=N+1][Branch1][C][O-1][C][N][N][N][N][Branch1][=Branch1][N+1][=Branch1][C][=O][O-1][N+1][=Branch1][C][O-1][N][C][Branch1][=Branch1][N+1][=C][C][Branch1][=Branch1][Cl][N+1][=Branch1][C][N][O-1][C][N][C][Branch1],O=[N+]([O-])CNNNN([N+]([O-])NC([O-])[N+]=CCCl)[N+](=O)[O-],2.2439038473124215,0.316694539687501,0.12453874429060895,0.15832241500560673,-0.44631322645852517,,0.12900596435091766,mols/page_0053.png,15
1056,[O][=N+1][Branch1][C][O-1][C][N][N][N][N][Branch1][=Branch1][N+1][=Branch1][C][=O][O-1][N+1][=Branch1][C][O-1][C][=N][N][Branch1][=Branch1],NN=C[N+]([O-])N(NNNC[N+](=O)[O-])[N+](=O)[O-],1.597308431519336,1.624968726723253,1.4067111427861851,1.5358839768537975,-0.05635480657445285,,1.3666380774614333,mols/page_0053.png,16
1057,[O][=N+1][Branch1][C][O-1][C][N][N][N][Branch1][=Branch1][N+1][=Branch1][C][=O][O-1][N+1][=Branch1][C],[N+]N(NNC[N+](=O)[O-])[N+](=O)[O-],1.478091503851731,1.6067957422807464,1.4461350427623485,1.5835365574703657,0.13403492852702092,,1.410050812101622,mols/page_0053.png,17
1058,[O][=N+1][Branch1][C][O-1][C][N][N][N][=N][N][Branch1][=Branch1][N+1][=Branch1][C][=O][O-1],O=[N+]([O-])CNNN=NN[N+](=O)[O-],1.4970246155449356,1.302091075066708,1.0542501568102192,1.1177487807847981,0.056373863068603425,,1.0418222065900113,mols/page_0053.png,18
1059,[O][=N+1][Branch1][C][O-1][C][N][N][N][N][Branch1][=Branch1][N+1][=Branch1][C][=O][O-1][N+1][=Branch1][C][O-1][C][C][N][Branch1][=Branch1],NCC[N+]([O-])N(NNNC[N+](=O)[O-])[N+](=O)[O-],1.617308431519336,0.48386211368085913,0.1260004030141224,0.5721140378487053,-1.116387573797916,,0.2696724869334359,mols/page_0053.png,19
1060,[O][=N+1][Branch1][C][O-1][C][N][N][N][Branch1][=Branch1][N+1][=Branch1][C][=O][O-1][N+1][=Branch1][C][Branch1][=Branch1][N+1][N+1][=Branch1][C][O-1][C][O-1][N+1][=Branch1][N+1][=Branch1][O-1][=O][O-1][N+1][=O][O-1][N+1][Branch1][=Branch1],O=[N+]([O-])CNNN([N+](C[O-])[N+][N+][O-])[N+](=O)[O-],1.597308431519336,1.489383116009714,1.3909101520224694,1.3311113667158163,0.30851089227632045,,1.2833689529220045,mols/page_0054.png,0
1061,[O][=N+1][=N+1][Branch1][C][O-1][C][C][N][Branch1][=Branch1][N+1][=Branch1][C][=O][O-1][N+1][=Branch1][C][O-1],O=[N+]=[N+]([O-])CCN([N+][O-])[N+](=O)[O-],1.5170246155449356,1.5969959062122772,1.3644201430062068,1.5833932643330164,-0.16029269716724298,,1.3576820483211034,mols/page_0054.png,1
1062,[O][=N+1][Branch1][C][O-1][C][C][C][N][Branch1][=Branch1][N+1][=Branch1][C][=O][O-1][N+1][=Branch1][C][O-1][N+1][=Branch1][O-1][C][O-1][N+1][Branch1][C][O-1][N][N][C][=N][O][N+1][Branch1][C],C[N+]([O-])[N+]([O-])N(CCC[N+](=O)[O-])[N+](=O)[O-],1.616601054988479,0.2942917719042344,-0.12410869745204,0.5263341194208709,-1.6892980366325614,,0.08414961271814081,mols/page_0054.png,2
1063,[O][=N+1][Branch1][C][O-1][C][C][N][N][Branch1][=Branch1][N+1][=Branch1][C][=O][O-1][N+1][=Branch1][C][N][O-1][Branch1][=Branch1][N+1][N][C][O],N[N+]([O-])N(NCC[N+](=O)[O-])[N+](=O)[O-],1.536437499842364,1.1135169006890586,0.790961213195103,1.2625164940756461,-0.6479586853418692,,0.916330257567112,mols/page_0054.png,3
1064,[O][=N+1][Branch1][C][O-1][C][N][N][C][N][Branch1][=Branch1][N+1][=Branch1][C][=O][O-1][N+1][=Branch1][C][=N][O-1][N+1][=Branch1][N][=O][O-1][N+1],N=[N+]([O-])N(CNNC[N+](=O)[O-])[N+](=O)[O-],1.5563039679725397,1.2149955623023476,0.9668464148631302,1.0705336920281996,-0.12890108110196608,,0.9607838629924527,mols/page_0054.png,4
1065,[O][=N+1][Branch1][C][O-1][C][C][Branch1][=Branch1][N+1][=Branch1][C][=O][O-1][N+1][=Branch1][C][O-1][C][N][N][Branch1][=Branch1][N+1][Branch1][C][O-1][O][N+1][=Branch1][C][=C][Branch1][=Branch1][N+1][N][C][O-1][C][Branch1][=Branch1],C=[N+]([N+]NC[O-])N(NC[N+]([O-])C(C[N+](=O)[O-])[N+](=O)[O-])[N+]([O-])O,2.3292669435287103,1.0294617411061135,0.7686626127824121,0.995552423372792,-0.4478401942083068,,0.8029680384004176,mols/page_0054.png,5
1066,[C][C][=Branch1][C][=O][O][N][Branch2][Ring2][=C][C@@H1][Branch2][Ring1][=Branch1][C][C][Branch1][=Branch1][N+1][=Branch1][C][=O][O-1][Branch1][=Branch1][N+1][=Branch1][C][=O][O-1][N+1][=Branch1][C][=O][O-1][C][Branch1][=Branch1][N+1][=Branch1][C][=O][O-1][Branch1][=Branch1][N+1][=Branch1][C][=O][O-1][N+1][=Branch1][C][=O][O-1][N+1][=Branch1][C][=O][O-1],CC(=O)ON([C@@H](CC([N+](=O)[O-])([N+](=O)[O-])[N+](=O)[O-])C([N+](=O)[O-])([N+](=O)[O-])[N+](=O)[O-])[N+](=O)[O-],2.6825801340811584,1.4184462555025505,1.3525748300466849,1.2555564777199575,0.6428421341835868,,1.2592620758936506,mols/page_0054.png,6
1067,[O][=N+1][Branch1][C][O-1][C][N][N][=N][N][C][Branch1][=Branch1][N+1][=Branch1][C][=O][O-1][N+1][=Branch1][C][=N][O][N+1][=Branch1][C][O-1][C][N+1][=Branch1][C][O][C][=O][N][N+1][=Branch1][C][=C][Ring1][=Branch1][N+1][=Branch1][O-1],N=[N+](O[N+]([O-])C[N+](O)C=O)C(NN=NNC[N+](=O)[O-])[N+](=O)[O-],2.3292669435287103,1.0683908317638646,0.8963756825862543,0.7642186390628988,-0.022010889591194106,,0.7946779952535699,mols/page_0054.png,7
1068,[O][=C][Branch2][Ring1][=N][C][C][C][=Branch1][C][=O][O][C][C][Branch1][=Branch1][N+1][=Branch1][C][=O][O-1][Branch1][=Branch1][N+1][=Branch1][C][=O][O-1][N+1][=Branch1][C][=O][O-1][O][C][C][Branch1][=Branch1][N+1][=Branch1][C][=O][O-1][Branch1][=Branch1][N+1][=Branch1][C][=O][O-1][N+1][=Branch1][C][=O][O-1],O=C(CCC(=O)OCC([N+](=O)[O-])([N+](=O)[O-])[N+](=O)[O-])OCC([N+](=O)[O-])([N+](=O)[O-])[N+](=O)[O-],2.1825801340811584,0.3055088682154099,0.229066508127461,-0.0023785995763764807,0.030714192501905144,,0.13576382350535765,mols/page_0054.png,8
1069,[O][=N+1][Branch1][C][O-1][C][C][N][Branch1][=Branch1][N+1][=Branch1][C][=O][O-1][N+1][=Branch1][C][O-1][C][N+1][=Branch1][C],[N+]C[N+]([O-])N(CC[N+](=O)[O-])[N+](=O)[O-],1.556437499842364,1.3848829561184604,1.0970458377053964,1.4528066459381541,-0.3231027252692538,,1.1692945843043006,mols/page_0054.png,9
1070,[O][=N+1][Branch1][C][O-1][C][N][N][N][N][Branch1][N][C][=N][N][C][Branch1][=Branch1][N+1][=Branch1][C][=O][O-1][N+1][=Branch1][C],[N+]N(C=NNC[N+](=O)[O-])NNNC[N+](=O)[O-],1.617308431519336,0.5254041797084777,0.2875692707687158,0.5492574390683272,-0.7173812271270466,,0.3512082155339247,mols/page_0054.png,10
1071,[#Branch1][O][=N+1][Branch1][C][O-1][C][N][N][Branch1][=Branch1][N+1][=Branch1][C][=O][O-1][N+1][=Branch1][C][O-1][C][C][N][Branch1][=Branch1][N][=Branch1][N+1][=Branch1][O-1][C][=O][O-1][C][Branch1][=Branch1][N+1][N+1][=Branch1][C][C][O-1][C][Branch1][N+1][=Branch1][C][N+1][=Branch1][C],O=CN(CC[N+]([O-])N(NC[N+](=O)[O-])[N+](=O)[O-])N[O-],1.6798833105991515,0.33639791379341794,0.04853249066790964,0.2809056638884559,-1.0410126741685621,,0.10449359925385804,mols/page_0054.png,11
1072,[O][=C][Branch2][Ring1][S][C][N][Branch2][Ring1][=Branch1][C][C][Branch1][=Branch1][N+1][=Branch1][C][=O][O-1][Branch1][=Branch1][N+1][=Branch1][C][=O][O-1][N+1][=Branch1][C][=O][O-1][N+1][=Branch1][C][=O][O-1][N][Branch2][Ring2][=C][C][N][Branch2][Ring2][Ring2][C][=Branch1][C][=O][C][N][Branch2][Ring1][=Branch1][C][C][Branch1][=Branch1][N+1][=Branch1][C][=O][O-1][Branch1][=Branch1][N+1][=Branch1][C][=O][O-1][N+1][=Branch1][C][=O][O-1][N+1][=Branch1][C][=O][O-1][N+1][=Branch1][C][=O][O-1][N+1][=Branch1][C][=O][O-1],O=C(CN(CC([N+](=O)[O-])([N+](=O)[O-])[N+](=O)[O-])[N+](=O)[O-])N(CN(C(=O)CN(CC([N+](=O)[O-])([N+](=O)[O-])[N+](=O)[O-])[N+](=O)[O-])[N+](=O)[O-])[N+](=O)[O-],2.8869026336239,1.4312660186070303,1.3260030499130229,1.24565492192912,0.5695280899855739,,1.2445320449002186,mols/page_0054.png,12
1073,[O][=N+1][Branch1][C][O-1][C][N][N][Branch1][=Branch1][N+1][=Branch1][C][=O][O-1][N+1][=Branch1][C][N][O-1][N][N+1][=Branch1][C][O-1][N+1][=Branch1][=O][O-1][N+1],N[N+]([O-])N(NC[N+](=O)[O-])[N+](=O)[O-],1.4970246155449356,1.7496043522578342,1.6236748318840033,1.8134414405262538,0.24633501860919224,,1.59332987410688,mols/page_0054.png,13
1074,[O][=N+1][Branch1][C][O-1][C][C][N][Branch1][=Branch1][N+1][=Branch1][C][=O][O-1][N+1][=Branch1][C][Branch1][=Branch1][N+1][=N+1][C][O-1][C][N][Branch1][N+1][=Branch1][C][O-1][N+1][=Branch1][N][=Branch1][N+1][=Branch1][=O][O-1][N+1][Ring1][C][O-1][C][N+1][=Branch1][C][F][O-1][N+1][=Branch1][=O][=O][O-1],O=[N+]([O-])CCN([N+]([N+]=[N+]C[O-])NC[O-])[N+](=O)[O-],1.6584079534080929,1.013062688829921,0.755370973183889,0.9469751542292666,-0.3743669633162509,,0.783461780863534,mols/page_0054.png,14
1075,[O][=N+1][Branch1][C][O-1][C][N][N][N][C][=N][N][Branch1][=Branch1][N+1][=Branch1][C][=O][O-1][N+1][=Branch1][C][O-1][C][O-1][N][=N][N][Branch1],O=[N+]([O-])CNNNC=NN([N+]([O-])C[O-])[N+](=O)[O-],1.6384079534080929,0.9175437479489881,0.6390189780037195,0.8699747957103965,-0.3862667809524797,,0.6985039216770875,mols/page_0054.png,15
1076,[O][=C][Branch2][Ring1][#Branch1][N][C][C][Branch1][=Branch1][N+1][=Branch1][C][=O][O-1][Branch1][=Branch1][N+1][=Branch1][C][=O][O-1][N+1][=Branch1][C][=O][O-1][N][C][=Branch1][C][=O][N][C][C][Branch1][=Branch1][N+1][=Branch1][C][=O][O-1][Branch1][=Branch1][N+1][=Branch1][C][=O][O-1][N+1][=Branch1][C][=O][O-1],O=C(NCC([N+](=O)[O-])([N+](=O)[O-])[N+](=O)[O-])NC(=O)NCC([N+](=O)[O-])([N+](=O)[O-])[N+](=O)[O-],2.137462216552583,1.139777067469935,1.116343821411644,0.8000920759982992,0.6697324403465404,,0.9510402966543685,mols/page_0054.png,16
1077,[O][=N+1][Branch1][C][O-1][C][N][N][C][Branch1][=Branch1][N+1][=Branch1][C][=O][O-1][N+1][=Branch1][C][O-1],O=[N+]([O-])CNNC([N+][O-])[N+](=O)[O-],2.0170246155449356,1.6472190840369605,1.4562005562447253,1.508041672475772,0.19702142982073728,,1.3987737220428038,mols/page_0054.png,17
1078,[=N+1][#Branch1][Branch1][C][O-1][N][N][C][=N][N][Branch1][=Branch1][N+1][=Branch1][C][=O][O-1][N+1][=Branch1][C][O-1][N+1][=Branch1][NH1][=O][O-1],O=[N+]([O-])N(N=C[N+]C[O-])[N+]([O-])[N+](=O)[O-],1.5563039679725397,1.262976577858359,1.082970345286178,1.2115099584629956,0.15082790023552486,,1.086173504194885,mols/page_0054.png,18
1079,[O][=N+1][Branch1][C][O-1][C][N][N][N][N][Branch1][=Branch1][N+1][=Branch1][C][=O][O-1][N+1][=Branch1][C][Branch1][=Branch1][N+1],[N+][N+]N(NNNC[N+](=O)[O-])[N+](=O)[O-],1.516437499842364,1.5895372206555956,1.43691790462299,1.4571363376413744,0.21910674684965498,,1.3613789910611618,mols/page_0054.png,19
1080,[O][=N+1][Branch1][C][O-1][C][N][N][N][N][Branch1][=Branch1][N+1][=Branch1][C][=O][O-1][C][Branch1][=Branch1][N+1][Branch1][C][O-1],O=[N+]([O-])CNNNN(C[N+][O-])[N+](=O)[O-],1.5563039679725397,1.39078454089851,1.1354750686988193,1.3093366311224257,-0.17866161714677248,,1.1374333931336256,mols/page_0055.png,0
1081,[O][=N+1][Branch1][C][O-1][C][C][N][N][Branch1][=Branch1][N+1][=Branch1][C][=O][O-1][N+1][=Branch1][C][O-1][C][N+1][=Branch1][C][Branch1][=Branch1][N+1][#Branch1][C][O-1][C][N][C][Branch1][=Branch1][N][N][=N][O][N+1][=Branch1][C],C[N+]([O-])[N+](C[N+]([O-])N(NCC[N+](=O)[O-])[N+](=O)[O-])NCNN=NO[N+],1.9158857329053582,0.5234794083145584,0.11763738974947444,0.6746599804285242,-1.2272709023031048,,0.3074161014571074,mols/page_0055.png,1
1082,[O][=N+1][Branch1][C][O-1][C][C][N][N][Branch1][=Branch1][N+1][=Branch1][C][=O][O-1],O=[N+]([O-])CCNN[N+](=O)[O-],1.4796683620478217,0.4124790204586972,0.03867523800015942,0.4328004195982154,-1.198039327224688,,0.16610479973153153,mols/page_0055.png,2
1083,[C][C][Branch2][Ring2][=Branch1][C][N][Branch2][Ring1][N][C][C][=Branch1][C][=O][O][C][C][Branch1][=Branch1][N+1][=Branch1][C][=O][O-1][Branch1][=Branch1][N+1][=Branch1][C][=O][O-1][N+1][=Branch1][C][=O][O-1][N+1][=Branch1][C][=O][O-1][Branch1][=Branch1][N+1][=Branch1][C][=O][O-1][N+1][=Branch1][C][=O][O-1],CC(CN(CC(=O)OCC([N+](=O)[O-])([N+](=O)[O-])[N+](=O)[O-])[N+](=O)[O-])([N+](=O)[O-])[N+](=O)[O-],2.0926028435074597,0.5173908457419565,0.3771035336261707,0.3689315337442472,-0.24498981450236046,,0.3466972268894946,mols/page_0055.png,3
1084,[#N][O][#N+1][=N+1][Branch1][O-1][C][C][C][N][Branch1][=Branch1][N+1][=Branch1][C][=O][O-1][N+1][=Branch1][C][C][=O][O-1][N][Branch1],C[N+](O[O-])N(CC[N+](C)=[N+]ON)[N+](=O)[O-],1.616601054988479,-1.0586001872845217,-1.4391415860787722,-0.692201614179161,-2.848478399471152,,-1.186163928959603,mols/page_0055.png,4
1085,[O][=N+1][Branch1][C][O-1][C][C][N][N][Branch1][=Branch1][N+1][=Branch1][C][=O][O-1][N+1][=Branch1][C][O-1],O=[N+]([O-])CCNN([N+][O-])[N+](=O)[O-],1.5170246155449356,1.159295035025254,0.8697355469091415,1.1530414327228795,-0.5550095746901695,,0.9129732611037337,mols/page_0055.png,5
1086,[O][=N+1][Branch1][C][O-1][C][N][N][N][Branch1][=Branch1][N+1][=Branch1][C][=O][O-1][N+1][=Branch1][C][N+1][=Branch1][C][O-1][N+1][=Branch1][O-1][N+1][=Branch1][N][=O][O-1],[N+][N+](C[O-])N(NNC[N+](=O)[O-])[N+](=O)[O-],1.5563039679725397,1.5318396448546885,1.396827697807393,1.4933402443747867,0.1621166858692348,,1.3457146020023587,mols/page_0055.png,6
1087,[O][=C][C][=C][Branch1][=Branch1][N+1][=Branch1][C][=O][O-1][C][=C][Branch1][=Branch1][N+1][=Branch1][C][=O][O-1][C][=C][Ring1][N][N+1][=Branch1][C][=O][O-1],O=Cc1c([N+](=O)[O-])cc([N+](=O)[O-])cc1[N+](=O)[O-],1.558407953408093,-1.0710004287872248,-0.9336823675906325,-1.118472725912222,-0.3108477988540061,,-0.9796445693447537,mols/page_0055.png,7
1088,[N][O][=N+1][Branch1][C][O-1][C][N][N][N][N][=N][O][N+1][=N+1][C][C][Branch1][=Branch1][N+1][=Branch1][C][=O][O-1][N+1][=Branch1][C],[N+]C(C[N+]=[N+]ON=NNNNC[N+]([O-])ON)[N+](=O)[O-],2.2017197490378493,1.036354779559276,0.7369283920260613,0.9524019340153176,-0.35994464883595634,,0.7882871016188658,mols/page_0055.png,8
1089,[O][=N+1][Branch1][C][O-1][O][C][C][C][Branch2][Ring2][Branch1][C][C][N][Branch2][Ring1][#Branch2][C][C][C][Branch1][=Branch2][C][C][O][N+1][=Branch1][C][=O][O-1][Branch1][=Branch1][N+1][=Branch1][C][=O][O-1][N+1][=Branch1][C][=O][O-1][N+1][=Branch1][C][=O][O-1][Branch1][=Branch1][N+1][=Branch1][C][=O][O-1][N+1][=Branch1][C][=O][O-1],O=[N+]([O-])OCCC(CCN(CCC(CCO[N+](=O)[O-])([N+](=O)[O-])[N+](=O)[O-])[N+](=O)[O-])([N+](=O)[O-])[N+](=O)[O-],2.3655207929383306,-0.11711200831598836,-0.351358937583955,0.040383654937092194,-1.1266502175115642,,-0.2136292962513054,mols/page_0055.png,9
1090,[O][=N+1][Branch1][C][O-1][C][N][N][N][N][C][Branch1][=Branch1][N+1][=Branch1][C][=O][O-1][N+1][=Branch1][C][O-1][C][=N][N][Branch1][=Branch1][N+1][Branch1][C][O-1][N][C][=N][N][C][Branch1][N][N+1][=Branch1][C][N+1][=Branch1][C][NH1][O-1][N+1][=Branch1][N+1][=Branch1][O-1][=O][O-1][N+1],[N+][N+](CN[O-])C([O-])(O)NN=CN(N=C[N+]([O-])C(NNNNC[N+](=O)[O-])[N+](=O)[O-])[N+](N)[O-],3.227950530827869,0.9826937243387599,0.7718702126297726,0.981806581381505,-0.2455934994266927,,0.8068042668520659,mols/page_0055.png,10
1091,[O][=N+1][Branch1][C][O-1][C][N][N][N][C][N][N][Branch1][=Branch1][N+1][=Branch1][C][=O][O-1][N+1][=Branch1][C][O-1][C][O-1][N][N][N][Branch1][C][O-1][=N][C][Branch1][=Branch1][N+1][Branch1][C][O-1],O=[N+]([O-])CNNNCNN([N+]([O-])C[O-])[N+](=O)[O-],1.6384079534080929,0.7672890223508524,0.38208198923471104,0.7643816350066337,-0.8523886868579343,,0.5078565382132509,mols/page_0055.png,11
1092,[O][=N+1][Branch1][C][O-1][C][N][N][Branch1][=Branch1][N+1][=Branch1][C][=O][O-1][N+1][=Branch1][C][O-1][C][Branch1][=Branch1][N+1][C][O-1][N+1][=Branch1][Ring1][O-1][C][N][=N][O][N],NON=NCC([N+]C[O-])[N+]([O-])N(NC[N+](=O)[O-])[N+](=O)[O-],2.2439038473124215,1.163461968687845,0.8977747352980089,1.1421520498664401,-0.45005533828156646,,0.9271644621148828,mols/page_0055.png,12
1093,[O][=N+1][Branch1][C][O-1][C][C][N][Branch1][=Branch1][N+1][=Branch1][C][=O][O-1][N+1][=Branch1][C][O-1][N+1][=Branch1][O-1][N+1][=Branch1][=Branch1][C][=O][C@@H1][N+1][=Branch1][N][=O][O-1],[N+][N+](C=O)[N+]([O-])N(CC[N+](=O)[O-])[N+](=O)[O-],1.596601054988479,1.2948853594646559,1.127513244978912,1.1897822409302976,0.08261395281204306,,1.0897739427642152,mols/page_0055.png,13
1094,[O][=N+1][Branch1][C][O-1][C][N][N][N][Branch1][=Branch1][N+1][=Branch1][C][=O][O-1][N+1][=Branch1][C],[N+]N(NNC[N+](=O)[O-])[N+](=O)[O-],1.478091503851731,1.6067957422807464,1.4461350427623485,1.5835365574703657,0.13403492852702092,,1.410050812101622,mols/page_0055.png,14
1095,[O][=N+1][Branch1][C][O-1][C][C][N][N][N][N][Branch1][=Branch1][N+1][=Branch1][C][=O][O-1][N+1][=Branch1][C][O-1][C][=N][N][N][Branch1][N+1][=Branch1][C][C][O-1][N+1][=Branch1][N+1][=Branch1][N][O-1][C][O-1][N+1][C][O-1][N][N][N][C][N+1][=Branch1][C][=N][O-1][N+1][=Branch1][O-1][=O][O-1][N+1][=Ring2][O-1][=N],O=[N+]([O-])CCNNNN([N+]([O-])C=NNNCC[O-])[N+](=O)[O-],1.786423335035418,-0.03319511802501468,-0.3789253867003574,0.11121927401256232,-1.4126499300813178,,-0.19980740958444987,mols/page_0055.png,15
1096,[#N][O][=N+1][Branch1][C][O-1][C][N][N][N][Branch1][=Branch1][N+1][=Branch1][C][=O][O-1][N+1][=Branch1][C][N+1][=Branch1][C][O-1],[N+][N+](C[O-])N(NNC[N+]([O-])ON)[N+](=O)[O-],1.576601054988479,1.3972627714757584,1.1892676872105006,1.372500693857057,-0.23200507832057718,,1.1724323843823299,mols/page_0055.png,16
1097,[C][=N+1][Branch1][C][O-1][C][N][N][Branch1][=Branch1][N+1][=Branch1][C][=O][O-1][N+1][=Branch1][C][N+1][=Branch1][C][O-1][O-1][N+1][=Branch1][O-1][C][Branch1][=Branch1][N+1][=Branch2][C][O-1][C][Branch1][N+1][=Branch1][C],C=[N+]([O-])CNN([N+]([N+])C[O-])[N+](=O)[O-],1.556437499842364,0.9453563017806336,0.6350933255316958,1.027792483694279,-0.7968239590457145,,0.7265470044012224,mols/page_0055.png,17
1098,[O][=N+1][Branch1][C][O-1][C][N][C][N][N][Branch1][=Branch1][N+1][=Branch1][C][=O][O-1][N+1][=Branch1][C][O-1],O=[N+]([O-])CNCNN([N+][O-])[N+](=O)[O-],1.536437499842364,1.067822042176437,0.7943055241293657,1.0448622786810158,-0.5519691088339485,,0.8282798921654622,mols/page_0055.png,18
1099,[O][=C][Branch2][Ring1][#Branch1][N][C][C][Branch1][=Branch1][N+1][=Branch1][C][=O][O-1][Branch1][=Branch1][N+1][=Branch1][C][=O][O-1][N+1][=Branch1][C][=O][O-1][N][C][=Branch1][C][=O][N][C][C][Branch1][=Branch1][N+1][=Branch1][C][=O][O-1][Branch1][=Branch1][N+1][=Branch1][C][=O][O-1][N+1][=Branch1][C][=O][O-1],O=C(NCC([N+](=O)[O-])([N+](=O)[O-])[N+](=O)[O-])NC(=O)NCC([N+](=O)[O-])([N+](=O)[O-])[N+](=O)[O-],2.137462216552583,1.139777067469935,1.116343821411644,0.8000920759982992,0.6697324403465404,,0.9510402966543685,mols/page_0055.png,19
1100,[C][N][C][Branch1][=Branch1][N+1][=Branch1][C][=O][O-1][N+1][=Branch1][C][N][O-1][N+1][=Branch1][Ring1][=O][O-1][N+1][C][=O][O-1],CNC([N+](N)[O-])[N+](=O)[O-],1.981790468830701,-0.290079036362372,-0.6311384963474165,0.055784532664763804,-1.952117717523594,,-0.403202341863901,mols/page_0056.png,0
1101,[O][=N+1][Branch1][C][O-1][C][N][C][N][N][Branch1][=Branch1][N+1][=Branch1][C][=O][O-1][N+1][=Branch1][C][O-1][C][Branch1][=Branch1][N+1][N][C][=O][O-1][N][N][C][Branch1][=Branch1][C][=Branch1][N+1][=Branch1][N+1][=Branch1][=O][O-1][N+1],CC(=O)NNC([N+]NC=O)[N+]([O-])N(NCNC[N+](=O)[O-])[N+](=O)[O-],2.3724242818454764,-0.48658012639906045,-0.7001539582693257,-0.5005989867367443,-1.4533160078441454,,-0.6422547166462088,mols/page_0056.png,1
1102,[O][=N+1][Branch1][C][O-1][C][N][N][C][N][N][N][N][Branch1][=Branch1][N+1][=Branch1][C][=O][O-1][N+1][=Branch1][C][O-1][C][=N][N][N][Branch1][N][N+1][=Branch1][C][=N][O][N+1][=Branch1][C][N][O-1][N+1][=Branch1],N=[N+](NNN=C[N+]([O-])N(NNNCNNC[N+](=O)[O-])[N+](=O)[O-])O[N+](N)[O-],2.0036858610047386,0.8073839745386344,0.5676851771361676,0.8073485300318793,-0.48272534595131167,,0.6184341653363211,mols/page_0056.png,2
1103,[O][=N+1][Branch1][C][O-1][C][N][N][N][N][Branch1][=Branch1][N+1][=Branch1][C][=O][O-1][N+1][=Branch1][C][O-1][C][N+1][=Branch1][C],[N+]C[N+]([O-])N(NNNC[N+](=O)[O-])[N+](=O)[O-],1.576601054988479,1.5898498978044853,1.391287065766732,1.4868633945665977,0.08290171337435154,,1.3483197700568785,mols/page_0056.png,3
1104,[O][=N+1][Branch1][C][O-1][C][N][N][N][Branch1][=Branch1][N+1][=Branch1][C][=O][O-1][N+1][=Branch1][C][N][O-1][N][Branch1][=Branch1][O][N+1][=Branch1][C][O-1][C][O-1][C][N+1][=Branch1][C][=Branch1][N+1][=Branch1][N+1][=Branch1][=O][O-1][N+1],N[N+]([O-])N(NNC[N+](=O)[O-])[N+](=O)[O-],1.516437499842364,1.6718828689923495,1.5153843189730716,1.691309565026055,0.11891219259293723,,1.485231842261071,mols/page_0056.png,4
1105,[N][N][C][=N][N][Branch1][=Branch1][N+1][=Branch1][C][=O][O-1][N+1][=Branch1][C][O-1][N+1][=Branch1],[N+][N+]([O-])N(N=CNN)[N+](=O)[O-],1.478091503851731,1.2814025322554954,1.1802262292061798,1.318855325561908,0.06326174886854033,,1.1492754954770361,mols/page_0056.png,5
1106,[O][=C][Branch2][Ring1][=N][/C][=C][/C][=Branch1][C][=O][O][C][C][Branch1][=Branch1][N+1][=Branch1][C][=O][O-1][Branch1][=Branch1][N+1][=Branch1][C][=O][O-1][N+1][=Branch1][C][=O][O-1][O][C][C][Branch1][=Branch1][N+1][=Branch1][C][=O][O-1][Branch1][=Branch1][N+1][=Branch1][C][=O][O-1][N+1][=Branch1][C][=O][O-1],O=C(/C=C/C(=O)OCC([N+](=O)[O-])([N+](=O)[O-])[N+](=O)[O-])OCC([N+](=O)[O-])([N+](=O)[O-])[N+](=O)[O-],2.1825801340811584,0.4320127004335584,0.3624696977959598,0.10004688720985809,0.15146342249866573,,0.25378569669118933,mols/page_0056.png,6
1107,[N][Branch1][=N][N][C][N][Branch1][=Branch1][N+1][=Branch1][C][=O][O-1][N+1][=Branch1][C][O-1][C][Branch1][=Branch1][N+1][N+1][=Branch1][C],[N+][N+]CNNCN([N+][O-])[N+](=O)[O-],1.5170246155449356,1.0318971661351544,0.7013662608364534,1.119710553393321,-0.7450588951689975,,0.8066941885833306,mols/page_0056.png,7
1108,[O][=N+1][Branch1][C][O-1][C][N][Branch1][=Branch1][N+1][=Branch1][C][=O][O-1][N+1][=Branch1][C][O-1][N][C][Branch1][=Branch1][N+1][=Ring2][C][=O][O-1],O=[N+]([O-])CN([N+]([O-])NC#[N+][O-])[N+](=O)[O-],1.5563039679725397,1.5949485779459287,1.5312888013072459,1.5342575997448828,0.591151765601767,,1.4543775612714234,mols/page_0056.png,8
1109,[C][C][Branch2][Ring1][C][C][N][Branch1][=Branch2][C][C][O][N+1][=Branch1][C][=O][O-1][N+1][=Branch1][C][=O][O-1][Branch1][=Branch1][N+1][=Branch1][C][=O][O-1][N+1][=Branch1][C][=O][O-1],CC(CN(CCO[N+](=O)[O-])[N+](=O)[O-])([N+](=O)[O-])[N+](=O)[O-],1.721719749037849,0.13368491869072124,-0.18950642626588254,0.27732199208156044,-1.2959734304259956,,-0.032623923103765703,mols/page_0056.png,9
1110,[O][=N+1][Branch1][C][O-1][C][N][C][N][Branch1][=Branch1][N+1][=Branch1][C][=O][O-1][N+1][=Branch1][C][O-1],O=[N+]([O-])CNCN([N+][O-])[N+](=O)[O-],1.5170246155449356,1.4289500079665103,1.2343906507672862,1.350132187325775,-0.04933344885412605,,1.2009546947283467,mols/page_0056.png,10
1111,[S][/N+1][=N+1][=Branch1][N][=N+1][/N+1][Branch1][O-1][C][O][O][N][=C][Branch1][S][C][N][N][N][=N][N][=N+1][Branch1][C][O-1][C][N][N][Branch1][=Branch1][N+1][=Branch1][C][=O][O-1][N+1][=Branch1][C][O-1][C][O-1][Branch1][=Branch1][N+1][C][O-1][O][N+1][=Branch1][C][O][O-1][=Branch1][N+1][=Branch1][O-1][=N+1][O-1][C][=O][N][N][Branch1][O][N+1][=Branch1][N+1][N][O-1][=O][O-1][N][N+1][Branch1][=Branch1][C][O-1][=C][Branch1][=Branch1][C][N][N][=N][O][N+1][=N+1][Branch1][C][N][N][C][N][Branch1][=Branch1][N][N][C][Branch1],C[N+]([N+][N+](=[N+]S)[N+]([O-])C[O-])OON=CCNNN=NN=[N+]([O-])CNN[N+](=O)[O-],2.0926028435074597,0.2784575811105839,-0.057352801485142595,0.24227696859646067,-0.7570505512825588,,0.07648192721668871,mols/page_0056.png,11
1112,[N][=N+1][Branch1][C][O-1][C][N][N][Branch1][=Branch1][N+1][=Branch1][C][=O][O-1][N+1][=Branch1][C][O-1][N+1][=Branch1][N+1][=Branch1][O-1][C][=O][O-1][C][N+1][=Branch1][N+1][O-1][C][=O],C[N+](O[O-])[N+]([O-])N(NC[N+](=N)[O-])[N+](=O)[O-],1.576601054988479,1.3608083868959038,1.0667438891772438,1.3153110593677835,-0.5723425566453885,,1.0757782371008615,mols/page_0056.png,12
1113,[O][=N+1][Branch1][C][O-1][C][N][C][N][Branch1][=Branch1][N+1][=Branch1][C][=O][O-1][N+1][=Branch1][C][O-1][=Branch1][N+1][=Branch1][O][=O][O-1],O=[N+][N+]([O-])N(CNC[N+](=O)[O-])[N+](=O)[O-],1.5563039679725397,1.505456921201383,1.3532053620222564,1.4061665208951695,0.1820737992501009,,1.2953395590889878,mols/page_0056.png,13
1114,[O][=N+1][Branch1][C][O-1][C][N][N][N][Branch1][=Branch1][N+1][=Branch1][C][=O][O-1][N+1][=Branch1][C][O-1][N][C][=N][O][N][=N][O][N+1][Branch1][C][O-1],O=[N+]([O-])CNNN([N+]([O-])NC=NON=NO[N+][O-])[N+](=O)[O-],1.786423335035418,1.5687544033271297,1.4220777244887168,1.3920096067161116,0.31786127378179924,,1.3362980020185862,mols/page_0056.png,14
1115,[O][=N+1][Branch1][C][O-1][C][N][N][N][N][Branch1][=Branch1][N+1][=Branch1][C][=O][O-1][N+1][=Branch1][C][O-1][C][N+1][=Branch1][C][Branch1][=Branch1][N+1][S][C][O-1][N][C][Branch1][=Branch1][=Branch1][N+1][=Branch1][O][=N+1][Branch1][O-1][C][O][N+1][=Branch1][C],C[N+](=[N+]C[N+](C[N+]([O-])N(NNNC[N+](=O)[O-])[N+](=O)[O-])[N+]SC[O-])O[N+],1.9596423657706594,0.5932472648077823,0.31544555575963923,0.6045560519356439,-0.8076780425533839,,0.3882278216607746,mols/page_0056.png,15
1116,[O][=N+1][Branch1][C][O-1][C][Branch1][=Branch1][N+1][=Branch1][C][=O][O-1][N+1][=Branch1][C][O-1][N+1][=Branch1][N+1][=Branch1][=O][O-1][C][Branch1][N+1][=Branch1][C][N+1][=Branch1][C][C][O-1][N+1][C][N+1][=Branch1][N+1][O-1][C][=O][O-1],C[N+]([O-])CC[N+]([O-])[N+]([O-])C([N+](=O)[O-])[N+](=O)[O-],1.637308431519336,0.6031602302969554,0.26161269052611313,0.8076754175014574,-1.0240188823229577,,0.4368615089740543,mols/page_0056.png,16
1117,[/N][/N+1][=N+1][Branch1][C][O-1][N][C][N][N][Branch1][=Branch1][N+1][=Branch1][C][=O][O-1][N+1][=Branch1][C][O-1][N][N+1][=Branch1][C][=N][O-1],N=[N+]([O-])N[N+]([O-])N(NCN[N+]([O-])=[N+]N)[N+](=O)[O-],1.6184079534080928,1.6782306864873977,1.5852334629903415,1.679564901256062,0.33205215529921595,,1.5208972134017813,mols/page_0056.png,17
1118,[N-1][=N+1][=N][C][=C][Branch1][=Branch1][N+1][=Branch1][C][=O][O-1][C][Branch1][=Branch1][N+1][=Branch1][C][=O][O-1][=C][Branch1][=Branch1][N+1][=Branch1][C][=O][O-1][C][Branch1][=Branch1][N+1][=Branch1][C][=O][O-1][=C][Ring2][Ring1][C][N+1][=Branch1][C][=O][O-1],[N-]=[N+]=Nc1c([N+](=O)[O-])c([N+](=O)[O-])c([N+](=O)[O-])c([N+](=O)[O-])c1[N+](=O)[O-],1.755885732905358,1.8185111681601458,2.0235528445619195,2.0032430523486116,1.8122006493366798,,1.9430332890536288,mols/page_0056.png,18
1119,[O][=N+1][Branch1][C][O-1][C][N][N][N][Branch1][=Branch1][N+1][=Branch1][C][=O][O-1][N+1][=Branch1][C][O-1][C][N+1][=Branch1][C][Branch1][=Branch1][N+1][=O][O-1][C][Branch1][=Branch1][C][N+1][=Branch1][N+1][=Branch1][O-1][=O][O-1],O=[N+][N+](C[N+]([O-])O)C[N+]([O-])N(NNC[N+](=O)[O-])[N+](=O)[O-],1.7439038473124213,1.6575735685152693,1.4704651443729297,1.5624760486084506,0.1796786517612695,,1.424967962841557,mols/page_0056.png,19
1120,[O][=N+1][Branch1][C][O-1][C][N][N][Branch1][=Branch1][N+1][=Branch1][C][=O][O-1][N+1][=Branch1][C][O-1][C][N+1][=Branch1][C][Branch1][=Branch1][N+1][C][O-1][C][C][C][=Branch1][N+1][=Branch1][N+1][=Branch1],C[N+](C[N+]([O-])N(NC[N+](=O)[O-])[N+](=O)[O-])[N+]C[O-],1.6584079534080929,0.5796057421612456,0.1978459122022749,0.7620723765400387,-1.3562513088949189,,0.36356673331740375,mols/page_0057.png,0
1121,[O][=N+1][Branch1][C][O-1][C][N][N][N][Branch1][=Branch1][N+1][=Branch1][C][=O][O-1][N+1][=Branch1][C][=N][N][N+1][=Branch1][C][N+1][=Branch1][C][O-1][C][Branch1][=Branch1][N+1][#C][C][=O][O-1],[N+][N+](C[O-])N[N+](=N)N(NNC[N+](=O)[O-])[N+](=O)[O-],1.6184079534080928,1.4394317630431108,1.2831856485647863,1.4192312726929932,0.04020416849292932,,1.2523672788284645,mols/page_0057.png,1
1122,[O][=N+1][Branch1][C][O-1][C][N][N][N][N][Branch1][=Branch1][N+1][=Branch1][C][=O][O-1][N+1][=Branch1][C][C][N][Branch1][=Branch1][N][N+1][=Branch1][C][N][O][N+1][=Branch1][C][O-1][C][N+1][=Branch1][C],C[N+](N(N[N+]N)O[N+]([O-])C[N+])N(NNNC[N+](=O)[O-])[N+](=O)[O-],1.8292669435287097,0.9516915493400481,0.6661471850378098,1.0493491450442662,-0.6660912743063965,,0.7575902141815314,mols/page_0057.png,2
1123,[/N][O][=N+1][Branch1][C][O-1][C][C][N][N][Branch1][=Branch1][N+1][=Branch1][C][=O][O-1][N+1][=Branch1][C][=N][O-1][N+1][=Branch1][=Branch1][C][=O][=Branch1][N+1][=Branch1][O-1],N=[N+]([O-])N(NCC[N+]([O-])ON)[N+](=O)[O-],1.5563039679725397,0.7639799867952654,0.3669773306425992,0.8454479362977905,-1.0175534535187503,,0.5191631585267072,mols/page_0057.png,3
1124,[O][=N+1][Branch1][C][O-1][C][N][C][N][Branch1][=Branch1][N+1][=Branch1][C][=O][O-1][N+1][=Branch1][C][O-1][N],N[N+]([O-])N(CNC[N+](=O)[O-])[N+](=O)[O-],1.536437499842364,1.390325738247878,1.1912135842698632,1.5029287942187268,-0.20112775772836225,,1.2264435725440896,mols/page_0057.png,4
1125,[O][=N+1][Branch1][C][O-1][C][N][N][N][N][Branch1][=Branch1][N+1][=Branch1][C][=O][O-1][N+1][=Branch1][C][O-1][C][C][N+1][=Branch1][C][=Branch1][N+1][=Branch1][N][C][O-1][C][Branch1][=Branch1][N+1][=O][O-1][N+1],O=[N+]([O-])CNNNN([N+]([O-])CC[N+]NC[O-])[N+](=O)[O-],1.701719749037849,0.5547534081713503,0.17178967341034176,0.5691218980244299,-1.1388524898664747,,0.29539928061854753,mols/page_0057.png,5
1126,[#Branch1][=N+1][Branch1][C][O-1][C][N][C][Branch1][=Branch1][N+1][=Branch1][C][=O][O-1][N+1][=Branch1][C][O-1][C][Branch1][=Branch1][C][N+1][=Branch1][C],[N+]CC[N+]([O-])C(NC[N+][O-])[N+](=O)[O-],2.076437499842364,0.6630638298015871,0.31857905053185664,0.7202254069413887,-1.105832271469835,,0.4229176557129329,mols/page_0057.png,6
1127,[N][Branch1][=Branch1][=N+1][Branch1][O][=N+1][C][C][N][N][C][N][N][N][Branch1][=Branch1][N+1][=Branch1][C][=O][O-1][N+1][=Branch1][C][O-1][=O][O-1][N+1][Ring1][C],O=[N+]([O-])NNNCNNCC[N+][N+]N[N+]([O-])O[O-],1.6598833105991515,-0.5917920588955757,-0.8819372211982086,-0.34006096809849595,-1.8308676616971136,,-0.6875434734325558,mols/page_0057.png,7
1128,[O][=N+1][Branch1][C][O-1][C][N][C][Branch1][=Branch1][N+1][=Branch1][C][=O][O-1][N+1][=Branch1][C][O-1][C][N+1][=Branch1][C],[N+]C[N+]([O-])C(NC[N+](=O)[O-])[N+](=O)[O-],2.056437499842364,1.6108746863939012,1.3994897309808547,1.5842413805897027,0.034745289400286,,1.3897621855195987,mols/page_0057.png,8
1129,[O][=N+1][Branch1][C][O-1][C][N][N][N][N][Branch1][=Branch1][N+1][=Branch1][C][=O][O-1][N+1][=Branch1][C][O-1][C][N+1][=Branch1][C][Branch1][O-1][N+1][=Branch1][N+1][=Branch1][=O][O-1][N+1],[N+][N+]([O-])[N+]([N+])C[N+]([O-])N(NNNC[N+](=O)[O-])[N+](=O)[O-],1.701719749037849,1.807463765980026,1.6930103510701084,1.7828564159411515,0.41461494642112634,,1.6297225902811068,mols/page_0057.png,9
1130,[N][O][=N+1][Branch1][C][O-1][C][C][N][N][Branch1][=Branch1][N+1][=Branch1][C][=O][O-1][N+1][=Branch1][C][O-1][N+1][=Branch1][O-1][C][O-1][C][Branch1][=Branch1][N+1][=Ring2][=Branch1][=Branch1][C][=O][C][N+1][=Branch1][C],C[N+]([O-])[N+]([O-])N(NCC[N+]([O-])ON)[N+](=O)[O-],1.617308431519336,0.3844559202051862,-0.055293830302501054,0.5760640027379499,-1.562824208215409,,0.15643370274931032,mols/page_0057.png,10
1131,[O][=N+1][Branch1][C][O-1][C][C][N][Branch1][=Branch1][N+1][=Branch1][C][=O][O-1][N+1][=Branch1][C][O-1][N+1][=Branch1][O-1],[N+][N+]([O-])N(CC[N+](=O)[O-])[N+](=O)[O-],1.5170246155449356,1.5686082778253871,1.4056474794231388,1.668971956077514,0.13774765203731582,,1.4249274869468689,mols/page_0057.png,11
1132,[O][=N+1][Branch1][C][O-1][C][C][N][Branch1][=Branch1][N+1][=Branch1][C][=O][O-1][N+1][=Branch1][C][O-1][C][N][N][Branch1][=Branch1][C][N+1][=Branch1][C][N][O-1][N][C][N][N][N][=N][N][N][Branch1][N][C][=N][N][N+1][=Branch1][C],N[N+]CN([O-])NC[N+]([O-])N(CC[N+](=O)[O-])[N+](=O)[O-],1.6798833105991515,1.0973299660766858,0.759728479369678,1.2271226413593117,-0.8288498728611011,,0.8722286806192054,mols/page_0057.png,12
1133,[O][=N+1][Branch1][C][O-1][C][N][Branch1][=Branch1][N+1][=Branch1][C][=O][O-1][N+1][=Branch1][C][O-1][C][=N][N][Branch1][=Branch1][N][N][N][Branch1][=Branch1][=O][N+1][=Branch1][C][=N][O-1][Branch1][=Branch1][N+1][=N][C][=O][O-1][N][=N][N][N+1][=Branch1][C][N][N][=C][N][Branch1][=Branch1][#C][N][N][N][N][=N][N][Branch1][P][N+1][=Branch1][C][\N+1][O-1][N+1][=Branch1][O][N+1][=Branch1][C][N+1][=Branch1][C][C][O-1],N=[N+]ONNNN([O-])N=C[N+]([O-])N(C[N+](=O)[O-])[N+](=O)[O-],1.7439038473124213,1.8808454789679556,1.7266444726322847,1.6838045869573848,0.33411790878268144,,1.6088061135612821,mols/page_0057.png,13
1134,[C][C][N][Branch2][Ring1][N][C][C][=Branch1][C][=O][O][C][C][Branch1][=Branch1][N+1][=Branch1][C][=O][O-1][Branch1][=Branch1][N+1][=Branch1][C][=O][O-1][N+1][=Branch1][C][=O][O-1][N+1][=Branch1][C][=O][O-1],CCN(CC(=O)OCC([N+](=O)[O-])([N+](=O)[O-])[N+](=O)[O-])[N+](=O)[O-],1.786423335035418,-0.2770196588598737,-0.44954943982235707,-0.296880476740389,-1.1054098144741056,,-0.41093544681412386,mols/page_0057.png,14
1135,[O][=C][Branch2][Ring1][#Branch1][O][C][C][Branch1][=Branch1][N+1][=Branch1][C][=O][O-1][Branch1][=Branch1][N+1][=Branch1][C][=O][O-1][N+1][=Branch1][C][=O][O-1][N][Branch2][Ring2][#C][C][N][Branch2][Ring2][Branch1][C][N][Branch2][Ring1][O][C][=Branch1][C][=O][O][C][C][Branch1][=Branch1][N+1][=Branch1][C][=O][O-1][Branch1][=Branch1][N+1][=Branch1][C][=O][O-1][N+1][=Branch1][C][=O][O-1][N+1][=Branch1][C][=O][O-1][N+1][=Branch1][C][=O][O-1][N+1][=Branch1][C][=O][O-1],O=C(OCC([N+](=O)[O-])([N+](=O)[O-])[N+](=O)[O-])N(CN(CN(C(=O)OCC([N+](=O)[O-])([N+](=O)[O-])[N+](=O)[O-])[N+](=O)[O-])[N+](=O)[O-])[N+](=O)[O-],2.7422400836961356,1.1228972151557512,1.1443210426256072,0.6383177062593589,0.8716754558964418,,0.9092991925387275,mols/page_0057.png,15
1136,[O][=N+1][Branch1][C][O-1][C][N][C][N][N][N][C][N][Branch1][=Branch1][N+1][=Branch1][C][=O][O-1][N+1][=Branch1][C][O-1][N+1][=Branch1][N+1][=Branch1][O-1],[N+][N+]([O-])N(CNNNCNC[N+](=O)[O-])[N+](=O)[O-],1.6384079534080929,0.27851885954679845,-0.0704323472479111,0.44925047176591654,-1.198467906785573,,0.11187502610253114,mols/page_0057.png,16
1137,[N][Branch1][=Branch1][#C][C][N][=N][N][N][Branch1][=Branch1][N+1][=Branch1][C][=O][O-1][N+1][=Branch1][C],[N+]N(NCCN=NN)[N+](=O)[O-],1.498091503851731,-0.4277410433184127,-0.738292518493868,-0.2768713812737743,-1.6465906956468903,,-0.566916012527269,mols/page_0057.png,17
1138,[O][=N+1][Branch1][C][O-1][C][N][C][N][N][N][Branch1][=Branch1][N+1][=Branch1][C][=O][O-1][N+1][=Branch1][C],[N+]N(NNCNC[N+](=O)[O-])[N+](=O)[O-],1.536437499842364,0.5662596130021023,0.23483648259895287,0.6792135676588528,-1.0412918631396528,,0.3678302646498396,mols/page_0057.png,18
1139,[O][=N+1][Branch1][C][O-1][C][=N][N][Branch1][=Branch1][N+1][=Branch1][C][=O][O-1][N+1][=Branch1][C][O-1][C][N][C][Branch1][=Branch1][N+1][=N][C][=O][O-1],O=CN=[N+]CNC[N+]([O-])N(N=C[N+](=O)[O-])[N+](=O)[O-],1.6798833105991515,0.6272536544229625,0.36703163177524717,0.4948557516826064,-0.5587578090783663,,0.39063784131475837,mols/page_0057.png,19
1140,[O][=N+1][Branch1][C][O-1][C][=C][C][Branch1][=Branch1][N+1][=Branch1][C][=O][O-1][=C][Branch2][Branch1][=Branch1][C][=C][C][Branch1][=Branch1][N+1][=Branch1][C][=O][O-1][=C][Branch2][Ring1][N][C][=C][Branch1][=Branch1][N+1][=Branch1][C][=O][O-1][C][=C][Branch1][=Branch1][N+1][=Branch1][C][=O][O-1][C][=C][Ring1][N][N+1][=Branch1][C][=O][O-1][C][Branch1][=Branch1][N+1][=Branch1][C][=O][O-1][=C][Ring2][Ring1][O][C][Branch1][=Branch1][N+1][=Branch1][C][=O][O-1][=C][Ring2][Ring2][#Branch1],O=[N+]([O-])c1cc([N+](=O)[O-])c(-c2cc([N+](=O)[O-])c(-c3c([N+](=O)[O-])cc([N+](=O)[O-])cc3[N+](=O)[O-])c([N+](=O)[O-])c2)c([N+](=O)[O-])c1,2.326550083696136,-0.9375234247762486,-0.7552763156940283,-0.986898728242812,0.21026208922602044,,-0.796933217492092,mols/page_0058.png,0
1141,[O][=N+1][Branch1][C][O-1][C][C][N][N][Branch1][=Branch1][N+1][=Branch1][C][=O][O-1][N+1][=Branch1][C][O-1][N+1][=Branch1][O-1][=O][O-1][N+1][C][N][O-1][N+1][=Branch1][N+1][=Branch1][O-1][N+1][=Branch1][Cl][=O][O-1],O=[N+]([O-])CCNN([N+]([O-])[N+](=O)[O-])[N+](=O)[O-],1.576601054988479,1.2910515290963593,1.0704446710764193,1.230071345451328,-0.08765335964936614,,1.0736372522587891,mols/page_0058.png,1
1142,[O][=N+1][Branch1][C][O-1][C][N][N][N][Branch1][=Branch1][N+1][=Branch1][C][=O][O-1][N+1][=Branch1][C][N+1][=Branch1][C][O-1][O][N+1][=Branch1][C][C][O-1][N+1][=Branch1][N+1][=Branch1][N+1][O-1][C][=O][O-1],[N+][N+](C[O-])N(NNC[N+](=O)[O-])[N+](=O)[O-],1.5563039679725397,1.5318396448546885,1.396827697807393,1.4933402443747867,0.1621166858692348,,1.3457146020023587,mols/page_0058.png,2
1143,[O][=N+1][Branch1][C][O-1][C][=C][C][Branch1][=Branch1][N+1][=Branch1][C][=O][O-1][=C][Branch1][=C][N][C][=N][O][N][=C][Ring1][Branch1][N+1][=Branch1][C][=O][O-1][C][Branch1][=Branch1][N+1][=Branch1][C][=O][O-1][=C][Ring2][Ring1][Branch1],O=[N+]([O-])c1cc([N+](=O)[O-])c(Nc2nonc2[N+](=O)[O-])c([N+](=O)[O-])c1,1.5958857329053582,0.15456043929448615,0.22289087225324572,0.12084902063349036,0.7568406238398937,,0.21838649852431852,mols/page_0058.png,3
1144,[O][=N+1][Branch1][C][O-1][C][N][N][N][N][Branch1][=Branch1][N+1][=Branch1][C][=O][O-1][N+1][=Branch1][C][O-1][C][N+1][=Branch1][C][C][O-1][N+1][=Branch1][O-1],C[N+]([O-])C[N+]([O-])N(NNNC[N+](=O)[O-])[N+](=O)[O-],1.6384079534080929,0.9522587676855214,0.595722449014471,1.049007480469899,-0.9281382874748049,,0.7137844676154772,mols/page_0058.png,4
1145,[O][=C][Branch2][Ring1][#Branch1][O][C][C][Branch1][=Branch1][N+1][=Branch1][C][=O][O-1][Branch1][=Branch1][N+1][=Branch1][C][=O][O-1][N+1][=Branch1][C][=O][O-1][N][Branch2][Ring2][Branch1][C][N][Branch2][Ring1][O][C][=Branch1][C][=O][O][C][C][Branch1][=Branch1][N+1][=Branch1][C][=O][O-1][Branch1][=Branch1][N+1][=Branch1][C][=O][O-1][N+1][=Branch1][C][=O][O-1][N+1][=Branch1][C][=O][O-1][N+1][=Branch1][C][=O][O-1],O=C(OCC([N+](=O)[O-])([N+](=O)[O-])[N+](=O)[O-])N(CN(C(=O)OCC([N+](=O)[O-])([N+](=O)[O-])[N+](=O)[O-])[N+](=O)[O-])[N+](=O)[O-],2.505174135090663,1.0918416179305959,1.1384335221728539,0.4884133817855921,1.019692142069735,,0.8549033519470727,mols/page_0058.png,5
1146,[O][=N+1][Branch1][C][O-1][C][C][N][N][Branch1][=Branch1][N+1][=Branch1][C][=O][O-1][N+1][=Branch1][C][O-1][N+1][=Branch1][N][=O][O-1][N+1][O-1][C][Branch1][=Branch1][N+1][C][O-1][C][O-1][C][Branch1][N][N+1][=Branch1][C][C][O-1][C][N][N][N+1][=Branch1][N][=N][O-1][N+1][=Branch1][N+1][=Branch1][O-1][O-1][N+1][=Branch1][=O][O-1][N+1][=O][O-1][N+1][N+1][=Branch1][C][NH1][O-1][N+1][=Branch1][O-1][C][N+1][=Branch1][C][N+1][=Branch1][=O][Cl][O-1][N+1][=Branch1],O=[N+]([O-])CCNN([N+]([O-])[N+](=O)[O-])[N+](=O)[O-],1.576601054988479,1.2910515290963593,1.0704446710764193,1.230071345451328,-0.08765335964936614,,1.0736372522587891,mols/page_0058.png,6
1147,[#C][=N+1][Branch1][C][O-1][N][C][N][Branch1][=Branch1][N+1][=Branch1][C][=O][O-1][N+1][=Branch1][C][N][=O][O-1][N+1][=N][O-1][O-1][C][Branch1][=Branch1][N+1],C=[N+]([O-])NCN([N+](N)O[O-])[N+](=O)[O-],1.536437499842364,1.2609999554799505,1.0021970910538383,1.2995326937814073,-0.4029899554182109,,1.045313343604189,mols/page_0058.png,7
1148,[O][=N+1][Branch1][C][O-1][C][N][N][N][N][Branch1][=Branch1][N+1][=Branch1][C][=O][O-1][N+1][=Branch1][C][O-1][C][Branch1][=Branch1][N+1][=Ring2][C][O-1][N][N+1][=Branch1][C][N+1][=Branch1][C],C[N+]([N+])C(=[N+]N)[N+]([O-])N(NNNC[N+](=O)[O-])[N+](=O)[O-],1.701719749037849,1.4881654034951937,1.252524673724302,1.610623438339928,-0.45627831350561615,,1.2837940632902836,mols/page_0058.png,8
1149,[C][C][Branch2][Ring1][#C][N][C][=Branch1][C][=O][N][C][Branch1][C][C][C][Branch1][=Branch1][N+1][=Branch1][C][=O][O-1][Branch1][=Branch1][N+1][=Branch1][C][=O][O-1][N+1][=Branch1][C][=O][O-1][C][Branch1][=Branch1][N+1][=Branch1][C][=O][O-1][Branch1][=Branch1][N+1][=Branch1][C][=O][O-1][N+1][=Branch1][C][=O][O-1],CC(NC(=O)NC(C)C([N+](=O)[O-])([N+](=O)[O-])[N+](=O)[O-])C([N+](=O)[O-])([N+](=O)[O-])[N+](=O)[O-],3.0926028435074597,0.408231953456441,0.24034261744946092,0.3972825287598629,-0.43989065561040624,,0.27706758866937997,mols/page_0058.png,9
1150,[O][=N+1][Branch1][C][O-1][C][=C][C][Branch1][=Branch1][N+1][=Branch1][C][=O][O-1][=C][Branch2][Branch1][=C][N][N][=C][Branch2][Ring2][=C][C][N][=C][Branch1][=Branch1][N+1][=Branch1][C][=O][O-1][N][Branch2][Ring1][N][C][=C][Branch1][=Branch1][N+1][=Branch1][C][=O][O-1][C][=C][Branch1][=Branch1][N+1][=Branch1][C][=O][O-1][C][=C][Ring1][N][N+1][=Branch1][C][=O][O-1][N][=Ring2][Ring1][#Branch1][N][=C][Ring2][Ring1][N][N+1][=Branch1][C][=O][O-1][C][Branch1][=Branch1][N+1][=Branch1][C][=O][O-1][=C][Ring2][Ring2][O],O=[N+]([O-])c1cc([N+](=O)[O-])c(-n2nc(-c3nc([N+](=O)[O-])n(-c4c([N+](=O)[O-])cc([N+](=O)[O-])cc4[N+](=O)[O-])n3)nc2[N+](=O)[O-])c([N+](=O)[O-])c1,2.3955077010436936,-0.10043955993976154,0.02466937879810136,-0.1486011860023743,0.829486083922926,,0.004565588705927839,mols/page_0058.png,10
1151,[O][=N+1][Branch1][C][O-1][C][N][N][N][Branch1][=Branch1][N+1][=Branch1][C][=O][O-1][N+1][=Branch1][C][O-1][C][Branch1][=Branch1][N+1][C][=O][O-1],O=C[N+]C[N+]([O-])N(NNC[N+](=O)[O-])[N+](=O)[O-],1.617308431519336,1.183223478746068,0.954172530503085,0.9787441383617177,-0.2836440173550908,,0.8974822559214664,mols/page_0058.png,11
1152,[#N+1][C][N][N][=N][N][N][Branch1][=Branch1][N+1][=Branch1][C][=O][O-1][N+1][=Branch1][C][O-1][C][N+1][=Branch1][C][Branch1][O-1],[N+]CNN=NNN([N+]([O-])C[N+])[N+](=O)[O-],1.5563039679725397,1.440762604978335,1.2807363480639338,1.2803332045408162,0.12050161050730489,,1.204558181127624,mols/page_0058.png,12
1153,[O][=N+1][Branch1][C][O-1][C][N][N][N][Branch1][=Branch1][N+1][=Branch1][C][=O][O-1][N+1][=Branch1][C],[N+]N(NNC[N+](=O)[O-])[N+](=O)[O-],1.478091503851731,1.6067957422807464,1.4461350427623485,1.5835365574703657,0.13403492852702092,,1.410050812101622,mols/page_0058.png,13
1154,[=C][=N+1][Branch1][C][O-1][C][N][N][Branch1][=Branch1][N+1][=Branch1][C][=O][O-1][N+1][=Branch1][C][=N][O][N+1][Branch1][C][O-1][=C][Branch1][=Branch1][N+1][C][O-1][N+1][=Branch1][O][N+1][O-1][C][O-1][C][Branch1][=Branch1][N+1][=Branch2][C][O-1][C][O][N][Branch1][=Branch1],C=[N+]([O-])CNN([N+](=N)O[N+]([O-])=C([N+]C[O-])O[N+][O-])[N+](=O)[O-],1.786423335035418,1.3272639424152641,1.1481432035271724,1.1562709018058897,-0.07352125475744227,,1.0740080217322208,mols/page_0058.png,14
1155,[=Ring1][Branch2][\N+1][S][#Branch1][/N][NH1][P][\N+1][\N+1][P][\N+1][=Branch2],[N+]P[N+][N+]P[SH]([N+])[NH],2.9444996950521225,0.6913886085103084,0.5550579278665143,0.6155023042559687,-0.10358182515791357,,0.5474543732808018,mols/page_0058.png,15
1156,[O][=N+1][Branch1][C][O-1][C][N][C][N][Branch1][=Branch1][N+1][=Branch1][C][=O][O-1][N+1][=Branch1][C][O-1],O=[N+]([O-])CNCN([N+][O-])[N+](=O)[O-],1.5170246155449356,1.4289500079665103,1.2343906507672862,1.350132187325775,-0.04933344885412605,,1.2009546947283467,mols/page_0058.png,16
1157,[O][=N+1][Branch1][C][O-1][C][N][N][Branch1][=Branch1][N+1][=Branch1][C][=O][O-1][N+1][=Branch1][C][O-1][C][Branch1][=Branch1][N+1][N+1][=Branch1][C][=Branch1][C][=O][N+1][=Branch1][C],[N+]C([N+][N+]O)[N+]([O-])N(NC[N+](=O)[O-])[N+](=O)[O-],2.0973084315193358,1.8643725783199148,1.7665008651590681,1.7377929632000637,0.519221421128897,,1.654757688262661,mols/page_0058.png,17
1158,[O][=N+1][Branch1][C][O-1][C][N][N][Branch1][=Branch1][N+1][=Branch1][C][=O][O-1][N+1][=Branch1][C][O-1][N][N][N][C][Branch1][=Branch1][N+1][=Ring2][C][O-1][C][=N][N][Branch1][=Branch1][Cl][N+1][=Branch1][C][F][O-1][N+1][=Branch1][N][=O][O-1][N+1],C[N+]C(=NN([O-])Cl)NNN[N+]([O-])N(NC[N+](=O)[O-])[N+](=O)[O-],1.786423335035418,0.8608062009821094,0.7195111440199989,0.7939748024066463,-0.16996635011293215,,0.6956726222018924,mols/page_0058.png,18
1159,[O][=N+1][Branch1][C][O-1][C][=N][N][Branch1][=Branch1][N+1][=Branch1][C][=O][O-1][N+1][=Branch1][C][O-1][C][Branch1][=Branch1][N+1][S][C][O-1][N][N+1][=Branch1][C][=Ring1][O-1][N+1][=Branch1][O-1][N+1][=Branch1][Ring1][O-1][N+1][=Branch1][#N+1][O-1][C][=O][O-1][N][N][Branch1][=Branch1][O][N+1][=Branch1][C][=N][O-1][N+1][=Branch1][O][=O][O-1][C][Branch1][C][N+1][=Branch1][C][=C][O-1][N+1][=Branch1][N][N+1][=Branch1][=Branch1][C][=O][=O][O-1][N+1][Branch1][C][O-1],[N+][N+]=[N+]C([N+]SC[O-])[N+]([O-])N(N=C[N+](=O)[O-])[N+](=O)[O-],2.2017197490378493,1.8011568007757874,1.7504762814962136,1.782569829666453,0.7265927029456641,,1.6735954727291478,mols/page_0058.png,19
1160,[N][=N+1][Branch1][C][O-1][C][N][N][Branch1][=Branch1][N+1][=Branch1][C][=O][O-1][N+1][=Branch1][C][=N][O-1][N+1][=Branch1][N+1][=Branch1][O-1][=O][O-1][N+1][#C][C][O-1][N][Branch1][=Branch1],N=[N+]([O-])CNN([N+](=N)[O-])[N+](=O)[O-],1.4970246155449356,1.8401471698697531,1.6559150114292625,1.7058708345270706,0.31186605798153416,,1.5875504849337356,mols/page_0059.png,0
1161,[O][=N+1][Branch1][C][O-1][C][N][C][N][N][N][N][Branch1][=Branch1][N+1][=Branch1][C][=O][O-1][N+1][=Branch1][C][O-1][O-1][C][N][N][Branch1][N][C][N],O=[N+]([O-])CNCNNNN([N+]([O-])[O-])[N+](=O)[O-],1.597308431519336,0.7554764253390275,0.46083396365883555,0.7613684490028101,-0.6302595739903514,,0.5455990194515546,mols/page_0059.png,1
1162,[O][=N+1][Branch1][C][O-1][C][=C][N][=C][Branch2][Ring1][#Branch1][/N][=N][/C][=N][C][=C][Branch1][=Branch1][N+1][=Branch1][C][=O][O-1][C][=C][Ring1][=Branch2][N+1][=Branch1][C][=O][O-1][C][Branch1][=Branch1][N+1][=Branch1][C][=O][O-1][=C][Ring2][Ring1][#Branch1],O=[N+]([O-])c1cnc(/N=N/c2ncc([N+](=O)[O-])cc2[N+](=O)[O-])c([N+](=O)[O-])c1,1.6836858610047383,-0.8719107176309591,-0.7559978819213922,-0.7567462167339422,-0.19308393162706705,,-0.7289840297443715,mols/page_0059.png,2
1163,[O][=N+1][Branch1][C][O-1][C][N][N][N][N][Branch1][=Branch1][N+1][=Branch1][C][=O][O-1][N+1][=Branch1][C][O-1][C][N+1][=Branch1][C][NH1][C][N][Branch1][=Branch1],[NH][N+](CN)C[N+]([O-])N(NNNC[N+](=O)[O-])[N+](=O)[O-],1.6598833105991515,0.8099670963113719,0.522518133836409,0.9234365696733167,-0.7825608312594629,,0.6242398522803256,mols/page_0059.png,3
1164,[O][=N+1][Branch1][C][O-1][C][C][N][N][N][Branch1][=Branch1][N+1][=Branch1][C][=O][O-1][N+1][=Branch1][C][O-1][C][N][N][N+1][=Branch1][C][=N][N][Branch1][=Branch1][C][=O][N][N+1][=Branch1][N+1][=Branch1][O-1][=O][O-1][N+1][Branch1][C][O-1],N=[N+](NNC[N+]([O-])N(NNCC[N+](=O)[O-])[N+](=O)[O-])N(C=O)[N+](=O)[O-],1.9158857329053582,0.9217609613541141,0.648062991355459,0.7601858328286241,-0.3236341639247512,,0.6641669049163679,mols/page_0059.png,4
1165,[O][=N+1][Branch1][C][O-1][C][N][N][N][Branch1][=Branch1][N+1][=Branch1][C][=O][O-1][N+1][=Branch1][C][O-1][C][N+1][=Branch1][C][NH1][C][Branch1][=Branch1][N+1][#N][C][O-1][C][Branch1][=Branch1][Branch1][=Branch1][N+1][=C][C][O-1][C][=N][N][Branch1][=Branch1],CC=[N+]C([O-])([N+]#N)[N+]([NH])C[N+]([O-])N(NNC[N+](=O)[O-])[N+](=O)[O-],2.3292669435287103,0.3195824823993571,0.0021337699123232124,0.42156981995846304,-1.0468327846053798,,0.1443737126007673,mols/page_0059.png,5
1166,[O][=N+1][Branch1][C][O-1][C][C][N][N][Branch1][=Branch1][N+1][=Branch1][C][=O][O-1][N+1][=Branch1][C][O-1],O=[N+]([O-])CCNN([N+][O-])[N+](=O)[O-],1.5170246155449356,1.159295035025254,0.8697355469091415,1.1530414327228795,-0.5550095746901695,,0.9129732611037337,mols/page_0059.png,6
1167,[O][=N+1][Branch1][C][O-1][C][N][N][N][Branch1][=Branch1][N+1][=Branch1][C][=O][O-1][N+1][=Branch1][C][O-1][C][Branch1][=Branch1][N+1][N+1][=Branch1][C],[N+][N+]C[N+]([O-])N(NNC[N+](=O)[O-])[N+](=O)[O-],1.576601054988479,1.898072575754022,1.7362257477788121,1.8782278502503118,0.27655722472976874,,1.6875214434563102,mols/page_0059.png,7
1168,[O][=N+1][Branch1][C][O-1][C][N][N][Branch1][=Branch1][N+1][=Branch1][C][=O][O-1][N+1][=Branch1][C][O-1][N][N][C][Branch1][=Branch1][N+1],[N+]CNN[N+]([O-])N(NC[N+](=O)[O-])[N+](=O)[O-],1.576601054988479,1.4863804726352,1.3346873981155762,1.4127239730931176,0.060887418101237635,,1.276445298735065,mols/page_0059.png,8
1169,[O][=N+1][Branch1][C][O-1][C][N][N][N][N][C][N][Branch1][=Branch1][N+1][=Branch1][C][=O][O-1][N+1][=Branch1][C][O-1][C][C][N][Branch1][C][N][=N][N][Branch1][=Branch1][N][N+1][=Branch1][C][Branch1][=Branch1][N+1][#C][C][=O][O-1][N][N+1][=Branch1][N+1][=Branch1][O-1][=O][O-1][N+1],NN(CC[N+]([O-])N(CNNNNC[N+](=O)[O-])[N+](=O)[O-])NN(N[N+][N+]#CC=O)N[N+]([O-])O,2.227950530827869,0.2549659426530429,-0.0733518316738099,0.2713977164342748,-0.9405781153577487,,0.05990480278274331,mols/page_0059.png,9
1170,[NH1][=N][S][NH1][N][O][C][O][=N+1][Branch1][Branch1][N][N][O][=O][C][O][/C][#Branch1][/C][NH1][/N+1][O][P][=N+1][/N+1][O][Branch2][O][=N+1][=C][Branch1],C=[N+]OO[N+][N+]=PO[N+]C([NH])OC[N+](NNOO)OCONNSN=N,2.5036858610047386,-0.5762587609361584,-0.7468478216517754,-0.7182836519230613,-1.0166571099799853,,-0.7197558174142065,mols/page_0059.png,10
1171,[#Branch2][Branch1][P][O][=N+1][=N][O][=N+1][Branch1][C][O-1][C][C][N][Branch1][=Branch1][N+1][=Branch1][C][=O][O-1][N+1][=Branch1][C][O-1][C][N][Branch1][N][N+1][=Branch1][C][/N+1][O-1][N][N][N][=N][Branch1][O][=N+1][Branch1][N][C][N][N][N][N][C][N][Branch1][C][N][N][C][Branch1][=Branch1][N+1],[N+]C[N+](CNNNNCN(N)N)N(C[N+]([O-])N(CC[N+]([O-])ON=[N+]OP)[N+](=O)[O-])[N+]([N+])[O-],2.773567675943147,0.09802558253970177,-0.24023837740678003,0.13814853243104036,-1.053808835343556,,-0.08567466927870901,mols/page_0059.png,11
1172,[O][=N+1][Branch1][C][O-1][C][N][N][N][Branch1][=Branch1][N+1][=Branch1][C][=O][O-1][N+1][=Branch1][C][O-1][C][N+1][=Branch1][C][=N][O-1][N+1][=Branch1][N][=O][O-1][N+1],N=[N+]([O-])C[N+]([O-])N(NNC[N+](=O)[O-])[N+](=O)[O-],1.597308431519336,1.7765715779181095,1.6208703380919474,1.636080359772142,0.3335509592492822,,1.5371477188362994,mols/page_0059.png,12
1173,[O][=N+1][Branch1][C][O-1][C][N][N][N][Branch1][=Branch1][N+1][=Branch1][C][=O][O-1][N+1][=Branch1][C][O-1][C][N+1][=Branch1][C],[N+]C[N+]([O-])N(NNC[N+](=O)[O-])[N+](=O)[O-],1.5563039679725397,1.7552828206803848,1.5733913442150929,1.6768163597652805,0.19993821986081725,,1.5228889071160636,mols/page_0059.png,13
1174,[O][=N+1][Branch1][C][O-1][C][N][C][N][Branch1][=Branch1][N+1][=Branch1][C][=O][O-1][N+1][=Branch1][C][O-1][C][Branch1][=Branch1][N+1][N][C][=O][O-1][N][N+1][=Branch1][C][Branch1][=Branch1][O-1][N+1][=Branch1][O-1][=O][O-1][N+1],O=CN[N+]C(N[N+]([O-])[O-])[N+]([O-])N(CNC[N+](=O)[O-])[N+](=O)[O-],2.2864233350354186,1.4423699854975018,1.2385022047640224,1.2670006736925712,-0.0255852431289747,,1.1744597927295122,mols/page_0059.png,14
1175,[O][=N+1][Branch1][C][O-1][C][N][C][N][Branch1][=Branch1][N+1][=Branch1][C][=O][O-1][N+1][=Branch1][C][O-1][C][O-1][N+1][=Branch1][N][=O][O-1][N+1][=Ring2][C][O-1][C][Branch1][=Branch1][N+1][C][C][N][Branch1][=Branch2][N+1][=Branch1][C][C@@H1][O-1][N+1][=Branch1][N+1][=Branch1][O-1][=O][O-1][N+1][N][C][=O][O-1],O=[N+]([O-])CNCN([N+]([O-])C[O-])[N+](=O)[O-],1.5763039679725397,1.451098234553193,1.2189870165271828,1.4209355654453415,-0.14671774570446955,,1.2212237643777837,mols/page_0059.png,15
1176,[O][=N+1][Branch1][C][O-1][O][C][C][Branch1][#Branch1][O][N+1][=Branch1][C][=O][O-1][C][Branch1][Branch2][C][O][N+1][=Branch1][C][=O][O-1][O][N+1][=Branch1][C][=O][O-1],O=[N+]([O-])OCC(O[N+](=O)[O-])C(CO[N+](=O)[O-])O[N+](=O)[O-],2.743903847312421,1.1986232211393768,1.0308891707081913,0.9736988765538592,0.13359410383582496,,0.9602170589670183,mols/page_0059.png,16
1177,[O][=N+1][Branch1][C][O-1][C][N][N][N][N][Branch1][=Branch1][N+1][=Branch1][C][=O][O-1][N+1][=Branch1][C][O-1][C][=N][N][N+1][=Branch1][C][\N+1][O-1][N+1][=Branch1],[N+][N+]([O-])NN=C[N+]([O-])N(NNNC[N+](=O)[O-])[N+](=O)[O-],1.701719749037849,1.81053711524248,1.6523592454961,1.7729705328372116,0.21385236143320535,,1.5962975394628502,mols/page_0059.png,17
1178,[C][C][C][Branch2][Ring1][=N][C][N][Branch2][Ring1][Ring1][C][C][Branch1][Ring1][C][C][Branch1][=Branch1][N+1][=Branch1][C][=O][O-1][N+1][=Branch1][C][=O][O-1][N+1][=Branch1][C][=O][O-1][Branch1][=Branch1][N+1][=Branch1][C][=O][O-1][N+1][=Branch1][C][=O][O-1],CCC(CN(CC(CC)([N+](=O)[O-])[N+](=O)[O-])[N+](=O)[O-])([N+](=O)[O-])[N+](=O)[O-],1.9158857329053582,-0.8892729412250884,-1.1122280053399847,-0.5508666671099375,-2.0349033700171644,,-0.9242122404869597,mols/page_0059.png,18
1179,[O][=N+1][Branch1][C][O-1][C][N][N][Branch1][=Branch1][N+1][=Branch1][C][=O][O-1][N+1][=Branch1][C][O-1][C][Branch1][=Branch1][N+1],[N+]C[N+]([O-])N(NC[N+](=O)[O-])[N+](=O)[O-],1.536437499842364,1.8176564125370502,1.6491963642285672,1.7723937779593806,0.2690325921536599,,1.6025739645905226,mols/page_0059.png,19
1180,[O][=C][Branch2][Ring1][#Branch1][O][C][C][Branch1][=Branch1][N+1][=Branch1][C][=O][O-1][Branch1][=Branch1][N+1][=Branch1][C][=O][O-1][N+1][=Branch1][C][=O][O-1][N][Branch2][Branch1][Branch2][C][C][C][Branch2][Ring2][=Branch1][C][C][N][Branch2][Ring1][O][C][=Branch1][C][=O][O][C][C][Branch1][=Branch1][N+1][=Branch1][C][=O][O-1][Branch1][=Branch1][N+1][=Branch1][C][=O][O-1][N+1][=Branch1][C][=O][O-1][N+1][=Branch1][C][=O][O-1][Branch1][=Branch1][N+1][=Branch1][C][=O][O-1][N+1][=Branch1][C][=O][O-1][N+1][=Branch1][C][=O][O-1],O=C(OCC([N+](=O)[O-])([N+](=O)[O-])[N+](=O)[O-])N(CCC(CCN(C(=O)OCC([N+](=O)[O-])([N+](=O)[O-])[N+](=O)[O-])[N+](=O)[O-])([N+](=O)[O-])[N+](=O)[O-])[N+](=O)[O-],2.9842999454801133,0.8515908669206099,0.7293824510985523,0.6420003398892362,0.17435936715417155,,0.6694794021759023,mols/page_0060.png,0
1181,[O][=N+1][Branch1][C][O-1][C][N][N][Branch1][=Branch1][N+1][=Branch1][C][=O][O-1][N+1][=Branch1][C][Branch1][=Branch1][N+1][C][O-1][C][Branch1][=Branch1][N][N+1][=Branch1][C][O-1][N][N+1][=Branch1][N][=O][O-1][N+1][Branch1][C][O-1][N+1][=Branch1][N+1][=Branch1][O-1][=O][O-1][N+1][=O][O-1],O=[N+]([O-])CNN([N+]([N+]C[O-])N[N+]([O-])N[N+](=O)O[O-])[N+](=O)[O-],1.786423335035418,1.5825561926529967,1.4774853225690352,1.441996522098311,0.3733611024033709,,1.3791450978851696,mols/page_0060.png,1
1182,[O][=N+1][Branch1][C][O-1][C][N][N][Branch1][=Branch1][N+1][=Branch1][C][=O][O-1][N+1][=Branch1][C][O-1][C][N+1][=Branch1][C][C][O-1][N+1][=Branch1][N][=O][O-1][N+1],C[N+]([O-])C[N+]([O-])N(NC[N+](=O)[O-])[N+](=O)[O-],1.596601054988479,1.096745464069716,0.7360346592663606,1.252495825864387,-0.9255827287788995,,0.866635088301884,mols/page_0060.png,2
1183,[S][=C][=N+1][Branch1][O][C][N][=N][N][Branch1][=Branch1][C][N+1][=Branch1][C][=O][O-1][N+1][=Branch1][C],O=[N+]CNN=NC[N+]([O-])=C=S,1.518091503851731,0.17791380846005575,-0.06206102910415226,0.030450305981405298,-1.006810800696911,,-0.05953776283815311,mols/page_0060.png,3
1184,[O][=N+1][Branch1][C][O-1][C][N][N][N][N][Branch1][=Branch1][N+1][=Branch1][C][=O][O-1][N+1][=Branch1][C][N+1][=Branch1][C][O-1][C][O-1][N][N][N+1][=Branch1][C][=Branch1][N+1][=Branch1][N+1][=Branch1][=O][O-1][N+1][C][O-1][N+1][=Branch1][O-1][N+1][=Branch1][Branch1][=O][O-1][N+1][Branch1][C][O-1][N+1][C][C][=O][N+1][=Branch1][C][Cl][=Branch1][N+1][=Branch1],[N+][N+](C[O-])N(NNNC[N+](=O)[O-])[N+](=O)[O-],1.576601054988479,1.3736014388871618,1.2149157092522915,1.3055245858778797,0.06544505560299145,,1.1758836269463142,mols/page_0060.png,4
1185,[O][=N+1][Branch1][C][O-1][C][N][N][Branch1][=Branch1][N+1][=Branch1][C][=O][O-1][N+1][=Branch1][C][O-1][C][N+1][=Branch1][C],[N+]C[N+]([O-])N(NC[N+](=O)[O-])[N+](=O)[O-],1.536437499842364,1.8176564125370502,1.6491963642285672,1.7723937779593806,0.2690325921536599,,1.6025739645905226,mols/page_0060.png,5
1186,[N+1][N][O][=N+1][Branch1][C][O-1][C][N][N][N][N][=N][N][Branch1][=Branch1][N+1][=Branch1][C][=O][O-1][N+1][=Branch1][C][O-1][C][Branch1][=Branch1][N+1][=O][O-1][N+1][O-1][C][O-1][N+1][=Branch1][O-1][C][O-1][=Branch1][N+1][=Branch1][N+1][=Branch1][O-1][=O][O-1][N+1][Branch1][N+1][=Branch1][C][Cl][O-1],[N+]NO[N+]([O-])CNNNN=NN([N+]([O-])C(C[O-])[N+]=O)[N+](=O)[O-],2.3292669435287103,1.494357668036774,1.2807344315533697,1.3953004231735495,0.05173908124589033,,1.2570671022915447,mols/page_0060.png,6
1187,[C][N][Branch2][Ring2][=Branch1][C][C][N][Branch2][Ring1][O][C][=Branch1][C][=O][O][C][C][Branch1][=Branch1][N+1][=Branch1][C][=O][O-1][Branch1][=Branch1][N+1][=Branch1][C][=O][O-1][N+1][=Branch1][C][=O][O-1][N+1][=Branch1][C][=O][O-1][N+1][=Branch1][C][=O][O-1],CN(CCN(C(=O)OCC([N+](=O)[O-])([N+](=O)[O-])[N+](=O)[O-])[N+](=O)[O-])[N+](=O)[O-],1.9596423657706594,0.41737343914609204,0.2516116995660594,0.29049824385188394,-0.4696414242140093,,0.23648143979739053,mols/page_0060.png,7
1188,[O][=N+1][Branch1][C][O-1][C][C][N][Branch1][=Branch1][N+1][=Branch1][C][=O][O-1][N+1][=Branch1][C][O-1][N+1][=Branch1][N][=O][O-1][N+1],O=[N+][N+]([O-])N(CC[N+](=O)[O-])[N+](=O)[O-],1.536437499842364,1.4904939840713474,1.2906370416378026,1.4646045968435988,0.0856838069810105,,1.289692975862828,mols/page_0060.png,8
1189,[O][=N+1][Branch1][C][O-1][C][N][N][N][Branch1][=Branch1][N+1][=Branch1][C][=O][O-1][N+1][=Branch1][C][O-1][C][Branch1][=Branch1][N+1][N][C][O-1][N][N][Branch1][Ring1][N][N+1][=Branch1][C][N][O-1],[N+]NN(CN[O-])C([N+]NC[O-])[N+]([O-])N(NNC[N+](=O)[O-])[N+](=O)[O-],2.3724242818454764,1.4793963021486927,1.255246757562104,1.5137787714623951,-0.203036773543847,,1.2688685961582724,mols/page_0060.png,9
1190,[O][=N+1][Branch1][C][O-1][C][N][C][N][N][Branch1][=Branch1][N+1][=Branch1][C][=O][O-1][N+1][=Branch1][C][O-1][N+1][=Branch1][O-1][=N][N][N][Branch1],N=[N+](NN)[N+]([O-])N(NCNC[N+](=O)[O-])[N+](=O)[O-],1.6184079534080928,0.8949115788404054,0.6038899782015862,0.9574033122998629,-0.5642962815180311,,0.70123208602864,mols/page_0060.png,10
1191,[O][=N+1][=N+1][Branch1][C][O-1][C][N][N][Branch1][=Branch1][N+1][=Branch1][C][=O][O-1][N+1][=Branch1][C][N+1][=Branch1][C][O-1][O-1][N+1][=Branch1][Ring2][C][O-1][C][=N][N][Branch1][Branch1][Ring2][N+1][=Branch1][C][Cl][NH1][O][\N+1][/C][N+1][=N+1][Branch1][O-1][#N+1][=O][O][O][N+1][/N+1][O-1][=N+1][C][/N+1][C][N][N][N][=Ring2][Ring1][=C][Branch1][C][N][N+1][=Branch1][C][O],[N+][N+](C[O-])N(NC[N+]([O-])=[N+]=O)[N+](=O)[O-],1.5563039679725397,1.7842675210098784,1.635973080173495,1.7644463823291443,0.2625194073412395,,1.587090643961625,mols/page_0060.png,11
1192,[Ring2][P][=Ring2][=C][Ring2][F][#C][/N][#Branch2][Ring1][#C],FP,1.9772360217868288,-1.3249139142101294,-1.398143592092671,-1.4281605410978822,-1.567937774633282,,-1.4088223704781813,mols/page_0060.png,12
1193,[=N+1][N][=N+1][Branch1][C][O-1][C][N][C][N][N][N][Branch1][=Branch1][N+1][=Branch1][C][=O][O-1][N+1][=Branch1][C][O-1][C][N+1][=Branch1][C],[N+]C[N+]([O-])N(NNCNC[N+]([O-])=N[N+])[N+](=O)[O-],1.6384079534080929,1.0637430980632823,0.7650672389642592,1.1324842410059037,-0.5948895150870309,,0.8507073291505438,mols/page_0060.png,13
1194,[O][=N+1][Branch1][C][O-1][C][N][C][N][N][Branch1][=Branch1][N+1][=Branch1][C][=O][O-1][N+1][=Branch1][C][O-1][C][N+1][=Branch1][C][N+1][=Branch1][N+1][=Branch1][=O][O-1][N+1][C][O-1][C][=N][O][N+1][Branch1][C][O-1][N+1][=Branch1][O-1][=O][O-1][N+1][Branch1][C][=O][O-1],[N+][N+](C[N+]([O-])N(NCNC[N+](=O)[O-])[N+](=O)[O-])[N+]([O-])[N+]C[O-],1.786423335035418,1.5334863064227109,1.270292643163585,1.5337708508689494,-0.10940560913382466,,1.3035125168307715,mols/page_0060.png,14
1195,[C][C][=C][C][Branch1][=Branch1][N+1][=Branch1][C][=O][O-1][=C][Branch1][=Branch1][N+1][=Branch1][C][=O][O-1][C][Branch1][=Branch1][N+1][=Branch1][C][=O][O-1][=C][Ring1][#C],Cc1cc([N+](=O)[O-])c([N+](=O)[O-])c([N+](=O)[O-])c1,1.537308431519336,-1.4164073332043512,-1.3245007154138695,-1.1327800978854967,-1.1197109021643212,,-1.250310141525186,mols/page_0060.png,15
1196,[O][=N+1][Branch1][C][O-1][C][N][N][N][Branch1][=Branch1][N+1][=Branch1][C][=O][O-1][N+1][=Branch1][C][C][O-1][Branch1][=Branch1][N+1][#N][=Branch1][C][=O][N][N+1][=Branch1][C][O-1][=O][O-1][N+1][S][N][N+1][=Branch1][=Branch1][=O][O-1][=O][N+1][N][O-1][N][=O][N][O-1],C[N+]([O-])N(NNC[N+](=O)[O-])[N+](=O)[O-],1.536437499842364,0.9832845113135465,0.5950139789426282,1.0144174126958834,-0.9351474000648207,,0.706826847635915,mols/page_0060.png,16
1197,[O][=N+1][Branch1][C][O-1][C][=C][N][=C][Branch2][Ring1][#Branch1][/N][=N][/C][=N][C][=C][Branch1][=Branch1][N+1][=Branch1][C][=O][O-1][C][=C][Ring1][=Branch2][N+1][=Branch1][C][=O][O-1][C][Branch1][=Branch1][N+1][=Branch1][C][=O][O-1][=C][Ring2][Ring1][#Branch1],O=[N+]([O-])c1cnc(/N=N/c2ncc([N+](=O)[O-])cc2[N+](=O)[O-])c([N+](=O)[O-])c1,1.6836858610047383,-0.8719107176309591,-0.7559978819213922,-0.7567462167339422,-0.19308393162706705,,-0.7289840297443715,mols/page_0060.png,17
1198,[O][=N+1][Branch1][C][O-1][C][N][N][Branch1][=Branch1][N+1][=Branch1][C][=O][O-1][N+1][=Branch1][C],[N+]N(NC[N+](=O)[O-])[N+](=O)[O-],1.4596683620478217,1.6930019320990184,1.5490420774988711,1.7089762654880627,0.23569889842105854,,1.5176713984368035,mols/page_0060.png,18
1199,[=N+1][Branch1][C][O-1][C][C][N][Branch1][=Branch1][N+1][=Branch1][C][=O][O-1][N+1][=Branch1][C][N+1][=Branch1][C][O-1][O-1][N+1][=Branch1][=Branch1][C][=O][N][N+1][=Branch1][C][Branch1][O-1][N+1][=Branch1][=O][O-1][N+1][#Branch2][C][=O][O-1],[N+][N+](C[O-])N(CC[N+][O-])[N+](=O)[O-],1.5370246155449356,1.2227747812176901,0.8671763664692835,1.377530730769072,-0.8498723125790241,,0.9885128479714699,mols/page_0060.png,19
1200,[O][=N+1][Branch1][C][O-1][C][N][N][N][Branch1][=Branch1][N+1][=Branch1][C][=O][O-1][N+1][=Branch1][C][=N][O-1][N+1][=Branch1][N][=O][O-1][N+1],N=[N+]([O-])N(NNC[N+](=O)[O-])[N+](=O)[O-],1.516437499842364,1.639311023281372,1.4492129587282085,1.472616026594588,0.26704398299115367,,1.3878818044393457,mols/page_0061.png,0
1201,[C][C][=C][Branch1][=Branch1][N+1][=Branch1][C][=O][O-1][C][=C][Branch1][=Branch1][N+1][=Branch1][C][=O][O-1][C][Branch2][Ring1][#C][C][=C][Branch1][=Branch1][N+1][=Branch1][C][=O][O-1][C][=C][Branch1][=Branch1][N+1][=Branch1][C][=O][O-1][C][Branch1][C][C][=C][Ring1][=N][N+1][=Branch1][C][=O][O-1][=C][Ring2][Ring1][N][N+1][=Branch1][C][=O][O-1],Cc1c([N+](=O)[O-])cc([N+](=O)[O-])c(-c2c([N+](=O)[O-])cc([N+](=O)[O-])c(C)c2[N+](=O)[O-])c1[N+](=O)[O-],1.9745496759431462,-1.1941724424414502,-1.0355327661695104,-1.064000287539935,-0.43395666546169614,,-1.0264220837148839,mols/page_0061.png,1
1202,[O][=C][Branch2][Ring1][#Branch1][C][C][C][Branch1][=Branch1][N+1][=Branch1][C][=O][O-1][Branch1][=Branch1][N+1][=Branch1][C][=O][O-1][N+1][=Branch1][C][=O][O-1][N][C][C][Branch1][=Branch1][N+1][=Branch1][C][=O][O-1][Branch1][=Branch1][N+1][=Branch1][C][=O][O-1][N+1][=Branch1][C][=O][O-1],O=C(CCC([N+](=O)[O-])([N+](=O)[O-])[N+](=O)[O-])NCC([N+](=O)[O-])([N+](=O)[O-])[N+](=O)[O-],2.0036858610047386,1.016027622397534,0.893650404564179,0.8681509427465722,0.23199474650198137,,0.8478793584892552,mols/page_0061.png,2
1203,[O][=N+1][Branch1][C][O-1][C][N][N][Branch1][=Branch1][N+1][=Branch1][C][=O][O-1][N+1][=Branch1][C][O-1][C][Branch1][=Branch1][N+1],[N+]C[N+]([O-])N(NC[N+](=O)[O-])[N+](=O)[O-],1.536437499842364,1.8176564125370502,1.6491963642285672,1.7723937779593806,0.2690325921536599,,1.6025739645905226,mols/page_0061.png,3
1204,[O][=N+1][Branch1][C][O-1][C][N][N][N][Branch1][=Branch1][N+1][=Branch1][C][=O][O-1][N+1][=Branch1][C][O-1][C][N+1][=Branch1][C][N][C][Branch1][=Branch1][N+1][C][C][O-1][N+1][=Branch1][N+1][=Branch1][O-1][=O][O-1][N+1][#C][O-1],N[N+](C[N+]([O-])N(NNC[N+](=O)[O-])[N+](=O)[O-])C([O-])[N+]CC[O-],2.2864233350354186,0.8926018531677021,0.5772089569657736,1.0423725604195715,-0.8627799044398481,,0.6981237362572128,mols/page_0061.png,4
1205,[O][=N+1][Branch1][C][O-1][C][N][N][N][Branch1][=Branch1][N+1][=Branch1][C][=O][O-1][N+1][=Branch1][C][N][O-1][N+1][=Branch1][O][N+1][=Branch1][C][O-1][C][Branch1][N+1][=Branch1][C],N[N+]([O-])N(NNC[N+](=O)[O-])[N+](=O)[O-],1.516437499842364,1.6718828689923495,1.5153843189730716,1.691309565026055,0.11891219259293723,,1.485231842261071,mols/page_0061.png,5
1206,[O][=N+1][Branch1][C][O-1][C][C][N][N][Branch1][=Branch1][N+1][=Branch1][C][=O][O-1][N+1][=Branch1][C][O-1][N+1][=Branch1][N+1][=Branch1][N][=O][O-1][N+1][O][C][=O][O-1][N][Branch1][=Branch1][C][N+1][=Branch1][C][=N][O-1][N+1][=Branch1][N][O-1][C][N+1][=Branch1][N+1][N][C],N=[N+]([O-])[N+](O[O-])[N+]([O-])N(NCC[N+](=O)[O-])[N+](=O)[O-],1.6598833105991515,1.453513233436829,1.297659136344472,1.2978355656859264,0.15369693426739192,,1.222297012146435,mols/page_0061.png,6
1207,[O][=N+1][Branch1][C][O-1][C][N][C][N][Branch1][=Branch1][N+1][=Branch1][C][=O][O-1][N+1][=Branch1][C][O-1][C][N+1][=Branch1][C][=Branch2][O-1][N+1][=Branch1][N][=O][O-1][N+1][C][=O][O-1],O=N[N+]C[N+]([O-])N(CNC[N+](=O)[O-])[N+](=O)[O-],1.617308431519336,1.5512366267795326,1.3225922999458735,1.5700987957243797,-0.1274230938734285,,1.3337544405837607,mols/page_0061.png,7
1208,[O][=N+1][Branch1][C][O-1][C][N][N][Branch1][=Branch1][N+1][=Branch1][C][=O][O-1][N+1][=Branch1][C][O-1][C][Branch1][=Branch1][N+1][N+1][=Branch1][C],[N+][N+]C[N+]([O-])N(NC[N+](=O)[O-])[N+](=O)[O-],1.5563039679725397,1.9741961059520652,1.8240511220499915,1.9839410189566047,0.35518198194366185,,1.7786564127775224,mols/page_0061.png,8
1209,[O][=N+1][Branch1][C][O-1][C][N][N][Branch1][=Branch1][N+1][=Branch1][C][=O][O-1][N+1][=Branch1][C][N+1][=Branch1][C][O-1][C][O-1][N][N][N][N][Branch1][N+1][=Branch1][C][Branch1][=Branch1][N+1][N][C][=O][=Branch1][N+1][=Branch1][O-1][N][=O][O-1][N+1][Branch1][C][O-1][N+1][=Branch1][N+1][=Branch1][N+1][O-1][C][=O][O-1],[N+][N+](C[O-])N(NC[N+](=O)[O-])[N+](=O)[O-],1.536437499842364,1.6118472851635632,1.4786211744966606,1.6148689453249556,0.21338949550744957,,1.4399036425957832,mols/page_0061.png,9
1210,[O][=N+1][Branch1][C][O-1][C][N][N][Branch1][=Branch1][N+1][=Branch1][C][=O][O-1][N+1][=Branch1][C][O-1][C][=N][N][Branch1][=Branch1],NN=C[N+]([O-])N(NC[N+](=O)[O-])[N+](=O)[O-],1.5563039679725397,1.8322972450664707,1.6538707334942786,1.8323704639700982,0.11361250019433689,,1.6158514302476605,mols/page_0061.png,10
1211,[O][=N+1][Branch1][C][O-1][C][N][N][Branch1][=Branch1][N+1][=Branch1][C][=O][O-1][N+1][=Branch1][C][O-1][C],C[N+]([O-])N(NC[N+](=O)[O-])[N+](=O)[O-],1.5170246155449356,1.175775791883066,0.7914684496577209,1.2643958731301932,-0.8891571396427709,,0.9086536956729969,mols/page_0061.png,11
1212,[O][=N+1][Branch1][C][O-1][C][=C][C][Branch1][=Branch1][N+1][=Branch1][C][=O][O-1][=C][Branch2][=Branch1][S][N][C][=N][C][Branch2][Ring1][=N][N][C][=C][C][Branch1][=Branch1][N+1][=Branch1][C][=O][O-1][=C][C][Branch1][=Branch1][N+1][=Branch1][C][=O][O-1][=C][Ring1][N][N+1][=Branch1][C][=O][O-1][=C][Branch1][=Branch1][N+1][=Branch1][C][=O][O-1][C][Branch2][Ring1][=N][N][C][=C][Branch1][=Branch1][N+1][=Branch1][C][=O][O-1][C][=C][Branch1][=Branch1][N+1][=Branch1][C][=O][O-1][C][=C][Ring1][N][N+1][=Branch1][C][=O][O-1][=N][Ring2][Ring2][=Branch2][C][Branch1][=Branch1][N+1][=Branch1][C][=O][O-1][=C][Ring2][Branch1][=Branch1],O=[N+]([O-])c1cc([N+](=O)[O-])c(Nc2nc(Nc3cc([N+](=O)[O-])cc([N+](=O)[O-])c3[N+](=O)[O-])c([N+](=O)[O-])c(Nc3c([N+](=O)[O-])cc([N+](=O)[O-])cc3[N+](=O)[O-])n2)c([N+](=O)[O-])c1,3.031416964816933,-0.7423351073923108,-0.5917085274211336,-0.7929496756763003,0.38707197481259636,,-0.6119835814926216,mols/page_0061.png,12
1213,[Branch2][/C][#Branch1][P][N][=C][Branch1][=Branch1][N+1][=Branch1][C][=O][O-1][N+1][=Branch1][C][C][Branch1][=Branch1][N+1][#N][=Branch1][C][O-1][N][=N][N][N+1][O][/N+1][=Branch1][N+1][=Branch1][=O][=N+1][=O][O-1][N+1][C][O-1][C][N][N][Branch1][Ring1][N][N+1][C][O][=Branch1][/N+1][=N+1][Branch1][C][O-1][N][C][Branch1][=Branch1][Ring1][=Branch1][N+1][=Branch1][N+1][=Branch1][O-1][C][=O][O-1][C][N+1][=Branch1][C][O][=O][Branch1][O-1][N],C[N+]([N+])C(=NCN([O-])N=NN[N+]O[N+]([N+])O[O-])[N+](=O)[O-],1.7439038473124213,1.4068834859614467,1.17643345479993,1.3334645087057246,-0.22415227625213358,,1.1567998110474207,mols/page_0061.png,13
1214,[O][=N+1][Branch1][C][O-1][C][N][N][N][Branch1][=Branch1][N+1][=Branch1][C][=O][O-1][N+1][=Branch1][C][O-1][N][N+1][=Branch1][C][N+1][=Branch1][C],C[N+]([N+])N[N+]([O-])N(NNC[N+](=O)[O-])[N+](=O)[O-],1.597308431519336,1.187046310420685,0.9347748882475071,1.2687300427439556,-0.5192599167472081,,0.9860213250899095,mols/page_0061.png,14
1215,[O][=N+1][Branch1][C][O-1][N][C][C][C][Branch1][=Branch2][C][C][N][N+1][=Branch1][C][=O][O-1][Branch1][=Branch1][N+1][=Branch1][C][=O][O-1][N+1][=Branch1][C][=O][O-1],O=[N+]([O-])NCCC(CCN[N+](=O)[O-])([N+](=O)[O-])[N+](=O)[O-],1.721719749037849,-0.14077805463044774,-0.4182004376893798,0.04378462799386729,-1.3185424301021975,,-0.2540850148926297,mols/page_0061.png,15
1216,[O][=N+1][Branch1][C][O-1][C][C][N][Branch1][=Branch1][N+1][=Branch1][C][=O][O-1][N+1][=Branch1][C][O-1][C][N][Branch1][N+1][=Branch1][C][N+1][=Branch1][C][C][O-1][C][N+1][=Branch1][N+1][=Branch1][N][=O][O-1][N+1][=O][O-1],C[N+]([O-])CNC[N+]([O-])N(CC[N+](=O)[O-])[N+](=O)[O-],1.678407953408093,-0.030597069453712163,-0.47589986298587145,0.22167051986352107,-1.8486414683435284,,-0.2228201719988403,mols/page_0061.png,16
1217,[O][=N+1][Branch1][C][O-1][C][N][N][N][Branch1][=Branch1][N+1][=Branch1][C][=O][O-1][N+1][=Branch1][C][N][C][N+1][=Branch1][C][=N][N][Branch1][=Branch1][C][N+1][=Branch1][N+1][=Branch1][N][=O][O-1][N+1][O-1][C][O-1],N=[N+](C[N+](N)N(NNC[N+](=O)[O-])[N+](=O)[O-])NC[N+]O[O-],1.7439038473124213,0.9187111807209734,0.5921353800754291,0.9798501822656327,-0.743029877076465,,0.6953487253977072,mols/page_0061.png,17
1218,[O][=N+1][Branch1][C][O-1][C][N][N][Branch1][=Branch1][N+1][=Branch1][C][=O][O-1][N+1][=Branch1][C][O-1][N+1][=Branch1][N][=O][O-1][N+1][#C][O-1][N+1][=Branch1][O-1][=O][O-1][N+1][=C][C][=O][O-1],O=CC[N+](=O)[N+]([O-])N(NC[N+](=O)[O-])[N+](=O)[O-],1.617308431519336,0.6467276272035634,0.43965652192611226,0.5611050947807901,-0.4081402572270171,,0.4552240494720332,mols/page_0061.png,18
1219,[O][=N+1][Branch1][C][O-1][C][N][C][Branch1][=Branch1][N+1][=Branch1][C][=O][O-1][N+1][=Branch1][C][O-1][C][N+1][=Branch1][C][C][O-1][N+1][=Branch1][O-1][C][O-1][C][Branch1][=Branch1][C][N+1][=Branch1][N+1][=Branch1][N][=O][O-1][N+1][Branch1][C][O-1][N+1][S][C][O-1][N+1][O-1][C][=O][N][N+1][=Branch1][C],C[N+]([O-])C[N+]([O-])C(NC[N+](=O)[O-])[N+](=O)[O-],2.116601054988479,0.706415966560467,0.34043621467796203,0.8633595784664546,-1.1505772021392562,,0.4919991564822635,mols/page_0061.png,19
1220,[O][=N+1][Branch1][C][O-1][C][N][N][N][N][Branch1][=Branch1][N+1][=Branch1][C][=O][O-1][N+1][=Branch1][C][O-1][C],C[N+]([O-])N(NNNC[N+](=O)[O-])[N+](=O)[O-],1.5563039679725397,0.8716289155627757,0.4714616535733328,0.88908427894909,-1.0382134373794678,,0.5875850101257164,mols/page_0062.png,0
1221,[N][C][=N][NH1][C][Branch2][Ring1][=N][N][C][=C][Branch1][=Branch1][N+1][=Branch1][C][=O][O-1][C][=C][Branch1][=Branch1][N+1][=Branch1][C][=O][O-1][C][=C][Ring1][N][N+1][=Branch1][C][=O][O-1][=N][Ring2][Ring1][Branch1],Nc1n[nH]c(Nc2c([N+](=O)[O-])cc([N+](=O)[O-])cc2[N+](=O)[O-])n1,1.5292669435287096,-0.989069588326385,-0.8216469930375523,-0.9184381929189067,0.034714676574508496,,-0.8165829548510961,mols/page_0062.png,1
1222,[O][=N+1][Branch1][C][O-1][C][N][N][N][N][=N][N][N][N][Branch1][=Branch1][N+1][=Branch1][C][=O][O-1][N+1][=Branch1][C][O-1][C][N+1][=Branch1][C][=N][O-1][N+1][=Branch1],N=[N+]([O-])C[N+]([O-])N(NNN=NNNNC[N+](=O)[O-])[N+](=O)[O-],1.786423335035418,1.5210907786458705,1.3433449151702328,1.3851691505718988,0.16749842064091883,,1.2869264257468773,mols/page_0062.png,2
1223,[O][=N+1][Branch1][C][O-1][C][N][C][N][N][Branch1][=Branch1][N+1][=Branch1][C][=O][O-1][N+1][=Branch1][C][O-1][N][N][=N][N][Branch1][=Branch1][C][=N][N][=N][N][=N][Branch1][=Branch1][N+1][Branch1][C][O-1],NN=NN=CN(N=NN[N+]([O-])N(NCNC[N+](=O)[O-])[N+](=O)[O-])N[N+][O-],1.9596423657706594,1.0995359897804104,0.864105477708825,1.1190921539474479,-0.298122659434816,,0.9087349625078064,mols/page_0062.png,3
1224,[O][=N+1][Branch1][C][O-1][C][C][N][Branch1][=Branch1][N+1][=Branch1][C][=O][O-1][N+1][=Branch1][C][O-1][C][N+1][=Branch1][C][NH1][O-1][N+1][=Branch1][N][=O][O-1][N+1][C][O-1][N+1][=Branch1],[NH][N+]([O-])C[N+]([O-])N(CC[N+](=O)[O-])[N+](=O)[O-],1.596601054988479,1.5195541040146436,1.2719842831547843,1.5910934793013252,-0.13975761363569775,,1.3203462271493174,mols/page_0062.png,4
1225,[O][=N+1][Branch1][C][O-1][C][=N][N][Branch1][=Branch1][N+1][=Branch1][C][=O][O-1][N+1][=Branch1][C][N+1][=Branch1][C][O-1][N+1][=Branch1][O-1][N+1][=Branch1][O][N+1][=Branch1][C][/C][O-1][N+1][=Branch1][=Branch1][C][=O][C][O-1][N+1][Branch1][C][O-1][N+1][O-1][C][O-1][C][N][Branch1][=Branch1][N][N+1][=Branch1][C],[N+][N+](C[O-])N(N=C[N+](=O)[O-])[N+](=O)[O-],1.536437499842364,1.6399520899986937,1.5703607021764792,1.665585312334474,0.5001875905734803,,1.5188310820349307,mols/page_0062.png,5
1226,[O][=N+1][Branch1][C][O-1][C][N][Branch1][=Branch1][N+1][=Branch1][C][=O][O-1][N+1][=Branch1][C][O-1][C][N+1][=Branch1][C][=Branch1][N+1][=Branch1][N][=O][O-1][N+1],O=N[N+]C[N+]([O-])N(C[N+](=O)[O-])[N+](=O)[O-],1.5563039679725397,1.8556301880866355,1.7131905684726723,1.8278786719052513,0.3879523996819572,,1.662151897870123,mols/page_0062.png,6
1227,[O][=N+1][Branch1][C][O-1][C][N][C][N][Branch1][=Branch1][N+1][=Branch1][C][=O][O-1][N+1][=Branch1][C][O-1][C][=N][O][N+1][Branch1][=Branch1][N+1][=O][O-1][N+1][#Branch2][C][O-1][C][Branch1][=Branch1][N+1],O=[N+][N+](C[O-])ON=C[N+]([O-])N(CNC[N+](=O)[O-])[N+](=O)[O-],1.7439038473124213,1.4962934381243729,1.2277806058318868,1.414755153315044,0.0196103083358913,,1.2488816031486718,mols/page_0062.png,7
1228,[O][=N+1][Branch1][C][O-1][C][N][C][Branch1][=Branch1][N+1][=Branch1][C][=O][O-1][N+1][=Branch1][C][O-1][C][N+1][=Branch1][C],[N+]C[N+]([O-])C(NC[N+](=O)[O-])[N+](=O)[O-],2.056437499842364,1.6108746863939012,1.3994897309808547,1.5842413805897027,0.034745289400286,,1.3897621855195987,mols/page_0062.png,8
1229,[N][C][N][Branch1][=Branch1][N+1][=Branch1][C][=O][O-1][N+1][=Branch1][C][O-1],NCN([N+][O-])[N+](=O)[O-],1.4644996950521225,1.1488996982561355,0.9026650314206031,1.1925473506900852,-0.44799570736325645,,0.945110551958893,mols/page_0062.png,9
1230,[O][=N+1][Branch1][C][O-1][C][C][N][Branch1][=Branch1][N+1][=Branch1][C][=O][O-1][N+1][=Branch1][C],[N+]N(CC[N+](=O)[O-])[N+](=O)[O-],1.4796683620478217,1.2695757940660826,0.9977986993093496,1.3660274263773018,-0.4238605555202775,,1.070868538342751,mols/page_0062.png,10
1231,[O][=N+1][Branch1][C][O-1][C][N][N][Branch1][=Branch1][N+1][=Branch1][C][=O][O-1][N+1][=Branch1][C][O-1][N][N][N][C][Branch1][=Branch1][N+1][=Branch2][C][O-1][N][C][Branch1][N+1][=Branch1][C][O][N+1][=Branch1][C][Branch1][=Branch1][O-1][N+1][=Branch1][N+1][=Branch1],N[N+]C(CCO[N+][O-])NNN[N+]([O-])N(NC[N+](=O)[O-])[N+](=O)[O-],2.3292669435287103,0.1445673404656479,-0.19806045175008055,0.2965895455623924,-1.2380821278546859,,-0.01854567238161979,mols/page_0062.png,11
1232,[O][=N+1][Branch1][C][O-1][C][C][N][Branch1][=Branch1][N+1][=Branch1][C][=O][O-1][N+1][=Branch1][C][N+1][=Branch1][C][O-1][C][Branch1][=Branch1][N+1][N][C][=O][O-1][N][N+1][=Branch1][C][N][N+1][=Branch1],[N+][N+](C[O-])N(CC[N+](=O)[O-])[N+](=O)[O-],1.556437499842364,1.181143154398681,0.9199851762247536,1.3044557086314648,-0.42853084822089255,,1.0042112812863555,mols/page_0062.png,12
1233,[O][=N+1][Branch1][C][O-1][C][C][N][Branch1][=Branch1][N+1][=Branch1][C][=O][O-1][N+1][=Branch1][C][O-1][N+1][=Branch1][O-1][C][O-1][C][Branch1][=Branch1][N+1][N+1][C][O-1][C][N][N][Branch1][=Branch1][Branch1][=Branch1][N+1][=Branch2][C][N+1][=Branch1][C],C[N+]([O-])[N+]([O-])N(CC[N+](=O)[O-])[N+](=O)[O-],1.5763039679725397,1.0807957869924303,0.6849079069492693,1.1948964625605054,-0.9032157737528288,,0.8290629311343441,mols/page_0062.png,13
1234,[C][N+1][=Branch1][C][=O][O-1][N+1][=Branch1][C][O-1][N+1][=Branch1][N+1][=Branch1][C][C][O-1][C][N][C][Branch1][=Branch1][N+1][=Branch1][N+1][O-1][C][O-1][N][N][N][Branch1][=Branch1][N+1][=O][O-1][N+1],C[N+](=O)[O-],1.482440063862291,-0.8154701353934278,-1.333418239068382,-0.6663345161412848,-3.177718116195105,,-1.1215277116914768,mols/page_0062.png,14
1235,[/C][Ring1][#Branch2][O][=Branch2][=N+1][Branch1][=Branch2][O][Branch1][=N+1][Branch1][C][O-1][C][N][N][Branch1][=Branch1][N+1][=Branch1][C][=O][O-1][N+1][=Branch1][O-1][N+1][#N][/C][O-1][=Branch1][C@@H1][Branch1][\N+1][=Branch2][\N+1][Cl][C@@H1][S][/N][=Ring1][Cl][#Branch2][#Branch1][NH1][/N][=O],CO[N+](O[N+]([O-])CN)N([N+]([N+])NC[O-])[N+](=O)[O-],1.6384079534080929,0.7489054914864801,0.4484034761404244,0.8664005275156396,-0.9692096790509265,,0.5489664850078892,mols/page_0062.png,15
1236,[O][=N+1][Branch1][C][O-1][C][N][N][Branch1][=Branch1][N+1][=Branch1][C][=O][O-1][N+1][=Branch1][C][O-1][C][N+1][=Branch1][C][N][N][N+1][=Branch1][C][F][O-1][N+1][=Branch1][N][=O][O-1][N+1][N+1][=Branch1][C][N+1][=Branch1][O-1][=O][O-1][N+1][Branch1][C][O-1][N+1][=Branch1][N+1][=Branch1][O-1][C][O-1][C],N[N+](C[N+]([O-])N(NC[N+](=O)[O-])[N+](=O)[O-])N[N+]([O-])F,1.6598833105991515,2.0041785449224885,1.877851406603929,2.1771682323437194,0.395181924617571,,1.8808929732808493,mols/page_0062.png,16
1237,[O][=N+1][Branch1][C][O-1][C][N][N][N][Branch1][=Branch1][N+1][=Branch1][C][=O][O-1][N+1][=Branch1][C][O-1][N+1][=Branch1][N+1][=Branch1][O-1][C][O-1][N+1][Branch1][C][O-1][N+1][C][N+1][=Branch1][C][Cl][O-1][N+1][=Branch1],C[N+]([O-])[N+]([O-])N(NNC[N+](=O)[O-])[N+](=O)[O-],1.576601054988479,1.402705553605176,1.1067912939235773,1.387594386921536,-0.4102084597365448,,1.141391120677148,mols/page_0062.png,17
1238,[O][=N+1][Branch1][C][O-1][C][N][C][Branch1][=Branch1][N+1][=Branch1][C][=O][O-1][N+1][=Branch1][C][O-1][N+1][=Branch1][N][C][O-1][N+1][N+1][C][O-1][C][N+1][=Branch1][C][N+1][=Branch1][N+1][=Branch1][O-1][C][O-1][N+1][Branch1][C][O-1][N+1][O-1][C][O-1][N][N+1][=Branch1][C],C[N+]([O-])[N+](C[O-])[N+]([O-])C(NC[N+](=O)[O-])[N+](=O)[O-],2.1584079534080933,1.1225656831034108,0.8186630957246982,1.230429130503647,-0.6816756516532048,,0.9093112817431656,mols/page_0062.png,18
1239,[N][C][=N][N][Branch1][=Branch1][N+1][=Branch1][C][=O][O-1][N+1][=Branch1][C][O-1][C][N][N][Branch1][=Branch1][C][N+1][=Branch1][C][=N][O][N+1][=Branch1][C],[N+]ON(C[N+]=N)NC[N+]([O-])N(N=CN)[N+](=O)[O-],1.6384079534080929,0.7603881276879187,0.47244674000325315,0.7645450787414227,-0.6178846452980558,,0.5522382838895564,mols/page_0062.png,19
1240,[O][=N+1][Branch1][C][O-1][C][C][N][Branch1][=Branch1][N+1][=Branch1][C][=O][O-1][N+1][=Branch1][C][O-1][C][N][N+1][=Branch1][C][Branch1][=Branch1][N+1][=Branch2][O-1][C][N+1][=Branch1][C][N][O-1][N+1][=Branch1][N+1][=Branch1][=O][O-1][N+1],[N+][N+][N+](CN[O-])NC[N+]([O-])N(CC[N+](=O)[O-])[N+](=O)[O-],1.701719749037849,1.2966907164700545,1.0080111452683034,1.370791027612058,-0.5025955189069696,,1.0742323245887155,mols/page_0063.png,0
1241,[O][=N+1][Branch1][C][O-1][C][N][N][N][Branch1][=Branch1][N+1][=Branch1][C][=O][O-1][N+1][=Branch1][C][O-1][N+1][=Branch1][N][=O][O-1][N+1][Branch1][C][O-1],O=[N+][N+]([O-])N(NNC[N+](=O)[O-])[N+](=O)[O-],1.5363039679725397,1.6978177886887023,1.5520216125891102,1.5689255831623323,0.36542870698790575,,1.4765729542831767,mols/page_0063.png,1
1242,[=Branch2][C][=N+1][Branch1][C][N][C][Branch1][=Branch1][N+1][=Branch1][C][=O][O-1][N+1][=Branch1][C][F][O-1][NH1][C][C][Branch1][=Branch1][C][N+1][=Branch1][=N+1][=Branch1][N+1][=Branch1][=O][C][=O][O-1][N][N+1][O][Branch1][=O][O-1][O][=N+1],C=[N+](N)C([N+]([O-])F)[N+](=O)[O-],1.979668362047822,1.3144583204883724,1.1244097755388647,1.377082044132747,-0.026781592360359298,,1.1578716824238722,mols/page_0063.png,2
1243,[=N+1][O][=N+1][Branch1][C][O-1][C][N][Branch1][=Branch1][N+1][=Branch1][C][=O][O-1][N+1][=Branch1][C][O-1][C][Branch1][=Branch1][N+1][N][C][=O][O-1][C][Branch1][=Branch2][N+1][=Branch1][C][C][O-1][N+1][=Branch1][N][=O][O-1][N+1][C][O][C],C[N+]([O-])C(=O)C([N+]NC=O)[N+]([O-])N(C[N+]([O-])O[N+])[N+](=O)[O-],2.2864233350354186,0.6859851074297463,0.4100777367174601,0.590998729978182,-0.788777683918357,,0.4315374346362387,mols/page_0063.png,3
1244,[=Branch2][=C][Branch1][O][=N+1][Branch1][C][O-1][N][=N][O][C][Branch1][=N+1][Branch1][O][N+1][=Branch1][C][=O][O-1][N+1][=Branch1][C],CON=N[N+]([O-])CO[N+](=O)[O-],1.498091503851731,0.6832872849943508,0.37580541713745597,0.6698247326250932,-0.8991405943853283,,0.4427890091444562,mols/page_0063.png,4
1245,[O][=N+1][Branch1][C][O-1][C][C][N][N][Branch1][=Branch1][N+1][=Branch1][C][=O][O-1][N+1][=Branch1][C][O-1][C][N][Branch1][=Branch1],NC[N+]([O-])N(NCC[N+](=O)[O-])[N+](=O)[O-],1.5763039679725397,0.685575013279695,0.2962127334125694,0.8371440989883978,-1.1397965894134527,,0.46632491732708,mols/page_0063.png,5
1246,[O][=N+1][Branch1][C][O-1][C][N][N][Branch1][=Branch1][N+1][=Branch1][C][=O][O-1][N+1][=Branch1][C][O-1][N][N][N][Branch1][N+1][=Branch1][C][/C],CCNNN[N+]([O-])N(NC[N+](=O)[O-])[N+](=O)[O-],1.617308431519336,-0.24003655136242402,-0.5240758278711845,0.0039003265858487193,-1.6339084141837887,,-0.35285880559244154,mols/page_0063.png,6
1247,[O][=N+1][Branch1][C][O-1][C][C][Branch1][=Branch1][N+1][=Branch1][C][=O][O-1][N+1][=Branch1][C][O-1][C][Branch1][=Branch1],C[N+]([O-])C(C[N+](=O)[O-])[N+](=O)[O-],2.018091503851731,0.6472524220162728,0.23824212187126503,0.8444453321273996,-1.3412620448812251,,0.42502556433472183,mols/page_0063.png,7
1248,[O][=N+1][Branch1][=N+1][O-1][C][N][C][Branch1][=Branch1][N+1][=Branch1][C][=O][O-1],O=[N+]([O-])CNC[N+](=O)[O-],1.481790468830701,1.0245578949669936,0.8042867111469243,0.9104157013988062,-0.20666133211590268,,0.8007112988764117,mols/page_0063.png,8
1249,[O][=N+1][Branch1][C][O-1][C][C][N][N][Branch1][=Branch1][N+1][=Branch1][C][=O][O-1][N+1][=Branch1][C][=N][O-1][N+1][=Branch1],N=[N+]([O-])N(NCC[N+](=O)[O-])[N+](=O)[O-],1.536437499842364,1.1834811624265602,0.8861990114911629,1.1707681371861522,-0.49677173493105853,,0.9360501248607858,mols/page_0063.png,9
1250,[O][=N+1][NH1][=Branch1][C][=O][O-1][=N+1][Branch1][C][O-1][C][N][N][Branch1][=Branch1][N+1][=Branch1][C][=O][=Branch1][N+1][=Branch1][O-1][C][=O][O-1][N+1][=Branch1][=Branch1][=O][O-1][N+1][#Branch2][O-1][=Branch1][N+1][=Branch1][\N+1],O=CN[N+]=O,1.4767229808842466,-0.664499709085145,-0.7249500913653977,-0.9305876598019116,-0.8280245510781398,,-0.8023999691412143,mols/page_0063.png,10
1251,[O][=N+1][Branch1][C][O-1][C][N][N][N][Branch1][=Branch1][N+1][=Branch1][C][=O][O-1][N+1][=Branch1][C][O-1][N][N+1][=Branch1][C][N+1][=Branch1][C][N][O-1][N+1][=Branch1][N+1][=Branch1][=O][O-1],[N+][N+](CN[O-])N[N+]([O-])N(NNC[N+](=O)[O-])[N+](=O)[O-],1.6598833105991515,1.8294925781781883,1.6858323801708963,1.835791587624313,0.20402686887165977,,1.6335505615241623,mols/page_0063.png,11
1252,[O][=N+1][Branch1][C][O-1][C][=N][O][N][=C][Ring1][Branch1][C][=N][O][N+1][Branch1][C][O-1][=C][Ring1][=Branch1][C][=N][O][N][=C][Ring1][Branch1][N+1][=Branch1][C][=O][O-1],O=[N+]([O-])c1nonc1-c1no[n+]([O-])c1-c1nonc1[N+](=O)[O-],1.3492669435287097,1.8026950466489686,2.0895766334933508,2.0936211686122026,2.128515631017373,,2.023367950582198,mols/page_0063.png,12
1253,[O][=N+1][Branch1][C][O-1][C][=C][C][Branch1][=Branch1][N+1][=Branch1][C][=O][O-1][=C][Branch2][Ring2][=N][N][C][=N][N][Branch2][Ring1][N][C][=C][Branch1][=Branch1][N+1][=Branch1][C][=O][O-1][C][=C][Branch1][=Branch1][N+1][=Branch1][C][=O][O-1][C][=C][Ring1][N][N+1][=Branch1][C][=O][O-1][C][=C][Ring2][Ring1][Ring2][N+1][=Branch1][C][=O][O-1][C][Branch1][=Branch1][N+1][=Branch1][C][=O][O-1][=C][Ring2][Ring2][Ring2],O=[N+]([O-])c1cc([N+](=O)[O-])c(Nc2nn(-c3c([N+](=O)[O-])cc([N+](=O)[O-])cc3[N+](=O)[O-])cc2[N+](=O)[O-])c([N+](=O)[O-])c1,2.1193737172742675,-0.6396010234576002,-0.5141016680590274,-0.6358094955574475,0.2835883785543443,,-0.5143906332467014,mols/page_0063.png,13
1254,[N][N][C@@H1][N][NH1][/N][/C][#N+1][Branch2][/N+1][NH1][/N+1][Ring1][\N+1][=Branch1][=N+1][#N][O][P][=N+1][=O][O-1][/N+1][=Branch1][/N+1][#N][#Branch1][/N+1][C@@H1][NH1][#N][=Branch1][=N+1][=O][=Branch2][O-1][Branch1][#Branch2][C][/N][N][N][#N+1][=N][N][/C][=Ring2][=Branch2][/N+1][F][Ring1],NN[CH]NNNC#[N+][N+]N[N+](N)OP=[N+]=O,1.597308431519336,-0.7087278132335024,-0.9345559769894107,-0.47663903079877656,-1.643460840339399,,-0.7658226439091789,mols/page_0063.png,14
1255,[O][=N+1][Branch1][C][O-1][C][N][N][N][Branch1][=Branch1][N+1][=Branch1][C][=O][O-1][N+1][=Branch1][C][O-1][C][Branch1][=Branch1][N+1][O-1][C][O-1][C][N+1][=Branch1][C][N+1][=Branch1][N+1][=Branch1][=O][O-1][N+1][#C][C][O-1][N+1][=Branch1][N+1][C][O-1][N+1][C][O-1][N][N][C][Branch1][=Branch1][Branch1][=Branch1][N+1][Branch1][C][O-1][N+1][#C][O-1][C][N][N+1][=Branch1][C][=N][O-1][N+1][=Branch1],[N+][N+](C([N+][O-])[N+]([O-])N(NNC[N+](=O)[O-])[N+](=O)[O-])[N+]([O-])[N+]#CC[O-],2.3724242818454764,1.7788797323488585,1.6752819895158158,1.8237191408026334,0.3239103681554327,,1.6254191236027653,mols/page_0063.png,15
1256,[C][C][=C][Branch1][=Branch1][N+1][=Branch1][C][=O][O-1][C][=C][Branch1][=Branch1][N+1][=Branch1][C][=O][O-1][C][=C][Ring1][N][N+1][=Branch1][C][=O][O-1],Cc1c([N+](=O)[O-])cc([N+](=O)[O-])cc1[N+](=O)[O-],1.537308431519336,-1.5235086841508159,-1.3870447599978455,-1.2717690676216795,-1.1060183974505622,,-1.3469478278308933,mols/page_0063.png,16
1257,[O][=N+1][Branch1][C][O-1][C][N][C][Branch1][=Branch1][N+1][=Branch1][C][=O][O-1][N+1][=Branch1][C][O-1][N+1][=Branch1][N+1][=Branch1][O-1][C][O-1][C][Branch1][=Branch1][N][N+1][=Branch1][C][N][O-1][C][Branch1][N+1][=Branch1][C][N+1][=Branch1][C][C][O-1][N+1][N+1][=Branch1][C][Branch1][O-1][N+1][=Branch1][O-1][=O][O-1][N+1][Branch1][C][O-1][N+1][=C][N][=O][Branch1][=Branch1][N+1][N][C][=O][O-1][C][Branch1][N][N+1][=Branch1][N+1][O-1][C][O-1][N+1][N][C][O-1][C][N+1][=Branch1][N+1][=O][O-1][N+1][C][O-1][C][=Branch1][N+1][=Branch1][N+1],C[N+]([O-])[N+]([O-])C(NC[N+](=O)[O-])[N+](=O)[O-],2.0763039679725397,1.1920397173511956,0.8738477397427323,1.2874915923335228,-0.6386095283494215,,0.967607548371949,mols/page_0063.png,17
1258,[O][=N+1][Branch1][C][O-1][C][C][N][Branch1][=Branch1][N+1][=Branch1][C][=O][O-1][N+1][=Branch1][C][O-1][C][N][N+1][=Branch1][C][Branch1][=Branch1][N+1][=Branch2][O-1][C][N+1][=Branch1][C][N][O-1][N+1][=Branch1][N+1][=Branch1][=O][O-1][N+1],[N+][N+][N+](CN[O-])NC[N+]([O-])N(CC[N+](=O)[O-])[N+](=O)[O-],1.701719749037849,1.2966907164700545,1.0080111452683034,1.370791027612058,-0.5025955189069696,,1.0742323245887155,mols/page_0063.png,18
1259,[O][=N+1][Branch1][C][O-1][C][=C][C][Branch1][=Branch1][N+1][=Branch1][C][=O][O-1][=C][C][Branch1][=Branch1][N+1][=Branch1][C][=O][O-1][=C][Ring1][N],O=[N+]([O-])c1cc([N+](=O)[O-])cc([N+](=O)[O-])c1,1.496601054988479,-0.9103849337429634,-0.8082211976995458,-0.8683603759527014,-0.2654734684865995,,-0.8035430300903679,mols/page_0063.png,19
1260,[C][N][=N+1][Branch1][C][C][N][C][Branch1][=Branch1][N+1][=Branch1][C][=O][O-1][N+1][=Branch1][C][O-1][=Branch1][N+1][=Branch1][N+1][=Branch1][=O][O-1][C][N][Branch1][=Branch1][N+1][=O][O-1][N+1][N][N][=O][=Branch1],CN=[N+](C)NC([N+]([O-])[N+]([O-])CN(N=O)[N+]=O)[N+](=O)[O-],2.2017197490378493,0.16253134972824343,-0.09714594916331247,0.3430183132277866,-1.2120159189616624,,0.03235208353618113,mols/page_0064.png,0
1261,[O][=N+1][Branch1][C][O-1][C][N][C][Branch1][=Branch1][N+1][=Branch1][C][=O][O-1][N+1][=Branch1][C][O-1][C][Branch1][=Branch1],C[N+]([O-])C(NC[N+](=O)[O-])[N+](=O)[O-],2.0370246155449356,0.5600217824438495,0.22021861769010903,0.6885361296165882,-1.1857378693142586,,0.35190076494869904,mols/page_0064.png,1
1262,[Branch1][C][N][N][=N][N][N][Branch2][#Branch1][=Ring1][#Branch2][C][=C][Branch1][N][C][N][Branch1][=Branch1][N+1][=Branch1][C][=O][O-1][N+1][=Branch1][C][N][O-1][N][Ring1][=Branch1][N+1][=Branch1][=Branch1][C][=O][F][O-1][N+1][=Branch1][O][=O][O-1][N+1][#Branch1][Ring2][Ring1][=Branch1][N+1][#C],CNN=NNNC=C([O-])CN([N+]N)[N+](=O)[O-],1.637308431519336,-0.9409110224295466,-1.1930149945647002,-0.7116953021423724,-2.0713803887005993,,-1.0252976639755707,mols/page_0064.png,2
1263,[O][=N+1][Branch1][C][O-1][C][N][N][N][Branch1][=Branch1][N+1][=Branch1][C][=O][O-1][N+1][=Branch1][C][O-1][N][C][Branch1][=Branch1][N+1][S][C][O-1][C][=N][N][Branch1][=Branch1],NN=C([N+]SC[O-])N[N+]([O-])N(NNC[N+](=O)[O-])[N+](=O)[O-],1.7439038473124213,1.2493146290664174,1.2119495897360009,1.2477787948992694,0.17289484956897608,,1.13171705761721,mols/page_0064.png,3
1264,[C][N][C][Branch1][=Branch1][N+1][=Branch1][C][=O][O-1][=N][N][=C][Ring1][Branch2][N+1][=Branch1][C][=O][O-1],Cn1c([N+](=O)[O-])nnc1[N+](=O)[O-],1.3770246155449357,0.3445997967944455,0.22044412709981193,0.3388771415583915,0.032668515299540575,,0.280078689126875,mols/page_0064.png,4
1265,[O][=N+1][Branch1][C][O-1][C][N][N][Branch1][=Branch1][N+1][=Branch1][C][=O][O-1][N+1][=Branch1][C][O-1][C][Branch1][=Branch1][N+1][=O][O-1][N+1][=N][C][=O][O-1][C][Branch1][P][N+1][=Branch1][C][=Ring1][O-1][N+1][=Branch1][N+1][=Branch1][=O][O-1][C][N+1][=Branch1][C][C][O-1][C][N+1][Ring1][O-1][N+1][=Branch1][=O][N+1][=Branch1][C][N+1][=Branch1][=O][=O][O-1][N+1][Branch1][C][O-1][N+1][=Branch1][O][=O][O-1][N+1],O=CC([N+]=O)[N+]([O-])N(NC[N+](=O)[O-])[N+](=O)[O-],2.1173084315193362,1.3181146005158422,1.1653151381810367,1.0938636059528846,0.12892136210914776,,1.0712950132662882,mols/page_0064.png,5
1266,[O][=N+1][Branch1][C][O-1][C][N][N][N][N][Branch1][=Branch1][N+1][=Branch1][C][=O][O-1][N+1][=Branch1][C][O-1][C][Branch1][=Branch1][N+1][C][O-1][N][C][N][N][Branch1][N][N+1][=Branch1][C][N][C][Branch1][=Branch1][O-1][N+1][=Branch1][N][=O][O-1][N+1],N[N+](C[O-])N([O-])NC([N+]C[O-])[N+]([O-])N(NNNC[N+](=O)[O-])[N+](=O)[O-],2.4158857329053585,1.4709587328545322,1.2649468563636024,1.53478509760675,-0.15496728999498954,,1.2823937073477347,mols/page_0064.png,6
1267,[O][=N+1][Branch1][C][O-1][C][N][C][N][Branch1][=Branch1][N+1][=Branch1][C][=O][O-1][N+1][=Branch1][C][O-1][N][N][N][N][Branch1][=Branch1][Branch1][=Branch1][N+1],[N+]NNNN[N+]([O-])N(CNC[N+](=O)[O-])[N+](=O)[O-],1.6184079534080928,1.4532068412557562,1.2479755164821085,1.5188737380772714,-0.21985423551297292,,1.2608596611140774,mols/page_0064.png,7
1268,[O][=N+1][Branch1][C][O-1][C][C][N][Branch1][=Branch1][N+1][=Branch1][C][=O][O-1][N+1][=Branch1][C][O-1][N+1][=Branch1][O-1][=O][O-1][N+1],O=[N+]([O-])CCN([N+]([O-])[N+](=O)[O-])[N+](=O)[O-],1.5563039679725397,1.4258420913810634,1.2799109708476841,1.3510819521517685,0.3190515004480284,,1.248776196462697,mols/page_0064.png,8
1269,[O][=N+1][Branch1][C][O-1][C][C][N][Branch1][=Branch1][N+1][=Branch1][C][=O][O-1][N+1][=Branch1][C][O-1][N][N][Branch1][=Branch1],NN[N+]([O-])N(CC[N+](=O)[O-])[N+](=O)[O-],1.536437499842364,1.2682182410176366,0.9720459080233906,1.4278091581275665,-0.4554285014620328,,1.0856468503650802,mols/page_0064.png,9
1270,[O][=N+1][Branch1][C][O-1][C][N][C][Branch1][=Branch1][N+1][=Branch1][C][=O][O-1][N+1][=Branch1][C][O-1][C][Branch1][=Branch1],C[N+]([O-])C(NC[N+](=O)[O-])[N+](=O)[O-],2.0370246155449356,0.5600217824438495,0.22021861769010903,0.6885361296165882,-1.1857378693142586,,0.35190076494869904,mols/page_0064.png,10
1271,[O][=N+1][Branch1][C][O-1][C][Branch1][=Branch1][N+1][=Branch1][C][=O][O-1][N+1][=Branch1][C][O-1][C][N][N][N][Branch1][=Branch1][N+1][=N][C][=O][O-1][N][Branch1][=Branch1],NN([N+]=NC=O)NNC[N+]([O-])C([N+](=O)[O-])[N+](=O)[O-],1.6598833105991515,1.0505776617288742,0.8487050376529951,0.8686193321892828,0.021900147704048103,,0.8244584224915852,mols/page_0064.png,11
1272,[N][C][C][Branch1][=Branch1][N+1][=Branch1][C][=O][O-1][N+1][=Branch1][C][O-1][C][N+1][=Branch1][C][N][C][N+1][=Branch1][N+1][=Branch1][O-1][=O][O-1][N+1][C][O-1][C][Branch1][=Branch1][N][N+1][=Branch1][C][N+1][=Branch1][O-1][N][N][N+1][=Branch1][N+1][=O][O-1][N+1],NCC([N+]([O-])C[N+](N)C[N+]([O-])O)[N+](=O)[O-],2.116601054988479,0.254902307353897,-0.08829230919426839,0.530807999843549,-1.3442437341119533,,0.11955132606613145,mols/page_0064.png,12
1273,[O][=C][Branch2][Ring1][#Branch1][O][C][C][Branch1][=Branch1][N+1][=Branch1][C][=O][O-1][Branch1][=Branch1][N+1][=Branch1][C][=O][O-1][N+1][=Branch1][C][=O][O-1][N][Branch2][Ring2][#C][C][N][Branch2][Ring2][Branch1][C][N][Branch2][Ring1][O][C][=Branch1][C][=O][O][C][C][Branch1][=Branch1][N+1][=Branch1][C][=O][O-1][Branch1][=Branch1][N+1][=Branch1][C][=O][O-1][N+1][=Branch1][C][=O][O-1][N+1][=Branch1][C][=O][O-1][N+1][=Branch1][C][=O][O-1][N+1][=Branch1][C][=O][O-1],O=C(OCC([N+](=O)[O-])([N+](=O)[O-])[N+](=O)[O-])N(CN(CN(C(=O)OCC([N+](=O)[O-])([N+](=O)[O-])[N+](=O)[O-])[N+](=O)[O-])[N+](=O)[O-])[N+](=O)[O-],2.7422400836961356,1.1228972151557512,1.1443210426256072,0.6383177062593589,0.8716754558964418,,0.9092991925387275,mols/page_0064.png,13
1274,[O][=N+1][Branch1][C][O-1][C][=N][N][N][Branch1][=Branch1][N+1][=Branch1][C][=O][O-1][N+1][=Branch1][C][N][O-1][N+1][=Branch1][=O][O-1][C][N][Branch1][=Branch1][=Branch1][N+1][=Branch1][=O][C][O-1][N+1][=Branch1][N+1][=Branch1][O-1][=O][O-1][N+1][#C][C][O-1][N][Branch1][=Branch1][N][N+1][=Branch1][C][O-1][C][N+1][=Branch1][C][C][N][Branch1][N+1][=Branch1][C][=Branch2][N+1][=Branch1][C][=N][O][N+1][Branch1][C][O-1][N+1][O-1][C][=O][O-1][N][Branch1][N+1][N][C][O-1][N][C][N][Branch1][#C][N+1][=Branch1][C][Branch1][=Branch1][N+1][N][C][N][N+1],N[N+]([O-])N(NN=C[N+](=O)[O-])[N+](=O)[O-],1.516437499842364,1.6972537128271374,1.5943624416437536,1.7120140799998682,0.37587502765621894,,1.5452971733832919,mols/page_0064.png,14
1275,[O][=N+1][Branch1][C][O-1][C][C][N][N][Branch1][=Branch1][N+1][=Branch1][C][=O][O-1][N+1][=Branch1][C][O-1][N+1][=Branch1][O-1][C][=O][O-1],C[N+](O[O-])[N+]([O-])N(NCC[N+](=O)[O-])[N+](=O)[O-],1.617308431519336,0.9248248831648428,0.5395821050618319,0.9524511910312814,-1.0090541085698859,,0.6461768126121926,mols/page_0064.png,15
1276,[O][=N+1][Branch1][C][O-1][C][N][N][N][N][Branch1][=Branch1][N+1][=Branch1][C][=O][O-1][N+1][=Branch1][C][O-1][C][C][Branch1][=Branch1][N+1][C][O-1][C][Branch1][=Branch1],O=[N+]([O-])CNNNN([N+]([O-])CC[N+]C[O-])[N+](=O)[O-],1.6798833105991515,0.6817631802987575,0.2950775203217987,0.6941679977054704,-1.0625996143938221,,0.41561741279794506,mols/page_0064.png,16
1277,[C][N][=N+1][Branch1][C][O-1][C][N][N][Branch1][=Branch1][N+1][=Branch1][C][=O][O-1][N+1][=Branch1][C][O-1][N+1][=Branch1][O-1][=O][O-1][N+1][NH1][C][O-1][N][C][Branch1][=Branch1][N+1][O-1][C][O-1][C][Branch1][=Branch1][=Branch1][N+1][=Branch1][=O][O-1][N+1][=O][O-1][N+1][=Ring2][=Branch1][=Branch1][C@@H1][=O][O-1][N+1][P][=Branch1],CN=[N+]([O-])CNN([N+]([O-])[N+](=O)[O-])[N+](=O)[O-],1.576601054988479,1.0572774374216676,0.7968391510950363,1.1044811796394143,-0.523561631025462,,0.8529654558823956,mols/page_0064.png,17
1278,[O][=N+1][Branch1][C][O-1][C][N][C][N][Branch1][=Branch1][N+1][=Branch1][C][=O][O-1][N+1][=Branch1][C][O-1][N][C][Branch1][=Branch1][N+1][C][O-1][N][N][C][Branch1][Branch1][N+1][=Branch1][C][C][O-1][N+1][=Branch1][O-1][=O][O-1][N+1][N][C][=O][N][N+1][=Branch1][C][=N][C][Branch1][=Branch1][=Branch1][N+1][=Branch1][N+1][=Branch1][O-1][C][N+1][=Branch1][C][Cl][N+1][=Branch1][C][N+1][=Branch1][N+1][O-1][C][O-1][N+1][C][O-1][C][N+1][C][N][O-1][N+1][=Branch1][N+1][=O][O-1][N+1][C][N][N+1][=Branch1][N+1][C][C][O-1][C][Branch1][=Branch1][N],C[N+]C([O-])C([N+]C[O-])N[N+]([O-])N(CNC[N+](=O)[O-])[N+](=O)[O-],2.786423335035418,0.17900896410214698,-0.11715943014680431,0.26758611898078305,-1.2034737160567095,,0.002149459475477941,mols/page_0064.png,18
1279,[O][=N+1][Branch1][C][O-1][C][N][N][Branch1][=Branch1][N+1][=Branch1][C][=O][O-1][N+1][=Branch1][C][O-1][N+1][=Branch1][O-1][=O][N][N+1][=Branch1][C][Branch1][O-1][N+1][=Branch1][N][C][=O][N][N+1][S][C][=O][O-1],[N+][N+](NC=O)N[N+](=O)[N+]([O-])N(NC[N+](=O)[O-])[N+](=O)[O-],1.701719749037849,1.4546979498703108,1.36568120695735,1.3094355929454076,0.4156704766539344,,1.2704360740504719,mols/page_0064.png,19
1280,[C][=N+1][Branch1][C][O-1][C][N][N][N][N][Branch1][=Branch1][N+1][=Branch1][C][=O][O-1][N+1][=Branch1][C][O-1][N][N+1][=Branch1][C][N+1][=Branch1][C][Branch1][N+1][=Branch1][C][=C][Branch1][=Branch1][N+1][=Ring2][C][=O][O-1],C=[N+]([O-])CNNNN([N+]([O-])N[N+]([N+])CC=C=[N+][O-])[N+](=O)[O-],1.786423335035418,0.572825833128787,0.2501768719904426,0.6665195868539204,-1.0449176462247396,,0.36786674639890166,mols/page_0065.png,0
1281,[N][=N+1][Branch1][C][O-1][C][N][Branch1][=Branch1][N+1][=Branch1][C][=O][O-1][N+1][=Branch1][C][O-1][N+1][=Branch1][O-1][C][O-1][C][Branch1][=Branch1][N+1],C[N+]([O-])[N+]([O-])N(C[N+](=N)[O-])[N+](=O)[O-],1.536437499842364,1.3238307787452939,1.007878906039384,1.333684374113345,-0.43009455136160707,,1.0733917157053467,mols/page_0065.png,1
1282,[O][=N+1][Branch1][C][O-1][C][C][N][Branch1][=Branch1][N+1][=Branch1][C][=O][O-1][N+1][=Branch1][C][O-1][C][N+1][=Branch1][C][Branch1][=Branch1][N+1][O][C][Branch1][=Branch1],CO[N+][N+]C[N+]([O-])N(CC[N+](=O)[O-])[N+](=O)[O-],1.637308431519336,0.5319091213989479,0.11593616720545506,0.686536742559511,-1.4509833105199,,0.2914776881229152,mols/page_0065.png,2
1283,[O][=N+1][Branch1][C][O-1][C][N][N][Branch1][=Branch1][N+1][=Branch1][C][=O][O-1][N+1][=Branch1][C][O-1][C][Branch1][=Branch1][N+1][#Branch2][C][O-1][N][N+1][=Branch1][C][=N][O][N+1][Branch2][/N+1][=Branch1][Ring2][F],[N+]O[N+](=N)C([N+]N)[N+]([O-])N(NC[N+](=O)[O-])[N+](=O)[O-],2.159883310599152,1.8074653372219802,1.6582161017798287,1.7487338420277379,0.28905460472517425,,1.5948193570340647,mols/page_0065.png,3
1284,[O][=N+1][Branch1][C][O-1][C][N][C][Branch1][=Branch1][N+1][=Branch1][C][=O][O-1][N+1][=Branch1][C][O-1][C][N+1][=Branch1][C],[N+]C[N+]([O-])C(NC[N+](=O)[O-])[N+](=O)[O-],2.056437499842364,1.6108746863939012,1.3994897309808547,1.5842413805897027,0.034745289400286,,1.3897621855195987,mols/page_0065.png,4
1285,[O][=N+1][Branch1][C][O-1][C][N][N][Branch1][=Branch1][N+1][=Branch1][C][=O][O-1][N+1][=Branch1][C][O-1][N][C],CN[N+]([O-])N(NC[N+](=O)[O-])[N+](=O)[O-],1.536437499842364,0.6322470613534732,0.3299420416660934,0.6965009890979389,-0.9498158416643664,,0.4241660872276306,mols/page_0065.png,5
1286,[O][=N+1][Branch1][C][O-1][C][N][N][Branch1][=Branch1][N+1][=Branch1][C][=O][O-1][N+1][=Branch1][C][O-1][C][Branch1][=Branch1][N+1][#Branch1][C][C][O-1][N+1][=Branch1][O-1][=O][O-1][N+1][=Ring2][=Branch1][C][=O][N+1][=Branch1][C][#N][=O][O-1][N+1][Ring1][C][O-1][C][O][N+1][=Branch1][C][NH1][C][N+1][=Branch1][C][C][O-1][N][N+1][=Branch1][C][=Branch2][O-1][N+1][=Branch1][N+1][=Branch1][O-1][C][=O][O-1],C[N+]([O-])C([N+]([O-])N(NC[N+](=O)[O-])[N+](=O)[O-])[N+](=O)[O-],2.159883310599152,1.5664431064124722,1.3302602587126269,1.628420893789767,-0.0765311077878858,,1.367891088018393,mols/page_0065.png,6
1287,[N][C][=C][Branch1][=Branch1][N+1][=Branch1][C][=O][O-1][C][Branch1][C][N][=C][Branch1][=Branch1][N+1][=Branch1][C][=O][O-1][C][Branch1][#Branch2][N][C][C][O][N+1][=Branch1][C][=O][O-1][=C][Ring2][Ring1][Ring2][N+1][=Branch1][C][=O][O-1],Nc1c([N+](=O)[O-])c(N)c([N+](=O)[O-])c(NCCO[N+](=O)[O-])c1[N+](=O)[O-],1.755885732905358,-0.520709858507647,-0.49317784455761304,-0.38715604885256444,-0.22002811636338912,,-0.43033715694367974,mols/page_0065.png,7
1288,[O][=N+1][Branch1][C][O-1][C][C][Branch1][=Branch1][N+1][=Branch1][C][=O][O-1][N+1][=Branch1][C][O-1][C][N+1][=Branch1][C][N+1][=Branch1][N+1][=Branch1][O-1][=O][O-1][N+1][#C][C][=O][O-1][N][N][Branch1][=Branch1][N+1][=O][O-1][N+1][C][O-1][C][N][Branch1][=Branch1][=Branch1][N+1][=Branch1][N+1][=O][C][O-1][N+1][=Branch1][=O][O-1][N+1][O-1][C][O-1][C][Branch1][=Branch1],[N+][N+](C[N+]([O-])C(C[N+](=O)[O-])[N+](=O)[O-])[N+](=O)[O-],2.1173084315193362,1.7230000834889838,1.615056922714337,1.741460819725152,0.5422692054002592,,1.5853254999809168,mols/page_0065.png,8
1289,[O][=N+1][Branch1][C][O-1][C][N][N][Branch1][=Branch1][N+1][=Branch1][C][=O][O-1][N+1][=Branch1][C][O-1][C][Branch1][=Branch1][N+1],[N+]C[N+]([O-])N(NC[N+](=O)[O-])[N+](=O)[O-],1.536437499842364,1.8176564125370502,1.6491963642285672,1.7723937779593806,0.2690325921536599,,1.6025739645905226,mols/page_0065.png,9
1290,[N][C][=N][NH1][C][Branch2][Ring1][=N][N][C][=C][Branch1][=Branch1][N+1][=Branch1][C][=O][O-1][C][=C][Branch1][=Branch1][N+1][=Branch1][C][=O][O-1][C][=C][Ring1][N][N+1][=Branch1][C][=O][O-1][=N][Ring2][Ring1][Branch1],Nc1n[nH]c(Nc2c([N+](=O)[O-])cc([N+](=O)[O-])cc2[N+](=O)[O-])n1,1.5292669435287096,-0.989069588326385,-0.8216469930375523,-0.9184381929189067,0.034714676574508496,,-0.8165829548510961,mols/page_0065.png,10
1291,[N][C][Branch1][=Branch1][N+1][=Branch1][C][=O][O-1][N+1][=Branch1][C][C][O-1][N+1][=Branch1][N+1][=Branch1][O-1][=O][O-1][N+1][=C][C][=O][O-1][Branch1][=Branch1][N+1][=Branch2][O-1][C][=O][O-1][N][N][Branch1][=Branch1][N+1][O][C][O-1][N+1][C][N][O-1][N+1][=Branch1][=O][O-1][N+1][O][C][=O][O-1],C[N+]([O-])C(N)[N+](=O)[O-],1.9844996950521225,-0.4819591038116999,-0.8313355927756663,-0.20512585077613602,-2.168904280036488,,-0.6272644424609448,mols/page_0065.png,11
1292,[O][=N+1][Branch1][C][O-1][C][N][N][Branch1][=Branch1][N+1][=Branch1][C][=O][O-1][N+1][=Branch1][C][O-1][N+1][=Branch1][=O][O-1][N+1][#C][C][O-1][N+1][C][O-1][C][Branch1][=Branch1][N+1][=Ring2][C][O-1][N+1][N][C][Branch1][=Branch1],O=[N+]([O-])CNN([N+]([O-])[N+]([O-])[N+]#CC[O-])[N+](=O)[O-],1.6384079534080929,1.4591602770202952,1.3037459738958863,1.4891292173009336,0.1549741013588291,,1.3018756597853018,mols/page_0065.png,12
1293,[O][=N+1][Branch1][C][O-1][C][N][C][Branch1][=Branch1][N+1][=Branch1][C][=O][O-1][N+1][=Branch1][C][O-1][C][Branch1][=Branch1],C[N+]([O-])C(NC[N+](=O)[O-])[N+](=O)[O-],2.0370246155449356,0.5600217824438495,0.22021861769010903,0.6885361296165882,-1.1857378693142586,,0.35190076494869904,mols/page_0065.png,13
1294,[C][C][O][C][=Branch1][C][=O][C][N][Branch1][=Branch1][N+1][=Branch1][C][=O][O-1][C][=Branch1][C][=O][N][Branch1][=Branch1][N+1][=Branch1][C][=O][O-1][C][Ring1][N][Branch1][Branch2][C][=Branch1][C][=O][O][C][C][N][Branch1][=Branch1][N+1][=Branch1][C][=O][O-1][C][=Branch1][C][=O][N][Ring2][Ring1][Branch2][N+1][=Branch1][C][=O][O-1],CCOC(=O)C12N([N+](=O)[O-])C(=O)N([N+](=O)[O-])C1(C(=O)OCC)N([N+](=O)[O-])C(=O)N2[N+](=O)[O-],2.1535676759431466,-0.45742337507557984,-0.4311790472291085,-0.7312167531509453,-0.15344766932339457,,-0.5299820737688896,mols/page_0065.png,14
1295,[=C][N][Branch1][=Branch1][N+1][=Branch1][C][=O][O-1][N+1][=Branch1][C][C][O-1][N+1][=Branch1][N+1][=Branch1][O-1][C][=O][O-1],CN([N+](C)[O-])[N+](=O)[O-],1.4844996950521225,-0.8370676416751568,-1.2758782035671334,-0.46773291452146254,-2.953299163959365,,-1.0106595435150942,mols/page_0065.png,15
1296,[N][N][N][=C][Branch1][=Branch1][N+1][=Branch1][C][=O][O-1][C][=C][Ring1][Branch2][N+1][=Branch1][C][=O][O-1],Nn1nc([N+](=O)[O-])cc1[N+](=O)[O-],1.3770246155449357,0.8683984421048996,0.8485306351916668,0.9689169158858801,0.7288139695840793,,0.8896804326369016,mols/page_0065.png,16
1297,[O][=N+1][Branch1][C][O-1][C][N][N][Branch1][=Branch1][N+1][=Branch1][C][=O][O-1][N+1][=Branch1][C][N][O-1][N][N][Branch1][C][N][N][=N][O][N+1][Branch1][C][O-1],N[N+]([O-])N(NC[N+](=O)[O-])[N+](=O)[O-],1.4970246155449356,1.7496043522578342,1.6236748318840033,1.8134414405262538,0.24633501860919224,,1.59332987410688,mols/page_0065.png,17
1298,[N][=N+1][Branch1][C][O-1][C][N][N][Branch1][=Branch1][N+1][=Branch1][C][=O][O-1][N+1][=Branch1][C][O-1][C][N+1][=Branch1][C][C][O-1][N+1][=Branch1][=O][O-1][N+1][=Branch2][C][O-1][N+1][#Branch1][C][O-1][N+1][C][O-1][C][C][N][Branch1][=Branch1][N][N+1][=Branch1][C][NH1][C][O-1][N+1][=Branch2],C[N+]([O-])C[N+]([O-])N(NC[N+](=N)[O-])[N+](=O)[O-],1.596601054988479,0.9441794415569229,0.5784546888324044,1.0993454640386042,-1.1323895100883294,,0.7071577672039406,mols/page_0065.png,18
1299,[O][=C][Branch2][Ring1][S][C][N][Branch2][Ring1][=Branch1][C][C][Branch1][=Branch1][N+1][=Branch1][C][=O][O-1][Branch1][=Branch1][N+1][=Branch1][C][=O][O-1][N+1][=Branch1][C][=O][O-1][N+1][=Branch1][C][=O][O-1][N][Branch2][Ring2][=C][C][N][Branch2][Ring2][Ring2][C][=Branch1][C][=O][C][N][Branch2][Ring1][=Branch1][C][C][Branch1][=Branch1][N+1][=Branch1][C][=O][O-1][Branch1][=Branch1][N+1][=Branch1][C][=O][O-1][N+1][=Branch1][C][=O][O-1][N+1][=Branch1][C][=O][O-1][N+1][=Branch1][C][=O][O-1][N+1][=Branch1][C][=O][O-1],O=C(CN(CC([N+](=O)[O-])([N+](=O)[O-])[N+](=O)[O-])[N+](=O)[O-])N(CN(C(=O)CN(CC([N+](=O)[O-])([N+](=O)[O-])[N+](=O)[O-])[N+](=O)[O-])[N+](=O)[O-])[N+](=O)[O-],2.8869026336239,1.4312660186070303,1.3260030499130229,1.24565492192912,0.5695280899855739,,1.2445320449002186,mols/page_0065.png,19
1300,[O][=N+1][Branch1][C][O-1][C][N][N][N][Branch1][=Branch1][N+1][=Branch1][C][=O][O-1][N+1][=Branch1][C][O-1][C][N+1][=Branch1][C][N+1][=Branch1][N][=O][O-1][N+1][O-1][C][=N][O-1][N][Branch1][=Branch1][C][N+1],[N+][N+](C[N+]([O-])N(NNC[N+](=O)[O-])[N+](=O)[O-])N=O,1.6184079534080928,1.8919604445521068,1.769891172346868,1.8769453766710356,0.3768019840207616,,1.7039212532952341,mols/page_0066.png,0
1301,[O][=N+1][Branch1][C][O-1][C][N][N][Branch1][=Branch1][N+1][=Branch1][C][=O][O-1][N+1][=Branch1][C][O-1][C][N+1][=Branch1][C][=N][O-1][N+1][=Branch1][N][O-1][N+1][=Branch1][N+1][=Branch1][N+1][=O][O-1][N+1][C][O-1][C][Branch1][=Branch1][N+1][C][O-1][N+1][=Branch1][=O][O-1][N+1][Branch1][C][O-1][N+1][=C][C][Branch1][=Branch1][=O][N+1][=Branch1][C][N+1][=Branch1][N+1][O-1][C][O-1][C],N=[N+]([O-])C[N+]([O-])N(NC[N+](=O)[O-])[N+](=O)[O-],1.576601054988479,1.8312303717795555,1.666727325194763,1.7161749544756488,0.35197498231521124,,1.5961569042653603,mols/page_0066.png,1
1302,[O][=N+1][Branch1][C][O-1][C][N][N][Branch1][=Branch1][N+1][=Branch1][C][=O][O-1][N+1][=Branch1][C][O-1][C][Branch1][=Branch1][N+1][S][C][O-1][N+1][=Branch1][O-1][C][N][=N][N][Branch1][=Branch1][=Branch2][N+1][=Branch1][C][C][O-1][N+1][Branch1][C][O-1][N+1][C][O-1][N+1][O-1][C][O-1][C][N+1][=Branch1][C][Branch1][=Branch1][O-1][N+1][=Branch1][N][=O][O-1][N+1][N][C][O-1][N+1],C[N+]N([O-])N=NC(C)([N+]SC[O-])[N+]([O-])N(NC[N+](=O)[O-])[N+](=O)[O-],2.3724242818454764,0.5030485491838377,0.20378326192969362,0.5602538439867243,-0.9179221752563385,,0.30901727284743874,mols/page_0066.png,2
1303,[O][=N+1][Branch1][C][O-1][C][N][N][Branch1][=Branch1][N+1][=Branch1][C][=O][O-1][N+1][=Branch1][C][O-1][N+1][=Branch1][=Branch1][C][=O][C][N+1][=Branch1][C][Branch1][=Branch1][N+1][Cl][C][O-1][N+1][N][C][=O][O-1][N][N+1][=Branch1][C][=Branch1][C][O-1][=Branch1][N+1][=Branch1][N][=O][O-1][N+1][=Branch2][C][N+1][=Branch1][O-1][=O][O-1][N+1][Branch1][C][O-1][N+1][C][O-1][C][N+1][=Branch1][N+1][=Branch1][=O][O-1][C][N+1][Branch1][C][N][O-1][N+1][=Branch1][N+1][O-1][C][O-1][Branch1][=Branch1][N+1][N][C][O-1][N+1][=O][O-1][N+1][N][N][Branch1][N+1],O=CNC([N+]Cl)[N+](C=O)[N+]([O-])N(NC[N+](=O)[O-])[N+](=O)[O-],2.2439038473124215,0.12076852420605697,0.08333248948988149,-0.1778791085002184,-0.16377643674072218,,-0.03650403365017497,mols/page_0066.png,3
1304,[N][#C][C][=C][Branch1][=Branch1][N+1][=Branch1][C][=O][O-1][C][=C][Branch1][=Branch1][N+1][=Branch1][C][=O][O-1][C][=C][Ring1][N][N+1][=Branch1][C][=O][O-1],N#Cc1c([N+](=O)[O-])cc([N+](=O)[O-])cc1[N+](=O)[O-],1.558407953408093,-1.016343206167733,-0.9040815425104938,-1.056625616668042,-0.19559540785385293,,-0.9223159746221588,mols/page_0066.png,4
1305,[O][=N+1][Branch1][C][O-1][C][N][N][N][Branch1][=Branch1][N+1][=Branch1][C][=O][O-1][N+1][=Branch1][C][O-1][C][Branch1][=Branch1][N+1][N+1][=Branch1][C][C][O-1][N+1][=Branch1][N+1][=Branch1][N+1][=O][O-1][N+1][C][O-1][N+1][Ring1][C][O-1][C][=Branch1][N+1][=Branch1][N][=O][O-1][N+1],C[N+][N+]C([O-])[N+]([O-])N(NNC[N+](=O)[O-])[N+](=O)[O-],2.138407953408093,1.2213810896042971,0.9497875543325447,1.1778136816331963,-0.4505084081030734,,0.9688667928271816,mols/page_0066.png,5
1306,[N][=N+1][Branch1][C][O-1][C][N][N][Branch1][=Branch1][N+1][=Branch1][C][=O][O-1][N+1][=Branch1][C][O-1][N+1][=Branch1][N+1][=Branch1][=O][O-1][N+1][Branch1][C][O-1][N+1][#C][C][O-1][C][Branch1][=Branch1][N+1][Branch1][C][=O][O-1],N=[N+]([O-])CNN([N+]([O-])[N+]([O-])[N+]([O-])[N+]#CC[O-])[N+](=O)[O-],1.701719749037849,1.7048538101596988,1.5408892415594138,1.7303045534003993,0.2361507437295344,,1.5271726586628915,mols/page_0066.png,6
1307,[O][=C][Branch2][Ring1][#Branch1][O][C][C][Branch1][=Branch1][N+1][=Branch1][C][=O][O-1][Branch1][=Branch1][N+1][=Branch1][C][=O][O-1][N+1][=Branch1][C][=O][O-1][N][Branch2][Branch1][N][C][C][N][Branch2][Ring2][P][C][C][N][Branch2][Ring2][=Branch1][C][C][N][Branch2][Ring1][O][C][=Branch1][C][=O][O][C][C][Branch1][=Branch1][N+1][=Branch1][C][=O][O-1][Branch1][=Branch1][N+1][=Branch1][C][=O][O-1][N+1][=Branch1][C][=O][O-1][N+1][=Branch1][C][=O][O-1][N+1][=Branch1][C][=O][O-1][N+1][=Branch1][C][=O][O-1][N+1][=Branch1][C][=O][O-1],O=C(OCC([N+](=O)[O-])([N+](=O)[O-])[N+](=O)[O-])N(CCN(CCN(CCN(C(=O)OCC([N+](=O)[O-])([N+](=O)[O-])[N+](=O)[O-])[N+](=O)[O-])[N+](=O)[O-])[N+](=O)[O-])[N+](=O)[O-],3.131772261510376,0.6142154886868463,0.45337809872783663,0.4651788473554553,-0.16486135528627668,,0.4364838002672252,mols/page_0066.png,7
1308,[O][=N+1][Branch1][C][N][C][N][N][Branch1][=Branch1][N+1][=Branch1][C][O-1][C][N+1][=Branch1][C][=O][O-1][N+1][=Branch1][C][O][=O][O][N+1][=Branch1][C][Ring1][=O][O-1],C[N+]([O-])N(NC[N+](N)=O)[N+](=O)[O-],1.5170246155449356,0.4494974809001168,0.05559163791215073,0.6498720588313098,-1.374136546227164,,0.2488074486128745,mols/page_0066.png,8
1309,[C][=N+1][Branch1][C][O-1][C][N][N][N][N][Branch1][=Branch1][N+1][=Branch1][C][=O][O-1][N+1][=Branch1][C][O-1][N][N+1][=Branch1][C][N+1][=Branch1][C][Branch1][N+1][=Branch1][C][=C][Branch1][=Branch1][N+1][=Ring2][C][=O][O-1],C=[N+]([O-])CNNNN([N+]([O-])N[N+]([N+])CC=C=[N+][O-])[N+](=O)[O-],1.786423335035418,0.572825833128787,0.2501768719904426,0.6665195868539204,-1.0449176462247396,,0.36786674639890166,mols/page_0066.png,9
1310,[=Branch2][=N+1][Branch1][=Branch1][N+1][=Branch1][C][=O][O-1][N+1][=Branch1][C][O-1][C][N][N][Branch1][=Branch1][N+1][C][=O][O-1],O=C[N+]NNC[N+]([O-])[N+][N+](=O)[O-],1.5170246155449356,0.7565700097391646,0.48430355202615943,0.5579557802964847,-0.5878963211664193,,0.47461107044328293,mols/page_0066.png,10
1311,[O][=N+1][Branch1][C][O-1][C][N][C][N][Branch1][=Branch1][N+1][=Branch1][C][=O][O-1][N+1][=Branch1][C][O-1][C][=N][N][Branch1][=Branch1][C][N+1][=Branch1][C][=Branch1][C][=O][N+1][=Branch1][C][=N][O][N+1][Branch1][C][O-1][N+1][=Branch1],[N+][N+]([O-])O[N+](=N)N(C[N+]O)N=C[N+]([O-])N(CNC[N+](=O)[O-])[N+](=O)[O-],1.9158857329053582,1.4765350705500584,1.2902869590414365,1.442472076197889,0.0660707817618835,,1.275301416053218,mols/page_0066.png,11
1312,[O][=C][Branch2][Ring1][#Branch1][C][C][C][Branch1][=Branch1][N+1][=Branch1][C][=O][O-1][Branch1][=Branch1][N+1][=Branch1][C][=O][O-1][N+1][=Branch1][C][=O][O-1][N][C][C][Branch1][=Branch1][N+1][=Branch1][C][=O][O-1][Branch1][=Branch1][N+1][=Branch1][C][=O][O-1][N+1][=Branch1][C][=O][O-1],O=C(CCC([N+](=O)[O-])([N+](=O)[O-])[N+](=O)[O-])NCC([N+](=O)[O-])([N+](=O)[O-])[N+](=O)[O-],2.0036858610047386,1.016027622397534,0.893650404564179,0.8681509427465722,0.23199474650198137,,0.8478793584892552,mols/page_0066.png,12
1313,[O][=N+1][Branch1][C][O-1][C][N][N][Branch1][=Branch1][N+1][=Branch1][C][=O][O-1][N+1][=Branch1][C][O-1][N+1][=Branch1][N][=O][O-1][N+1][Branch1][C][O-1][N+1][O-1][C][=N][O][N+1][Branch1][C][NH1][C][=N][N][Branch1][=Branch1],[NH][N+](C=NN)[N+](=O)[N+]([O-])N(NC[N+](=O)[O-])[N+](=O)[O-],1.6598833105991515,1.4223790741139628,1.2606660106003753,1.4337338815659062,0.10596664082814915,,1.2548514878877621,mols/page_0066.png,13
1314,[O][=N+1][Branch1][C][O-1][C][C][Branch1][=Branch1][N+1][=Branch1][C][=O][O-1][N+1][=Branch1][C][O-1][N][C][Branch1][=Branch1][=O][N+1][=Branch1][C],[N+]OCN[N+]([O-])C(C[N+](=O)[O-])[N+](=O)[O-],2.0763039679725397,1.5083888586879572,1.2656911012993075,1.4660988755915196,-0.08777703546550723,,1.2711818366868732,mols/page_0066.png,14
1315,[O][=N+1][Branch1][C][O-1][C][C][N][Branch1][=Branch1][N+1][=Branch1][C][=O][O-1][N+1][=Branch1][C][O-1][C][Branch1][=Branch1][N+1][#C][C][O-1][C][=N][N][Branch1][=Branch1],NN=C([N+]#CC[O-])[N+]([O-])N(CC[N+](=O)[O-])[N+](=O)[O-],1.6998833105991515,1.2253044807639841,1.022108358140581,1.4168212612391995,-0.4127664674585125,,1.0873050674759699,mols/page_0066.png,15
1316,[O][=N+1][Branch1][C][O-1][C][N][N][N][Branch1][=Branch1][N+1][=Branch1][C][=O][O-1][N+1][=Branch1][C][C][N+1][=Branch1][C][O-1][N][N+1][=Branch1][C],C[N+](N(NNC[N+](=O)[O-])[N+](=O)[O-])[N+]([O-])N[N+],1.597308431519336,0.992636543425063,0.7637870099074756,1.0374947724659902,-0.51783703260507,,0.8023200940590238,mols/page_0066.png,16
1317,[O][=N+1][Branch1][C][O-1][C][C][N][N][Branch1][=Branch1][N+1][=Branch1][C][=O][O-1][N+1][=Branch1][C][O-1][C][Branch1][=Branch1][N+1][#N][C][=O][O-1],N#[N+]C[N+]([O-])N(NCC[N+](=O)[O-])[N+](=O)[O-],1.596601054988479,0.6652274299725478,0.31180163034053054,0.7323265123905381,-0.9884896367255943,,0.4383389063619254,mols/page_0066.png,17
1318,[O][=N+1][Branch1][C][O-1][C][N][Branch1][=Branch1][N+1][=Branch1][C][=O][O-1][N+1][=Branch1][C][O-1][N+1][=Branch1][N+1][=Branch1][N][=O][O-1][N+1][Branch1][C][O-1][N+1][O-1][C][N][C][Branch1][=Branch1][N+1][C][N][C][=N][N][Branch1][=Branch1][Branch1][=Branch1][N+1],[N+]NN=CNC[N+][N+](O[O-])[N+]([O-])N(C[N+](=O)[O-])[N+](=O)[O-],1.7439038473124213,1.1297446875922412,0.9066277364301983,1.148060205035774,-0.2567084042099865,,0.9426463475989209,mols/page_0066.png,18
1319,[O][=N+1][Branch1][C][O-1][C][=C][N][=C][Branch2][Ring1][#Branch1][/N][=N][/C][=N][C][=C][Branch1][=Branch1][N+1][=Branch1][C][=O][O-1][C][=C][Ring1][=Branch2][N+1][=Branch1][C][=O][O-1][C][Branch1][=Branch1][N+1][=Branch1][C][=O][O-1][=C][Ring2][Ring1][#Branch1],O=[N+]([O-])c1cnc(/N=N/c2ncc([N+](=O)[O-])cc2[N+](=O)[O-])c([N+](=O)[O-])c1,1.6836858610047383,-0.8719107176309591,-0.7559978819213922,-0.7567462167339422,-0.19308393162706705,,-0.7289840297443715,mols/page_0066.png,19
1320,[C][C][C][Branch2][Ring1][=N][C][C][C][=Branch1][C][=O][O][C][C][Branch1][=Branch1][N+1][=Branch1][C][=O][O-1][Branch1][=Branch1][N+1][=Branch1][C][=O][O-1][N+1][=Branch1][C][=O][O-1][Branch1][=Branch1][N+1][=Branch1][C][=O][O-1][N+1][=Branch1][C][=O][O-1],CCC(CCC(=O)OCC([N+](=O)[O-])([N+](=O)[O-])[N+](=O)[O-])([N+](=O)[O-])[N+](=O)[O-],1.9596423657706594,-0.559747364860239,-0.6923630234080459,-0.5786198610681741,-1.1528437757598222,,-0.659759919070323,mols/page_0067.png,0
1321,[O][=N+1][Branch1][C][O-1][C][N][N][Branch1][=Branch1][N+1][=Branch1][C][=O][O-1][N+1][=Branch1][C][O-1][N+1][=Branch1][N+1][=Branch1][N+1][O-1][C][=O][O-1],O=C[N+]([O-])[N+]([O-])N(NC[N+](=O)[O-])[N+](=O)[O-],1.576601054988479,1.7355841603003306,1.628628372855211,1.5100827041008913,0.5031876474996749,,1.4954049796792093,mols/page_0067.png,1
1322,[O][=N+1][Branch1][C][O-1][C][C][N][N][Branch1][=Branch1][N+1][=Branch1][C][=O][O-1][N+1][=Branch1][C][O-1][C][N+1][=Branch1][C][N+1][=Branch1][O-1][=O][O-1][N+1][O-1][C][O-1],[N+][N+]([O-])C[N+]([O-])N(NCC[N+](=O)[O-])[N+](=O)[O-],1.617308431519336,1.6656104711111037,1.4091387228339785,1.7884417137603952,-0.26870250934960993,,1.4571937330554676,mols/page_0067.png,2
1323,[Ring1][=Branch1][O][=N+1][=C][Branch1][=Branch1][N+1][C][C][C][O-1][N+1][=Branch1][C][=O][O-1][N+1][=Branch1][=Branch1][C][=O][N],O=[N+]=C([N+]CCC[O-])[N+](=O)[O-],1.538091503851731,-0.5580920614614685,-0.8813252154914228,-0.30130868247553694,-2.0754016894947314,,-0.6879179611779107,mols/page_0067.png,3
1324,[O][=N+1][Branch1][C][O-1][C][N][N][Branch1][=Branch1][N+1][=Branch1][C][=O][O-1][N+1][=Branch1][C][O-1][C][Branch1][=Branch1][N+1][N][C][=O][O-1],O=CN[N+]C[N+]([O-])N(NC[N+](=O)[O-])[N+](=O)[O-],1.617308431519336,1.0890715183653064,0.8333346229293354,0.945065773174087,-0.383635302448646,,0.8202643143484307,mols/page_0067.png,4
1325,[O][=N+1][Branch1][C][O-1][C][N][C][Branch1][=Branch1][N+1][=Branch1][C][=O][O-1][N+1][=Branch1][C][N+1][=Branch1][C][O-1][C][N+1][=Branch1][N+1][=Branch1][=O][O-1][N+1][O-1][C][=O][O-1][Branch1][=Branch1][N+1][Ring1][C][O-1][N+1][=Branch1][=O][N][O-1][N+1][=Branch1][N+1][=O][O-1][N+1][Branch1][C][O-1][N+1][C][O-1][C][=N][N][Branch1][=Branch1][N+1],[N+][N+](C[O-])C(NC[N+](=O)[O-])[N+](=O)[O-],2.056437499842364,1.398073532324136,1.2079006417510236,1.4343818352213578,-0.06402025814913818,,1.2188442517924192,mols/page_0067.png,5
1326,[O][=N+1][Branch1][C][O-1][C][C][N][Branch1][=Branch1][N+1][=Branch1][C][=O][O-1][N+1][=Branch1][C][O-1][C][Branch1][=Branch1][N+1][O][N+1][=Branch1][C],[N+]O[N+]C[N+]([O-])N(CC[N+](=O)[O-])[N+](=O)[O-],1.596601054988479,1.5685689967765317,1.3072174133642307,1.601167434648036,-0.18697361160187856,,1.3407162152342171,mols/page_0067.png,6
1327,[O][=N+1][Branch1][C][O-1][C][N][C][Branch1][=Branch1][N+1][=Branch1][C][=O][O-1][N+1][=Branch1][C][O-1][N+1][=Branch1][N+1][=Branch1][=O][O-1][N+1][O][C][Branch1][=Branch1],CO[N+][N+]([O-])[N+]([O-])C(NC[N+](=O)[O-])[N+](=O)[O-],2.1173084315193362,1.2509298657953556,0.9407563177178989,1.214891228713385,-0.4470552813553717,,0.9891725092281306,mols/page_0067.png,7
1328,[O][=N+1][Branch1][C][O-1][C][C][N][Branch1][=Branch1][N+1][=Branch1][C][=O][O-1][N+1][=Branch1][C][O-1][C][Branch1][=Branch1][N+1][=Branch2][C][O-1][C][N+1][=Branch1][C][C][N][N][Branch1][=Branch1][=O],C[N+]C([N+](C)NNO)[N+]([O-])N(CC[N+](=O)[O-])[N+](=O)[O-],2.221719749037849,-0.6058751005312483,-0.9283410526486324,-0.28402797790226403,-2.191143885707324,,-0.7162796180266082,mols/page_0067.png,8
1329,[S][N][=N+1][Branch1][C][O-1][C][N][N][Branch1][=Branch1][N+1][=Branch1][C][=O][O-1][N+1][=Branch1][C][N][C][N][Branch1][=Branch1],NC[N+](N)N(NC[N+]([O-])=NS)[N+](=O)[O-],1.5563039679725397,0.571025189849251,0.24527124378333603,0.6318448865706578,-0.8949209224801581,,0.3673199707883941,mols/page_0067.png,9
1330,[O][=N+1][Branch1][C][O-1][C][N][C][Branch1][=Branch1][N+1][=Branch1][C][=O][O-1][N+1][=Branch1][C][O-1][C][N+1][=Branch1][C][=Branch1][C][N+1][=Branch1][O-1][=O][O-1][N+1][N][C][O-1][C][Branch1][=Branch1][N][N+1][=Branch1][C][N+1][C][=O][O-1][N][N][Branch1][=Branch1][N+1][=C][C][N+1][=Branch1][N][=O][O-1][N+1][Branch1][C][O-1][N+1][=Branch1][O-1][O-1][C][O-1][N+1],[N+][N+]([O-])C[N+]([O-])C(NC[N+](=O)[O-])[N+](=O)[O-],2.0966010549884793,1.9007923955767765,1.747653261435372,1.933217487290219,0.31451100612870997,,1.7168495097819958,mols/page_0067.png,10
1331,[O][=N+1][Branch1][C][O-1][C][C][N][Branch1][=Branch1][N+1][=Branch1][C][=O][O-1][N+1][=Branch1][C][O-1][N+1][=Branch1][O-1][=O][O-1][N+1][N][C][=O][O-1][C][Branch1][=Branch1][N+1][C][C][=O][O-1][Branch1][=Branch1][N+1][N+1][=Branch1][C][C][O-1][N+1][=Ring2][C][O-1][N+1][C][O-1][N+1][O-1][C][=O][N+1][=Branch1][C][N+1][=Branch1][C][=C][N+1][=Branch1][C][=Branch1][N+1][=Branch1][N+1][=Branch1][O-1][C][=O][O-1],O=[N+]([O-])CCN([N+]([O-])[N+](=O)[O-])[N+](=O)[O-],1.5563039679725397,1.4258420913810634,1.2799109708476841,1.3510819521517685,0.3190515004480284,,1.248776196462697,mols/page_0067.png,11
1332,[O][=N+1][Branch1][C][O-1][C][N][Branch1][=Branch1][N+1][=Branch1][C][=O][O-1][N+1][=Branch1][C][O-1][C][Branch1][=Branch1][N+1][#C][C][=O][N+1][=Branch1][C][Branch1][=Branch1][O-1][N+1][=Branch1],O=CC#[N+]C([O-])[N+]([O-])N(C[N+](=O)[O-])[N+](=O)[O-],2.137308431519336,1.0864632567213013,0.947129354180211,0.9886586800931274,-0.009067786852468226,,0.9029548460773822,mols/page_0067.png,12
1333,[O][=N+1][Branch1][C][O-1][C][C][N][Branch1][=Branch1][N+1][=Branch1][C][=O][O-1][N+1][=Branch1][C][N][O-1][N+1][=Branch1][N+1][=Branch1][=O][O-1][N+1][Ring1][O-1][C][N][=N][N][Branch1][=Branch1][=Branch1][N+1][=Branch1][O][=N+1][Branch1][=Branch1][N+1][O-1][C][O-1][C][Branch1][=Branch1][N+1][Branch1][C][O-1][N+1][=Branch1][N][=O][O-1][N+1][C][C][O-1][N+1][=N][C][=O][O-1],N[N+]([O-])N(CC[N+](=O)[O-])[N+](=O)[O-],1.5170246155449356,1.3827554945124467,1.130279408559687,1.5579479854682123,-0.27427404364111446,,1.2240105155912069,mols/page_0067.png,13
1334,[C][C][=C][C][Branch1][=Branch1][N+1][=Branch1][C][=O][O-1][=C][Branch1][=Branch1][N+1][=Branch1][C][=O][O-1][C][Branch1][=Branch1][N+1][=Branch1][C][=O][O-1][=C][Ring1][#C],Cc1cc([N+](=O)[O-])c([N+](=O)[O-])c([N+](=O)[O-])c1,1.537308431519336,-1.4164073332043512,-1.3245007154138695,-1.1327800978854967,-1.1197109021643212,,-1.250310141525186,mols/page_0067.png,14
1335,[O][=N+1][Branch1][C][O-1][C][N][N][Branch1][=Branch1][N+1][=Branch1][C][=O][O-1][N+1][=Branch1][C][O-1][C][Branch1][=Branch1][N+1][N+1][=Branch1][C][=Ring1][O-1][N+1][=Branch1],[N+]C([N+]#[N+])[N+]([O-])N(NC[N+](=O)[O-])[N+](=O)[O-],2.076601054988479,1.561309858948036,1.4304394600796555,1.5436894227198472,0.28549004729164246,,1.3939621035740262,mols/page_0067.png,15
1336,[O][=C][Branch2][Ring1][#Branch1][C][C][C][Branch1][=Branch1][N+1][=Branch1][C][=O][O-1][Branch1][=Branch1][N+1][=Branch1][C][=O][O-1][N+1][=Branch1][C][=O][O-1][O][C][C][O][C][=Branch1][C][=O][C][C][C][Branch1][=Branch1][N+1][=Branch1][C][=O][O-1][Branch1][=Branch1][N+1][=Branch1][C][=O][O-1][N+1][=Branch1][C][=O][O-1],O=C(CCC([N+](=O)[O-])([N+](=O)[O-])[N+](=O)[O-])OCCOC(=O)CCC([N+](=O)[O-])([N+](=O)[O-])[N+](=O)[O-],2.2735676759431467,-0.48980038678423404,-0.5764518256576072,-0.6240500546826653,-0.7826404246064844,,-0.5944471174441749,mols/page_0067.png,16
1337,[O][=N+1][Branch1][C][O-1][C][N][N][Branch1][=Branch1][N+1][=Branch1][C][=O][O-1][N+1][=Branch1][C][O-1][N+1][=Branch1][N][=O][O-1][N+1][Ring2][C][O-1][N+1][=Branch2][C][=O][O-1][N][Branch1][=Branch1][N][N+1][=Branch1][C][N+1][=Branch1][C][C][O-1][N+1][Branch1][C][O-1][N+1][#Branch1][C][O-1][N+1][Ring2][N],[N+][N+]NN(CC[O-])[N+](=O)[N+]([O-])N(NC[N+](=O)[O-])[N+](=O)[O-],1.7439038473124213,1.366471142898912,1.1322744960568603,1.4697129971901017,-0.2153541501236808,,1.1910361936026157,mols/page_0067.png,17
1338,[O][=N+1][Branch1][C][O-1][C][C][N][Branch1][=Branch1][N+1][=Branch1][C][=O][O-1][N+1][=Branch1][C][O-1][C][N+1][=Branch1][C][Branch1][=Branch1][N+1][N][C][O-1][N+1][=Branch1][N+1][=Branch1][N+1][O-1][C][O-1][N][C][Branch1][=Branch1][C][N+1][=Branch1][N+1][C][O-1][N+1][O-1][C][=O][O-1],O=[N+]([O-])CCN([N+]([O-])C[N+]([N+]NC[O-])[N+]([O-])C[O-])[N+](=O)[O-],1.786423335035418,1.3168324670811986,1.0270516777221137,1.3214162426009728,-0.29479198399022427,,1.085058334842195,mols/page_0067.png,18
1339,[O][=N+1][Branch1][C][O-1][C][N][N][N][N][Branch1][=Branch1][N+1][=Branch1][C][=O][O-1][N+1][=Branch1][C][O-1][N+1][=Branch1][N+1][=Branch1][O-1][C][O-1][N+1],C[N+]([O-])[N+]([O-])N(NNNC[N+](=O)[O-])[N+](=O)[O-],1.597308431519336,1.2511482684269921,0.9346330664657676,1.2310672327559058,-0.5433558841731918,,0.9845366384082329,mols/page_0067.png,19
1340,[O][=N+1][Branch1][C][O-1][C][N][N][Branch1][=Branch1][N+1][=Branch1][C][=O][O-1][N+1][=Branch1][C][O-1][C][Branch1][=Branch1][N+1][#C][C][Branch1][=Branch1][N][N+1][=Branch1][C][C][Branch1][=Branch1][O-1][N+1][=Branch1][O-1][=O][O-1][N+1][S][O-1][N][=N][N][Branch1][=Branch1][O][N+1][=Branch1][C][N][C][N+1][=Branch1][C][Cl][O-1][N+1][=Branch1][=O][O-1][N+1][=Branch2][C][Branch1][=Branch1],C[N+]NCC#[N+]C([O-])([O-])[N+]([O-])N(NC[N+](=O)[O-])[N+](=O)[O-],1.7439038473124213,0.647618521391606,0.3304307518599255,0.8161301603961211,-0.9273962325779583,,0.47822475921353547,mols/page_0068.png,0
1341,[O][=N+1][Branch1][C][O-1][C][N][N][Branch1][=Branch1][N+1][=Branch1][C][=O][O-1][N+1][=Branch1][C][O-1][C][N+1][=Branch1][C][N+1][=Branch1][N+1][=Branch1][=O][O-1][N+1][S][C][O-1][C][Branch1][=Branch1][N+1][N+1][=Branch1][C][=Branch1][N+1][=Branch1][N+1][C][O-1][N+1][=Branch1][O-1][C][O-1][N+1][C][O-1][C][O-1][N][Branch1][=Branch1],[N+][N+](C[N+]([O-])N(NC[N+](=O)[O-])[N+](=O)[O-])[N+]([O-])[N+]SC[O-],1.7439038473124213,1.7588181150773794,1.6849827271541686,1.7637151395376085,0.5143625534214926,,1.6178725217150796,mols/page_0068.png,1
1342,[#Branch2][N][=N+1][Branch1][C][N][N][N][N][Branch1][=Branch1][N+1][=Branch1][C][=O][O-1][N+1][=Branch1][C][C][O-1][N+1][=Branch1][N][C][=O][O-1][C][N+1][=Branch1][C][O-1][N+1][=Ring2][C][=O][O-1][N][N+1][=Branch1][C][O][=O][O-1][N+1][Ring1][#C][=N+1][O-1],C[N+]([O-])N(NN[N+](=N)N)[N+](=O)[O-],1.4970246155449356,0.8397107065047537,0.45459061107802395,0.9332225953721662,-1.0034250221659198,,0.5965218653279689,mols/page_0068.png,2
1343,[=N][O][=N+1][Branch1][C][O-1][C][N][Branch1][=Branch1][N+1][=Branch1][C][=O][O-1][N+1][=Branch1][C][=N][C][N][Branch1][N][N+1][=Branch1][C][N+1][=Branch1][C][O-1][C][Branch1][=Branch1][N+1][#Branch2][C][O-1][N][N][=N][Branch1][Branch2][Ring2][Ring1][O][#C][C][N+1][Branch1][C][C][O-1][N][Branch1][=Branch1][N][N+1][=Branch1][O][=O][O-1][N+1][Branch1][C][O-1],[N+][N+](C[O-])N(C[O-])C[N+](=N)N(C[N+]([O-])ON)[N+](=O)[O-],1.701719749037849,0.9094864192077486,0.6187244088041673,1.027324989833677,-0.7361236235810615,,0.7193703405783436,mols/page_0068.png,3
1344,[O][=N+1][Branch1][C][O-1][C][C][N][N][Branch1][=Branch1][N+1][=Branch1][C][=O][O-1][N+1][=Branch1][C][O-1][N][C][N][N][=N][N][Branch1][=Branch1][N][N+1][=Branch1][C],[N+]NNN=NNCN[N+]([O-])N(NCC[N+](=O)[O-])[N+](=O)[O-],1.7439038473124213,0.8367787690181794,0.4957578968306158,0.9510222897772762,-0.7467560702301019,,0.638867475350099,mols/page_0068.png,4
1345,[O][=N+1][Branch1][C][O-1][C][N][N][N][Branch1][=Branch1][N+1][=Branch1][C][=O][O-1][N+1][=Branch1][C][O-1][C][N+1][=Branch1][C][Branch1][=Branch1][N+1][N+1][C][O-1][C][Branch1][=Branch1][N][N+1][=Branch1][C][NH1][C][N+1][=Branch1][N+1][=Branch1][O-1][C][O-1][N+1][=Branch1][N+1][O-1][C][O-1][N][N+1][=Branch1][N+1][C][O-1][N+1][C][C][=O][O-1][N][N][=N][C][Branch1][=Branch1],C[N+]([O-])C[N+]([NH])N[N+](C[N+]([O-])N(NNC[N+](=O)[O-])[N+](=O)[O-])[N+][N+]C[O-],1.9596423657706594,0.9465708718112456,0.635720663322994,1.0444874775686366,-0.7792264822757778,,0.7354452265834368,mols/page_0068.png,5
1346,[O][=N+1][Branch1][C][O-1][C][N][C][Branch1][=Branch1][N+1][=Branch1][C][=O][O-1][N+1][=Branch1][C][N+1][=Branch1][C][O-1][C][N+1][=Branch1][N+1][=Branch1][O-1][C][=O][O-1][N][N][Branch1][=Branch1][N+1][N][C][O-1][C][Branch1][=Branch1][N][N+1][=Branch1][C],[N+][N+](C[O-])C(NC[N+](=O)[O-])[N+](=O)[O-],2.056437499842364,1.398073532324136,1.2079006417510236,1.4343818352213578,-0.06402025814913818,,1.2188442517924192,mols/page_0068.png,6
1347,[N][#C][C][=C][Branch1][=Branch1][N+1][=Branch1][C][=O][O-1][C][=C][Branch1][=Branch1][N+1][=Branch1][C][=O][O-1][C][=C][Ring1][N][N+1][=Branch1][C][=O][O-1],N#Cc1c([N+](=O)[O-])cc([N+](=O)[O-])cc1[N+](=O)[O-],1.558407953408093,-1.016343206167733,-0.9040815425104938,-1.056625616668042,-0.19559540785385293,,-0.9223159746221588,mols/page_0068.png,7
1348,[N][C][=C][Branch1][=Branch1][N+1][=Branch1][C][=O][O-1][C][Branch1][=Branch1][N+1][=Branch1][C][=O][O-1][=C][Branch2][Ring2][=Branch1][C][=C][Branch1][=Branch1][N+1][=Branch1][C][=O][O-1][C][Branch1][=Branch1][N+1][=Branch1][C][=O][O-1][=C][Branch1][C][N][C][Branch1][=Branch1][N+1][=Branch1][C][=O][O-1][=C][Ring1][S][N+1][=Branch1][C][=O][O-1][C][Branch1][=Branch1][N+1][=Branch1][C][=O][O-1][=C][Ring2][Ring2][C][N+1][=Branch1][C][=O][O-1],Nc1c([N+](=O)[O-])c([N+](=O)[O-])c(-c2c([N+](=O)[O-])c([N+](=O)[O-])c(N)c([N+](=O)[O-])c2[N+](=O)[O-])c([N+](=O)[O-])c1[N+](=O)[O-],2.232166943381353,0.8675405439978956,1.0734976724049468,0.9042155864621232,1.5614056864110482,,1.0030863573266646,mols/page_0068.png,8
1349,[N][C][N][Branch1][=Branch1][N+1][=Branch1][C][=O][O-1][N+1][=Branch1][C][O-1][C][N+1][=Branch1][C][=N][N][Branch1][=Branch1][=Branch1][N+1][=Branch1][N+1][=Branch1][O-1][C][O-1][N+1][=Branch1][N+1][O-1][C][O-1][C][Branch1][=Branch1][N+1][N+1][=Branch1][C][N][O-1][N+1][=Branch1][Branch1][=Branch1][N+1][=O][O-1][N+1][O][N+1][=Branch1][C][N+1][=Branch1][O-1][=O][O-1][N+1][Branch1][C][O-1][N+1][S][C][=O][O-1],C[N+]N([O-])[N+](=N)C[N+]([O-])N(CN)[N+](=O)[O-],1.596601054988479,0.4818792063346337,0.13869920201150016,0.6804261858336713,-1.319173054313214,,0.2953977709886806,mols/page_0068.png,9
1350,[N][C][N][C][Branch1][=Branch1][N+1][=Branch1][C][=O][O-1][N+1][=Branch1][C][O-1][C][N+1][=Branch1][C][C][N+1][=Branch1][N+1][=Branch1][O-1][=O][O-1][N+1][=N][O-1][N+1][=Branch1][=O][O-1],C[N+](C[N+]([O-])C(NCN)[N+](=O)[O-])[N+]([O-])O,2.116601054988479,-0.34378880008346907,-0.6602081285828867,-0.08192868035795592,-1.8172253620176295,,-0.4654932405115343,mols/page_0068.png,10
1351,[O][=N+1][Branch1][C][O-1][C][Branch1][C][F][Branch2][Ring1][=Branch1][C][O][C][O][C][C][Branch1][C][F][Branch1][=Branch1][N+1][=Branch1][C][=O][O-1][N+1][=Branch1][C][=O][O-1][N+1][=Branch1][C][=O][O-1],O=[N+]([O-])C(F)(COCOCC(F)([N+](=O)[O-])[N+](=O)[O-])[N+](=O)[O-],1.786423335035418,0.7697731558804739,0.6844824416040508,0.4158972028836471,0.32140011644167793,,0.5620627921687579,mols/page_0068.png,11
1352,[O][=N+1][Branch1][C][O-1][C][N][N][Branch1][=Branch1][N+1][=Branch1][C][=O][O-1][N+1][=Branch1][C][O-1][C][Branch1][=Branch1][N+1][#C][C][O-1][N+1][=Branch1][N+1][=Branch1][=O][O-1][N+1][C][O-1][Branch1][=Branch1][N+1][=O][O-1][N+1][=C][N+1][=Branch1][C],O=[N+]([O-])CNN([N+]([O-])C([N+]#CC[O-])O[O-])[N+](=O)[O-],2.179883310599152,1.482950451449138,1.2742106295933526,1.4933733809127987,-0.0894031887708079,,1.2776993037486615,mols/page_0068.png,12
1353,[O][=N+1][Branch1][C][O-1][C][N][C][Branch1][=Branch1][N+1][=Branch1][C][=O][O-1][N+1][=Branch1][C][O-1][C][N+1][=Branch1][C][=N][O][N+1][=Branch1][C][C][O-1][N+1][=Branch1][O-1][C][O-1][N+1][Branch1][C][O-1][N+1][C][O-1][C],C[N+]([O-])O[N+](=N)C[N+]([O-])C(NC[N+](=O)[O-])[N+](=O)[O-],2.179883310599152,0.8342710668592445,0.5561152028610138,0.8320921203147261,-0.8474734915510994,,0.5956860664008451,mols/page_0068.png,13
1354,[O][=N+1][Branch1][C][O-1][C][N][N][Branch1][=Branch1][N+1][=Branch1][C][=O][O-1][N+1][=Branch1][C][Branch1][=Branch1][N+1][C][C][O-1][N+1][=Branch1][O-1][N+1][=Branch1][N+1][=Branch1][O-1][C][O-1][C][Branch1][=Branch1][N][N+1][=Branch1][C][O-1][C][N+1][=Branch1][C][=N][O-1][N+1][=Branch1][N][=O][O-1][N+1][O][C][N+1][=Branch1][N+1][C][O-1][N+1][N][C][N][Branch1][=Branch1],O=[N+]([O-])CNN([N+]([O-])[N+]CC[O-])[N+](=O)[O-],1.596601054988479,1.1698050724570306,0.9178124920819787,1.146240829982492,-0.3429937149464405,,0.9461013516331052,mols/page_0068.png,14
1355,[O][=N+1][Branch1][C][O-1][C][C][N][Branch1][=Branch1][N+1][=Branch1][C][=O][O-1][N+1][=Branch1][C][O-1][C][N][Branch1][N+1][=Branch1][C][=N][O][N+1][=Branch1][C][Cl][O-1][N+1][=Branch1][N+1][=Branch1][O-1][=O][O-1][N+1][N+1][=Branch1][C],O=[N+]([O-])CCN([N+]([O-])CNC=NO[N+]([O-])Cl)[N+](=O)[O-],1.701719749037849,1.0178062682897109,0.7086145037896804,0.9290151506267471,-0.3137413231464951,,0.7718371209558972,mols/page_0068.png,15
1356,[O][=N+1][Branch1][C][O-1][C][N][N][N][N][C][Branch1][=Branch1][N+1][=Branch1][C][=O][O-1][N+1][=Branch1][C][O-1][C][Branch1][=Branch1][N][N+1][=Branch1][C][N][C][N+1][=Branch1][C][N+1][=Branch1][N+1][=Branch1][N][=O][O-1][N+1],[N+][N+](CC(N[N+]N)[N+]([O-])C(NNNNC[N+](=O)[O-])[N+](=O)[O-])[N+]=O,2.872424281845476,1.2562406636006187,0.9817089542873174,1.3454259033459586,-0.3050227903650639,,1.067155486773861,mols/page_0068.png,16
1357,[O][=N+1][Branch1][C][O-1][C][C][N][Branch1][=Branch1][N+1][=Branch1][C][=O][O-1][N+1][=Branch1][C][N][O-1][N+1][=Branch1][O-1][C][O-1][C][Branch1][=Branch1][N+1][N+1][C][O-1][C][N][Branch1][C][N][N+1][=Branch1][C][O-1][N+1][=Branch1][N+1][=Branch1][=O][O-1][N+1][=O][O-1][N+1][#C][C][O-1][C][N+1][=Branch1][C][Branch1][=Branch1][=O][N+1][=Branch1][C][O][N+1][=Branch1][C][=N][O-1][N+1][=Branch1][N][=O][O-1][N+1][Branch1][C][O-1][N+1][Branch1][=Branch1][N+1][O-1][C][O-1][=Branch1][N+1][=Branch1][O-1][=O][O-1][N+1][C][O-1][N+1][C][C][=O][N+1],N[N+]([O-])N(CC[N+](=O)[O-])[N+](=O)[O-],1.5170246155449356,1.3827554945124467,1.130279408559687,1.5579479854682123,-0.27427404364111446,,1.2240105155912069,mols/page_0068.png,17
1358,[N][=N+1][Branch1][C][O-1][C][Branch1][=Branch1][N+1][=Branch1][C][=O][O-1][N+1][=Branch1][C][O-1][C][N+1][=Branch1][C],[N+]C[N+]([O-])C([N+](=N)[O-])[N+](=O)[O-],1.9980915038517313,1.6746356848961426,1.5709477932459324,1.4767974994588626,0.6098696717951599,,1.46310183649858,mols/page_0068.png,18
1359,[O][=N+1][Branch1][C][O-1][C][C][N][Branch1][=Branch1][N+1][=Branch1][C][=O][O-1][N+1][=Branch1][C][O-1][N+1][=Branch1][N+1][=Branch1][O-1][C][C][Branch1][=Branch1][N+1][N+1][=Branch1][C][N+1][=Branch1][C][C][=O][O-1][Branch1][=Branch1][N+1][P][C][O-1][C][Branch1][=Branch1][Branch1][N+1][=Branch1][C][Branch1][=Branch1][C][N+1][N][O-1][N][N+1][=Branch1][C],C[N+]([N+]([O-])N(CC[N+](=O)[O-])[N+](=O)[O-])C(C)([N+][N+][N+])O[O-],2.2439038473124215,0.18466307827440712,-0.2110761138273808,0.3352670500792972,-1.509834631307592,,-0.023479901987283752,mols/page_0068.png,19
1360,[O][=N+1][Branch1][C][O-1][C][N][N][Branch1][=Branch1][N+1][=Branch1][C][=O][O-1][N+1][=Branch1][C][Branch1][=Branch1][N+1][C][C][O-1][N+1][=Branch1][N+1][=Branch1][O-1][C][O-1][N+1][N][C][=N][N][Branch1][=Branch1][C][Branch1][N][N+1][=Branch1][C][O-1][C][N+1][=Branch1][C][N][O-1][Branch1][=Branch1][N+1][=Branch2][C][O-1][N+1],C[N+]([O-])[N+]([N+]CC[O-])N(NC[N+](=O)[O-])[N+](=O)[O-],1.6584079534080929,0.6470811566432628,0.25863507194643826,0.8019754851723343,-1.3469511324237151,,0.41252413797398746,mols/page_0069.png,0
1361,[N][C][N][Branch1][=Branch1][N+1][=Branch1][C][=O][O-1][N+1][=Branch1][C][O-1][C][N+1][=Branch1][C][=Branch1][O-1][N+1][=Branch1][N+1][=Branch1][N+1][=O][O-1][N+1][C][O-1][N+1][=Branch1][N][=O][O-1][N+1],[N+][N+](C[N+]([O-])N(CN)[N+](=O)[O-])[N+](=O)[O-],1.5563039679725397,1.6309080213102043,1.4697208994372246,1.7899968920916893,0.0937227350301813,,1.5005282605265513,mols/page_0069.png,1
1362,[O][=N+1][Branch1][C][O-1][C][N][C][Branch1][=Branch1][N+1][=Branch1][C][=O][O-1][N+1][=Branch1][C][O-1][C][N+1][=Branch1][C][Cl][C][N+1][=Branch1][N+1][=Branch1][N+1][=O][O-1][N+1][C][N][=N][N][Branch1][=Branch1][N+1],O=[N+]([O-])CNC([N+]([O-])C[N+](Cl)C[N+]([O-])O)[N+](=O)[O-],2.179883310599152,1.1357641155188576,1.0098037214825422,1.0696748287862121,0.16923110657992518,,0.9811850014228274,mols/page_0069.png,2
1363,[O][=N+1][Branch1][C][O-1][C][N][N][Branch1][=Branch1][N+1][=Branch1][C][=O][O-1][N+1][=Branch1][C][N+1][=Branch1][C][O-1][N+1][=Branch1][N+1][=Branch1][O-1][C][=O][C][N+1][=Branch1][N+1][O-1][C][=O][O-1],[N+][N+](C[O-])N(NC[N+](=O)[O-])[N+](=O)[O-],1.536437499842364,1.6118472851635632,1.4786211744966606,1.6148689453249556,0.21338949550744957,,1.4399036425957832,mols/page_0069.png,3
1364,[C][=N+1][Branch1][C][O-1][C][N][N][Branch1][=Branch1][N+1][=Branch1][C][=O][O-1][N+1][=Branch1][C][O-1][C][N+1][=Branch1][C],C=[N+]([O-])CNN([N+]([O-])C[N+])[N+](=O)[O-],1.556437499842364,0.9097551015819203,0.5991938884828155,0.9669999223827789,-0.7663311355452649,,0.6874041029147689,mols/page_0069.png,4
1365,[O][=N+1][Branch1][C][O-1][C][N][N][N][Branch1][=Branch1][N+1][=Branch1][C][=O][O-1][N+1][=Branch1][C][O-1][C][N+1][=Branch1][C][C][O-1][N][N+1][=Branch1][C][N+1][=Branch1][N+1][=Branch1][N][=O][O-1][N+1][C][O-1][C][=N][O][N+1][Branch1][C][O-1][N+1][=Branch1][=O][O-1][N+1][Branch1][C][=O][O-1][C][N+1][Branch1][N+1][=Branch1][C],C[N+]([O-])C[N+]([O-])N(NNC[N+](=O)[O-])[N+](=O)[O-],1.617308431519336,1.0694309939375581,0.7071975636459947,1.1929602140420728,-0.92697500009526,,0.8286437250031913,mols/page_0069.png,5
1366,[O][=N+1][Branch1][C][O-1][C][N][N][Branch1][=Branch1][N+1][=Branch1][C][=O][O-1][N+1][=Branch1][C][O-1][C][N+1][=Branch1][C][N+1][=Branch1][N+1][=Branch1][O-1][=O][O-1][N+1][Branch1][C][O-1][N+1][=Branch1],[N+][N+](C[N+]([O-])N(NC[N+](=O)[O-])[N+](=O)[O-])[N+](=O)[O-],1.6184079534080928,1.933334387690624,1.8328281015964738,1.9411814511894614,0.5534024778790194,,1.773353450585461,mols/page_0069.png,6
1367,[O][=N+1][Branch1][C][O-1][C][N][C][Branch1][=Branch1][N+1][=Branch1][C][=O][O-1][N+1][=Branch1][C][O-1][C][Branch1][=Branch1][=Branch1][N+1][=Branch1][O-1][N+1][=Branch1][N+1][=Branch1][N+1][=O][O-1][N+1][=N][C][Branch1][=Branch1][N][N+1][=Branch1][C][C][O-1][N+1][=Branch1][N][O-1][C][N+1][=Branch1][C],[N+][N+]C([N+]=O)[N+]([O-])C(NC[N+](=O)[O-])[N+](=O)[O-],2.6173084315193353,1.9150482738274133,1.7922063825177807,1.864558580529296,0.5307220475169871,,1.7257093010497158,mols/page_0069.png,7
1368,[O][=N+1][Branch1][C][O-1][C][N][N][Branch1][=Branch1][N+1][=Branch1][C][=O][O-1][N+1][=Branch1][C][O-1][N+1][=Branch1][N][=O][O-1][N+1][=Ring2][C][O-1][N+1][C][O-1][C][Branch1][=Branch1][N+1][C][O-1][N+1][Branch1][C][O-1][N+1][Ring1][C][O-1][N+1][=N][C][O-1][N+1],O=[N+]([O-])CNN([N+]([O-])[N+](=O)[N+]C[O-])[N+](=O)[O-],1.597308431519336,1.6027387955549508,1.4597346017248285,1.4794761855451863,0.35920940530294937,,1.3933297640683144,mols/page_0069.png,8
1369,[=C][Branch1][=Branch1][N+1][=Branch1][C][=O][O-1][N+1][=Branch1][C][O-1][C][N+1][=Branch1][C][C][O-1][N+1][=Branch1][N+1][=Branch1][O-1][N+1][=Branch1][=O][O-1][N+1][S][O-1],C[N+]([O-])C[N+]([O-])C[N+](=O)[O-],1.4996683620478217,0.2813879473552039,-0.16102644044728417,0.5871060823438771,-1.7865770253622304,,0.08627510712830772,mols/page_0069.png,9
1370,[N][O][=N+1][Branch1][C][O-1][C][=N][N][Branch1][=Branch1][N+1][=Branch1][C][=O][O-1][N+1][=Branch1][C][O-1][C][Branch1][=Branch1][N+1][N+1][C][O-1][C][N][C][Branch1][=Branch1][C][N+1][=Branch1][C][=N][O-1][N+1][=Branch1][N+1][=Branch1][=O][O-1][N+1][=O][O-1][N+1][C][C][=O][O-1][N][Branch1][=Branch1][O-1][N+1][=Branch1][Ring2][=O][O-1][N+1][=C][C][N][Branch1][=Branch1][=Branch1][N+1][=Branch1][N+1][=O][O-1][N],N=[N+]CC([O-])NC([N+][N+]C[O-])[N+]([O-])N(N=C[N+]([O-])ON)[N+](=O)[O-],2.872424281845476,1.0259531578223406,0.8036766219507026,0.9084503464618496,-0.201590623654118,,0.800628521162589,mols/page_0069.png,10
1371,[O][=N+1][Branch1][C][O-1][C][N][N][Branch1][=Branch1][N+1][=Branch1][C][=O][O-1][N+1][=Branch1][C][O-1][C][N+1][=Branch1][C][=N][O-1][N+1][=Branch1][N+1][=Branch1][O-1][=O][O-1][N+1][Branch1][C][O-1][N+1][=Branch1][N][O-1][C][Branch1][=Branch1][N+1],N=[N+]([O-])C[N+]([O-])N(NC[N+](=O)[O-])[N+](=O)[O-],1.576601054988479,1.8312303717795555,1.666727325194763,1.7161749544756488,0.35197498231521124,,1.5961569042653603,mols/page_0069.png,11
1372,[O][=N+1][Branch1][C][O-1][N][C][C][N][Branch1][=Branch1][N+1][=Branch1][C][=O][O-1][C][Ring1][Branch2][C][N][Branch1][=Branch1][N+1][=Branch1][C][=O][O-1][C][Branch2][Ring1][Branch1][C][Branch1][=Branch2][N][Ring1][Branch2][N+1][=Branch1][C][=O][O-1][N][Ring2][Ring1][C][N+1][=Branch1][C][=O][O-1][N][Ring2][Ring1][#Branch1][N+1][=Branch1][C][=O][O-1],O=[N+]([O-])N1C2C3N([N+](=O)[O-])C1C1N([N+](=O)[O-])C(C(N1[N+](=O)[O-])N3[N+](=O)[O-])N2[N+](=O)[O-],4.482580134081158,2.681375970981472,3.1496382343529326,2.935524324421192,2.615651405049533,,2.893528421607032,mols/page_0069.png,12
1373,[O][=N+1][Branch1][C][O-1][C][C][N][Branch1][=Branch1][N+1][=Branch1][C][=O][O-1][N+1][=Branch1][C][O-1][N+1][=Branch1][N+1][=Branch1][O-1][N+1][=Branch1][N][C][=O][O-1],[N+][N+](NC=O)[N+]([O-])N(CC[N+](=O)[O-])[N+](=O)[O-],1.617308431519336,1.2128303908894327,1.0530644756079284,1.1263938348775038,-0.049199976933736164,,1.0121112528819682,mols/page_0069.png,13
1374,[O][=N+1][Branch1][C][O-1][C][N][N][Branch1][=Branch1][N+1][=Branch1][C][=O][O-1][N+1][=Branch1][C][O-1][C][N+1][=Branch1][C][N+1][=Branch1][N+1][=Branch1][O-1][C][O-1][N+1][=Branch1][N][=O][O-1][N+1][Ring2][C][O-1][N+1][O-1][C][Branch1][=Branch1][N+1][N][C][O-1][N][N+1][=Branch1][C][Branch1][=Branch1][O][N+1][=Branch1][C][=N][O-1][N+1][=Branch1][=O][O-1][N+1][=O][O-1][N+1],C[N+]([O-])[N+]([N+])C[N+]([O-])N(NC[N+](=O)[O-])[N+](=O)[O-],1.6384079534080929,1.4502670475594108,1.15425367804221,1.6159275233771238,-0.4737619105636604,,1.2501249996948887,mols/page_0069.png,14
1375,[O][=N+1][Branch1][C][O-1][C][C][Branch1][=Branch1][N+1][=Branch1][C][=O][O-1][N+1][=Branch1][C][O-1][C][N+1][=Branch1][C][N+1][=Branch1][N+1][=Branch1][O-1][C][O-1][C][Branch1][=Branch1][N][N+1][=Branch1][C][N][O-1][N+1][=Branch1][=Branch1][C][=O][N+1][=Branch1][C][NH1][O-1][N+1][=Branch1][=O][O-1][N+1][=O][O-1][N+1][C][O-1][N+1][=Branch1][O-1],C[N+]([O-])[N+]([N+])C[N+]([O-])C(C[N+](=O)[O-])[N+](=O)[O-],2.137308431519336,1.164404713860377,0.8165025494821622,1.3913679221354194,-0.7053307943879925,,0.9812409052510032,mols/page_0069.png,15
1376,[O][=N+1][Branch1][C][O-1][C][C][N][Branch1][=Branch1][N+1][=Branch1][C][=O][O-1][N+1][=Branch1][C][O-1][C][N][N][Branch1][=Branch1][O-1][N+1][=Branch1][N+1][=Branch1][N+1][=O][O-1][N+1][O-1][C][N][O-1][N+1][=Branch1][Ring1][O-1][N+1][=Branch1][O-1][C][=O][O-1][C][Branch1][=Branch1][N+1][S][C][O-1][N+1][=Branch1][N][=O][O-1][N+1][Branch1][C][O-1][N+1][#Branch1][C][N][C][Branch1][=Branch1],O=[N+]N([O-])NC[N+]([O-])N(CC[N+](=O)[O-])[N+](=O)[O-],1.6384079534080929,1.6827480071057797,1.407562073476622,1.669428702952815,-0.19284392707297146,,1.4210646086194294,mols/page_0069.png,16
1377,[O][=N+1][Branch1][C][O-1][C][N][C][N][Branch1][=Branch1][N+1][=Branch1][C][=O][O-1][N+1][=Branch1][C][C][O-1][N+1][=Branch1][O-1][C][N][N][C][Branch1][=Branch1][N+1][=Branch2][C][O-1][C][N+1][=Branch1][C][O-1][N][N+1][=Branch1][C],C[N+]([O-])N(CNC[N+](=O)[O-])[N+](=O)[O-],1.556437499842364,0.4208490263488263,-0.004713922333017982,0.596874196400558,-1.5905471832395104,,0.18372873624022426,mols/page_0069.png,17
1378,[O][=N+1][Branch1][C][O-1][C][N][N][N][Branch1][=Branch1][N+1][=Branch1][C][=O][O-1][N+1][=Branch1][C][O-1][C][N+1][=Branch1][C][C][O-1][N+1][=Branch1][=O][O-1][N+1][Branch1][C][O-1][N+1][=O][O-1][N+1][C][O-1][N+1][C][=O][O-1],C[N+]([O-])C[N+]([O-])N(NNC[N+](=O)[O-])[N+](=O)[O-],1.617308431519336,1.0694309939375581,0.7071975636459947,1.1929602140420728,-0.92697500009526,,0.8286437250031913,mols/page_0069.png,18
1379,[N][#Branch2][/C][=N+1][Branch1][C@@H1][#Branch2][#Branch2][Branch2][Branch1][O][#C][F][O][C][=N+1][Branch1][=Branch1][=Branch2][C][C][O][=N+1][Branch1][Branch1][=N+1][Cl][C][O-1][O][=N+1][Branch1][C][O-1][C][Branch1][C][O-1][Branch1][=Branch1][N+1][=Branch1][C][=O][O-1][Cl][N+1][=Branch1][C][Ring1][Branch1][C][C][O][=O],NOCF,1.482440063862291,-1.2809411368793326,-1.4287457939425245,-1.2535977066415698,-2.08147894766808,,-1.3870087101289004,mols/page_0069.png,19
1380,[O][=N+1][Branch1][C][O-1][C][=N][N][Branch1][=Branch1][N+1][=Branch1][C][=O][O-1][N+1][=Branch1][C][=N][O][N+1][Branch1][C][O-1][N+1][=Branch1][O-1][N][C][N][N][N][Branch1][=Branch1],N=[N+](O[N+]([O-])[N+](N)CNNN)N(N=C[N+](=O)[O-])[N+](=O)[O-],1.7439038473124213,0.8200513271735549,0.6289585752161803,0.7895488356267694,-0.19342067271061952,,0.6587299425770796,mols/page_0070.png,0
1381,[O][=N+1][Branch1][C][O-1][C][C][N][Branch1][=Branch1][N+1][=Branch1][C][=O][O-1][N+1][=Branch1][C][N+1][=Branch1][C][O-1][C][N+1][=Branch1][N+1][=Branch1][O-1][=O][O-1][N+1][Ring2][C][O-1][N+1][=Branch1],[N+][N+](C[O-])N(CC[N+](=O)[O-])[N+](=O)[O-],1.556437499842364,1.181143154398681,0.9199851762247536,1.3044557086314648,-0.42853084822089255,,1.0042112812863555,mols/page_0070.png,1
1382,[=C][Branch1][N][C][N][N][Branch1][N][=Branch2][NH1][O][N][#N][=Ring1][N+1][#Branch1][=Branch1][P][F][=Branch2],CCNNNON=N,1.4844996950521225,-2.8280386016096624,-2.860063280461257,-2.2670399878132743,-3.909383019972758,,-2.7197797676403153,mols/page_0070.png,2
1383,[N][=N+1][Branch1][C][O-1][C][N][N][Branch1][=Branch1][N+1][=Branch1][C][=O][O-1][N+1][=Branch1][C][O-1][=Branch1][N+1][=Branch1][N][=O][O-1][N+1][=Branch2][C][Branch1][=Branch1][N+1][=O][O-1][N+1],N=[N+]([O-])CNN([N+]([O-])[N+]=O)[N+](=O)[O-],1.516437499842364,1.9311927849070223,1.7982076159306677,1.8099473269302018,0.43201037854093144,,1.6995300688355965,mols/page_0070.png,3
1384,[O][=C][Branch2][Ring2][=Branch1][C][N][Branch2][Ring1][N][C][C][=Branch1][C][=O][O][C][C][Branch1][=Branch1][N+1][=Branch1][C][=O][O-1][Branch1][=Branch1][N+1][=Branch1][C][=O][O-1][N+1][=Branch1][C][=O][O-1][N+1][=Branch1][C][=O][O-1][O][C][C][Branch1][=Branch1][N+1][=Branch1][C][=O][O-1][Branch1][=Branch1][N+1][=Branch1][C][=O][O-1][N+1][=Branch1][C][=O][O-1],O=C(CN(CC(=O)OCC([N+](=O)[O-])([N+](=O)[O-])[N+](=O)[O-])[N+](=O)[O-])OCC([N+](=O)[O-])([N+](=O)[O-])[N+](=O)[O-],2.3655207929383306,0.749955081111899,0.6796579456774889,0.4047176514240754,0.3123093316987923,,0.5505212504368564,mols/page_0070.png,4
1385,[C][N][Branch2][Ring1][O][C][=Branch1][C][=O][O][C][C][Branch1][=Branch1][N+1][=Branch1][C][=O][O-1][Branch1][=Branch1][N+1][=Branch1][C][=O][O-1][N+1][=Branch1][C][=O][O-1][N+1][=Branch1][C][=O][O-1],CN(C(=O)OCC([N+](=O)[O-])([N+](=O)[O-])[N+](=O)[O-])[N+](=O)[O-],1.701719749037849,0.8285187500648457,0.7066488027878225,0.509582703873682,0.1818962448605914,,0.6058145942486989,mols/page_0070.png,5
1386,[O][=N+1][Branch1][C][O-1][C][N][N][Branch1][=Branch1][N+1][=Branch1][C][=O][O-1][N+1][=Branch1][C][O-1][C][Branch1][=Branch1][N+1][=Branch2][C][O-1][N][N][Branch1][N+1][=Branch1][C][=N][O-1][N+1][=Branch1][=O][O-1][N+1][Branch1][C][O-1][N+1][=Branch1],N[N+]C(NC=N[O-])[N+]([O-])N(NC[N+](=O)[O-])[N+](=O)[O-],2.159883310599152,1.449316446177108,1.3190033144962674,1.3702012867936546,0.12033262770901311,,1.252193717656707,mols/page_0070.png,6
1387,[O][=N+1][Branch1][C][O-1][C][C][N][Branch1][=Branch1][N+1][=Branch1][C][=O][O-1][N+1][=Branch1][C][O-1][N+1][=Branch1][O-1][=O][O-1][N+1][N][C][N][Branch1][N+1][=Branch1][C][C][O-1][N+1][Branch1][C][O-1][N+1],O=[N+]([O-])CCN([N+]([O-])[N+](=O)[O-])[N+](=O)[O-],1.5563039679725397,1.4258420913810634,1.2799109708476841,1.3510819521517685,0.3190515004480284,,1.248776196462697,mols/page_0070.png,7
1388,[O][=N+1][Branch1][C][O-1][C][N][Branch1][=Branch1][N+1][=Branch1][C][=O][O-1][N+1][=Branch1][C][O-1][C][N+1][=Branch1][C][N+1][=Branch1][N+1][=Branch1][=O][O-1][N+1][N][C][=O][O-1],[N+][N+](C[N+]([O-])N(C[N+](=O)[O-])[N+](=O)[O-])[N+]([O-])[N+]NC=O,1.701719749037849,1.6907990508792021,1.5945860345428926,1.5822258730546739,0.4274172301612757,,1.4969783435935209,mols/page_0070.png,8
1389,[O][=N+1][Branch1][C][O-1][C][N][N][Branch1][=Branch1][N+1][=Branch1][C][=O][O-1][N+1][=Branch1][C][O-1][C][N+1][=Branch1][C][Branch1][=Branch1][N+1][N][C][=O][O-1],O=CN[N+][N+]C[N+]([O-])N(NC[N+](=O)[O-])[N+](=O)[O-],1.6384079534080929,1.2796835935575788,1.0549816250088304,1.096887091150955,-0.14898554383806656,,1.0075225867181776,mols/page_0070.png,9
1390,[C][C][N][Branch2][Ring1][N][C][C][=Branch1][C][=O][O][C][C][Branch1][=Branch1][N+1][=Branch1][C][=O][O-1][Branch1][=Branch1][N+1][=Branch1][C][=O][O-1][N+1][=Branch1][C][=O][O-1][N+1][=Branch1][C][=O][O-1],CCN(CC(=O)OCC([N+](=O)[O-])([N+](=O)[O-])[N+](=O)[O-])[N+](=O)[O-],1.786423335035418,-0.2770196588598737,-0.44954943982235707,-0.296880476740389,-1.1054098144741056,,-0.41093544681412386,mols/page_0070.png,10
1391,[O][=N+1][Branch1][C][O-1][C][N][N][N][Branch1][=Branch1][N+1][=Branch1][C][=O][O-1][N+1][=Branch1][C][O-1][N+1][=Branch1][N][=O][O-1][N+1][N+1][C][O-1],O=[N+][N+]([O-])N(NNC[N+](=O)[O-])[N+](=O)[O-],1.5363039679725397,1.6978177886887023,1.5520216125891102,1.5689255831623323,0.36542870698790575,,1.4765729542831767,mols/page_0070.png,11
1392,[O][=C][Branch2][Ring1][#Branch1][O][C][C][Branch1][=Branch1][N+1][=Branch1][C][=O][O-1][Branch1][=Branch1][N+1][=Branch1][C][=O][O-1][N+1][=Branch1][C][=O][O-1][N][Branch2][Ring2][S][C][C][N][Branch2][Ring2][Branch1][C][N][Branch2][Ring1][O][C][=Branch1][C][=O][O][C][C][Branch1][=Branch1][N+1][=Branch1][C][=O][O-1][Branch1][=Branch1][N+1][=Branch1][C][=O][O-1][N+1][=Branch1][C][=O][O-1][N+1][=Branch1][C][=O][O-1][N+1][=Branch1][C][=O][O-1][N+1][=Branch1][C][=O][O-1],O=C(OCC([N+](=O)[O-])([N+](=O)[O-])[N+](=O)[O-])N(CCN(CN(C(=O)OCC([N+](=O)[O-])([N+](=O)[O-])[N+](=O)[O-])[N+](=O)[O-])[N+](=O)[O-])[N+](=O)[O-],2.790265751340508,1.094622716189565,0.9902342321130547,0.8045552094356762,0.43896071450545443,,0.8869323923004708,mols/page_0070.png,12
1393,[O][=N+1][Branch1][C][O-1][O][C][C][N][C][=C][Branch1][=Branch1][N+1][=Branch1][C][=O][O-1][C][Branch1][#Branch2][N][C][C][O][N+1][=Branch1][C][=O][O-1][=C][Branch1][=Branch1][N+1][=Branch1][C][=O][O-1][C][Branch1][#Branch2][N][C][C][O][N+1][=Branch1][C][=O][O-1][=C][Ring2][Ring1][#Branch2][N+1][=Branch1][C][=O][O-1],O=[N+]([O-])OCCNc1c([N+](=O)[O-])c(NCCO[N+](=O)[O-])c([N+](=O)[O-])c(NCCO[N+](=O)[O-])c1[N+](=O)[O-],2.2983993249990475,-0.47376979074630604,-0.552049535482447,-0.3159402551720644,-0.7136036044261034,,-0.45419129406862435,mols/page_0070.png,13
1394,[O][=N+1][Branch1][C][O-1][C][C][N][Branch1][=Branch1][N+1][=Branch1][C][=O][O-1][N+1][=Branch1][C][N+1][=Branch1][C][N][=O][O-1][N+1][N+1][=Branch1][C][O-1][N+1][=Branch1][O-1][N][N+1][=Branch1][C][\N+1][O-1][N+1][=Branch1][N+1][=Branch1][=O][O-1][N+1][=N][C][O-1][N+1][Branch1][C][O-1][N+1][#N][O-1][C][N+1][=Branch1][N+1][=O][O-1][N+1][O][N+1][=Branch1][C][C][O-1][N+1][S][C][=O][O-1][Branch1][=Branch1][N+1][O-1][C][=O][O-1][C][N+1][Branch1][C][=O][O-1][N][N+1][Branch1][C][Cl][O-1][N+1][=Branch1][Ring1][=Branch1][C][O-1][N][N+1],[N+][N+](CN=O)N(CC[N+](=O)[O-])[N+](=O)[O-],1.5763039679725397,1.2170711729238721,0.921509440960026,1.44183710848301,-0.6092506039157705,,1.0504549364726017,mols/page_0070.png,14
1395,[O][=C][Branch2][Ring1][=C][N][C][N][C][=Branch1][C][=O][O][C][C][Branch1][=Branch1][N+1][=Branch1][C][=O][O-1][Branch1][=Branch1][N+1][=Branch1][C][=O][O-1][N+1][=Branch1][C][=O][O-1][O][C][C][Branch1][=Branch1][N+1][=Branch1][C][=O][O-1][Branch1][=Branch1][N+1][=Branch1][C][=O][O-1][N+1][=Branch1][C][=O][O-1],O=C(NCNC(=O)OCC([N+](=O)[O-])([N+](=O)[O-])[N+](=O)[O-])OCC([N+](=O)[O-])([N+](=O)[O-])[N+](=O)[O-],2.227950530827869,0.6054542435501163,0.580827328910695,0.1911163928611596,0.4159361959816831,,0.414610569857835,mols/page_0070.png,15
1396,[N+1][=N+1][Branch1][C][O-1][C][C][Branch1][=Branch1][N+1][=Branch1][C][=O][O-1][N+1][=Branch1][C][N+1][=Branch1][C][O-1][N+1][=Branch1][=N+1][O-1][C][C][N][N+1][=Branch1][C][=Ring1][O-1][N+1][=Branch1][N+1][=Branch1][O-1][=O][O-1][N+1][NH1][C][=O][O-1],[N+][N+](C[O-])C(C[N+](=[N+])[O-])[N+](=O)[O-],2.0370246155449356,1.7282103218091769,1.5406222077541565,1.815089311605771,0.14774702544927754,,1.5580185595780696,mols/page_0070.png,16
1397,[O][=N+1][Branch1][C][O-1][C][C][Branch1][=Branch1][N+1][=Branch1][C][=O][O-1][N+1][=Branch1][C][O-1][C][N+1][=Branch1][C][N+1][=Branch1][O-1][=O][O-1][N+1][N][C][O-1][N+1][=Branch1][N+1][=Branch1][N+1][=O][O-1][N+1][C][C][Branch1][N+1][=Branch1][C],[N+][N+]([O-])C[N+]([O-])C(C[N+](=O)[O-])[N+](=O)[O-],2.0763039679725397,1.8100563152044886,1.6779395508312946,1.8510285738261412,0.440610133558346,,1.6564714093952368,mols/page_0070.png,17
1398,[O][=N+1][Branch1][C][O-1][C][=C][C][Branch1][=Branch1][N+1][=Branch1][C][=O][O-1][=C][Branch2][Ring2][Branch2][N][C][=C][N][Branch2][Ring1][N][C][=C][Branch1][=Branch1][N+1][=Branch1][C][=O][O-1][C][=C][Branch1][=Branch1][N+1][=Branch1][C][=O][O-1][C][=C][Ring1][N][N+1][=Branch1][C][=O][O-1][N][=N][Ring2][Ring1][Ring2][C][Branch1][=Branch1][N+1][=Branch1][C][=O][O-1][=C][Ring2][Ring1][P],O=[N+]([O-])c1cc([N+](=O)[O-])c(Nc2cn(-c3c([N+](=O)[O-])cc([N+](=O)[O-])cc3[N+](=O)[O-])nn2)c([N+](=O)[O-])c1,1.9783993249990475,-0.7192339225603934,-0.6042942522952325,-0.7064395785390322,0.1738328265507986,,-0.5960745924744396,mols/page_0070.png,18
1399,[O][=N+1][Branch1][C][O-1][C][N][N][Branch1][=Branch1][N+1][=Branch1][C][=O][O-1][N+1][=Branch1][C][O-1][C][N+1][=Branch1][C][=N][N][Branch1][=Branch1],N=[N+](N)C[N+]([O-])N(NC[N+](=O)[O-])[N+](=O)[O-],1.576601054988479,1.4837517848457902,1.2898602160225086,1.5239906464538047,-0.05766626003076083,,1.2972326327955206,mols/page_0070.png,19
1400,[=N+1][Branch1][C][O-1][C][N][Branch1][=Branch1][N+1][=Branch1][C][=O][O-1][N+1][=Branch1][C][O-1][C][Branch1][=Branch1][N+1][O][C][C][Branch1][=Branch1],CCO[N+]C[N+]([O-])N(C[N+][O-])[N+](=O)[O-],1.5963039679725397,-0.347597490580498,-0.6699497517799394,-0.17710666893169477,-1.9406991335085875,,-0.5192993915136461,mols/page_0071.png,0
1401,[O][=N+1][Branch1][C][O-1][C][N][C][Branch1][=Branch1][N+1][=Branch1][C][=O][O-1][N+1][=Branch1][C][O-1][C][N+1][=Branch1][C][=N][O-1][N+1][=Branch1][N][=O][O-1][N+1][Ring2][C][O-1][C][Branch1][=Branch1][O][N+1][=Branch1][C][C][O-1][N+1][=Branch1][N+1][=Branch1][O-1][=O][O-1][N+1][O][C][=O][O-1],N=[N+]([O-])C[N+]([O-])C(NC[N+](=O)[O-])[N+](=O)[O-],2.0966010549884793,1.670228351214556,1.4901790108715756,1.5498192344610182,0.2085881799125069,,1.430888352297191,mols/page_0071.png,1
1402,[O][=N+1][Branch1][C][O-1][C][C][Branch1][=Branch1][N+1][=Branch1][C][=O][O-1][N+1][=Branch1][C][O-1][C][N][Branch1][=Branch1][N+1][O][C][=O][O-1][N][Branch1][=Branch1][C][N+1][=Branch1][C][N+1][C][=O][O-1],[N+][N+]CN(C=O)N(C[N+]([O-])C(C[N+](=O)[O-])[N+](=O)[O-])[N+]OC=O,2.3292669435287103,0.643779977297447,0.39262471384753556,0.48662848664348474,-0.6322298154573911,,0.3905295858979004,mols/page_0071.png,2
1403,[O][=N+1][Branch1][C][O-1][C][N][C][Branch1][=Branch1][N+1][=Branch1][C][=O][O-1][N+1][=Branch1][C][O-1][N+1][=Branch1][O-1][=O][O-1][N+1][N+1][=Branch1][C][N+1][=Branch1][C],O=[N+]([O-])CNC([N+]([O-])[N+](=O)[O-])[N+](=O)[O-],2.05630396797254,1.9059617816061598,1.768241695588078,1.8082636325663473,0.4704404955089705,,1.6889003718759954,mols/page_0071.png,3
1404,[O][=N+1][Branch1][C][O-1][C][N][N][N+1][=Branch1][C][=O][O-1][N+1][=Branch1][C][O-1][C][N+1][=Branch1][C][N+1][=Branch1][N+1][=Branch1][C][N][C][N+1][=Branch1][=O][O-1][N+1],O=[N+]([O-])CNN[N+](=O)[O-],1.461790468830701,1.6905272260211222,1.4588319252491622,1.5976598873203574,-0.05788054981120331,,1.4206156877645937,mols/page_0071.png,4
1405,[O][=N+1][Branch1][C][O-1][C][C][N][N][N][Branch1][=Branch1][N+1][=Branch1][C][=O][O-1][N+1][=Branch1][C][O-1][N+1][=Branch1][O-1][C][O-1][N+1][=O][O-1][N+1][C][C][O-1][N+1][N][N+1][=Branch1][C][N][O-1][N+1][=Branch1][N+1][=Branch1][N][=O][O-1][N+1][=Branch2][C][O-1][N+1][C][O-1][N+1],C[N+]([O-])[N+]([O-])N(NNCC[N+](=O)[O-])[N+](=O)[O-],1.617308431519336,0.7412001209429859,0.3352654691761623,0.8408849454553233,-1.2183417532803245,,0.483636200383884,mols/page_0071.png,5
1406,[O][=N+1][Branch1][C][O-1][C][C][Branch1][=Branch1][N+1][=Branch1][C][=O][O-1][N+1][=Branch1][C][O-1][C][N+1][=Branch1][C][N+1][=Branch1][N+1][=Branch1][O-1][N+1][=Branch1][O-1][=O][O-1][N+1][Branch1][C][O-1][N+1][=Branch1][=Branch1][=O][O-1][N+1][C][O-1][N+1],[N+][N+]([O-])[N+]([N+])C[N+]([O-])C(C[N+](=O)[O-])[N+](=O)[O-],2.1173084315193362,1.8138037272653031,1.7111437351902699,1.9093882863400826,0.5475088966603356,,1.69974306981596,mols/page_0071.png,6
1407,[O][=N+1][Branch1][C][O-1][C][N][N][N][Branch1][=Branch1][N+1][=Branch1][C][=O][O-1][N+1][=Branch1][C][O-1][N+1][=Branch1][O-1][C][O-1][C][Branch1][=Branch1][N+1][Branch1][C][O-1][N+1][C][O-1][N+1][Branch1][C][=O][O-1][N][N+1][=Branch1][C][O][N+1][=Branch1][C][=N][O-1][N+1][=Branch1][N+1][=Branch1][=O][O-1][N+1][C][N+1][=Branch1][C][=C][O-1][N+1][=Branch1][N][N+1][=Branch1][=O],C[N+]([O-])[N+]([O-])N(NNC[N+](=O)[O-])[N+](=O)[O-],1.576601054988479,1.402705553605176,1.1067912939235773,1.387594386921536,-0.4102084597365448,,1.141391120677148,mols/page_0071.png,7
1408,[Branch1][=O][/C][O][O][=N+1][#N+1][=N+1][Branch1][O-1][C][N][N][Branch1][O][O][=N+1][Branch1][C][O-1][C][Branch1][=Branch1][N+1][=Branch1][C][=O][O-1][N+1][=Branch1][C],C[N+]([N+]#[N+]OOCO)NN([N+])O[N+]([O-])C[N+](=O)[O-],1.6598833105991515,0.3284395732952944,0.0759750054345037,0.1640420501411154,-0.6174732089196062,,0.10497314384693505,mols/page_0071.png,8
1409,[O][=N+1][Branch1][C][O-1][C][N][N][Branch1][=Branch1][N+1][=Branch1][C][=O][O-1][N+1][=Branch1][C][O-1][N][N+1][=Branch1][C][=N][O][N+1][=Branch1][C][N+1][=Branch1][C][NH1][O-1][N+1][=Branch1][O-1][C][O-1][N+1][=Branch1][N+1][=Branch1][=O][O-1][N+1][Branch1][C][O-1][N+1][C][O-1][N][C][Branch1][=Branch1][N+1][N][C][O-1][C][Branch1][=Branch1],[N+][N+](CN[O-])O[N+](=N)N[N+]([O-])N(NC[N+](=O)[O-])[N+](=O)[O-],1.7439038473124213,1.8756430968575337,1.7351039502619898,1.786644728259824,0.40945362399504026,,1.6582900154833145,mols/page_0071.png,9
1410,[O][=N+1][Branch1][C][O-1][N][C][C][N][Branch1][=Branch1][N+1][=Branch1][C][=O][O-1][C][C][Ring1][=Branch2][N][Branch1][=Branch1][N+1][=Branch1][C][=O][O-1][C][C][N][Ring1][=Branch2][N+1][=Branch1][C][=O][O-1],O=[N+]([O-])N1CCN([N+](=O)[O-])C2C1N([N+](=O)[O-])CCN2[N+](=O)[O-],1.7092669435287096,1.1279833253615608,1.0113222366861225,1.3557851015942053,0.31903803080468623,,1.1090442342300717,mols/page_0071.png,10
1411,[O][=N+1][Branch1][C][O-1][C][C][Branch1][=Branch1][N+1][=Branch1][C][=O][O-1][N+1][=Branch1][C][O-1][C][N+1][=Branch1][C][Branch1][=Branch1],[N+]C[N+]([O-])C(C[N+](=O)[O-])[N+](=O)[O-],2.0370246155449356,1.5503991548179334,1.3475503781846074,1.5316008554202158,0.17982191978590817,,1.3551099173973125,mols/page_0071.png,11
1412,[N][NH1][N][=N][O][=N+1][Branch1][N][O][=N+1][Branch1][C][C][O-1][N][N][N][=N][N][Branch1][NH1][N][O][NH1][N+1][O][=N+1][NH1][O][=N+1][Branch1][=Branch1][C][=O][O-1][N+1][=Branch1][C][=O][N],C[N+]([O-])O[N+](N)(ON=NNN)ON[N+]O[N+]NO[N+](C=O)C=O,2.3724242818454764,0.04232662650456235,-0.1755472021542163,-0.14327784594984733,-0.904064361283381,,-0.1810227184206905,mols/page_0071.png,12
1413,[O][=N+1][Branch1][C][O-1][C][N][N][Branch1][=Branch1][N+1][=Branch1][C][=O][O-1][N+1][=Branch1][C][O-1][N+1][=Branch1][N+1][=Branch1][O-1][C][O-1][C][Branch1][=Branch1][N+1][Branch1][C][O-1][N+1][C][C][N+1][=Branch1][C][C][O-1][N+1][Branch1][C][N+1][=Branch1][N+1][=O][O-1][N+1][N][C][O-1][N+1][S][C][O-1][N+1][=C][C][Branch1][=Branch1][=Branch1][N+1][=Branch1][=O][O-1][N+1][Branch1],C[N+]([O-])[N+]([O-])N(NC[N+](=O)[O-])[N+](=O)[O-],1.5563039679725397,1.446672045968156,1.1244404397078893,1.517378115956188,-0.45338601372615817,,1.2043907664288709,mols/page_0071.png,13
1414,[O][=N+1][Branch1][C][O-1][C][=C][Branch1][C][O][C][Branch1][=Branch1][N+1][=Branch1][C][=O][O-1][=C][Branch1][C][O][C][Branch1][=Branch1][N+1][=Branch1][C][=O][O-1][=C][Ring1][=C][O],O=[N+]([O-])c1c(O)c([N+](=O)[O-])c(O)c([N+](=O)[O-])c1O,1.5598833105991516,0.30329027457605146,0.6814224130701219,-0.2851568591499441,2.3568762907002236,,0.3678030573215881,mols/page_0071.png,14
1415,[N][=N][C][#N+1][/N][/N+1][=C][Branch1][=N+1][C][C][N][Branch1][=Branch1][N+1][=Branch1][C][=O][O-1][N+1][=Branch1][C][O-1][C][N+1][=Branch1][C][C@@H1][O-1][N+1][=Branch1][N+1][=Branch1][=O][=O][O-1][C][N+1][#C][N][C][O-1][=N][O][N+1][Branch1][C][O-1][C][Branch1][=Branch1][N+1][C][N][O-1][C][Branch1][N+1][=Branch1][C][C][O-1][N+1][=Branch1][N][=O][O-1][N+1][C][O-1][O][N+1][=Branch1][C][N][O-1][N+1][=Branch1][=N][C][=O][O-1],[CH][N+]([O-])C[N+]([O-])N(CC(C)=[N+]N[N+]#CN=N)[N+](=O)[O-],1.741719749037849,-0.13157529050458208,-0.40288112991409464,0.07987972150110496,-1.5086199143807408,,-0.2525242079423013,mols/page_0071.png,15
1416,[=C][N][N][Branch1][=Branch1][N+1][=Branch1][C][=O][O-1][N+1][C][=O][N][N+1][=Branch1][=Branch1][C][=O][Cl][O-1][O-1][N+1][=Branch1][P][=O][=Branch1][C@@H1][=Branch2][=O][=O],CNN([N+]C=O)[N+](=O)[O-],1.481790468830701,-0.9162873041439903,-1.1366839578109382,-0.8585591253580084,-1.9873947134365508,,-1.0554059369755904,mols/page_0071.png,16
1417,[N][C][=C][Branch1][=Branch1][N+1][=Branch1][C][=O][O-1][C][=C][Branch1][=Branch1][N+1][=Branch1][C][=O][O-1][C][Branch1][C][N][=C][Ring1][=N][N+1][=Branch1][C][=O][O-1],Nc1c([N+](=O)[O-])cc([N+](=O)[O-])c(N)c1[N+](=O)[O-],1.538407953408093,-0.6577960052874661,-0.5370726442612717,-0.6283175034293494,0.22295539130640196,,-0.527748624628284,mols/page_0071.png,17
1418,[O][=N+1][Branch1][C][O-1][C][=C][C][Branch1][=Branch1][N+1][=Branch1][C][=O][O-1][=C][Branch2][Ring1][N][C][=C][Branch1][=Branch1][N+1][=Branch1][C][=O][O-1][C][=C][Branch1][=Branch1][N+1][=Branch1][C][=O][O-1][C][=C][Ring1][N][N+1][=Branch1][C][=O][O-1][C][Branch1][=Branch1][N+1][=Branch1][C][=O][O-1][=C][Ring2][Ring1][O],O=[N+]([O-])c1cc([N+](=O)[O-])c(-c2c([N+](=O)[O-])cc([N+](=O)[O-])cc2[N+](=O)[O-])c([N+](=O)[O-])c1,1.8625801340811579,-0.5818413835995014,-0.47561430291182843,-0.6272853450493802,0.28738069541166067,,-0.48653999010641846,mols/page_0071.png,18
1419,[O][=N+1][Branch1][C][O-1][C][N][Branch1][=Branch1][N+1][=Branch1][C][=O][O-1][N+1][=Branch1][C][O-1][C][Branch1][=Branch1][N+1][S][C][=O][O-1][C][Branch1][Ring1][N+1][=Branch1][C][C@@H1][O-1][N+1][=Branch1][N+1][=Branch1][O-1][=O][O-1][N+1][Branch1][C][O-1][N+1][=Branch1][=N][=O][O-1][N+1][=Branch2][C][O-1],[CH][N+]C([O-])C([N+]SC=O)[N+]([O-])N(C[N+](=O)[O-])[N+](=O)[O-],2.721719749037849,0.7574231941203059,0.6031093195651642,0.596760457472787,-0.1806759410829318,,0.5607697173021892,mols/page_0071.png,19
1420,[N][#C][C][N][Branch2][Ring1][=Branch1][C][C][Branch1][=Branch1][N+1][=Branch1][C][=O][O-1][Branch1][=Branch1][N+1][=Branch1][C][=O][O-1][N+1][=Branch1][C][=O][O-1][N+1][=Branch1][C][=O][O-1],N#CCN(CC([N+](=O)[O-])([N+](=O)[O-])[N+](=O)[O-])[N+](=O)[O-],1.6798833105991515,1.1238635289575964,0.9337418890534855,1.2295120544246114,-0.07816093463227976,,0.9983900828093871,mols/page_0072.png,0
1421,[O][=N+1][Branch1][C][O-1][C][N][N][Branch1][=Branch1][N+1][=Branch1][C][=O][O-1][N+1][=Branch1][C][O-1][C][Branch1][=Branch1][N+1],[N+]C[N+]([O-])N(NC[N+](=O)[O-])[N+](=O)[O-],1.536437499842364,1.8176564125370502,1.6491963642285672,1.7723937779593806,0.2690325921536599,,1.6025739645905226,mols/page_0072.png,1
1422,[O][=C][Branch2][Ring1][#Branch1][O][C][C][Branch1][=Branch1][N+1][=Branch1][C][=O][O-1][Branch1][=Branch1][N+1][=Branch1][C][=O][O-1][N+1][=Branch1][C][=O][O-1][N][Branch2][Branch1][N][C][C][N][Branch2][Ring2][P][C][C][N][Branch2][Ring2][=Branch1][C][C][N][Branch2][Ring1][O][C][=Branch1][C][=O][O][C][C][Branch1][=Branch1][N+1][=Branch1][C][=O][O-1][Branch1][=Branch1][N+1][=Branch1][C][=O][O-1][N+1][=Branch1][C][=O][O-1][N+1][=Branch1][C][=O][O-1][N+1][=Branch1][C][=O][O-1][N+1][=Branch1][C][=O][O-1][N+1][=Branch1][C][=O][O-1],O=C(OCC([N+](=O)[O-])([N+](=O)[O-])[N+](=O)[O-])N(CCN(CCN(CCN(C(=O)OCC([N+](=O)[O-])([N+](=O)[O-])[N+](=O)[O-])[N+](=O)[O-])[N+](=O)[O-])[N+](=O)[O-])[N+](=O)[O-],3.131772261510376,0.6142154886868463,0.45337809872783663,0.4651788473554553,-0.16486135528627668,,0.4364838002672252,mols/page_0072.png,2
1423,[O][=N+1][Branch1][C][O-1][C][C][Branch1][=Branch1][N+1][=Branch1][C][=O][O-1][N+1][=Branch1][C][O-1][C][N+1][=Branch1][C][N+1][=Branch1][N+1][=Branch1][O-1][N+1][=Branch1][O-1][=O][O-1][N+1][Branch1][C][O-1][N+1][=Branch1][=Branch1][=O][O-1][N+1][C][O-1][N+1],[N+][N+]([O-])[N+]([N+])C[N+]([O-])C(C[N+](=O)[O-])[N+](=O)[O-],2.1173084315193362,1.8138037272653031,1.7111437351902699,1.9093882863400826,0.5475088966603356,,1.69974306981596,mols/page_0072.png,3
1424,[O][=N+1][Branch1][C][O-1][C][N][Branch1][=Branch1][N+1][=Branch1][C][=O][O-1][N+1][=Branch1][C][O-1][N+1][=Branch1][N][C][=O][O-1],O=C[N+][N+]([O-])N(C[N+](=O)[O-])[N+](=O)[O-],1.536437499842364,1.39447067452311,1.2832571982925107,1.1215769465072958,0.47427444580934425,,1.165490191387758,mols/page_0072.png,4
1425,[O][=N+1][Branch1][C][O-1][C][N][Branch1][=Branch1][N+1][=Branch1][C][=O][O-1][N+1][=Branch1][C][O-1][C][N+1][=Branch1][C][Branch1][=Branch1][N+1][N+1][=Branch1][C][N][O-1][N+1][=Branch1][N+1][=Branch1][N][=O][O-1][N+1][Branch1][C][O-1][N+1][=Branch1],N[N+][N+][N+]([O-])C[N+]([O-])N(C[N+](=O)[O-])[N+](=O)[O-],1.597308431519336,1.9957315481766025,1.890404550798439,2.0488093744435845,0.49378093839476556,,1.8404358683606707,mols/page_0072.png,5
1426,[Branch1][C][N][N][=N+1][Branch1][C][O-1][C][N][Branch1][=Branch1][N+1][=Branch1][C][=O][O-1][N+1][=Branch1][C][O-1][N][Branch2][Ring1][=Branch1][C][N+1][Branch1][=Branch1][C][C@@H1][#N][O-1][N+1][Branch1][=Branch1][N+1][=O][=O][O-1][C][Branch1][=Branch1][N+1][Branch1][=Branch1][=O][O-1],CNN=[N+]([O-])CN([N+]([O-])NC[N+](CC=N[O-])([N+]O[O-])[N+]=O)[N+](=O)[O-],2.4158857329053585,1.0271064494167381,0.6684093063402403,0.979336118135392,-0.630820400958595,,0.7525313460975419,mols/page_0072.png,6
1427,[O][=N+1][Branch1][C][O-1][C][C][N][Branch1][=Branch1][N+1][=Branch1][C][=O][O-1][N+1][=Branch1][C][O-1],O=[N+]([O-])CCN([N+][O-])[N+](=O)[O-],1.498091503851731,1.4396894467236028,1.2111753194681258,1.423220643195009,-0.14581650411358002,,1.2174227984145778,mols/page_0072.png,7
1428,[O][=N+1][Branch1][C][O-1][C][N][N][Branch1][=Branch1][N+1][=Branch1][C][=O][O-1][N+1][=Branch1][C][N+1][=Branch1][C][O-1][N+1][=Branch1][N+1][=Branch1][O-1][=O][O-1][N+1][O-1][C][O-1][C][Branch1][=Branch1][N+1][=O][O-1][N+1][=Branch2][C][O-1][N][Branch1][=Branch1][N][N+1][=Branch1][C][=N][O-1][N+1][=Branch1][N][=O][O-1][N+1],[N+][N+](C[O-])N(NC[N+](=O)[O-])[N+](=O)[O-],1.536437499842364,1.6118472851635632,1.4786211744966606,1.6148689453249556,0.21338949550744957,,1.4399036425957832,mols/page_0072.png,8
1429,[O][=N+1][Branch1][C][O-1][C][N][C][Branch1][=Branch1][N+1][=Branch1][C][=O][O-1][N+1][=Branch1][C][=N][O-1][N+1][=Branch1][N+1][=Branch1][=O][O-1][N+1],N=[N+]([O-])C(NC[N+](=O)[O-])[N+](=O)[O-],2.0170246155449356,1.728111333566061,1.5694535538428303,1.5195275130164279,0.39136634201266374,,1.4713388612600604,mols/page_0072.png,9
1430,[O][=N+1][Branch1][C][O-1][C][N][N][N][Branch1][=Branch1][N+1][=Branch1][C][=O][O-1][N+1][=Branch1][C][O-1][N+1][=Branch1][N+1][=Branch1][O-1][C][O-1][N+1][N][C][N][C][N][Branch1][=Branch1][N][N+1][=Branch1][C][=Branch1][C][N+1][=Branch1][C][C][O-1][N+1][Branch1][C][O-1][N+1][C][O-1][C][=N][C][Branch1][=Branch1][N+1],C[N+]([O-])[N+]([O-])N(NNC[N+](=O)[O-])[N+](=O)[O-],1.576601054988479,1.402705553605176,1.1067912939235773,1.387594386921536,-0.4102084597365448,,1.141391120677148,mols/page_0072.png,10
1431,[C][=N+1][Branch1][C][O-1][C][N][N][Branch1][=Branch1][N+1][=Branch1][C][=O][O-1][N+1][=Branch1][C][O-1][C][N+1][=Branch1][C][N+1][=Branch1][O-1][N+1][=Branch1][N+1][=Branch1][=O][O-1][N+1],C=[N+]([O-])CNN([N+]([O-])C[N+]([N+])[O-])[N+](=O)[O-],1.596601054988479,1.396836964906165,1.132114148006335,1.5362574345930142,-0.46868875307581354,,1.1998718767577494,mols/page_0072.png,11
1432,[O][=N+1][Branch1][C][O-1][C][N][N][Branch1][=Branch1][N+1][=Branch1][C][=O][O-1][N+1][=Branch1][C][O-1][C][Branch1][=Branch1][N+1][=O][O-1][N+1][Branch1][C][O-1][N+1][=Branch1][N+1][=Branch1][O-1][=O][O-1][N+1][S][C][O-1][C][N+1][=Branch1][C][N][O-1][N+1][=Branch1][=O][O-1][N+1][=N][O-1][N+1][=Branch1][O-1][C][O-1][N+1][S][O-1][N+1][=Branch1],O=[N+]C(C[O-])[N+]([O-])N(NC[N+](=O)[O-])[N+](=O)[O-],2.1173084315193362,1.6609344550553455,1.481495301505877,1.5867078137163277,0.13050465745835993,,1.4333410303726728,mols/page_0072.png,12
1433,[O][=N+1][Branch1][C][O-1][C][=C][C][Branch1][=Branch1][N+1][=Branch1][C][=O][O-1][=C][Branch2][Ring1][#C][C][=C][Branch1][=Branch1][N+1][=Branch1][C][=O][O-1][C][=C][Branch1][=Branch1][N+1][=Branch1][C][=O][O-1][C][Branch1][C][O][=C][Ring1][=N][N+1][=Branch1][C][=O][O-1][C][Branch1][=Branch1][N+1][=Branch1][C][=O][O-1][=C][Ring2][Ring1][N],O=[N+]([O-])c1cc([N+](=O)[O-])c(-c2c([N+](=O)[O-])cc([N+](=O)[O-])c(O)c2[N+](=O)[O-])c([N+](=O)[O-])c1,1.907950530827869,-0.35970783794264743,-0.1768676779328449,-0.4699364942992625,0.7576488024404197,,-0.24635359644453608,mols/page_0072.png,13
1434,[S][N][NH1][N][C][Branch1][=Branch1][N+1][=Branch1][C][=O][O-1][N+1][=Branch1][C][O-1][C][Branch1][=Branch1][=Branch1][N+1][=Branch1][=Branch1][=O][O-1][N+1][C][=Branch1][N][N+1][=Branch1][=O][O-1][=C][Branch1][=Branch1][N+1][S][=Branch1][C][=O],O=[N+]C(N[N+]([O-])C[N+][SH]=O)[N+]([O-])C(NNNS)[N+](=O)[O-],2.743903847312421,0.947167943753849,0.7453386792179558,0.7211568123341593,-0.03527603925709926,,0.708061776750905,mols/page_0072.png,14
1435,[O][=N+1][Branch1][C][O-1][C][N][N][N][Branch1][=Branch1][N+1][=Branch1][C][=O][O-1][N+1][=Branch1][C][C][O-1][N+1][=Branch1][N+1][=Branch1][O-1][=O][O-1][N+1][C][=O][O-1],C[N+]([O-])N(NNC[N+](=O)[O-])[N+](=O)[O-],1.536437499842364,0.9832845113135465,0.5950139789426282,1.0144174126958834,-0.9351474000648207,,0.706826847635915,mols/page_0072.png,15
1436,[O][=N+1][Branch1][C][O-1][C][N][N][Branch1][=Branch1][N+1][=Branch1][C][=O][O-1][N+1][=Branch1][C][O-1][C][N+1][=Branch1][C][=N][N][N+1][=Branch1][C][C][O-1][N+1][=Branch1][=O][O-1][N+1][C][=O][O-1],C[N+]([O-])N[N+](=N)C[N+]([O-])N(NC[N+](=O)[O-])[N+](=O)[O-],1.6598833105991515,1.0140085764863613,0.7275994574371335,1.0958732922042085,-0.7586069073450867,,0.7978906346280485,mols/page_0072.png,16
1437,[N][C][=Branch1][C][=O][O][C][C][Branch1][=Branch1][N+1][=Branch1][C][=O][O-1][Branch1][=Branch1][N+1][=Branch1][C][=O][O-1][N+1][=Branch1][C][=O][O-1],NC(=O)OCC([N+](=O)[O-])([N+](=O)[O-])[N+](=O)[O-],1.596601054988479,0.9461922025002786,0.9546484639598235,0.3677207067336455,0.7874424290001112,,0.7010426922084949,mols/page_0072.png,17
1438,[N][C][=N+1][Branch1][C][O-1][N][N][N][Branch1][=Branch1][N+1][=Branch1][C][=O][O-1][N+1][=Branch1][C][N+1][=Branch1][C][O-1][C][Branch1][=Branch1][N+1][=Branch2][C][O-1][C][N+1][=Branch1][=O][O-1][N+1][#Branch1][C][=O][O-1],[N+][N+](C[O-])N(NN[N+]([O-])=CN)[N+](=O)[O-],1.5563039679725397,1.4047465969037076,1.33416674607901,1.3850522771067484,0.2086530791031552,,1.2596145544986945,mols/page_0072.png,18
1439,[O][=N+1][Branch1][C][O-1][C][C][N][Branch1][=Branch1][N+1][=Branch1][C][=O][O-1][N+1][=Branch1][C][O-1][N+1][=Branch1][N+1][=Branch1][=O][O-1][N+1][Ring1][O-1][C][=O][=Branch1][N+1][=Branch1][O-1][C][O-1][N+1][N][C][=O][O-1],O=C[N+][N+]([O-])[N+]([O-])N(CC[N+](=O)[O-])[N+](=O)[O-],1.617308431519336,1.2796018889759593,1.120393408233476,1.0816536872775604,0.19537935784603233,,1.0521982349979864,mols/page_0072.png,19
1440,[O][=N+1][Branch1][C][O-1][C][C][N][Branch1][=Branch1][N+1][=Branch1][C][=O][O-1][N+1][=Branch1][C][O-1],O=[N+]([O-])CCN([N+][O-])[N+](=O)[O-],1.498091503851731,1.4396894467236028,1.2111753194681258,1.423220643195009,-0.14581650411358002,,1.2174227984145778,mols/page_0073.png,0
1441,[O][=N+1][Branch1][C][O-1][C][N][N][Branch1][=Branch1][N+1][=Branch1][C][=O][O-1][N+1][=Branch1][C][O-1][C][N+1][=Branch1][C],[N+]C[N+]([O-])N(NC[N+](=O)[O-])[N+](=O)[O-],1.536437499842364,1.8176564125370502,1.6491963642285672,1.7723937779593806,0.2690325921536599,,1.6025739645905226,mols/page_0073.png,1
1442,[O][=N+1][Branch1][C][O-1][C][N][N][Branch1][=Branch1][N+1][=Branch1][C][=O][O-1][N+1][=Branch1][C][O-1][C][N+1][=Branch1][C][Branch1][=Branch1][N+1][=O][O-1][N+1][S][C][O-1][C][Branch1][=Branch1],O=[N+][N+](C[O-])C[N+]([O-])N(NC[N+](=O)[O-])[N+](=O)[O-],1.6384079534080929,1.7429281451943541,1.5305618049666172,1.7142355714198367,0.09603094209380461,,1.513669810317558,mols/page_0073.png,2
1443,[O][=N+1][Branch1][C][O-1][C][C][N][Branch1][=Branch1][N+1][=Branch1][C][=O][O-1][N+1][=Branch1][C][O-1][C][N+1][=Branch1][C][O][N+1][=Branch1][C][N+1][=Branch1][O-1][C][=O][O-1],[N+][N+]([O-])[N+](O)C[N+]([O-])N(CC[N+](=O)[O-])[N+](=O)[O-],1.6384079534080929,1.6364183668436532,1.4338022972827038,1.6923260507191267,0.06958023610901579,,1.4514436099301415,mols/page_0073.png,3
1444,[O][=N+1][Branch1][C][O-1][C][N][Branch1][=Branch1][N+1][=Branch1][C][=O][O-1][N+1][=Branch1][C][O-1][N+1][=Branch1][O-1][C][C][O-1][N+1][Branch1][C][O-1][N+1][C][O-1][N+1][O][C][O-1][N+1][=Ring2][C][O-1][N+1][N+1][=Branch1][C][NH1][=O][O-1][N+1][Branch1][=Branch1][=O][O-1][N+1][O][N+1][=Branch1][C][#N+1][O-1][N+1][=Branch1],C[N+](C[O-])[N+]([O-])N(C[N+](=O)[O-])[N+](=O)[O-],1.5763039679725397,0.5884172670405106,0.24160432023745876,0.6912022775533938,-0.977600042340023,,0.3862263036068475,mols/page_0073.png,4
1445,[O][=N+1][Branch1][C][O-1][C][=C][Branch1][=Branch1][N+1][=Branch1][C][=O][O-1][C][Branch1][=Branch1][N+1][=Branch1][C][=O][O-1][=C][Branch1][=Branch1][N+1][=Branch1][C][=O][O-1][C][Branch1][=Branch1][N+1][=Branch1][C][=O][O-1][=C][Ring2][Ring1][C][N+1][=Branch1][C][=O][O-1],O=[N+]([O-])c1c([N+](=O)[O-])c([N+](=O)[O-])c([N+](=O)[O-])c([N+](=O)[O-])c1[N+](=O)[O-],1.755885732905358,2.2677653814365475,2.6100983473411934,2.4185038776405947,2.351437003816078,,2.422011183632281,mols/page_0073.png,5
1446,[O][=N+1][Branch1][C][O-1][C][N][Branch1][=Branch1][N+1][=Branch1][C][=O][O-1][N+1][=Branch1][C][C][O-1][N+1][=Branch1],C[N+]([O-])N(C[N+](=O)[O-])[N+](=O)[O-],1.498091503851731,1.1628413281159282,0.7835040705903948,1.2873178494044868,-0.7551366374149496,,0.9259998256968806,mols/page_0073.png,6
1447,[O][=N+1][Branch1][C][O-1][C][C][N][Branch1][=Branch1][N+1][=Branch1][C][=O][O-1][N+1][=Branch1][C][C][O-1][N+1][=Branch1][N+1][=Branch1][N][=O][O-1][N+1][=Branch2][C][O-1][N+1][N][C][=O][O-1][C][Branch1][=Branch1][N+1][O][C][=O][O-1][N][Branch1][=Branch1],C[N+]([O-])N(CC[N+](=O)[O-])[N+](=O)[O-],1.5370246155449356,0.4198057216912244,-0.02088799381986828,0.6164019164838899,-1.6704993125791159,,0.17924026730348339,mols/page_0073.png,7
1448,[O][=C][Branch2][Ring1][Branch2][N][C][C][C][Branch1][=Branch1][N+1][=Branch1][C][=O][O-1][Branch1][=Branch1][N+1][=Branch1][C][=O][O-1][N+1][=Branch1][C][=O][O-1][N][C][C][C][Branch1][=Branch1][N+1][=Branch1][C][=O][O-1][Branch1][=Branch1][N+1][=Branch1][C][=O][O-1][N+1][=Branch1][C][=O][O-1],O=C(NCCC([N+](=O)[O-])([N+](=O)[O-])[N+](=O)[O-])NCCC([N+](=O)[O-])([N+](=O)[O-])[N+](=O)[O-],2.0926028435074597,0.4723857624472374,0.32856279289683404,0.3602430439192824,-0.2903518997394561,,0.31529916642978517,mols/page_0073.png,8
1449,[O][=N+1][Branch1][C][O-1][C][N][N][Branch1][=Branch1][N+1][=Branch1][C][=O][O-1][N+1][=Branch1][C][O-1][C][N+1][=Branch1][C][N][O-1][N+1][=Branch1][N+1][=Branch1][O-1][C][=O][O-1],N[N+]([O-])C[N+]([O-])N(NC[N+](=O)[O-])[N+](=O)[O-],1.576601054988479,1.9424538759929157,1.7637679210947366,2.040133870559192,0.1274874573497298,,1.755357743230563,mols/page_0073.png,9
1450,[O][=N+1][Branch1][C][O-1][C][N][C][Branch1][=Branch1][N+1][=Branch1][C][=O][O-1][N+1][=Branch1][C][O-1][N+1][=Branch1],[N+][N+]([O-])C(NC[N+](=O)[O-])[N+](=O)[O-],2.0170246155449356,1.9971818045003473,1.8714930633892743,2.015290870662309,0.4813827439548792,,1.8214233396328172,mols/page_0073.png,10
1451,[O][=N+1][Branch1][C][O-1][C][C][N][Branch1][=Branch1][N+1][=Branch1][C][=O][O-1][N+1][=Branch1][C][O-1][C][Branch1][=Branch1][N+1][C][=O][O-1][C][Branch1][=N][N+1][=Branch1][C][NH1][C][N+1][=Branch1][C][Branch1][=Branch1][O-1][N+1][=Branch1][O-1][C][Branch1][N+1][=Branch1][C][O][N+1][=Branch1][C][=N][C][N+1][=Branch1][N+1][=Branch1][=O][O-1][N+1][Branch1][C][O-1][N+1][=Branch1],[N+][N+]([O-])[N+]([O-])C[N+](=N)[N+](O)C([N+]C=O)([N+]([NH])C[N+][O-])[N+]([O-])N(CC[N+](=O)[O-])[N+](=O)[O-],2.6825801340811584,1.4610504810912217,1.2786786545550017,1.3087777878867632,0.27826909394724636,,1.2362703084609858,mols/page_0073.png,11
1452,[O][=N+1][Branch1][C][O-1][C][C][N][Branch1][=Branch1][N+1][=Branch1][C][=O][O-1][N+1][=Branch1][C][O-1][N+1][=Branch1],[N+][N+]([O-])N(CC[N+](=O)[O-])[N+](=O)[O-],1.5170246155449356,1.5686082778253871,1.4056474794231388,1.668971956077514,0.13774765203731582,,1.4249274869468689,mols/page_0073.png,12
1453,[O][=N+1][Branch1][C][O-1][C][N][C][Branch1][=Branch1][N+1][=Branch1][C][=O][O-1][N+1][=Branch1][C][O-1][C][N+1][=Branch1][C][Branch1][O-1][N+1][=Branch1][O-1][C][=O][C][N+1][=Branch1][N+1][=Branch1][=O][O-1][N+1][N][C][=O][O-1],[N+][N+]([O-])C[N+]([O-])C(NC[N+](=O)[O-])[N+](=O)[O-],2.0966010549884793,1.9007923955767765,1.747653261435372,1.933217487290219,0.31451100612870997,,1.7168495097819958,mols/page_0073.png,13
1454,[N][C][Branch1][=Branch1][N+1][=Branch1][C][=O][O-1][N+1][=Branch1][C][O-1][C][N][Branch1][=Branch1][N+1][Branch1][C][O-1][C][Branch1][=Branch1][N][N+1][=Branch1][C][=Branch1][C][=O][N+1][=Branch1][C][N+1][=Branch1][C][C][O-1][N+1][=Branch1][N+1][=Branch1][N+1][O-1][C][=O][O-1][Branch1][=Branch1][N+1][S][C][O-1][N+1][N][C][Branch1][N+1][=Branch1][C][=N][O][N+1][Branch1][C][=O][O-1][N][Branch1][=Branch1][Ring1][N+1][=Branch1][C][NH1][O-1][N+1][=Branch1][=O][O-1][N+1][N+1][=Branch1][C][=C][O-1][N+1][=Branch1][N][=O][O-1][N+1][Ring2][C][O-1][N+1][C][O-1][N+1],C[N+]([O-])N(C[N+]([O-])C(N)[N+](=O)[O-])N[N+](O)[N+]([N+])CC[O-],2.2439038473124215,0.3658979814838956,0.011154785137294105,0.6971444648428482,-1.52884764514148,,0.22023621307828867,mols/page_0073.png,14
1455,[O][=N+1][Branch1][C][O-1][C][N][C][Branch1][=Branch1][N+1][=Branch1][C][=O][O-1][N+1][=Branch1][C][O-1][C][N+1][=Branch1][C][N][C],C[N+](N)C[N+]([O-])C(NC[N+](=O)[O-])[N+](=O)[O-],2.116601054988479,0.1714096523905627,-0.16687307534133797,0.5265992117249672,-1.581178434038565,,0.053655985548436536,mols/page_0073.png,15
1456,[O][=N+1][Branch1][C][O-1][C][C][Branch1][=Branch1][N+1][=Branch1][C][=O][O-1][N+1][=Branch1][C][N+1][=Branch1][C][O-1][C][Branch1][=Branch1][Cl][N+1][=Branch1][C],[N+][N+](C[O-])C(C[N+](=O)[O-])[N+](=O)[O-],2.0370246155449356,1.3846079887764717,1.2066306340839148,1.4486860726572528,0.07846162912358332,,1.235130247690356,mols/page_0073.png,16
1457,[O][=N+1][Branch1][C][O-1][C][C][Branch1][=Branch1][N+1][=Branch1][C][=O][O-1][N+1][=Branch1][C][O-1][C][Branch1][=Branch1][N][N+1][=Branch1][C][=Branch1][O-1][N+1][=Branch1][N+1][=Branch1][O-1][=O][O-1][N+1][N+1][C][O-1][N+1][=Branch1][=O][O-1][N+1][C][=O][O-1],[N+][N+]NC([O-])[N+]([O-])C(C[N+](=O)[O-])[N+](=O)[O-],2.5966010549884793,1.871350463838605,1.7230158792976884,1.882918909334285,0.391443486333623,,1.6909034981511497,mols/page_0073.png,17
1458,[C][C][Branch1][=Branch1][N+1][=Branch1][C][=O][O-1][N+1][=Branch1][C][O-1][C][N+1][=Branch1][C][C][O-1][N+1][=Branch1][=O][O-1][N+1][=O][C][O-1][N+1][Ring1][=O][O-1][N+1],CC([N+]([O-])C[N+](C)[O-])[N+](=O)[O-],2.038091503851731,-1.154362670668359,-1.5723320430746617,-0.660153656219933,-3.131790305937641,,-1.2589141715174925,mols/page_0073.png,18
1459,[O][=N+1][Branch1][C][O-1][C][Branch1][=Branch1][N+1][=Branch1][C][=O][O-1][N+1][=Branch1][C][O-1][C][C][Branch1][=Branch1],CC[N+]([O-])C([N+](=O)[O-])[N+](=O)[O-],1.518091503851731,0.11928134369638788,-0.21420641441532484,0.3626848485379256,-1.4724514729811433,,-0.02590247556267833,mols/page_0073.png,19
1460,[O][=N+1][Branch1][C][O-1][C][C][Branch1][=Branch1][N+1][=Branch1][C][=O][O-1][N+1][=Branch1][C][O-1][N+1][=Branch1][N+1][=Branch1][N+1][C][O-1][C][N+1][=Branch1][C][N][O-1][N+1][=Branch1][O-1][C][O-1][N+1],C[N+]([O-])[N+]([O-])C(C[N+](=O)[O-])[N+](=O)[O-],2.056437499842364,1.1819429165533788,0.8643718726772276,1.2917223222137615,-0.48881852279406474,,0.9793857739137498,mols/page_0074.png,0
1461,[N][#C][C][N][Branch2][Ring1][=Branch1][C][C][Branch1][=Branch1][N+1][=Branch1][C][=O][O-1][Branch1][=Branch1][N+1][=Branch1][C][=O][O-1][N+1][=Branch1][C][=O][O-1][N+1][=Branch1][C][=O][O-1],N#CCN(CC([N+](=O)[O-])([N+](=O)[O-])[N+](=O)[O-])[N+](=O)[O-],1.6798833105991515,1.1238635289575964,0.9337418890534855,1.2295120544246114,-0.07816093463227976,,0.9983900828093871,mols/page_0074.png,1
1462,[O][=N+1][Branch1][C][O-1][C][C][N][Branch1][=Branch1][N+1][=Branch1][C][=O][O-1][N+1][=Branch1][C][N+1][=Branch1][C][O-1][C][N+1][=Branch1][N+1][=Branch1][=O][O-1][N+1][Branch1][C][O-1][N+1][=Branch1][=O][=O][O-1][N+1][=O][O-1][N+1][O-1][C][N][Branch1][N+1][=Branch1][C][=N][O][N+1][=Branch1][C],[N+][N+](C[O-])N(CC[N+](=O)[O-])[N+](=O)[O-],1.556437499842364,1.181143154398681,0.9199851762247536,1.3044557086314648,-0.42853084822089255,,1.0042112812863555,mols/page_0074.png,2
1463,[O][=N+1][Branch1][C][O-1][C][=C][C][Branch1][=Branch1][N+1][=Branch1][C][=O][O-1][=C][Branch1][Branch2][N][N][=C][C][=N][Ring1][Branch1][C][Branch1][=Branch1][N+1][=Branch1][C][=O][O-1][=C][Ring1][P],O=[N+]([O-])c1cc([N+](=O)[O-])c(-n2nccn2)c([N+](=O)[O-])c1,1.4839038473124213,-1.158087299720837,-0.9948608983977247,-1.004609760019187,-0.28846737418459334,,-0.9689276909557747,mols/page_0074.png,3
1464,[O][=N+1][Branch1][C][O-1][C][=C][C][Branch1][=Branch1][N+1][=Branch1][C][=O][O-1][=C][Branch2][Branch1][Branch2][/N][=N][/C][=N][C][Branch2][Ring1][=C][/N][=N][/C][=C][Branch1][=Branch1][N+1][=Branch1][C][=O][O-1][C][=C][Branch1][=Branch1][N+1][=Branch1][C][=O][O-1][C][=C][Ring1][N][N+1][=Branch1][C][=O][O-1][=C][Branch1][=Branch1][N+1][=Branch1][C][=O][O-1][C][=C][Ring2][Ring1][#Branch2][N+1][=Branch1][C][=O][O-1][C][Branch1][=Branch1][N+1][=Branch1][C][=O][O-1][=C][Ring2][Ring2][O],O=[N+]([O-])c1cc([N+](=O)[O-])c(/N=N/c2nc(/N=N/c3c([N+](=O)[O-])cc([N+](=O)[O-])cc3[N+](=O)[O-])c([N+](=O)[O-])cc2[N+](=O)[O-])c([N+](=O)[O-])c1,2.564407701043694,-0.3802934644058588,-0.31086690238676246,-0.3776436234878412,0.30102544411720683,,-0.29374499668157117,mols/page_0074.png,4
1465,[Ring1][O][=N+1][Branch1][N][C][N][Branch1][=N+1][Branch1][C][C][N][Branch1][=Branch1][N+1][=Branch1][C][=O][O-1][N+1][=Branch1][=O][O-1][C][=O][N+1][=Branch1][=Branch1][=Branch1][C][=O][=O][O-1][N+1][=Ring1][=Branch1][#N][=Branch1][=Branch1][=Branch1][N+1][=O][O-1][=O][=O][N+1][=Branch1],O=C[N+]([O-])[N+](=O)CNCCN[N+](=O)[O-],1.5963039679725397,-0.6128969808246568,-0.9094273293104764,-0.4641255097886936,-1.8712961839319076,,-0.7533608998424516,mols/page_0074.png,5
1466,[=N+1][Branch1][C][=N][N][Branch1][=Branch1][C][O-1][N][Branch1][N][=C][C][Branch1][=Branch1][N+1][=Branch1][C][=O][O-1][N][N][Branch1][=Branch1][N+1][#Branch2][=Branch1][C][=O][N][#N+1][O][Branch1][N][N][#C][N][=Ring2][Ring1][#C][Cl][P][=Ring1][F][P][\N+1][/N][#N+1][/N][#C][Cl][Cl][NH1][NH1][=Ring2][#N+1][=Ring1][#Branch2][Ring2][=Ring2][=Branch2][/N+1][Ring2][=Branch2][Cl][=N][S],N[N+]N(C[O-])CC(NN[N+]=O)[N+](=O)[O-],2.0763039679725397,0.14875312903168958,-0.13251259627538767,0.3312288703523719,-1.3193653028590968,,0.004615151044114557,mols/page_0074.png,6
1467,[O][=N+1][Branch1][C][O-1][C][=C][C][Branch1][=Branch1][N+1][=Branch1][C][=O][O-1][=C][Branch2][=Branch1][=Branch1][C][=N][C][Branch2][Ring1][N][C][=C][Branch1][=Branch1][N+1][=Branch1][C][=O][O-1][C][=C][Branch1][=Branch1][N+1][=Branch1][C][=O][O-1][C][=C][Ring1][N][N+1][=Branch1][C][=O][O-1][=N][C][Branch2][Ring1][N][C][=C][Branch1][=Branch1][N+1][=Branch1][C][=O][O-1][C][=C][Branch1][=Branch1][N+1][=Branch1][C][=O][O-1][C][=C][Ring1][N][N+1][=Branch1][C][=O][O-1][=N][Ring2][Ring2][Ring2][C][Branch1][=Branch1][N+1][=Branch1][C][=O][O-1][=C][Ring2][Ring2][S],O=[N+]([O-])c1cc([N+](=O)[O-])c(-c2nc(-c3c([N+](=O)[O-])cc([N+](=O)[O-])cc3[N+](=O)[O-])nc(-c3c([N+](=O)[O-])cc([N+](=O)[O-])cc3[N+](=O)[O-])n2)c([N+](=O)[O-])c1,2.693606210045286,-0.9215839607716654,-0.7301473485966667,-0.9788407282221843,0.36109882890993655,,-0.768359235739963,mols/page_0074.png,7
1468,[O][=N+1][Branch1][C][O-1][C][=C][C][Branch1][=Branch1][N+1][=Branch1][C][=O][O-1][=C][Branch2][Ring1][=C][/C][=C][/C][=C][Branch1][=Branch1][N+1][=Branch1][C][=O][O-1][C][=C][Branch1][=Branch1][N+1][=Branch1][C][=O][O-1][C][=C][Ring1][N][N+1][=Branch1][C][=O][O-1][C][Branch1][=Branch1][N+1][=Branch1][C][=O][O-1][=C][Ring2][Ring1][=N],O=[N+]([O-])c1cc([N+](=O)[O-])c(/C=C/c2c([N+](=O)[O-])cc([N+](=O)[O-])cc2[N+](=O)[O-])c([N+](=O)[O-])c1,1.9688776759431466,-1.134972759332309,-1.013078289564277,-1.0689130031957454,-0.40261402991766326,,-1.004839366494211,mols/page_0074.png,8
1469,[O][=N+1][Branch1][C][O-1][C][N][N][Branch1][=Branch1][N+1][=Branch1][C][=O][O-1][N+1][=Branch1][C][O-1][C][Branch1][=Branch1][N+1][#C][C][=O][N+1][=Branch1][C][Branch1][=Branch1][=Branch1][N+1][=Branch1][=O][O-1][N+1][N][C][O-1][C][N+1][=Branch1][C][C][Branch1][=Branch1][C][=O][N][N+1][=Branch1][C][Ring1][N][N+1][=Branch1][N+1][=Branch1][N+1][O-1][C][=O][O-1][C][Branch1][Branch1][N+1][=Branch1][C][=Branch1][N+1][=Branch1],O=CC#[N+]C([N+]([O-])[N+]NC[O-])[N+]([O-])N(NC[N+](=O)[O-])[N+](=O)[O-],2.3292669435287103,1.2233435708051177,1.0590229069515518,1.104371023040077,-0.0024982744406172918,,1.0120902012111366,mols/page_0074.png,9
1470,[O][=N+1][Branch1][C][O-1][C][C][Branch1][=Branch1][N+1][=Branch1][C][=O][O-1][N+1][=Branch1][C][N+1][=Branch1][C][O-1][N+1][=Branch1][N][=O][O-1][N+1][Branch1][C][O-1][N+1][C][C][O-1][N+1][Branch1][O-1][N+1][=Branch1][O-1][=O][O-1][N+1][O-1][C][=O][O-1],[N+][N+](C[O-])C(C[N+](=O)[O-])[N+](=O)[O-],2.0370246155449356,1.3846079887764717,1.2066306340839148,1.4486860726572528,0.07846162912358332,,1.235130247690356,mols/page_0074.png,10
1471,[N][C][Branch1][=Branch1][N+1][=Branch1][C][=O][O-1][N+1][=Branch1][C][C][O-1][N+1][=Branch1][N+1][=Branch1][=O][O-1][O-1][N+1][=Branch1][=O][=O][O-1][N+1],C[N+]([O-])C(N)[N+](=O)[O-],1.9844996950521225,-0.4819591038116999,-0.8313355927756663,-0.20512585077613602,-2.168904280036488,,-0.6272644424609448,mols/page_0074.png,11
