index,selfies,smiles,SA,pred_D,pred_P,pred_EG,pred_r0,vgae_score,reward,img_page,img_tile,D_phys_km_s,P_phys_kbar,EG_phys_m_s,r0_phys_g_cm3
0,[=C][Branch1][Ring1][=Branch2][Cl][N+1][S][=Branch1][=Ring1][/N][Ring2][#Branch2][S][F][Ring1][#Branch1][Ring1][/N+1][Ring2][/N][#N][C@@H1][/C][/N][=Ring2],NS1(F)[N+]C1Cl,2.4118943340952077,1.2087483042923697,1.265645743882625,1.445339282318038,0.8416038648786905,,1.2808946114588329,mols/page_0001.png,0,8.557610511779785,329.14044189453125,7280.703125,1.8270971775054932
1,[N][N][N][=C][Branch1][=Branch1][N+1][=Branch1][C][=O][O-1][C][=C][Ring1][Branch2][N+1][=Branch1][C][=O][O-1],Nn1nc([N+](=O)[O-])cc1[N+](=O)[O-],1.3770246155449355,0.8683984421048996,0.8485306351916668,0.96891691588588,0.7288139695840793,,0.8896804326369016,mols/page_0001.png,1,8.351033210754395,309.2146301269531,6761.20166015625,1.8161168098449707
2,[O][=N+1][Branch1][C][O-1][C][=N][C][=N][N][Branch2][Ring2][P][C],CNN=CN=C[N+](=O)[O-],1.501790468830701,-1.6205336604448686,-1.6898131823954825,-1.5099887588677885,-2.366065572199944,,-1.6681887714771977,mols/page_0001.png,2,6.840361595153809,187.9565887451172,4058.148193359375,1.5148228406906128
3,[O][=N+1][Branch1][C][O-1][C][N][C][=C][Ring1][Branch2][N+1][=Branch1][C][=O][O-1],O=[N+]([O-])C=CNC[N+](=O)[O-],1.4996683620478215,-0.3176496189330676,-0.5493890994011219,-0.3416761504310552,-1.292657449137777,,-0.4826958846697472,mols/page_0001.png,3,7.631154537200928,242.4352569580078,5332.10205078125,1.6193217039108276
4,[O][=N+1][Branch1][C][O-1][C][=C][C][Branch1][=Branch1][N+1][=Branch1][C][=O][O-1][=C][Branch2][Branch1][Ring2][C][=C][C][Branch1][=Branch1][N+1][=Branch1][C][=O][O-1][=C][Branch2][Ring1][N][C][=C][Branch1][=Branch1][N+1][=Branch1][C][=O][O-1][C][=C][Branch1][=Branch1][N+1][=Branch1][C][=O][O-1][C][=C][Ring1][N][N+1][=Branch1][C][=O][O-1][C][=C][Ring2][Ring1][Branch2][N+1][=Branch1][C][=O][O-1][C][Branch1][=Branch1][N+1][=Branch1][C][=O][O-1][=C][Ring2][Ring2][#Branch1],O=[N+]([O-])c1cc([N+](=O)[O-])c(-c2cc([N+](=O)[O-])c(-c3c([N+](=O)[O-])cc([N+](=O)[O-])cc3[N+](=O)[O-])cc2[N+](=O)[O-])c([N+](=O)[O-])c1,2.326550083696136,-0.9115303691275896,-0.7566571615554245,-0.965791201320204,0.2191336861363391,,-0.7814499945852013,mols/page_0001.png,4,7.270695209503174,232.53395080566406,4651.55322265625,1.7664982080459595
5,[O][=N+1][Branch1][C][O-1][C][=C][Branch1][=Branch1][N+1][=Branch1][C][=O][O-1],O=[N+]([O-])C=C[N+](=O)[O-],1.4844996950521223,1.159079774877526,1.0853206260745547,1.0881108342793635,0.4408048311302908,,1.0404249170627948,mols/page_0001.png,5,8.527463912963867,320.5262145996094,6891.17333984375,1.7880784273147583
6,[C][C][=C][Branch1][=Branch1][N+1][=Branch1][C][=O][O-1][C][Branch1][C][N][=C][Branch1][=Branch1][N+1][=Branch1][C][=O][O-1][C][Branch1][=Branch1][N+1][=Branch1][C][=O][O-1][=C][Ring1][S][N+1][=Branch1][C][=O][O-1],Cc1c([N+](=O)[O-])c(N)c([N+](=O)[O-])c([N+](=O)[O-])c1[N+](=O)[O-],1.6239038473124212,-0.1811581872329207,-0.1703898722263648,-0.1349296773260872,0.1799100847241473,,-0.1238678773228415,mols/page_0001.png,6,7.713998794555664,260.5402526855469,5557.54296875,1.7626796960830688
7,[O][=C][Branch2][Ring1][#Branch1][O][C][C][Branch1][=Branch1][N+1][=Branch1][C][=O][O-1][Branch1][=Branch1][N+1][=Branch1][C][=O][O-1][N+1][=Branch1][C][=O][O-1][C][=C][C][Branch1][=Branch1][N+1][=Branch1][C][=O][O-1][=C][C][Branch1][=Branch1][N+1][=Branch1][C][=O][O-1][=C][Ring1][N],O=C(OCC([N+](=O)[O-])([N+](=O)[O-])[N+](=O)[O-])c1cc([N+](=O)[O-])cc([N+](=O)[O-])c1,1.8436858610047384,-0.2697880177655768,-0.2477574871863924,-0.4130638958763744,0.0886875374462985,,-0.2857431808439122,mols/page_0001.png,7,7.6602044105529785,256.8443603515625,5254.25927734375,1.7537989616394043
8,[O][=N+1][Branch1][C][O-1][=C][C][N][N][Branch2][Ring2][#Branch1][C][=N][C][Branch1][=Branch1][N+1][=Branch1][C][=O][O-1],O=[N+]([O-])CCNNC=NC[N+](=O)[O-],1.576437499842364,-1.090418622478451,-1.3582245935541288,-0.8511405709628019,-2.2729180904372064,,-1.1799088414369865,mols/page_0001.png,8,7.162117958068848,203.7967529296875,4776.57080078125,1.5238909721374512
9,[O-1][N+1][O][N][=C][C][=Ring1][Branch1][C][=N][O][N+1][Branch1][C][O-1][=C][Ring1][=Branch1][C][=N][O][N+1][Branch1][C][O-1][=C][Ring1][=C][Ring1][=Branch1],[O-][n+]1onc2c1c1no[n+]([O-])c1c1no[n+]([O-])c21,1.1798833105991513,1.9072957660252925,2.387973495294396,2.416858693307403,3.08343497513819,,2.3489042901667023,mols/page_0001.png,9,8.981597900390625,382.754638671875,8340.0693359375,2.045344829559326
10,[/N][=C][\N+1][Branch1][Ring1][#C][N+1][#Branch1][=Branch1][P][=O][/C][=Ring2][N+1],[N+]C[N+](C=N)P=O,1.4878467081635287,-1.2817471840018475,-1.4444653330072683,-1.4382989783564002,-1.764543137880619,,-1.4333270343829008,mols/page_0001.png,10,7.045989990234375,199.67698669433594,4136.3203125,1.5733824968338013
11,[O][=N+1][Branch1][C][O-1][=C][Branch1][C][Cl][N][N][=C][Ring1][Branch1][C][=N][N][Branch1][=Branch1],NN=CC1=NNC1(Cl)[N+](=O)[O-],1.9580915038517317,-0.7197068663886137,-0.6143821250675231,-1.158341354633343,0.0416197055568808,,-0.7926968191616832,mols/page_0001.png,11,7.3871235847473145,239.33050537109375,4441.59228515625,1.7492167949676514
12,[O][C][Branch1][Branch2][N][C][=N][N][=C][Branch1][=Branch1][N+1][=Branch1][C][=O][O-1],O=[N+]([O-])C=NN=CNCO,1.4996683620478215,-1.380070791771063,-1.3526798090739125,-1.3788475512522789,-1.4830312655698463,,-1.38302979726914,mols/page_0001.png,12,6.986311912536621,204.06163024902344,4201.1474609375,1.6007883548736572
13,[N][N][N][=C][Branch1][=Branch1][N+1][=Branch1][C][=O][O-1][C][=C][Ring1][Branch2][N+1][=Branch1][C][=O][O-1],Nn1nc([N+](=O)[O-])cc1[N+](=O)[O-],1.3770246155449355,0.8683984421048996,0.8485306351916668,0.96891691588588,0.7288139695840793,,0.8896804326369016,mols/page_0001.png,13,8.351033210754395,309.2146301269531,6761.20166015625,1.8161168098449707
14,[N][=N][Branch1][P][=C][Branch1][=Branch1][N+1][=Branch1][C][=O][O-1][=C][Branch1][C][=N][O],N=NP=C(C(N)O)[N+](=O)[O-],1.979668362047822,-0.4598273752655362,-0.4882843542507454,-0.8479952865979845,-0.2824035856545866,,-0.604466405583723,mols/page_0001.png,14,7.544858932495117,245.35426330566406,4780.00048828125,1.717672348022461
15,[C][N][C][Branch1][=Branch1][N+1][=Branch1][C][=O][O-1][=N][N][=C][Ring1][Branch2][N+1][=Branch1][C][=O][O-1],Cn1c([N+](=O)[O-])nnc1[N+](=O)[O-],1.3770246155449355,0.3445997967944455,0.2204441270998119,0.3388771415583915,0.0326685152995405,,0.280078689126875,mols/page_0001.png,15,8.033110618591309,279.2106018066406,6074.1923828125,1.7483453750610352
16,[C][=C][N][=N][N][Branch2][Ring1][#Branch1][C][O-1][=N][C][=C][Branch1][=Branch1][N+1][=Branch1][C][=O][O-1],C=CN=NNC[O-],1.5078467081635287,-2.694039159648908,-2.6853870775407165,-2.267307766863696,-3.5766767068577616,,-2.609447336728661,mols/page_0001.png,16,6.188791275024414,140.39749145507812,3232.350830078125,1.3969669342041016
17,[O][=N+1][Branch1][C][O-1][C][=C][C][Branch1][=Branch1][N+1][=Branch1][C][=O][O-1][=C][Branch2][Ring2][Branch2][N][C][=C][N][Branch2][Ring1][N][C][=C][Branch1][=Branch1][N+1][=Branch1][C][=O][O-1][C][=C][Branch1][=Branch1][N+1][=Branch1][C][=O][O-1][C][=C][Ring1][N][N+1][=Branch1][C][=O][O-1][N][=N][Ring2][Ring1][Ring2][C][Branch1][=Branch1][N+1][=Branch1][C][=O][O-1][=C][Ring2][Ring1][P],O=[N+]([O-])c1cc([N+](=O)[O-])c(Nc2cn(-c3c([N+](=O)[O-])cc([N+](=O)[O-])cc3[N+](=O)[O-])nn2)c([N+](=O)[O-])c1,1.9783993249990477,-0.7192339225603934,-0.6042942522952325,-0.7064395785390322,0.1738328265507986,,-0.5960745924744396,mols/page_0001.png,17,7.387410640716553,239.81240844726562,4934.35595703125,1.7620880603790283
18,[O][=N+1][Branch1][C][O-1][C][N][=C][C][=C][C][Branch1][=Branch1][N+1][=Branch1][C][=O][O-1][N][Branch1][=Branch1][N+1][=Ring2][C][=O][O-1][=C][Branch1][=Branch1][N+1][=Branch2][C][=O][O-1],O=[N+]([O-])CN=CC=CC(N(C[N+][O-])[N+][O-])[N+](=O)[O-],2.219883310599152,-0.6138381547552345,-0.8771568050146198,-0.4342663545024763,-1.7685117846144136,,-0.7233064602048955,mols/page_0001.png,18,7.451381206512451,226.77761840820312,5231.1396484375,1.5729961395263672
19,[O][=N+1][Branch1][C][O-1][C][O][C][=N][N][=N][Ring1][Branch2][C][N][Ring1][N][C][=C][Branch1][C],N=NN=COC[N+](=O)[O-],1.481790468830701,-0.3809368879861118,-0.5054205140407475,-0.7240265721933892,-0.888803255376783,,-0.6000803049217488,mols/page_0001.png,19,7.592741966247559,244.53565979003906,4915.1787109375,1.6586378812789917
20,[O][=N+1][Branch1][C][O-1][C][N][C][=C][Ring1][Branch2][N+1][=Branch1][C][=O][O-1],O=[N+]([O-])C=CNC[N+](=O)[O-],1.4996683620478215,-0.3176496189330676,-0.5493890994011219,-0.3416761504310552,-1.292657449137777,,-0.4826958846697472,mols/page_0002.png,0,7.631154537200928,242.4352569580078,5332.10205078125,1.6193217039108276
21,[O][=N+1][Branch1][C][O-1][N][C][C][Branch1][=Branch1][N+1][=Branch1][C][=O][O-1][Branch1][=Branch1][N+1][=Branch1][C][=O][O-1][C][C][Branch1][=Branch1][N+1][=Branch1][C][=O][O-1][Branch1][=Branch1][N+1][=Branch1][C][=O][O-1][C][Ring2][Ring1][C],O=[N+]([O-])N1CC([N+](=O)[O-])([N+](=O)[O-])CC([N+](=O)[O-])([N+](=O)[O-])C1,1.726423335035418,1.4244829670906631,1.3557012976135008,1.4723383961409735,0.6182833008318473,,1.3458097547156151,mols/page_0002.png,1,8.688551902770996,333.44244384765625,7310.1435546875,1.8053563833236694
22,[O][=N+1][Branch1][C][O-1][C][=C][C][Branch1][=Branch1][N+1][=Branch1][C][=O][O-1][N+1][=Branch1][C][C][=O][O-1][C][Branch1][=Branch1][C][=O],C[N+](O[O-])C(C=C[N+](=O)[O-])[N+](=O)[O-],2.076437499842364,-0.3379013564810073,-0.6188600520004197,-0.2382377602801827,-1.613119856454806,,-0.4957974418779104,mols/page_0002.png,2,7.618862628936768,239.11659240722656,5444.8935546875,1.5881239175796509
23,[O][=N+1][Branch1][C][O-1][C][=C][C][Branch1][=Branch1][N+1][=Branch1][C][=O][O-1],O=[N+]([O-])C=CC[N+](=O)[O-],1.501790468830701,-0.0644659753978981,-0.367497234206943,-0.1183609605290186,-1.277272667415038,,-0.2830624533543215,mols/page_0002.png,3,7.784825801849365,251.12432861328125,5575.60986328125,1.6208194494247437
24,[O][=N+1][Branch1][C][O-1][C][=C][C][Branch2][=Branch1][C][=N][N][N][=N][C][Branch1][=Branch1][N+1][=Branch1][C][=O][O-1][N][Branch1][C][O][C][C][Branch1][=Branch1][N][N+1][=Branch1][C][O],O=[N+]([O-])C=CCNNN=NC(N(O)CCN[N+]O)[N+](=O)[O-],2.2864233350354186,-1.0270111534159088,-1.2329221746214307,-0.749162875230784,-2.0186148976774736,,-1.0665099718693958,mols/page_0002.png,4,7.200603485107422,209.7825164794922,4887.76953125,1.5486479997634888
25,[O-1][N+1][O][N][=C][C][=Ring1][Branch1][C][=N][O][N+1][Branch1][C][O-1][=C][Ring1][=Branch1][C][=N][O][N+1][Branch1][C][O-1][=C][Ring1][=C][Ring1][=Branch1],[O-][n+]1onc2c1c1no[n+]([O-])c1c1no[n+]([O-])c21,1.1798833105991513,1.9072957660252925,2.387973495294396,2.416858693307403,3.08343497513819,,2.3489042901667023,mols/page_0002.png,5,8.981597900390625,382.754638671875,8340.0693359375,2.045344829559326
26,[N][C][=C][Branch1][=Branch1][N+1][=Branch1][C][=O][O-1][C][=C][Branch1][=Branch1][N+1][=Branch1][C][=O][O-1][C][Branch1][C][O][=C][Ring1][=N][N+1][=Branch1][C][=O][O-1],Nc1c([N+](=O)[O-])cc([N+](=O)[O-])c(O)c1[N+](=O)[O-],1.538407953408093,-0.4408569855312629,-0.243314376862076,-0.5576018923564093,0.7799949407449616,,-0.3160841034664023,mols/page_0002.png,6,7.556373119354248,257.0566101074219,5096.65185546875,1.8210994005203247
27,[C][N][C][Branch1][=Branch1][N+1][=Branch1][C][=O][O-1][=N][C][Branch1][=Branch1][N+1][=Branch1][C][=O][O-1][=C][Ring1][O][N+1][=Branch1][C][=O][O-1],Cn1c([N+](=O)[O-])nc([N+](=O)[O-])c1[N+](=O)[O-],1.456601054988479,0.6771688688246187,0.5972531021182902,0.6698148812219005,0.3108448141135969,,0.6176159266358471,mols/page_0002.png,7,8.234965324401855,297.2109680175781,6435.05419921875,1.7754265069961548
28,[O][=N+1][Branch1][C][O-1][O][C][C][O][C][O][C][C][Branch1][Branch2][C][O][N+1][=Branch1][C][=O][O-1][O][C][Branch2][Ring1][Branch2][O][C][Ring1][#C][C][Branch1][#Branch1][O][N+1][=Branch1][C][=O][O-1][C][Ring2][Ring1][Ring1][O][N+1][=Branch1][C][=O][O-1][C][Branch1][#Branch1][O][N+1][=Branch1][C][=O][O-1][C][Ring2][Ring1][O][O][N+1][=Branch1][C][=O][O-1],O=[N+]([O-])OCC1OC2OC3C(CO[N+](=O)[O-])OC(OC1C(O[N+](=O)[O-])C2O[N+](=O)[O-])C(O[N+](=O)[O-])C3O[N+](=O)[O-],9.18679060069302,0.3680144443962297,0.349489171745667,0.2768562893851751,0.183853016684289,,0.3085037214579731,mols/page_0002.png,8,8.047322273254395,285.3751525878906,6006.5634765625,1.7630635499954224
29,[O][=N+1][Branch1][C][O-1][C][=N][O][=N][Branch2][Ring1][Branch1][C][=C][Branch2][Ring1][#Branch2][C][=N][C][Branch1][=Branch1][N+1][=Branch1][C][=O][O-1],O=[N+]([O-])C=NONC=CC=NC[N+](=O)[O-],1.636601054988479,-1.212517477877944,-1.348814207266229,-1.017968710539631,-1.9140867918036932,,-1.238929084682265,mols/page_0002.png,9,7.088009357452393,204.2462921142578,4594.65771484375,1.558824062347412
30,[N][C][=N][O][N+1][Branch1][C][O-1][C][=N][NH1][Ring1][Branch2],NC1=NO[N+]([O-])C=NN1,1.421790468830701,1.132736332273076,1.0407598389498898,0.9721902684922036,0.5816421974022452,,0.9904143699428474,mols/page_0002.png,10,8.511474609375,318.39752197265625,6764.77099609375,1.8017892837524414
31,[C][C][=C][Branch1][=Branch1][N+1][=Branch1][C][=O][O-1][C][Branch1][C][N][=C][Branch1][=Branch1][N+1][=Branch1][C][=O][O-1][C][Branch1][C][N][=C][Ring1][=C][N+1][=Branch1][C][=O][O-1],Cc1c([N+](=O)[O-])c(N)c([N+](=O)[O-])c(N)c1[N+](=O)[O-],1.5798833105991517,-1.2132488910076331,-1.0791158134880838,-0.9961747199309088,-0.5398047963830022,,-1.025541543734593,mols/page_0002.png,11,7.0875654220581055,217.1299285888672,4618.42236328125,1.6926137208938599
32,[=N+1][/N+1][Branch1][#N+1][/N][/N+1][=Branch1][#Branch2][C][N][O][N][O][N][=N][N][\N+1][Branch2][=C][Branch2][Ring1][N][P][N][S][Cl][/C][NH1],[N+]NN=NONONC[N+](CPNSCl)[N+]([N+])N,2.159883310599152,-0.6566874940887639,-0.8749231119522226,-0.6438970497876535,-1.4869582788605835,,-0.7891572993113665,mols/page_0002.png,12,7.425373554229736,226.8843231201172,5002.5537109375,1.6004060506820679
33,[O][=C][Branch2][Ring1][S][C][N][Branch2][Ring1][=Branch1][C][C][Branch1][=Branch1][N+1][=Branch1][C][=O][O-1][Branch1][=Branch1][N+1][=Branch1][C][=O][O-1][N+1][=Branch1][C][=O][O-1][N+1][=Branch1][C][=O][O-1][N][C][N][Branch2][Ring2][Ring2][C][=Branch1][C][=O][C][N][Branch2][Ring1][=Branch1][C][C][Branch1][=Branch1][N+1][=Branch1][C][=O][O-1][Branch1][=Branch1][N+1][=Branch1][C][=O][O-1][N+1][=Branch1][C][=O][O-1][N+1][=Branch1][C][=O][O-1][C][N][Branch2][Ring2][Ring2][C][=Branch1][C][=O][C][N][Branch2][Ring1][=Branch1][C][C][Branch1][=Branch1][N+1][=Branch1][C][=O][O-1][Branch1][=Branch1][N+1][=Branch1][C][=O][O-1][N+1][=Branch1][C][=O][O-1][N+1][=Branch1][C][=O][O-1][C][Ring2][Ring2][#Branch2],O=C(CN(CC([N+](=O)[O-])([N+](=O)[O-])[N+](=O)[O-])[N+](=O)[O-])N1CN(C(=O)CN(CC([N+](=O)[O-])([N+](=O)[O-])[N+](=O)[O-])[N+](=O)[O-])CN(C(=O)CN(CC([N+](=O)[O-])([N+](=O)[O-])[N+](=O)[O-])[N+](=O)[O-])C1,3.5744805547995004,0.722910864595867,0.5805896816007532,0.6489469225132983,0.0651083145194389,,0.5919647370064182,mols/page_0002.png,13,8.262728691101074,296.4149475097656,6412.29931640625,1.7515034675598145
34,[C][=N][O][=N+1][Branch1][C][O-1][C][=N][C][Branch1][=Branch1][N+1][=Branch1][C][=O][O-1][N+1][=Branch1][C][C][=O][O-1],C=NO[N+]([O-])C=NC([N+](C)O[O-])[N+](=O)[O-],2.116601054988479,-0.0013279743305048,-0.3690141523183865,0.0838158048676689,-1.4140201601631186,,-0.2004612257314671,mols/page_0002.png,14,7.823147773742676,251.05186462402344,5796.06787109375,1.6075067520141602
35,[O][=N+1][Branch1][C][O-1][C][=C][C][Branch1][=Branch1][N+1][=Branch1][C][=O][O-1][N+1][=Branch1][C][O-1][C][O-1][C][=O][O-1][C][Branch1][C][O],O=[N+]([O-])C=CC([N+]([O-])C[O-])[N+](=O)[O-],2.076437499842364,1.016597983226916,0.7409939497692605,0.9827420168937636,-0.2706176477302501,,0.8054330252335246,mols/page_0002.png,15,8.440983772277832,304.0775451660156,6776.27685546875,1.7188197374343872
36,[O][=N+1][Branch1][C][O-1][C][=N][C][Branch1][Ring1][N+1],[N+]CN=C[N+](=O)[O-],1.4878467081635287,0.7027738277105854,0.4135306499170187,0.5758360770913536,-0.5704886439163033,,0.4523616858518122,mols/page_0002.png,16,8.250506401062012,288.4344482421875,6332.57763671875,1.6896265745162964
37,[O][=C][Branch2][Ring1][=C][N][C][N][C][=Branch1][C][=O][O][C][C][Branch1][=Branch1][N+1][=Branch1][C][=O][O-1][Branch1][=Branch1][N+1][=Branch1][C][=O][O-1][N+1][=Branch1][C][=O][O-1][O][C][C][Branch1][=Branch1][N+1][=Branch1][C][=O][O-1][Branch1][=Branch1][N+1][=Branch1][C][=O][O-1][N+1][=Branch1][C][=O][O-1],O=C(NCNC(=O)OCC([N+](=O)[O-])([N+](=O)[O-])[N+](=O)[O-])OCC([N+](=O)[O-])([N+](=O)[O-])[N+](=O)[O-],2.227950530827869,0.6054542435501163,0.580827328910695,0.1911163928611596,0.4159361959816831,,0.414610569857835,mols/page_0002.png,17,8.191437721252441,296.4263000488281,5913.07080078125,1.7856574058532715
38,[C][C][N][=N][O][N+1][=Ring2][C][=O][O-1][=N],CCN=NO[N+][O-],1.4878467081635287,-1.6343000968267658,-1.7872380386635476,-1.3843195579348058,-2.799412162314979,,-1.6890535732779988,mols/page_0002.png,18,6.832005977630615,183.30255126953125,4195.1806640625,1.4726355075836182
39,[C][N][Branch1][=Branch2][C][C][N][N+1][=Branch1][C][=O][O-1][N+1][=Branch1][C][=O][O-1],CN(CCN[N+](=O)[O-])[N+](=O)[O-],1.518091503851731,-0.9308480033337456,-1.2351303142096406,-0.5418409906211477,-2.595196450579357,,-1.017750620692241,mols/page_0002.png,19,7.258970260620117,209.67703247070312,5113.837890625,1.4925163984298706
40,[O][=N+1][Branch1][C][O-1][C][=C][C][Branch1][=Branch1][N+1][=Branch1][C][=O][O-1][=C][Branch2][Ring2][=N][N][C][=N][N][Branch2][Ring1][N][C][=C][Branch1][=Branch1][N+1][=Branch1][C][=O][O-1][C][=C][Branch1][=Branch1][N+1][=Branch1][C][=O][O-1][C][=C][Ring1][N][N+1][=Branch1][C][=O][O-1][C][=C][Ring2][Ring1][Ring2][N+1][=Branch1][C][=O][O-1][C][Branch1][=Branch1][N+1][=Branch1][C][=O][O-1][=C][Ring2][Ring2][Ring2],O=[N+]([O-])c1cc([N+](=O)[O-])c(Nc2nn(-c3c([N+](=O)[O-])cc([N+](=O)[O-])cc3[N+](=O)[O-])cc2[N+](=O)[O-])c([N+](=O)[O-])c1,2.1193737172742675,-0.6396010234576002,-0.5141016680590274,-0.6358094955574475,0.2835883785543443,,-0.5143906332467014,mols/page_0003.png,0,7.435744285583496,244.12095642089844,5011.37255859375,1.772773027420044
41,[O][=N+1][Branch1][C][O-1][=C][N][C][=N][N][=C][Branch1][=C][N][=C][Branch1][=Branch1][N+1][=Branch1][C][=O][O-1],O=[N+]([O-])C=NC=NN=CNC[N+](=O)[O-],1.5963039679725397,-0.5319293116817537,-0.7143639258464548,-0.574276287842273,-1.164844003464601,,-0.6577682248654214,mols/page_0003.png,1,7.501096248626709,234.5543212890625,5078.4697265625,1.6317646503448486
42,[N][C][Branch2][#Branch1][Ring1][N][C][=N][O][N+1][Branch1][C][O-1][N][=N][O],NCNC=NO[N+]([O-])N=NO,1.498091503851731,-0.5713219187159996,-0.7143616899174634,-0.526400707280705,-1.202584719596131,,-0.6522396570302609,mols/page_0003.png,2,7.477186679840088,234.55442810058594,5130.67431640625,1.628090500831604
43,[O][O][C][Branch1][C][N][C][=N][C][=N][O][C][Branch1][=Branch1][N+1][=Branch1][C][=O][O-1][N][C][Branch1][=Branch1][C][C][N+1][=Branch1][C][Branch1][C][O-1][C][N][=N][C][N][=N][N][Branch1][Branch2][C][=N][O][N+1][Branch2][C][=C][N][Branch1][=Branch1][N+1][C][O-1][C][=C][C][Branch2][=Branch1][Ring1][O][C][N][O][C][N][=N][O][C][=Ring1][Branch1][C][O][C][=N][O][=N+1][Branch1][C][O-1][N+1][=Branch1][C][C][O-1][N][C][=N][N][C][=C][Ring1][=Branch1][N+1][=Branch1][O-1][C][=C][Branch1][=Branch1][N+1],C[N+]([O-])[N+]([O-])ON=COCc1onnc1ONCOCN([N+]C[O-])[N+]ON=CNN=NCN=NCC(CC[N+][O-])NC(ON=CN=CC(N)OO)[N+](=O)[O-],4.670863522246628,-1.2821140689981578,-1.395249980559387,-1.0910916463200395,-1.6504809735466948,,-1.2708257682720714,mols/page_0003.png,3,7.045767307281494,202.0280303955078,4514.9228515625,1.584486722946167
44,[=N+1][Branch1][O-1][C][=O][O-1][N][N][C][Branch1][Branch2][N],C[N+]=O,1.489198172576634,-1.9728186765165925,-2.3290576149912208,-1.6411693720960694,-3.890036938594411,,-2.1209405155748224,mols/page_0003.png,4,6.626540184020996,157.41954040527344,3915.10595703125,1.3664605617523193
45,[O][=N+1][Branch1][C][O-1][C][=C][C][Branch1][=C][N+1][=Branch1][C][=O][O-1],O=[N+]([O-])C=CC[N+](=O)[O-],1.501790468830701,-0.0644659753978981,-0.367497234206943,-0.1183609605290186,-1.277272667415038,,-0.2830624533543215,mols/page_0003.png,5,7.784825801849365,251.12432861328125,5575.60986328125,1.6208194494247437
46,[#N+1][C][=Ring2][C][O-1][=N][N+1][=Branch1][#Branch2][NH1][=O][O-1],[N+]#CN[N+]NO[O-],1.467846708163529,0.1303452439170269,-0.0156418655692159,0.0678798168302084,-0.690343979400361,,-0.0132066266209999,mols/page_0003.png,6,7.903067588806152,267.9326477050781,5778.69091796875,1.677958369255066
47,[O][=N+1][Branch1][C][O-1][C][=C][Branch2][Ring1][P][C][N][Branch1][=Branch1][N+1][=Branch1][C][=O][O-1],O=[N+]([O-])C=CCN[N+](=O)[O-],1.4996683620478215,-0.3981899102644229,-0.629243386818001,-0.3020667927303256,-1.5912561762845172,,-0.536810658991188,mols/page_0003.png,7,7.58227014541626,238.62057495117188,5375.29296875,1.59025239944458
48,[=N+1][Branch1][C][C][O-1][Branch1][=Branch1][N+1][=Branch1][C][=O][O-1],C[N+][O-],1.489198172576634,-1.469628440677686,-1.9892561395460695,-1.0605943887815636,-4.00798938082814,,-1.6897578386513783,mols/page_0003.png,8,6.931954383850098,173.65203857421875,4548.177734375,1.3549776077270508
49,[O][=C][Branch2][Ring1][#Branch1][C][C][C][Branch1][=Branch1][N+1][=Branch1][C][=O][O-1][Branch1][=Branch1][N+1][=Branch1][C][=O][O-1][N+1][=Branch1][C][=O][O-1][O][C][C][O][C][=Branch1][C][=O][C][C][C][Branch1][=Branch1][N+1][=Branch1][C][=O][O-1][Branch1][=Branch1][N+1][=Branch1][C][=O][O-1][N+1][=Branch1][C][=O][O-1],O=C(CCC([N+](=O)[O-])([N+](=O)[O-])[N+](=O)[O-])OCCOC(=O)CCC([N+](=O)[O-])([N+](=O)[O-])[N+](=O)[O-],2.2735676759431467,-0.489800386784234,-0.5764518256576072,-0.6240500546826653,-0.7826404246064844,,-0.5944471174441749,mols/page_0003.png,9,7.526666641235352,241.1424560546875,5024.1953125,1.6689730882644653
50,[O][=N+1][Branch1][C][O-1][C][=C][C][Branch1][=Branch1][N+1][=Branch1][C][=O][O-1][=C][N][=C][Branch1][=Branch1][N+1][=Branch2][O][=N+1][O-1][N][C][=N][O][N+1][=Branch1][C][O-1],O=[N+]([O-])C=CC(=CN=C[N+][O-])[N+](=O)[O-],1.6163039679725395,-0.420310640116907,-0.6237564170731335,-0.4250118567849818,-1.0841914526712066,,-0.5394406522786235,mols/page_0003.png,10,7.568843841552734,238.8826904296875,5241.23095703125,1.6396163702011108
51,[C][N][=C][Branch1][=Branch1][N+1][=Branch1][C][=O][O-1][N+1][=Branch1][C][O-1][=C][Branch2][Ring1][=Branch1][C][=N][O][=N][NH1][=C][Ring2][Ring1][=N][N+1][=Branch1][C][Cl][O-1],O=[N+]([O-])C1=NCC([N+]([O-])Cl)NNON=CC[N+]1[O-],2.139883310599152,0.882552189628512,0.7045042274666535,0.6290587306313221,0.333095440401713,,0.6816971405664914,mols/page_0003.png,11,8.359623908996582,302.33441162109375,6390.61279296875,1.777592658996582
52,[O][=N+1][Branch1][C][O-1][C][Branch1][=Branch1][N+1][=Branch1][C][=O][O-1][=C][Branch1][=Branch1][N+1][C][C][=O][Branch1][C][N+1][=Branch1][C][N+1][=Branch1][=O][O-1][N+1][=Branch1][C][C][=O][O-1][N][Branch2][Ring1][Branch2][C][=C][Branch1][=Branch1][C][=Branch1][C][=O],[N+][N+](CC([N+]CC=O)=C([N+](=O)[O-])[N+](=O)[O-])O[O-],1.678407953408093,0.555495034373742,0.260582885516365,0.4263844693733999,-0.620682657574119,,0.3125050019644748,mols/page_0003.png,12,8.161114692687988,281.1280517578125,6169.6123046875,1.6847400665283203
53,[Ring1][N][C][O][C][N][N][=N][O][N+1],[N+]ON=NNCOCN,1.481790468830701,-1.413369336885867,-1.5590624433476252,-1.310026096338675,-2.229163790809945,,-1.4900347626748376,mols/page_0003.png,13,6.966101169586182,194.20262145996094,4276.19189453125,1.5281505584716797
54,[O][=N+1][Branch1][C][C][=N][C][=N][Ring1][=Branch1][C][=C][Ring2][Ring1][Ring2][N][N+1][Ring2][Ring1],C[N+](=O)NC=N,1.4918943340952076,-3.099312739384742,-3.0475385797653605,-2.615240968198942,-4.047930546876556,,-2.9876022717547577,mols/page_0003.png,14,5.942808151245117,123.09732055664062,2852.956787109375,1.3510892391204834
55,[O][=N+1][Branch1][C][O-1][C][Branch2][C][Branch2][Ring1][#Branch1][C][=N][N][=C][Branch2][Ring1][Branch1][N][=C][Branch1][=Branch1][N+1][=Branch1][C][=O][O-1],O=[N+]([O-])C=NC[N+](=O)[O-],1.481790468830701,1.2140575308556785,1.0176933566378703,1.0609124534373016,0.0708047491401156,,0.9893831781623194,mols/page_0003.png,15,8.560832977294922,317.2956237792969,6861.515625,1.7520580291748047
56,[O][=N+1][Branch1][N][C][=N][N][=C][Branch1][Branch2][N+1][=Branch1][C][=O][O-1],O=[N+]C=NN=C[N+](=O)[O-],1.481790468830701,0.7989338353088401,0.6473762417366753,0.6406945811751406,-0.0195741086593053,,0.6158979408655046,mols/page_0003.png,16,8.308871269226074,299.6053771972656,6403.30078125,1.7432594299316406
57,[C][N][=C][Ring1][Branch1][N][N+1][=Branch1][C][=O][O-1],O=[N+]([O-])NC1=NC1,1.4278467081635289,-0.0802899531188462,-0.2667798127898445,-0.2071982277750504,-0.8060469911959588,,-0.2502514317067887,mols/page_0003.png,17,7.775221347808838,255.93565368652344,5478.73974609375,1.6666944026947021
58,[O][=N+1][Branch1][C][O-1][C][=C][C][Branch1][=Branch1][N+1][=Branch1][C][=O][O-1],O=[N+]([O-])C=CC[N+](=O)[O-],1.501790468830701,-0.0644659753978981,-0.367497234206943,-0.1183609605290186,-1.277272667415038,,-0.2830624533543215,mols/page_0003.png,18,7.784825801849365,251.12432861328125,5575.60986328125,1.6208194494247437
59,[Branch1][O][=N+1][=N][C][O-1][N][C][N][C][=C][C][Branch1][=Branch1][N+1][=Branch1][C][=O][O-1][C][Branch1][=Branch1][C][=Branch1][C][=O][C][C][N][C][Branch1][=Branch1][=Branch1][N+1][=Branch1][O-1][C][O-1][C][=O][C][N][N][C][=C][Branch1][=Branch1][N+1][C][C][=O][O-1],O=[N+]=NC[O-],1.4767229808842466,0.2540954746104051,-0.0009422295429727,0.2115150665449427,-0.9340563589541108,,0.0544887019894241,mols/page_0003.png,19,7.97817850112915,268.6348571777344,5935.31396484375,1.654232382774353
60,[O][C][C][C][Branch1][=Branch1][N+1][=Branch1][C][=O][O-1][N][=N][Ring1][Branch1][C][=N][C][Branch1][=Branch1],N=NC(CCO)[N+](=O)[O-],2.001790468830701,-1.651553904726054,-1.688301055560449,-1.4933089898892744,-2.172102708073721,,-1.6494976068347078,mols/page_0004.png,0,6.821533679962158,188.02882385253906,4076.336181640625,1.5337055921554565
61,[C][=N][N][=C][Branch1][=Branch1][N+1][=Branch1][C][=O][O-1][C][Branch1][=Branch1][N+1][C][O],C=NN=C(C[N+]CO)[N+](=O)[O-],1.538091503851731,-1.360938564115505,-1.453928103917252,-1.30096907447609,-1.9022016683238376,,-1.414324463631009,mols/page_0004.png,1,6.997924327850342,199.22494506835938,4286.06787109375,1.559981107711792
62,[Ring2][N][O][N][O][N][=N+1][Branch1][C][O-1][C][O][C],COC[N+]([O-])=NONON,1.4796683620478217,-0.8987616713866221,-1.2329282435715505,-0.915110209803969,-2.2248902403314066,,-1.1214555866942717,mols/page_0004.png,2,7.278445243835449,209.7822265625,4706.81689453125,1.528566598892212
63,[O][=N+1][Branch1][C][O-1][C][=C][C][Branch1][=Branch1][N+1][=Branch1][C][=O][O-1][=C][Branch2][Ring1][#C][C][=C][Branch1][=Branch1][N+1][=Branch1][C][=O][O-1][C][=C][Branch1][=Branch1][N+1][=Branch1][C][=O][O-1][C][Branch1][C][O][=C][Ring1][=N][N+1][=Branch1][C][=O][O-1][C][Branch1][=Branch1][N+1][=Branch1][C][=O][O-1][=C][Ring2][Ring1][N][O],O=[N+]([O-])c1cc([N+](=O)[O-])c(-c2c([N+](=O)[O-])cc([N+](=O)[O-])c(O)c2[N+](=O)[O-])c([N+](=O)[O-])c1O,1.9535676759431464,-0.1427428926941996,0.0484360263028525,-0.3286942399782617,1.1173654239954178,,-0.0433178701895996,mols/page_0004.png,3,7.7373151779174805,270.9936828613281,5346.2578125,1.8539432287216187
64,[C][C][Branch1][C][C][Branch2][Ring1][=N][C][O][C][=Branch1][C][=O][C][C][C][Branch1][=Branch1][N+1][=Branch1][C][=O][O-1][Branch1][=Branch1][N+1][=Branch1][C][=O][O-1][N+1][=Branch1][C][=O][O-1][N+1][=Branch1][C][=O][O-1],CC(C)(COC(=O)CCC([N+](=O)[O-])([N+](=O)[O-])[N+](=O)[O-])[N+](=O)[O-],1.8492669435287097,-1.3193265778209236,-1.410617839935628,-1.174681250201707,-2.0246713391292936,,-1.3548257384327502,mols/page_0004.png,4,7.023180961608887,201.2938995361328,4423.77490234375,1.5480583906173706
65,[O][=N+1][Branch1][C][O-1][C][C][C][=C][Branch1][=Branch1][N+1][=Branch1][C][=O][O-1][=Branch1][=Branch1][=Branch2][=O][=Branch1][N+1][=Branch1][=O][=O][O-1],O=[N+]([O-])CCC=C(O[N+](=O)[O-])[N+](=O)[O-],1.5963039679725397,0.2915326710326243,0.0159179527258064,0.272376139887738,-0.8015211910330137,,0.1056609927914015,mols/page_0004.png,5,8.000901222229004,269.4402770996094,6001.67822265625,1.6671350002288818
66,[#N+1][S][=Branch2][/N+1][#N][S][O-1][/N+1][=Ring2][P][/N],[N+][SH]([O-])S,1.962440063862291,0.1844815998286947,-0.0512749076496937,-0.0120087939883587,-0.4460058736877191,,-0.0161024319193651,mols/page_0004.png,6,7.9359259605407715,266.2304382324219,5691.57861328125,1.7017452716827393
67,[O][=N+1][Branch1][C][O-1][N][C][N][Branch1][=Branch1][N+1][=Branch1][C][=O][O-1][C][C][Ring1][Branch2][C][C][Ring1][Ring2][N][Branch1][=Branch1][N+1][=Branch1][C][=O][O-1][C][N][Ring1][Branch2][N+1][=Branch1][C][=O][O-1],O=[N+]([O-])N1CN([N+](=O)[O-])C2C1C1C2N([N+](=O)[O-])CN1[N+](=O)[O-],1.6492669435287095,1.350611026613017,1.3559651372344843,1.5937775388802995,0.8864357359733199,,1.402798630111327,mols/page_0004.png,7,8.643714904785156,333.4550476074219,7442.5634765625,1.8314616680145264
68,[N][N][=N][C][Branch2][NH1][Ring1][Branch1][/N][P],NN=NC(N)P,2.4718943340952078,-2.115422239418655,-2.132761895234517,-1.8476845611215345,-2.7136595147470537,,-2.0724858095866123,mols/page_0004.png,8,6.5399861335754395,166.79669189453125,3689.917236328125,1.4809837341308594
69,[O][=N+1][Branch1][C][O-1][C][=C][C][Branch1][=Branch1][N+1][=Branch1][C][=O][O-1][=C][Branch2][Ring2][=N][N][C][=N][N][Branch2][Ring1][N][C][=C][Branch1][=Branch1][N+1][=Branch1][C][=O][O-1][C][=C][Branch1][=Branch1][N+1][=Branch1][C][=O][O-1][C][=C][Ring1][N][N+1][=Branch1][C][=O][O-1][C][=C][Ring2][Ring1][Ring2][N+1][=Branch1][C][=O][O-1][C][Branch1][=Branch1][N+1][=Branch1][C][=O][O-1][=C][Ring2][Ring2][Ring2],O=[N+]([O-])c1cc([N+](=O)[O-])c(Nc2nn(-c3c([N+](=O)[O-])cc([N+](=O)[O-])cc3[N+](=O)[O-])cc2[N+](=O)[O-])c([N+](=O)[O-])c1,2.1193737172742675,-0.6396010234576002,-0.5141016680590274,-0.6358094955574475,0.2835883785543443,,-0.5143906332467014,mols/page_0004.png,9,7.435744285583496,244.12095642089844,5011.37255859375,1.772773027420044
70,[O][=C][Branch2][Ring1][Branch2][N][C][C][C][Branch1][=Branch1][N+1][=Branch1][C][=O][O-1][Branch1][=Branch1][N+1][=Branch1][C][=O][O-1][N+1][=Branch1][C][=O][O-1][N][C][C][C][Branch1][=Branch1][N+1][=Branch1][C][=O][O-1][Branch1][=Branch1][N+1][=Branch1][C][=O][O-1][N+1][=Branch1][C][=O][O-1],O=C(NCCC([N+](=O)[O-])([N+](=O)[O-])[N+](=O)[O-])NCCC([N+](=O)[O-])([N+](=O)[O-])[N+](=O)[O-],2.09260284350746,0.4723857624472374,0.328562792896834,0.3602430439192824,-0.2903518997394561,,0.3152991664297851,mols/page_0004.png,10,8.110671043395996,284.37548828125,6097.490234375,1.7168985605239868
71,[N][=N][NH1][C][=Ring1][#Branch1][N][=C][Branch1][=Branch1][N+1][=Branch1][C][=O][O-1][N+1][=Branch1][C][O-1][N][=C][Ring2][Ring1][N],C=N[N+]([O-])C(=NC1N=NN1)[N+](=O)[O-],1.996437499842364,1.2719703668043136,1.1239038167499562,1.1148712754704022,0.2284032497817653,,1.0677573810549048,mols/page_0004.png,11,8.595983505249023,322.3693542480469,6920.353515625,1.7674006223678589
72,[O][=N+1][Branch1][C][O-1][C][=C][N][Branch1][=C][N+1][=Branch1][C][=O][O-1],O=[N+]([O-])C=CN[N+](=O)[O-],1.481790468830701,1.104442978403439,0.87647783107346,1.0175215002837128,-0.2154288454185779,,0.8806959179408521,mols/page_0004.png,12,8.494301795959473,310.5496826171875,6814.201171875,1.724192500114441
73,[O][=N+1][Branch1][C][O-1][C][Branch1][=Branch1][N+1][=Branch1][C][=O][O-1][=C][Ring2][Ring1][=Branch2],C=C([N+](=O)[O-])[N+](=O)[O-],1.4844996950521223,0.9678549153231076,0.7806842447138265,0.9711504976643124,-0.0335053934141288,,0.8222444497335457,mols/page_0004.png,13,8.411398887634277,305.97357177734375,6763.63720703125,1.7419031858444214
74,[N][C][=C][Branch1][=Branch1][N+1][=Branch1][C][=O][O-1][C][=C][Branch1][=Branch1][N+1][=Branch1][C][=O][O-1][C][=N][O][N+1][Branch1][C][O-1][=C][Ring1][S][Ring1][=Branch1],Nc1c([N+](=O)[O-])cc([N+](=O)[O-])c2no[n+]([O-])c12,1.3784079534080929,0.2158043081860674,0.3810592114303644,0.3505922511188062,1.2523826798305544,,0.4146910483346859,mols/page_0004.png,14,7.95493745803833,286.8832702636719,6086.966796875,1.867087483406067
75,[O][=N+1][Branch1][C][O-1][=C][N][=C][Ring1][Branch2],C=NC[N+](=O)[O-],1.4918943340952076,-1.0693058443395986,-1.384219184589585,-0.933453970339952,-2.527265365666058,,-1.2394893819348825,mols/page_0004.png,15,7.174932479858398,202.5549774169922,4686.814453125,1.4991296529769897
76,[O][=C][Branch2][Ring1][#Branch1][O][C][C][Branch1][=Branch1][N+1][=Branch1][C][=O][O-1][Branch1][=Branch1][N+1][=Branch1][C][=O][O-1][N+1][=Branch1][C][=O][O-1][N][Branch2][Ring2][#C][C][N][Branch2][Ring2][Branch1][C][N][Branch2][Ring1][O][C][=Branch1][C][=O][O][C][C][Branch1][=Branch1][N+1][=Branch1][C][=O][O-1][Branch1][=Branch1][N+1][=Branch1][C][=O][O-1][N+1][=Branch1][C][=O][O-1][N+1][=Branch1][C][=O][O-1][N+1][=Branch1][C][=O][O-1][N+1][=Branch1][C][=O][O-1],O=C(OCC([N+](=O)[O-])([N+](=O)[O-])[N+](=O)[O-])N(CN(CN(C(=O)OCC([N+](=O)[O-])([N+](=O)[O-])[N+](=O)[O-])[N+](=O)[O-])[N+](=O)[O-])[N+](=O)[O-],2.742240083696136,1.1228972151557512,1.1443210426256072,0.6383177062593589,0.8716754558964418,,0.9092991925387276,mols/page_0004.png,16,8.505502700805664,323.3446960449219,6400.708984375,1.8300247192382812
77,[O][=N+1][Branch1][C][O-1][N][C][=N][O][N+1][=C][Branch1][N][O-1][N][=C][Branch1][=Branch1][N+1][=Branch1][C][=O][O-1][=C][Ring2][Ring1][C],O=[N+]([O-])NC=NO[N+]=C[O-],1.4796683620478217,0.9345367296838756,0.7594665562592582,0.8201271433460585,0.0402409038838623,,0.7555757692125932,mols/page_0004.png,17,8.391176223754883,304.9599914550781,6598.9580078125,1.7490825653076172
78,[O][=N+1][Branch1][C][O-1][C][C][Branch2][Ring2][=Branch1],CC[N+](=O)[O-],1.4967229808842466,-2.0769503801695817,-2.323441919620135,-1.6381964872871253,-3.917019083234697,,-2.147078578185749,mols/page_0004.png,18,6.5633368492126465,157.68780517578125,3918.34765625,1.3638337850570679
79,[#Branch1][/N+1][C][=N+1][Branch2][N][C][C][N][Branch1][N][C][=N][O][N+1][=Branch1][C][=O][O-1],[N+]C=[N+]CNC=NO[N+](=O)[O-],1.518091503851731,-0.4573118168968302,-0.7342362238850618,-0.405382935923397,-1.3165085139575408,,-0.5916910359605859,mols/page_0004.png,19,7.546385765075684,233.60501098632812,5262.634765625,1.6169997453689575
80,[O][=N+1][Branch1][C][O-1][N][C][=C][Branch1][=Branch1][N+1][=Branch1][C][=O][O-1][=C][Branch1][=Branch1],CC(=CN[N+](=O)[O-])[N+](=O)[O-],1.4996683620478215,-0.5141059285740609,-0.7092529115905679,-0.3482653957938525,-1.6704858429357738,,-0.6121944526522756,mols/page_0005.png,0,7.511914253234863,234.79847717285156,5324.9169921875,1.5825392007827759
81,[O][=N+1][Branch1][C][O-1][C][N][=N][O][N+1][Branch1][C][O-1][N][=C][Branch2][Ring2][#Branch1][C][N][=N][C][Branch1][=Branch1][N+1][=Branch1][C][=O][O-1],O=[N+]([O-])CN=NCC=N[N+]([O-])ON=NC[N+](=O)[O-],1.6798833105991515,0.4570425847642805,0.2140321215893641,0.4881872473032128,-0.5499670300281001,,0.3080468725068863,mols/page_0005.png,1,8.101358413696289,278.904296875,6237.00341796875,1.691624402999878
82,[O][=N+1][Branch1][C][O-1][C][=N][C][Branch1][=Branch1][N+1][=Branch1][C][=O][O-1][=C][Branch1][=Branch1][N+1][=Branch1][C][=O][O-1][NH1][Ring1][O],O=[N+]([O-])c1nc([N+](=O)[O-])c([N+](=O)[O-])[nH]1,1.4163039679725398,1.4827289063335929,1.6851354091624378,1.3450224436061091,1.6240346298996833,,1.49237851930642,mols/page_0005.png,2,8.723904609680176,349.1796875,7171.3154296875,1.9032686948776245
83,[O][=N+1][Branch1][C][O-1][C][=C][C][Branch1][=Branch1][N+1][=Branch1][C][=O][O-1],O=[N+]([O-])C=CC[N+](=O)[O-],1.501790468830701,-0.0644659753978981,-0.367497234206943,-0.1183609605290186,-1.277272667415038,,-0.2830624533543215,mols/page_0005.png,3,7.784825801849365,251.12432861328125,5575.60986328125,1.6208194494247437
84,[O][=N+1][Branch1][C][O-1][C][=C][C][Branch1][=Branch1][N+1][=Branch1][C][=O][O-1][=C][Branch2][#Branch1][#Branch2][C][=C][Branch1][=Branch1][N+1][=Branch1][C][=O][O-1][C][=C][Branch1][=Branch1][N+1][=Branch1][C][=O][O-1][C][Branch2][Branch1][O][C][=C][Branch1][=Branch1][N+1][=Branch1][C][=O][O-1][C][=C][Branch1][=Branch1][N+1][=Branch1][C][=O][O-1][C][Branch2][Ring1][N][C][=C][Branch1][=Branch1][N+1][=Branch1][C][=O][O-1][C][=C][Branch1][=Branch1][N+1][=Branch1][C][=O][O-1][C][=C][Ring1][N][N+1][=Branch1][C][=O][O-1][=C][Ring2][Ring1][O][N+1][=Branch1][C][=O][O-1][=C][Ring2][Ring2][#Branch2][N+1][=Branch1][C][=O][O-1][C][Branch1][=Branch1][N+1][=Branch1][C][=O][O-1][=C][Ring2][Branch1][=Branch2],O=[N+]([O-])c1cc([N+](=O)[O-])c(-c2c([N+](=O)[O-])cc([N+](=O)[O-])c(-c3c([N+](=O)[O-])cc([N+](=O)[O-])c(-c4c([N+](=O)[O-])cc([N+](=O)[O-])cc4[N+](=O)[O-])c3[N+](=O)[O-])c2[N+](=O)[O-])c([N+](=O)[O-])c1,3.223780554799501,-0.610654818555985,-0.4025920562373508,-0.6836559697004915,0.6139473001887226,,-0.4653793765596583,mols/page_0005.png,4,7.45331335067749,249.4478302001953,4959.19970703125,1.8049342632293701
85,[NH1][C][=N+1][Branch1][C][O-1][C][Branch1][=Branch1][N+1][=Branch1][C][=O][O-1][C][Branch1][C][O][N+1][=Branch1][C][O-1][C][Branch2][Branch1][=Branch1][N+1],[N+]C[N+]([O-])C(O)C([N+](=O)[O-])[N+]([O-])=C[NH],2.59630396797254,0.9773907827432678,0.9185324612172058,0.682310938380869,0.4810643705667932,,0.7950116233991453,mols/page_0005.png,5,8.417186737060547,312.55865478515625,6448.68017578125,1.7919977903366089
86,[N][O][=N+1][Branch1][C][O-1][C][=N][C][=C][Branch1][Branch2][N][C][=N][O][N+1][Branch1][C][O-1][N+1][=Branch1][C][=O][O-1],NO[N+]([O-])C=NC=C(NC=NO[N+][O-])[N+](=O)[O-],1.6584079534080929,0.1171083160737018,-0.0780025639758981,-0.0332730477799425,-0.5569051208623121,,-0.0592232931737573,mols/page_0005.png,6,7.895033359527588,264.9536437988281,5668.3916015625,1.6909489631652832
87,[O][=N+1][Branch1][C][O-1][C][=N][C][Branch1][=Branch1][N+1][=Branch1][C][=O][O-1],O=[N+]([O-])C=NC[N+](=O)[O-],1.481790468830701,1.2140575308556785,1.0176933566378703,1.0609124534373016,0.0708047491401156,,0.9893831781623194,mols/page_0005.png,7,8.560832977294922,317.2956237792969,6861.515625,1.7520580291748047
88,[Branch2][Branch1][Branch2][=Branch1][=N][N][=C][Branch1][=Branch1][N+1][=Branch1][C][=O][O-1][C][Branch1][=Branch1][N+1][#Branch1][C][=O][O-1][N][=N][Ring2][=N][Ring2],O=[N+]([O-])C1=NNN=NC1[N+](=O)[O-],1.957024615544936,1.6159199443089012,1.687482495766541,1.362046563905316,1.0996822313133043,,1.4806374587123174,mols/page_0005.png,8,8.8047456741333,349.29180908203125,7189.87890625,1.8522217273712158
89,[O][=C][Branch2][Ring1][#Branch1][O][C][C][Branch1][=Branch1][N+1][=Branch1][C][=O][O-1][Branch1][=Branch1][N+1][=Branch1][C][=O][O-1][N+1][=Branch1][C][=O][O-1][C][=C][Branch1][=Branch1][N+1][=Branch1][C][=O][O-1][C][=C][Branch1][=Branch1][N+1][=Branch1][C][=O][O-1][C][=C][Ring1][N][N+1][=Branch1][C][=O][O-1],O=C(OCC([N+](=O)[O-])([N+](=O)[O-])[N+](=O)[O-])c1c([N+](=O)[O-])cc([N+](=O)[O-])cc1[N+](=O)[O-],1.9774622165525828,0.3087959063836378,0.389718644995585,0.0858147441336918,0.6803844792040785,,0.2769929834186903,mols/page_0005.png,9,8.01137924194336,287.29693603515625,5798.24755859375,1.8114020824432373
90,[N][C][=C][Branch1][=Branch1][N+1][=Branch1][C][=O][O-1][C][Branch1][C][N][=C][Branch1][=Branch1][N+1][=Branch1][C][=O][O-1][C][Branch1][#Branch2][N][C][C][O][N+1][=Branch1][C][=O][O-1][=C][Ring2][Ring1][Ring2][N+1][=Branch1][C][=O][O-1],Nc1c([N+](=O)[O-])c(N)c([N+](=O)[O-])c(NCCO[N+](=O)[O-])c1[N+](=O)[O-],1.755885732905358,-0.520709858507647,-0.493177844557613,-0.3871560488525644,-0.2200281163633891,,-0.4303371569436797,mols/page_0005.png,10,7.507905960083008,245.12049865722656,5282.509765625,1.7237447500228882
91,[O][=N+1][Branch1][C][O-1][C][=N][N][=C][Branch1][=Branch1][N+1][=Branch1][C][=O][O-1][=C][Ring1][Branch1][N][=C][Branch1][Branch2][C][=C][Branch1][=Branch1][C][=N][O],O=[N+]([O-])C=NN=C(CN=CC=CC=NO)[N+](=O)[O-],1.7398833105991516,-1.6036648068243644,-1.5756932831855734,-1.354781916625516,-1.977794531272728,,-1.5345317422799636,mols/page_0005.png,11,6.850600242614746,193.4081573486328,4227.38916015625,1.5526219606399536
92,[O][=N+1][Branch1][C][O-1][C][Branch1][=Branch1][N+1][=Branch1][C][=O][O-1][=C][Ring1][=N][N+1][=Branch1][C],[N+]C=C([N+](=O)[O-])[N+](=O)[O-],1.481790468830701,1.3823972513468843,1.3670182924942005,1.2876174216197578,0.7662448839187409,,1.2790253430000484,mols/page_0005.png,12,8.663007736206055,333.9830627441406,7108.7197265625,1.819760799407959
93,[N][C][=C][Branch1][=Branch1][N+1][=Branch1][C][=O][O-1][C][=C][Branch1][=Branch1][N+1][=Branch1][C][=O][O-1][C][Branch1][C][N][=C][Ring1][=N][N+1][=Branch1][C][=O][O-1],Nc1c([N+](=O)[O-])cc([N+](=O)[O-])c(N)c1[N+](=O)[O-],1.538407953408093,-0.6577960052874661,-0.5370726442612717,-0.6283175034293494,0.2229553913064019,,-0.527748624628284,mols/page_0005.png,13,7.424700736999512,243.02362060546875,5019.5419921875,1.7668702602386475
94,[C][C][N][=N][N][=N][NH1][C][Branch1][=Branch1][N+1][=Branch1][C][=O][O-1][N+1][=Branch1][C][N][O-1][N][C][=C][Branch1][=Branch1][N+1][Branch1][C][O-1][C][=C][Branch1][N][C],CCN=NN=NNC([N+](N)[O-])[N+](=O)[O-],2.07630396797254,-0.1779842784853966,-0.4430154164726649,-0.0167200036697716,-1.48723256977955,,-0.3106611821853791,mols/page_0005.png,14,7.715925216674805,247.51678466796875,5686.44140625,1.6003793478012085
95,[O][=N+1][Branch1][C][O-1][C][=C][C][Branch1][=Branch1][N+1][=Branch1][C][=O][O-1][=C][Branch2][Ring2][#C][C][=N][C][=C][Branch1][=Branch1][N+1][=Branch1][C][=O][O-1][C][Branch2][Ring1][N][C][=C][Branch1][=Branch1][N+1][=Branch1][C][=O][O-1][C][=C][Branch1][=Branch1][N+1][=Branch1][C][=O][O-1][C][=C][Ring1][N][N+1][=Branch1][C][=O][O-1][=N][Ring2][Ring1][Branch2][C][Branch1][=Branch1][N+1][=Branch1][C][=O][O-1][=C][Ring2][Ring2][Ring2],O=[N+]([O-])c1cc([N+](=O)[O-])c(-c2ncc([N+](=O)[O-])c(-c3c([N+](=O)[O-])cc([N+](=O)[O-])cc3[N+](=O)[O-])n2)c([N+](=O)[O-])c1,2.1277737172742675,-0.8125232711082886,-0.6751121924026283,-0.8509596633768984,0.2810536365799675,,-0.6841873675704918,mols/page_0005.png,15,7.3307881355285645,236.4293975830078,4776.76806640625,1.7725262641906738
96,[C][=N][C][O][N+1][=Branch1][C][=O][O-1][C][=Branch1],C=NCO[N+](=O)[O-],1.4878467081635287,-0.7626716920057783,-1.0415713715383963,-0.6491451609430721,-2.1531154090134863,,-0.9260303711646212,mols/page_0005.png,16,7.361045837402344,218.92344665527344,4996.8310546875,1.535554051399231
97,[O][=N+1][Branch1][C][O-1][C][=C][Branch1][=Branch1][N+1][=Branch1][C][=O][O-1],O=[N+]([O-])C=C[N+](=O)[O-],1.4844996950521223,1.159079774877526,1.0853206260745547,1.0881108342793635,0.4408048311302908,,1.0404249170627948,mols/page_0005.png,17,8.527463912963867,320.5262145996094,6891.17333984375,1.7880784273147583
98,[O][=N+1][Branch2][Branch1][N][C][=N][C][N][Branch1][Branch2][N][=N][N+1][=Branch1][N+1][=Branch1][C][=O][O-1],O=[N+]C=NCN([O-])N=N[N+]O,1.498091503851731,0.7691556577924655,0.500340273589253,0.5993867520057674,-0.4455809676659275,,0.5125705868811439,mols/page_0005.png,18,8.290797233581543,292.5813903808594,6358.2578125,1.7017866373062134
99,[O][=N+1][Branch1][C][O-1][C][Branch2][Ring1][#Branch1][C][=N][N][=C][Branch2][Ring1][=Branch1][C][=N][O][N+1][Branch1][C][O-1][=C][C][Branch1][=Branch1][N+1][=Branch1][C][=O][O-1],O=[N+]([O-])CC=NN=CC=NO[N+]([O-])=CC[N+](=O)[O-],1.7198833105991516,-0.4751501268030881,-0.6569752946797662,-0.3543678922807164,-1.0661323344885454,,-0.5313917457318547,mols/page_0005.png,19,7.535558700561523,237.29580688476562,5318.2626953125,1.6413744688034058
100,[O][O][=N+1][=N][O][C][N][C][=N][N][N][=C][N][=C][Ring2][Branch1],C1=NC=NNN=CNCON=[N+]OO1,1.5363039679725397,-1.0743487453916674,-1.05507797973852,-1.2093729665450297,-0.8242322342208234,,-1.098529091322641,mols/page_0006.png,0,7.171871662139893,218.27822875976562,4385.9462890625,1.6649240255355835
101,[O][=N+1][Branch1][C][O-1][C][=C][C][Branch1][=Branch1][N+1][=Branch1][C][=O][O-1][=C][Branch1][Branch2][N][C][=C][N][=N][Ring1][Branch1][C][Branch1][=Branch1][N+1][=Branch1][C][=O][O-1][=C][Ring1][P],O=[N+]([O-])c1cc([N+](=O)[O-])c(-n2ccnn2)c([N+](=O)[O-])c1,1.4839038473124213,-1.169492159445542,-1.03846055547452,-1.0240412050258625,-0.3447312989375712,,-0.9960777906341176,mols/page_0006.png,1,7.114123821258545,219.07205200195312,4588.0361328125,1.7116045951843262
102,[Cl][C][C][Branch1][=Branch1][N+1][=Branch1][C][=O][O-1][N+1][=Branch1][C],[N+]C(CCl)[N+](=O)[O-],1.987846708163529,-0.2706427733886724,-0.4638325542193473,-0.5444081767349714,-0.748681004714991,,-0.4762502030674926,mols/page_0006.png,2,7.6596856117248535,246.5223388671875,5111.03857421875,1.6722791194915771
103,[N][O][=C][Branch1][Branch1][C][=N][O][N+1][Branch1],[N+]ON=CCON,1.4878467081635287,-1.7729056345763157,-1.9093705491233115,-1.5386827618309342,-2.584352163175936,,-1.794477366974874,mols/page_0006.png,3,6.747878551483154,177.4682159423828,4026.859619140625,1.4935721158981323
104,[O][=N+1][Branch1][C][O-1][C][=C][C][Branch1][=Branch1][N+1][=Branch1][C][=O][O-1][=C][Branch1][#C][N][C][=N][C][Branch1][=Branch1][N+1][=Branch1][C][=O][O-1][=N][Ring1][Branch2][C][Branch1][=Branch1][N+1][=Branch1][C][=O][O-1][=C][Ring2][Ring1][Ring2],O=[N+]([O-])c1cc([N+](=O)[O-])c(-n2cnc([N+](=O)[O-])n2)c([N+](=O)[O-])c1,1.5524242818454757,-0.3088600914411618,-0.2624104881222439,-0.2846141363922336,0.3918549227120725,,-0.2174778071765375,mols/page_0006.png,4,7.636489391326904,256.1443786621094,5394.32373046875,1.7833130359649658
105,[O][=N+1][Branch1][C][O-1][C][=C][Branch1][=Branch1][N+1][=Branch1][C][=O][O-1][C][=C][Branch2][Ring2][#Branch1][N][=N][N][=N][Ring1][=Branch2][=C][Ring2][Ring1],N=NN=NC=CC(=C[N+](=O)[O-])[N+](=O)[O-],1.5963039679725397,-0.4685917628861745,-0.5798229677397666,-0.5170297838891141,-0.8060078067789637,,-0.5495163768900273,mols/page_0006.png,5,7.539539337158203,240.98141479492188,5140.892578125,1.6666982173919678
106,[=Branch2][N][P][N][S][O][\N+1][/N][/N][Ring1],N=N[N+]OSNPN,1.9444996950521227,-0.6380077841160213,-0.7984358141779474,-0.7551941729400274,-1.202217365686801,,-0.7814103053181832,mols/page_0006.png,6,7.436711311340332,230.5381622314453,4881.19287109375,1.6281262636184692
107,[C][=N][N][=N][NH1][C][=N][N][C][Branch2][Ring1][=Branch2][C][C][=C][Branch1][=Branch1][N+1][=Branch1][C][=O][O-1][N+1][=Branch1][C][=N][O],C=NN=NNC=NNCCC=C([N+](=N)O)[N+](=O)[O-],1.7198833105991516,-1.820807302413639,-1.8839870055393588,-1.5411348656438244,-2.344942722413472,,-1.7771467954871265,mols/page_0006.png,7,6.718804359436035,178.68080139160156,4024.185791015625,1.5168792009353638
108,[N][N][N][=C][Branch1][=Branch1][N+1][=Branch1][C][=O][O-1][C][=C][Ring1][Branch2][N+1][=Branch1][C][=O][O-1],Nn1nc([N+](=O)[O-])cc1[N+](=O)[O-],1.3770246155449355,0.8683984421048996,0.8485306351916668,0.96891691588588,0.7288139695840793,,0.8896804326369016,mols/page_0006.png,8,8.351033210754395,309.2146301269531,6761.20166015625,1.8161168098449707
109,[O][=N+1][Branch1][C][O-1][C][=N][N][=C][Branch1][=Branch1][N+1][=Branch1][C][=O][O-1][C][Branch1][=Branch1][N+1][P][C][=O][O-1][N][=C][Ring1][C][N+1][=Branch1][C][=N+1][=O][O-1],[N+]=[N+](C=NC([N+]PC=O)C(=NN=C[N+](=O)[O-])[N+](=O)[O-])O[O-],2.786423335035418,0.3117765523707929,0.2048769506249099,-0.0407654876990947,-0.1070839324268592,,0.1021487874266019,mols/page_0006.png,9,8.013188362121582,278.4669494628906,5660.2216796875,1.734740138053894
110,[C][C][O][N][Branch1][#C][N][N][=N][N][=N][N][=Ring1][=N][O],C1=NN=NN=NNNOC1,1.4196683620478217,-0.2749471907222577,-0.3942740809709579,-0.4350858121316927,-0.5477163750769385,,-0.3961112802836749,mols/page_0006.png,10,7.657073020935059,249.84518432617188,5230.24609375,1.6918435096740723
111,[O][=N+1][Branch1][C][O-1][C][=N][C][Branch2][Ring1][S][C][=N][C][=C][N][N][Branch1][=Branch1][N+1][=Branch1][C][=O][O-1][C][=C][Branch1][=Branch1][N+1][N+1][=Branch1][C][O-1][O][C][=N][O][N+1][Branch1][C][O-1][=C][N][Branch1][=Branch1][C][=N][O],C=[N+]([O-])ON=COC(=CN(NC=CN=CC(N=C[N+](=O)[O-])NC=NO)[N+](=O)[O-])[N+][N+][O-],2.727950530827869,-1.2130776256346232,-1.264214959111196,-1.0879163599545896,-1.4970066327937894,,-1.2041903534476697,mols/page_0006.png,11,7.087669372558594,208.2876434326172,4518.38525390625,1.5994278192520142
112,[O][=N+1][Branch1][C][O-1][C][N][=C][Branch1][=Branch1][N+1][=Branch1][C][=O][O-1],O=[N+]([O-])C=NC[N+](=O)[O-],1.481790468830701,1.2140575308556785,1.0176933566378703,1.0609124534373016,0.0708047491401156,,0.9893831781623194,mols/page_0006.png,12,8.560832977294922,317.2956237792969,6861.515625,1.7520580291748047
113,[#Branch2][NH1][C][=Ring1][O][=N+1][Branch1][C][O-1][=C][C][Ring1][#C][N+1][=Branch1][C][=O][O-1],N=C[N+]([O-])=CC[N+](=O)[O-],1.501790468830701,0.1605445142771324,-0.087778045526249,0.1035311494027174,-1.1058469656262082,,-0.0509806196138129,mols/page_0006.png,13,7.9213972091674805,264.4866638183594,5817.56591796875,1.6375081539154053
114,[C][Branch1][=Branch1][N+1][=Branch1][C][=O][O-1][N+1][=Branch1][C][O-1][C][=O],O=C[N+]([O-])C[N+](=O)[O-],1.4844996950521223,1.044129284748756,0.8344065911714925,0.8388770503682161,-0.2505564507417406,,0.7801291440531747,mols/page_0006.png,14,8.457694053649902,308.5399169921875,6619.4033203125,1.7207727432250977
115,[O][=N+1][Branch1][C][O-1][N][=C][Branch2][=C][Branch1][N][=N][O][=C][Branch1][N],CON=NC=N[N+](=O)[O-],1.481790468830701,-0.5801122318288825,-0.7875902808960035,-0.5990118178861439,-1.607656079310038,,-0.7422959632666829,mols/page_0006.png,15,7.471851348876953,231.05625915527344,5051.49755859375,1.5886558294296265
116,[O][=N+1][Branch1][C][O-1][C][C][N][=C][Branch1][=Branch1][N+1][=Branch1][C][=O][O-1][N+1][=Branch1][C][O-1],O=[N+]([O-])CCN=C([N+][O-])[N+](=O)[O-],1.5370246155449356,1.267750010915279,1.0112641025323463,1.247176515931348,-0.2951091328652791,,1.0391132214479175,mols/page_0006.png,16,8.593421936035156,316.9884948730469,7064.6220703125,1.716435432434082
117,[O][=C][Branch2][Branch1][#C][N][=N][N][=N][O][Ring1][N],O=CN=NN=NO,1.467846708163529,-0.1580892128610649,-0.2272329367191547,-0.5387897423777157,-0.2469796481778978,,-0.336544399163931,mols/page_0006.png,17,7.728000640869141,257.8248291015625,5117.1650390625,1.7211209535598755
118,[=Branch2][N][P][N][S][O][\N+1][/N][/N][Ring1],N=N[N+]OSNPN,1.9444996950521227,-0.6380077841160213,-0.7984358141779474,-0.7551941729400274,-1.202217365686801,,-0.7814103053181832,mols/page_0006.png,18,7.436711311340332,230.5381622314453,4881.19287109375,1.6281262636184692
119,[C@@H1][=N+1][Ring2][Ring1][#Branch1][=Branch2][O-1][=Branch1][NH1][/N+1][C@@H1][Ring2],C#[N+][O-],1.489198172576634,-0.1113895451187196,-0.4784127277537648,-0.0343110274436166,-1.4973286797209688,,-0.3109078471676647,mols/page_0006.png,19,7.756345272064209,245.82583618164062,5667.259765625,1.5993964672088623
120,[O][=N+1][Branch1][C][O-1][C][=C][C][Branch1][=Branch1][N+1][=Branch1][C][=O][O-1][=C][Branch2][Ring2][Branch1][N][C][N][=C][C][=C][N][Ring1][=Branch1][C][=C][Branch1][=Branch1][N+1][=Branch1][C][=O][O-1][C][=C][Branch1][=Branch1][N+1][=Branch1][C][=O][O-1][C][=C][Ring1][N][N+1][=Branch1][C][=O][O-1][C][Branch1][=Branch1][N+1][=Branch1][C][=O][O-1][=C][Ring2][Ring2][C],O=[N+]([O-])c1cc([N+](=O)[O-])c(NC2N=CC=CN2c2c([N+](=O)[O-])cc([N+](=O)[O-])cc2[N+](=O)[O-])c([N+](=O)[O-])c1,2.6251741350906634,-1.2557305597238753,-1.1168177287224508,-1.1251631720532724,-0.6041039756460576,,-1.1036127384974963,mols/page_0007.png,0,7.06178092956543,215.32888793945312,4477.7705078125,1.6863540410995483
121,[O][=C][N][Branch1][=Branch1][N+1][=Branch1][C][=O][O-1][C][C][Branch2][Ring1][=Branch2][C][C][Ring1][Ring2][N][Branch1][=Branch1][N+1][=Branch1][C][=O][O-1][C][=Branch1][C][=O][N][Ring1][=Branch2][N+1][=Branch1][C][=O][O-1][N][Ring2][Ring1][Ring2][N+1][=Branch1][C][=O][O-1],O=C1N([N+](=O)[O-])C2C(C3C2N([N+](=O)[O-])C(=O)N3[N+](=O)[O-])N1[N+](=O)[O-],1.735885732905358,1.3783104510239588,1.6476650722878934,1.2836070049381938,1.7216381145825936,,1.4421004942615,mols/page_0007.png,1,8.660527229309082,347.38970947265625,7104.3466796875,1.9127706289291382
122,[O][=N+1][Branch1][C][O-1][C][N][=C][Branch1][=Branch1][N+1][=Branch1][C][=O][O-1][=N][Ring1][Branch2][=N][Ring1][O],NNC(=NC[N+](=O)[O-])[N+](=O)[O-],1.498091503851731,1.2307456916514474,1.087939218341898,1.138742568779635,0.0827902826885214,,1.0434472832790425,mols/page_0007.png,2,8.570961952209473,320.65130615234375,6946.38330078125,1.7532248497009277
123,[/N][=N+1][Branch1][C][O-1][C][=C][Ring1][=Branch1][N+1][=Branch1][C][=O][O-1],O=[N+]([O-])C1=C[N+]([O-])=N1,1.4244996950521225,1.714023578204526,1.7114944566234904,1.6530811949365294,0.914189323823199,,1.6090309190639358,mols/page_0007.png,3,8.864290237426758,350.4388732910156,7507.2294921875,1.8341635465621948
124,[#N+1][=Branch1][#C][#Branch1][C][O-1][N][N][=C][\N+1][Branch1][N+1][#Branch2],[N+]C=NN[N+][O-],1.4718943340952075,0.8637601358560426,0.7694784074458416,0.6960182703414934,-0.1105652229742762,,0.6756604216646408,mols/page_0007.png,4,8.348217964172363,305.4382629394531,6463.626953125,1.7344012260437012
125,[O][=N+1][Branch1][C][O-1][C][=C][C][Branch1][=Branch1][N+1][=Branch1][C][=O][O-1][=C][Branch1][C][O][C][Branch1][=Branch1][N+1][=Branch1][C][=O][O-1][=C][Ring1][=N][O],O=[N+]([O-])c1cc([N+](=O)[O-])c(O)c([N+](=O)[O-])c1O,1.538407953408093,-0.1017539038344664,0.1431320909461416,-0.4557706242991202,1.4428042522708369,,-0.0276832777146456,mols/page_0007.png,5,7.76219367980957,275.5173645019531,5207.69091796875,1.8856254816055298
126,[N][C][=N][N][=C][Branch2][Branch1][=Branch1][N+1][=Branch1][C][=O][O-1],NC=NN=C[N+](=O)[O-],1.4844996950521223,-0.3676158986982359,-0.4990765446553235,-0.4652445396331809,-0.8498919047875216,,-0.4877601171704144,mols/page_0007.png,6,7.600827217102051,244.83871459960938,5197.3603515625,1.6624259948730469
127,[O][=N+1][Branch1][C][O-1][C][=C][C][Branch1][=Branch1][N+1][=Branch1][C][=O][O-1][=C][Branch2][Ring2][#Branch2][N][C][=N][N][=C][Branch2][Ring1][=N][N][C][=C][Branch1][=Branch1][N+1][=Branch1][C][=O][O-1][C][=C][Branch1][=Branch1][N+1][=Branch1][C][=O][O-1][C][=C][Ring1][N][N+1][=Branch1][C][=O][O-1][N][=N][Ring2][Ring1][=Branch1][C][Branch1][=Branch1][N+1][=Branch1][C][=O][O-1][=C][Ring2][Ring2][Ring1],O=[N+]([O-])c1cc([N+](=O)[O-])c(Nc2nnc(Nc3c([N+](=O)[O-])cc([N+](=O)[O-])cc3[N+](=O)[O-])nn2)c([N+](=O)[O-])c1,2.072166943381353,-0.4827368685790387,-0.376805726016521,-0.4973341421604511,0.3707088071780085,,-0.3767484247952695,mols/page_0007.png,7,7.530953884124756,250.67965698242188,5162.369140625,1.7812544107437134
128,[O][=N+1][Branch1][C][O-1][C][=C][N][Branch1][=Branch1][N+1][=Branch1][C][=O][O-1],O=[N+]([O-])C=CN[N+](=O)[O-],1.481790468830701,1.104442978403439,0.87647783107346,1.0175215002837128,-0.2154288454185779,,0.8806959179408521,mols/page_0007.png,8,8.494301795959473,310.5496826171875,6814.201171875,1.724192500114441
129,[C][N][C][Branch1][=Branch1][N+1][=Branch1][C][=O][O-1][=N][C][Branch1][=Branch1][N+1][=Branch1][C][=O][O-1][=C][Ring1][O][N+1][=Branch1][C][=O][O-1],Cn1c([N+](=O)[O-])nc([N+](=O)[O-])c1[N+](=O)[O-],1.456601054988479,0.6771688688246187,0.5972531021182902,0.6698148812219005,0.3108448141135969,,0.6176159266358471,mols/page_0007.png,9,8.234965324401855,297.2109680175781,6435.05419921875,1.7754265069961548
130,[O][=N+1][Branch1][C][O-1][C][=C][N][Branch1][=Branch1][N+1][=Branch1][C][=O][O-1],O=[N+]([O-])C=CN[N+](=O)[O-],1.481790468830701,1.104442978403439,0.87647783107346,1.0175215002837128,-0.2154288454185779,,0.8806959179408521,mols/page_0007.png,10,8.494301795959473,310.5496826171875,6814.201171875,1.724192500114441
131,[C][=N+1][Branch1][C][O-1][C][=C][Branch1][=Branch1][N+1][=Branch1][C][=O][O-1][N][=N][N][Ring1][#C],O=[N+]([O-])C1=C[N+]([O-])=CNN=N1,1.458091503851731,1.35070530113027,1.2943850974642244,1.1658648251424804,0.6875135940711421,,1.19636988911273,mols/page_0007.png,11,8.64377212524414,330.5133361816406,6975.9580078125,1.812096118927002
132,[O][=N+1][Branch1][C][O-1][C][=C][C][Branch1][=Branch1][N+1][=Branch1][C][=O][O-1],O=[N+]([O-])C=CC[N+](=O)[O-],1.501790468830701,-0.0644659753978981,-0.367497234206943,-0.1183609605290186,-1.277272667415038,,-0.2830624533543215,mols/page_0007.png,12,7.784825801849365,251.12432861328125,5575.60986328125,1.6208194494247437
133,[Cl][/C][=Branch2][#N+1][/N+1][F][P][#Branch1][Ring2][#N][Ring2][#Branch1][N+1][=Branch1][=Branch2][=Branch1][C@@H1][=O][=Branch1][#Branch2][#N],N#P(C(F)Cl)[N+](N)O,2.464499695052122,-0.5981037378256769,-0.6933822876096918,-0.7805700441914281,-0.7296606438029163,,-0.7080655884157051,mols/page_0007.png,13,7.460931301116943,235.55662536621094,4853.5224609375,1.6741307973861694
134,[O][=N+1][Branch1][C][O-1][C][Branch1][=Branch1][N+1][=Branch1][C][=O][O-1][C][=C][Branch1][=Branch1][N+1][=O][C][=N][O][=C][Branch2][Ring1][#Branch1],CC(=CC([N+](=O)[O-])[N+](=O)[O-])[N+]=O,1.5570246155449357,-0.3466555310289432,-0.5923879304160884,-0.2367291522185269,-1.3527430790608177,,-0.4647268341547504,mols/page_0007.png,14,7.61354923248291,240.3811798095703,5446.53857421875,1.6134722232818604
135,[O][=N+1][Branch1][C][O-1][C][=N][N][C][Branch1][Branch2][C][=N][N][=C][Branch1][C][N+1][=Branch1][C][=O][O-1],[N+]C=NN=CC([O-])(O)NN=C[N+](=O)[O-],2.09630396797254,-0.2759669267505464,-0.2892368447424966,-0.437441193076872,-0.396825756819654,,-0.355959995785975,mols/page_0007.png,15,7.656454086303711,254.8628692626953,5227.677734375,1.7065330743789673
136,[O][=N+1][Branch1][C][O-1][O][C][C][N][C][=C][Branch1][=Branch1][N+1][=Branch1][C][=O][O-1][C][Branch2][=Branch1][Branch1][C][=N][N][=C][Branch2][Branch1][#Branch2][C][=C][Branch1][=Branch1][N+1][=Branch1][C][=O][O-1][C][Branch1][#Branch2][N][C][C][O][N+1][=Branch1][C][=O][O-1][=C][Branch1][=Branch1][N+1][=Branch1][C][=O][O-1][C][Branch1][P][N][Branch1][=Branch2][C][C][O][N+1][=Branch1][C][=O][O-1][N+1][=Branch1][C][=O][O-1][=C][Ring2][Ring1][=N][N+1][=Branch1][C][=O][O-1][O][Ring2][Ring2][Branch1][=C][Branch1][=Branch1][N+1][=Branch1][C][=O][O-1][C][Branch1][P][N][Branch1][=Branch2][C][C][O][N+1][=Branch1][C][=O][O-1][N+1][=Branch1][C][=O][O-1][=C][Ring2][Branch1][O][N+1][=Branch1][C][=O][O-1],O=[N+]([O-])OCCNc1c([N+](=O)[O-])c(-c2nnc(-c3c([N+](=O)[O-])c(NCCO[N+](=O)[O-])c([N+](=O)[O-])c(N(CCO[N+](=O)[O-])[N+](=O)[O-])c3[N+](=O)[O-])o2)c([N+](=O)[O-])c(N(CCO[N+](=O)[O-])[N+](=O)[O-])c1[N+](=O)[O-],3.620290765159798,0.1538816627702631,0.0838953047588567,0.1691817958614135,0.1717682975803641,,0.1442937899848818,mols/page_0007.png,16,7.91735315322876,272.6875915527344,5889.15283203125,1.7618870735168457
137,[Ring2][/N+1][=Branch1][C][Cl][=Branch1][N][C][=O][=Branch1][N+1][=Branch1][C][=O][O-1],O=C[N+]Cl,1.482440063862291,-1.3263083914444995,-1.315314241443536,-1.8394508031121268,-1.0279275279182285,,-1.4989787322586825,mols/page_0007.png,17,7.0189433097839355,205.8466033935547,3698.8955078125,1.6450937986373901
138,[C][Branch1][=Branch1][N+1][=Branch1][C][=O][O-1][N+1][=Branch1][C][=N+1][Branch1][C][O-1][C][N][Branch1][=Branch1][N+1][C][=O][O-1][C][Branch1][=Branch1][C][=O][N][C][Branch2][Ring1][N][O],[N+]=[N+](C[O-])C[N+](=O)[O-],1.4844996950521223,1.074911485873877,0.8214343700003106,1.0528557967898364,-0.3240027423471122,,0.8628285084497703,mols/page_0007.png,18,8.476377487182617,307.92022705078125,6852.73046875,1.7136225700378418
139,[C@@H1][O][=N+1][C][=N][O][N+1][Branch2][N][Ring1][=Branch1][N][Cl][C@@H1],[CH]O[N+]C=NO[N+]NCl,1.481790468830701,-0.5742020052180845,-0.7406689915932868,-0.960841766797948,-0.9358465970055788,,-0.8066391156225798,mols/page_0007.png,19,7.475438594818115,233.29771423339844,4656.9501953125,1.6540580987930298
140,[O][=N+1][Branch1][C][O-1][C][N][=C][N][N][N][=N][C][Branch1][=Branch1][N+1][=Branch1][C][=O][O-1][C][Branch1][=Branch1][N][=N][N][C][Branch1][=Branch1][O][C][N+1][=Branch1][C][Branch1][=Branch1][C][N+1][=Branch1],[N+]C[N+]COCNN=NCC(N=NNNC=NC[N+](=O)[O-])[N+](=O)[O-],2.4158857329053585,-0.8233946941895357,-1.0295184366011023,-0.6821437793104019,-1.731339242529314,,-0.9092197186747516,mols/page_0008.png,0,7.32418966293335,219.4992218017578,4960.8486328125,1.5766149759292603
141,[O][=N+1][Branch1][C][O-1][C][=C][C][Branch1][=Branch1][N+1][=Branch1][C][=O][O-1][=C][Branch1][#C][N][C][=N][C][Branch1][=Branch1][N+1][=Branch1][C][=O][O-1][=N][Ring1][Branch2][C][Branch1][=Branch1][N+1][=Branch1][C][=O][O-1][=C][Ring2][Ring1][Ring2],O=[N+]([O-])c1cc([N+](=O)[O-])c(-n2cnc([N+](=O)[O-])n2)c([N+](=O)[O-])c1,1.5524242818454757,-0.3088600914411618,-0.2624104881222439,-0.2846141363922336,0.3918549227120725,,-0.2174778071765375,mols/page_0008.png,1,7.636489391326904,256.1443786621094,5394.32373046875,1.7833130359649658
142,[O][=C][Branch2][Ring1][#Branch1][O][C][C][Branch1][=Branch1][N+1][=Branch1][C][=O][O-1][Branch1][=Branch1][N+1][=Branch1][C][=O][O-1][N+1][=Branch1][C][=O][O-1][N][Branch2][Ring2][Branch1][C][N][Branch2][Ring1][O][C][=Branch1][C][=O][O][C][C][Branch1][=Branch1][N+1][=Branch1][C][=O][O-1][Branch1][=Branch1][N+1][=Branch1][C][=O][O-1][N+1][=Branch1][C][=O][O-1][N+1][=Branch1][C][=O][O-1][N+1][=Branch1][C][=O][O-1],O=C(OCC([N+](=O)[O-])([N+](=O)[O-])[N+](=O)[O-])N(CN(C(=O)OCC([N+](=O)[O-])([N+](=O)[O-])[N+](=O)[O-])[N+](=O)[O-])[N+](=O)[O-],2.505174135090663,1.091841617930596,1.138433522172854,0.4884133817855921,1.019692142069735,,0.8549033519470727,mols/page_0008.png,2,8.486653327941895,323.0634460449219,6237.25,1.8444344997406006
143,[Ring1][#Branch2][F][C@@H1][/N+1][O][=Branch1][#Branch1][N+1][C@@H1][/N+1][=Branch1][P][=O],O=[N+][CH][N+]O[N+][CH]F,1.4844996950521223,0.789371256775458,0.585480616560202,0.5575330655413042,-0.1637433748888824,,0.5503518570615484,mols/page_0008.png,3,8.303067207336426,296.6485900878906,6312.61962890625,1.7292242050170898
144,[/N][#C][#Branch2][#Branch1][N+1][=Branch2][\N+1][F][Ring2][/C],N#C[N+],1.489198172576634,-0.5178996922725247,-0.7583012082009498,-0.4017983685343931,-1.5146065585897883,,-0.6312302283911048,mols/page_0008.png,4,7.5096116065979,232.45541381835938,5266.54345703125,1.5977144241333008
145,[O][=N+1][Branch1][C][O-1][C][=C][C][=N][N][Branch1][Branch2][N][C][=N][C][Branch1][=Branch1][N+1][=Branch1][C][=O][O-1],O=[N+]([O-])C=CC=NNNC=NC[N+](=O)[O-],1.636601054988479,-1.5744287077821957,-1.6686041182384523,-1.3715257197247832,-2.138071041913393,,-1.5731755985864146,mols/page_0008.png,5,6.868345260620117,188.96975708007812,4209.13134765625,1.5370186567306519
146,[C][=N][N][Branch2][Branch1][C][N][=C][Branch1][=Branch1][N+1][=Branch1][C][=O][O-1][N][=C][Ring1][Branch1][N+1][=Branch1][C][=N][C],C=NNN=C(N=C[N+](C)=N)[N+](=O)[O-],1.576437499842364,-1.326069562667458,-1.451524160833082,-1.1478634917557289,-2.0160862782682525,,-1.3551524554042518,mols/page_0008.png,6,7.019088268280029,199.33978271484375,4453.017578125,1.5488941669464111
147,[O][N][N][Branch1][C][=C][C][=C][Branch1][=Branch1][N+1][=Branch1][C][=O][O-1][N+1][=Branch1][C][=N][O][N+1][Branch1][C][O-1],CN(C=C([N+](=N)O[N+][O-])[N+](=O)[O-])NO,1.5763039679725397,-0.2676621274015174,-0.4437558283872419,-0.187611399272562,-1.235560855523651,,-0.3764551342085798,mols/page_0008.png,7,7.661494731903076,247.48141479492188,5500.09765625,1.6248801946640015
148,[O][=N+1][Branch1][C][O-1][C][Branch1][=Branch1][N+1][=Branch1][C][=O][O-1][C][Branch1][Ring2][C][Cl],O=[N+]([O-])C(CCCl)[N+](=O)[O-],1.4996683620478215,-0.3515318804338644,-0.537792932814926,-0.4348251977381386,-0.9127767714996567,,-0.4875389595574187,mols/page_0008.png,8,7.610589504241943,242.9892120361328,5230.5302734375,1.6563040018081665
149,[O][=N+1][Branch1][C][O-1][C][C][Branch1][=Branch1][N+1][=Branch1][C][=O][O-1][C][Branch1][=Branch1],CC(C[N+](=O)[O-])[N+](=O)[O-],2.001790468830701,-0.7871217880553933,-1.1285710491748984,-0.5522109358546957,-2.431067621942851,,-0.9429143458437363,mols/page_0008.png,9,7.346205711364746,214.76742553710938,5102.5302734375,1.5084947347640991
150,[O][=N+1][Branch1][C][O-1][C][N][=C][Branch1][=Branch1][N+1][=Branch1][C][=O][O-1][N][Branch2][Ring1][N][C][=N][N][=C][Branch1][Ring1][C],CC=NN=CNC(=NC[N+](=O)[O-])[N+](=O)[O-],1.636601054988479,-0.9774463259700436,-1.084741730248845,-0.8813669149134769,-1.6378035901357175,,-1.0318741390336847,mols/page_0008.png,10,7.230687141418457,216.86117553710938,4743.611328125,1.5857208967208862
151,[C][C][=C][Branch1][=Branch1][N+1][=Branch1][C][=O][O-1][C][Branch1][#Branch2][N][Branch1][C][C][N+1][=Branch1][C][=O][O-1][=C][Branch1][=Branch1][N+1][=Branch1][C][=O][O-1][C][Branch1][=Branch1][N+1][=Branch1][C][=O][O-1][=C][Ring2][Ring1][Ring2][N+1][=Branch1][C][=O][O-1],Cc1c([N+](=O)[O-])c(N(C)[N+](=O)[O-])c([N+](=O)[O-])c([N+](=O)[O-])c1[N+](=O)[O-],1.755885732905358,0.1502159552910682,0.0748206272380925,0.2732385854581592,-0.1088778440174206,,0.1546667954138118,mols/page_0008.png,11,7.915128231048584,272.25408935546875,6002.61865234375,1.7345654964447021
152,[C@@H1][=N+1][Branch1][C][O][C][N+1][=Branch1][C][=O][O-1][=C][Ring2][Ring1][#Branch1][N+1][=Branch1][C][O-1][C][=O][Ring1][N],[CH]=[N+](O)C[N+](=O)[O-],1.4878467081635287,0.3126894439461946,0.0767984661401893,0.1735383550278869,-0.8157132970634614,,0.0852159898264046,mols/page_0008.png,12,8.013742446899414,272.34857177734375,5893.9033203125,1.6657533645629883
153,[O][=N+1][Branch1][C][O-1][C][N][=N][C][Branch1][=Branch1][N+1][=Branch1][C][=O][O-1][C][=N][Ring1][=C][Branch1][=Branch1][N+1][P][C][=O][Branch1][C][N][C][Branch1][=Branch1],N=CC(N=NC[N+](=O)[O-])[N+](=O)[O-],2.037024615544936,0.063186434688785,-0.1517518069910043,-0.0394055462674389,-0.8421701256134058,,-0.1221205741438709,mols/page_0008.png,13,7.862305164337158,261.43060302734375,5661.70458984375,1.663177728652954
154,[O][=N+1][Branch1][C][O-1][C][Branch1][=Branch1][N+1][=Branch1][C][=O][O-1][C][Branch1][Branch2][N][C][=N][C][Branch2][Ring1][C][N][=C][N][Branch1][=Branch1][N+1][#Branch2][C][=O][O-1][=N][N][=N][Ring1][N][=N],O=[N+]([O-])C(CN1C=NCN=CN([N+][O-])NN=N1)[N+](=O)[O-],1.6839038473124213,0.318180934576193,0.1316349440724216,0.2531264980490747,-0.389163978784062,,0.1747881710033773,mols/page_0008.png,14,8.017075538635254,274.9681396484375,5980.68798828125,1.7072789669036865
155,[#Branch2][#N][NH1][O][=N+1][Branch1][C][O-1][=C][C][=C][Branch1][=Branch1][N+1][=Branch1][C][=O][O-1],NNO[N+]([O-])=CC=C[N+](=O)[O-],1.518091503851731,-0.4714632075575113,-0.695199459042836,-0.4166381640711313,-1.3890780542326449,,-0.5972287377018038,mols/page_0008.png,15,7.537796497344971,235.46981811523438,5250.36181640625,1.60993492603302
156,[O][=N+1][Branch1][C][O-1][C][N][C][=C][Branch1][=Branch1][N+1][=Branch1][C][=O][O-1][N+1][=Branch1][C][Branch1][=O][O-1],O=[N+]([O-])CNC=C([N+][O-])[N+](=O)[O-],1.5370246155449356,1.1984990930249937,1.0017313789867748,1.051815130379837,0.0746472710317071,,0.9782483972580476,mols/page_0008.png,16,8.551389694213867,316.5331115722656,6851.595703125,1.752432107925415
157,[O][=N+1][Branch1][C][O-1][=N][N][C][=C][Branch1][=Branch1][N+1][=Branch1][C][=O][O-1],O=[N+]([O-])C=CNN[N+](=O)[O-],1.4796683620478217,0.4436336059269684,0.2357161609478506,0.3157496291902124,-0.5507360242116309,,0.2410636909736265,mols/page_0008.png,17,8.093219757080078,279.9401550292969,6048.9736328125,1.69154953956604
158,[O][=N+1][Branch1][C][O-1][C][Branch2][Ring1][=Branch1][C][=C][Branch1][=Branch1][N+1][=Branch1][C][=O][O-1][C][Branch2][Ring2][Branch2][N][N][=N][N][Branch2][Ring1][N][N][C][=N][Ring1][Branch1],N=CNNN=NNCC(=CC[N+](=O)[O-])[N+](=O)[O-],1.678407953408093,-1.028627175765824,-1.1541331476597347,-0.868677859810141,-1.6506879162489507,,-1.058230016405341,mols/page_0008.png,18,7.199622631072998,213.5463104248047,4757.44775390625,1.584466576576233
159,[O][=N+1][Branch1][C][O-1][C][=C][Branch1][=Branch1][N+1][=Branch1][C][=O][O-1],O=[N+]([O-])C=C[N+](=O)[O-],1.4844996950521223,1.159079774877526,1.0853206260745547,1.0881108342793635,0.4408048311302908,,1.0404249170627948,mols/page_0008.png,19,8.527463912963867,320.5262145996094,6891.17333984375,1.7880784273147583
160,[N][N+1][C][O-1][=Branch1][C][=O][O-1][C][O][=Branch1][N+1][=Branch1][=O][O-1][O][=N+1][Branch1][=Branch1][C][=O][=O][O-1][N+1][=Branch1][=O][=Branch2][N+1][=Branch1][=O][#N][O-1][=Branch1][N+1][=Branch1][C][=O][N][O-1],N[N+]C[O-],1.482440063862291,-0.6630219560272013,-1.0774500463894994,-0.4496112583483709,-2.2432456906675937,,-0.8392870730102829,mols/page_0009.png,0,7.4215288162231445,217.20950317382812,5214.4072265625,1.5267796516418457
161,[O][=N+1][Branch1][C][O-1][C][=C][C][Branch1][=Branch1][N+1][=Branch1][C][=O][O-1],O=[N+]([O-])C=CC[N+](=O)[O-],1.501790468830701,-0.0644659753978981,-0.367497234206943,-0.1183609605290186,-1.277272667415038,,-0.2830624533543215,mols/page_0009.png,1,7.784825801849365,251.12432861328125,5575.60986328125,1.6208194494247437
162,[O][=N+1][Branch1][C][O-1][C][=C][C][Branch1][=Branch1][N+1][=Branch1][C][=O][O-1][N][=N][C][=C][Branch1][=Branch1][N+1][Branch1][C][O-1][N][Branch2][Ring2][N][C][=N][C][Branch1][=Branch1][C][=Branch1][N+1][=Branch1][N+1][=Branch1][O-1][=O][O-1][=C][Branch1][=Branch1][Branch1][=Branch1][N+1][Branch2][C][=O][O-1],N[N+]([O-])C=CN=NC(C=C[N+](=O)[O-])[N+](=O)[O-],2.157308431519336,-0.3707772375101263,-0.634319903883735,-0.2172188959863095,-1.2610503187790263,,-0.4642668756208918,mols/page_0009.png,2,7.598908424377441,238.37806701660156,5467.81298828125,1.6223987340927124
163,[O][=N+1][Branch1][C][O-1][N][C][=N][N][=C][Branch1][Ring1][C][=C][Branch1][C][N+1][=Branch1][C][=O][O-1][C][Branch1][=Branch1][N+1][=Branch1][C][=N][C][N][=C][Branch1][=Branch1][N+1][=O][C][=N][N][C][Branch1][C][O][C][Branch1][=Branch1][N][C][=N][O][C][Branch1][C][N][=C][=N][N][C][=N][Ring1][O][N],C=CC(C[N+](=O)[O-])=NN=CN[N+](=O)[O-],1.6163039679725395,-1.4386097676384548,-1.500519114566098,-1.2098807616005114,-2.1907165306594707,,-1.43780617825729,mols/page_0009.png,3,6.950781345367432,196.999267578125,4385.392578125,1.5318934917449951
164,[O][=N+1][Branch1][C][O-1][N][C][=N][C][=C][Branch1][=Branch1][N+1][=Branch1][C][=O][O-1][C][Branch1][=Branch1][N+1],[N+]CC(=CN=CN[N+](=O)[O-])[N+](=O)[O-],1.576437499842364,-0.1881093616383893,-0.3923837627179526,-0.2138671799454983,-1.0154436175661652,,-0.3322145148239013,mols/page_0009.png,4,7.709779739379883,249.93548583984375,5471.4677734375,1.6463091373443604
165,[\N+1][=N+1][Branch2][C@@H1][O][S][=O][Branch2][N][O],[N+]=[N+][SH]=O,1.462440063862291,0.4783219145502799,0.320859698103073,0.1963201727022107,-0.2231836864445335,,0.2560051035997692,mols/page_0009.png,5,8.114274024963379,284.00750732421875,5918.7451171875,1.7234375476837158
166,[N][=N][N][=C][Branch1][=Branch1][N+1][=Branch1][C][=O][O-1][C][Branch1][=Branch1][N+1][#Branch2][C][=O][O-1],N=NN=C(C[N+][O-])[N+](=O)[O-],1.4796683620478217,1.3856041561754473,1.20065559298207,1.2083109391716722,0.2188116392091599,,1.1517704768789645,mols/page_0009.png,6,8.66495418548584,326.03582763671875,7022.2421875,1.7664668560028076
167,[=N][N+1][O][S][=N+1][Ring1][Branch1][C][O-1][C][=C][Branch1][=Branch1][N+1][=Branch1][C][=O][O-1][N][=N][Ring2][Ring1][#C],[O-]C[N+]1=[SH]O[N+]N1,1.4078467081635289,0.7317648130078958,0.6067628275370932,0.5085080053435622,0.0375249339808827,,0.5417876056717604,mols/page_0009.png,7,8.268102645874023,297.6652526855469,6259.16162109375,1.7488181591033936
168,[O][=N+1][Branch1][C][O-1][C][C][=N][N][Branch1][Branch2][C][=N][N][=N][Ring2][Ring1][=C][N][=C][Ring1][Branch1],C=NN(C=NN=N)N=CC[N+](=O)[O-],1.576437499842364,-1.5539090734810614,-1.598550546427684,-1.4584477846319306,-2.065785588661504,,-1.578072577696109,mols/page_0009.png,8,6.880799770355225,192.31625366210938,4114.349609375,1.5440558195114136
169,[N][NH1][O][N][=C][Branch2][Ring1][Ring1][N][=C][C][=N][C][=C][Branch1][=Branch1][N+1][=Branch1][C][=O][O-1],NNON=CN=CC=NC=C[N+](=O)[O-],1.6163039679725395,-2.2479132891033577,-2.229556858363865,-1.8732572365412636,-2.6819605459109708,,-2.136866486074408,mols/page_0009.png,9,6.459569931030273,162.17274475097656,3662.0322265625,1.4840697050094604
170,[O][=N+1][Branch1][C][O-1][C][=C][Branch1][=Branch1][N+1][=Branch1][C][=O][O-1][N+1][=Branch1][C][NH1][C][=O][N][Branch2][Ring2][Ring1][N][=N][Ring1][N],[NH][N+](C=O)C(=C[N+](=O)[O-])[N+](=O)[O-],1.5370246155449356,0.7584366451807777,0.6918782558707095,0.6644395974070844,0.1029653593889233,,0.6386511001645979,mols/page_0009.png,10,8.28429126739502,301.73126220703125,6429.19287109375,1.7551889419555664
171,[O][=N+1][Branch1][C][O-1][C][C][N][=N][N][Ring1][=Branch1],NN=NCC[N+](=O)[O-],1.4844996950521223,-0.2562329134265222,-0.6544154754030536,-0.1795336964455487,-1.794761670462102,,-0.4789517428318237,mols/page_0009.png,11,7.668431758880615,237.4180908203125,5508.90576171875,1.570440649986267
172,[O][=N+1][Branch1][C][O-1][C][=C][C][Branch1][=Branch1][N+1][=Branch1][C][=O][O-1][C][Branch2][Ring1][#C][C][=N][O][N+1][=Branch1][C][O-1],O=[N+]([O-])C=CC(CC=NO[N+][O-])[N+](=O)[O-],2.136601054988479,-0.7640378868849724,-0.9694473294816022,-0.6838212045994974,-1.5457618436400629,,-0.8614759702954489,mols/page_0009.png,12,7.3602166175842285,222.3688507080078,4959.01953125,1.5946813821792603
173,[O][=N+1][Branch1][C][O-1][C][=C][C][Branch1][#C][N][C][=C][Branch1][=Branch1][N+1][=Branch1][C][=O][O-1][N][=N][Ring1][Branch2][=C][C][Branch1][=Branch1][N+1][=Branch1][C][=O][O-1][=C][Ring1][P],O=[N+]([O-])c1cc(-n2cc([N+](=O)[O-])nn2)cc([N+](=O)[O-])c1,1.4839038473124213,-1.1118370071773986,-0.9750199033649972,-0.9561050330264448,-0.2998345286522936,,-0.9341396937114064,mols/page_0009.png,13,7.149117946624756,222.10264587402344,4662.115234375,1.7159754037857056
174,[O][=N+1][Branch1][C][O-1][C][N][=N][N][=N][O][Branch1][=N][N][N][=N][C][Branch2][Ring1][N][C][=N][C][Branch1][=Branch1][N+1][=Branch1][C][=O][O-1],O=[N+]([O-])CN=CCN=NNNON=NN=NC[N+](=O)[O-],1.743903847312421,0.0449930241008734,-0.2056804977527328,0.0780697500599614,-0.8162777975707984,,-0.0905717481460601,mols/page_0009.png,14,7.85126256942749,258.8544006347656,5789.80224609375,1.6656984090805054
175,[C][O][N][=C][Branch1][#C][C][=N][N][=N][NH1][Ring2][Ring1][Branch2],C1=NN=NNCON=C1,1.441790468830701,-1.301018466570354,-1.224198857370742,-1.3277075739054718,-1.24271813419043,,-1.286659173966506,mols/page_0009.png,15,7.034293174743652,210.19923400878906,4256.91162109375,1.6241834163665771
176,[O][=N+1][Branch1][C][O-1][C][N][N][Branch1][=Branch1][N+1][=Branch1][C][=O][O-1][=C][Branch1][Branch2][C][N][=N][N][=C][Branch1][=Branch1][N+1][Branch1][C][O-1][N][=C][Branch1][C],C=C(CN=NN=C[N+](N)[O-])N(NC[N+](=O)[O-])[N+](=O)[O-],1.721719749037849,-0.2416030795907812,-0.5296889678948519,-0.0609783280953779,-1.4643721360019462,,-0.3636515567097541,mols/page_0009.png,16,7.677311420440674,243.3763427734375,5638.18115234375,1.602604866027832
177,[O][=N+1][Branch1][C][O-1][=C][Branch1][=Branch1][N+1][=Branch1][C][=O][O-1][C][=N][O][N+1][Branch1][C][O-1][C][C][Branch1][=Branch1][N+1][=Branch2][C][=O][O-1][=N][NH1][C][Branch2][=Branch1],CNN=C(C[N+]([O-])ON=CC([N+](=O)[O-])[N+](=O)[O-])[N+][O-],1.721719749037849,0.7783521369505143,0.4436875824791585,0.7365052985084876,-0.6946897761477344,,0.5306430716460397,mols/page_0009.png,17,8.296379089355469,289.87506103515625,6507.77490234375,1.6775352954864502
178,[O][C][N][=N][Branch1][Ring1][N][=N][C][=N][Ring2][Branch1],C1N=NO1,1.422440063862291,0.4083545103288701,0.1899728868051683,0.3067633583141936,-0.3030464263328686,,0.2419825499759002,mols/page_0009.png,18,8.071806907653809,277.7549743652344,6039.1748046875,1.7156627178192139
179,[O][=C][Branch2][Ring1][Branch2][N][C][C][C][Branch1][=Branch1][N+1][=Branch1][C][=O][O-1][Branch1][=Branch1][N+1][=Branch1][C][=O][O-1][N+1][=Branch1][C][=O][O-1][C][=Branch1][C][=O][N][C][C][C][Branch1][=Branch1][N+1][=Branch1][C][=O][O-1][Branch1][=Branch1][N+1][=Branch1][C][=O][O-1][N+1][=Branch1][C][=O][O-1],O=C(NCCC([N+](=O)[O-])([N+](=O)[O-])[N+](=O)[O-])C(=O)NCCC([N+](=O)[O-])([N+](=O)[O-])[N+](=O)[O-],2.1825801340811584,0.1750423637887189,0.0839272466015908,0.0359236560370948,-0.3158131991951161,,0.0475305450929037,mols/page_0009.png,19,7.930196762084961,272.6891174316406,5743.84521484375,1.7144198417663574
180,[O][=N+1][Branch1][C][N][=C][Branch1][=Branch1][N+1][=Branch1][C][=O][O-1][C][=C][Branch1][Ring1][N],NC=CC([N+](N)=O)[N+](=O)[O-],1.9996683620478215,-1.0537049829761498,-1.18068288792191,-0.872512742398452,-1.6085769131094252,,-1.0684597559948383,mols/page_0010.png,0,7.184401512145996,212.27801513671875,4753.26611328125,1.5885661840438843
181,[O][=N+1][Branch1][C][O-1][C][C][N][N][=C][Branch1][=Branch1][N+1][=Branch1][C][=O][O-1],O=[N+]([O-])C=NNCC[N+](=O)[O-],1.518091503851731,0.130253326262705,-0.1895511448457103,0.1491641923647688,-1.289970867547544,,-0.0841558644545981,mols/page_0010.png,1,7.903011798858643,259.6249084472656,5867.3251953125,1.619583249092102
182,[O][/N+1][Branch2][#N][=Branch2][#C][O][C][N][=N][NH1][N][O-1][Branch1][C][=N][O],N[N+](O)(O)COCN=NNN[O-],1.5170246155449356,-0.8646586503912573,-1.0892493630954845,-0.8256093162155882,-1.949313582682375,,-1.013652088126158,mols/page_0010.png,2,7.299144268035889,216.64584350585938,4804.41064453125,1.5553946495056152
183,[O][=N+1][Branch1][C][O-1][O][C][C][N][C][=C][Branch1][=Branch1][N+1][=Branch1][C][=O][O-1][C][=C][Branch1][=Branch1][N+1][=Branch1][C][=O][O-1][C][Branch1][P][N][Branch1][=Branch2][C][C][O][N+1][=Branch1][C][=O][O-1][N+1][=Branch1][C][=O][O-1][=C][Ring2][Ring1][=Branch1][N+1][=Branch1][C][=O][O-1],O=[N+]([O-])OCCNc1c([N+](=O)[O-])cc([N+](=O)[O-])c(N(CCO[N+](=O)[O-])[N+](=O)[O-])c1[N+](=O)[O-],2.1135676759431465,0.0888471726641265,-0.0209256851942945,0.1684478663235525,-0.262513820490431,,0.0581081363478359,mols/page_0010.png,3,7.877880096435547,267.68023681640625,5888.3525390625,1.7196086645126343
184,[C][O][N][C][Branch1][=Branch1][N+1][=Branch1][C][=O][O-1],CONC[N+](=O)[O-],1.4878467081635287,-1.3412611155018328,-1.578561021826243,-1.099079343145155,-2.8059890218050167,,-1.4501861737705828,mols/page_0010.png,4,7.0098676681518555,193.2711639404297,4506.212890625,1.471995234489441
185,[O][=N+1][Branch1][C][O-1][C][=C][C][Branch1][=Branch1][N+1][=Branch1][C][=O][O-1][=C][Branch2][Ring2][=N][C][=N][C][=N][C][Branch2][Ring1][N][C][=C][Branch1][=Branch1][N+1][=Branch1][C][=O][O-1][C][=C][Branch1][=Branch1][N+1][=Branch1][C][=O][O-1][C][=C][Ring1][N][N+1][=Branch1][C][=O][O-1][=C][Ring2][Ring1][Branch1][N+1][=Branch1][C][=O][O-1][C][Branch1][=Branch1][N+1][=Branch1][C][=O][O-1][=C][Ring2][Ring2][Ring2],O=[N+]([O-])c1cc([N+](=O)[O-])c(-c2ncnc(-c3c([N+](=O)[O-])cc([N+](=O)[O-])cc3[N+](=O)[O-])c2[N+](=O)[O-])c([N+](=O)[O-])c1,2.1277737172742675,-0.8239462001154668,-0.6884434398861417,-0.8616009699893018,0.2667476508376274,,-0.69606303291236,mols/page_0010.png,5,7.323854923248291,235.7925567626953,4765.16455078125,1.771133542060852
186,[O][=N+1][Branch1][C][O-1][C][=N][N][Branch2][Ring1][P][C][=N][O][N][=C][Ring1][Branch1][N][C][=C][Branch1][=Branch1][N+1][=Branch1][C][=O][O-1][C][Branch2][Ring1][#Branch2][C][=N][C][Branch1][=Branch1][N+1][O-1][C][=C][Ring1][=Branch1][N+1][=Branch1][Ring1][=Branch1][O-1],O=[N+]([O-])C=NNc1nonc1NC=C(CC=NC[N+][O-])[N+](=O)[O-],1.7124242818454756,-0.6404015712332752,-0.7631237876169475,-0.5731550190425146,-0.9078713722970706,,-0.6709304845592687,mols/page_0010.png,6,7.435258388519287,232.22503662109375,5079.6923828125,1.656781554222107
187,[O][=N+1][Branch1][C][O-1][C][N][=C][Branch1][=Branch1][N+1][=Branch1][C][=O][O-1][N][=N][C][Branch1][=Branch1][N+1][C][N][=C][Ring1][=Branch1][N+1][=Branch1][N+1][=Branch1],C=NC[N+]C([N+])N=NC(=NC[N+](=O)[O-])[N+](=O)[O-],2.178407953408093,-0.0227023642547345,-0.2569254348879403,0.0724074321793925,-1.107916392648767,,-0.1517356161787884,mols/page_0010.png,7,7.810174465179443,256.4064025878906,5783.6279296875,1.6373066902160645
188,[O][=N+1][Branch1][C][O-1][C][=N][N][=N][NH1][N][Ring1][Branch1][C][=N][Ring1][O],N=CNNN=NN=C[N+](=O)[O-],1.498091503851731,-0.4168397666400353,-0.5146028355715258,-0.5729911275166714,-0.6767408641378722,,-0.5297311879733461,mols/page_0010.png,8,7.570950508117676,244.09701538085938,5079.87109375,1.6792826652526855
189,[O][=N+1][Branch1][C][O-1][N][C][=N][NH1][C][Branch1],CNN=CN[N+](=O)[O-],1.4844996950521223,-1.1831030428739713,-1.3230077536844769,-1.0167310160657763,-2.189400179151038,,-1.2521601234810265,mols/page_0010.png,9,7.105862617492676,205.4790802001953,4596.00732421875,1.5320216417312622
190,[O][=N+1][Branch1][C][O-1][C][=N][C][Branch1][=Branch1][N+1][=Branch1][C][=O][O-1],O=[N+]([O-])C=NC[N+](=O)[O-],1.481790468830701,1.2140575308556785,1.0176933566378703,1.0609124534373016,0.0708047491401156,,0.9893831781623194,mols/page_0010.png,10,8.560832977294922,317.2956237792969,6861.515625,1.7520580291748047
191,[N][C][=N][O][N][=C][Ring1][Branch1][N][C][=C][Branch1][=Branch1][N+1][=Branch1][C][=O][O-1][C][=C][Branch1][=Branch1][N+1][=Branch1][C][=O][O-1][C][=C][Ring1][N][N+1][=Branch1][C][=O][O-1],Nc1nonc1Nc1c([N+](=O)[O-])cc([N+](=O)[O-])cc1[N+](=O)[O-],1.5292669435287096,-0.5418430627919039,-0.4114639030567534,-0.4809575277256415,0.3609886227371375,,-0.3946108902787072,mols/page_0010.png,11,7.495079040527344,249.02401733398438,5180.2265625,1.7803081274032593
192,[O][=N+1][Branch1][C][O-1][C][=N][C][Branch1][=Branch1][N+1][=Branch1][C][=O][O-1][N][Branch1][=Branch1][N+1][C][O-1][C][=C][Branch1][=Branch1][N+1][=C][C][=N][N][Branch1][=Branch1][N],NNN=CC=[N+]N([N+]C[O-])C(N=C[N+](=O)[O-])[N+](=O)[O-],2.221719749037849,-0.0949669242132138,-0.2593645139991179,-0.1047593072571893,-0.8080000894805632,,-0.211286591404015,mols/page_0010.png,12,7.766313076019287,256.2898864746094,5590.44140625,1.6665042638778687
193,[#N+1][C][C][N][=N][N][=N][O][C][Branch1][=C][N][=C][C][=N][O][=N][Ring1][Branch2],[N+]CCN=NN=NOCN=CC=NON,1.636601054988479,-1.7526570395122845,-1.94233165605908,-1.4908902465099234,-2.54132767331521,,-1.7742360398283317,mols/page_0010.png,13,6.760168552398682,175.89364624023438,4078.9736328125,1.4977606534957886
194,[O][=N+1][Branch1][C][O-1][C][=C][C][Branch1][=Branch1][N+1][=Branch1][C][=O][O-1][=C][Branch1][=Branch2][N][C][=C][NH1][N][=N][Ring1][Branch1][C][Branch1][=Branch1][N+1][=Branch1][C][=O][O-1][=C][Ring2][Ring1][C],O=[N+]([O-])c1cc([N+](=O)[O-])c(Nc2c[nH]nn2)c([N+](=O)[O-])c1,1.506423335035418,-1.01662131599363,-0.8918660235936833,-0.8733411558487527,-0.1762738167361277,,-0.8440856789099422,mols/page_0010.png,14,7.206909656524658,226.074951171875,4752.36279296875,1.7280043363571167
195,[C][C][=C][Branch1][=Branch1][N+1][=Branch1][C][=O][O-1][C][Branch1][=Branch1][N+1][=Branch1][C][=O][O-1][=C][Branch1][C][N][C][Branch1][=Branch1][N+1][=Branch1][C][=O][O-1][=C][Ring1][S][N+1][=Branch1][C][=O][O-1],Cc1c([N+](=O)[O-])c([N+](=O)[O-])c(N)c([N+](=O)[O-])c1[N+](=O)[O-],1.6239038473124212,-0.2205555079930292,-0.1802151830513809,-0.162921096125167,0.2209116790574962,,-0.1432699433054197,mols/page_0010.png,15,7.690086364746094,260.0708923339844,5527.0205078125,1.7666712999343872
196,[N][C][=C][Branch1][=Branch1][N+1][=Branch1][C][=O][O-1][C][Branch1][=Branch1][N+1][=Branch1][C][=O][O-1][=C][Branch2][Ring2][=Branch1][C][=C][Branch1][=Branch1][N+1][=Branch1][C][=O][O-1][C][Branch1][=Branch1][N+1][=Branch1][C][=O][O-1][=C][Branch1][C][N][C][Branch1][=Branch1][N+1][=Branch1][C][=O][O-1][=C][Ring1][S][N+1][=Branch1][C][=O][O-1][C][Branch1][=Branch1][N+1][=Branch1][C][=O][O-1][=C][Ring2][Ring2][C][N+1][=Branch1][C][=O][O-1],Nc1c([N+](=O)[O-])c([N+](=O)[O-])c(-c2c([N+](=O)[O-])c([N+](=O)[O-])c(N)c([N+](=O)[O-])c2[N+](=O)[O-])c([N+](=O)[O-])c1[N+](=O)[O-],2.232166943381353,0.8675405439978956,1.0734976724049468,0.9042155864621232,1.5614056864110482,,1.0030863573266646,mols/page_0010.png,16,8.350512504577637,319.96142578125,6690.64990234375,1.8971716165542603
197,[O][=N+1][Branch1][C][O-1][C][=N][N][Branch2][Branch2][Branch1][N][C][=N][C][Branch1][Ring1][N][C][=N][O][N+1][Branch1][N][=N][Ring1][=Branch1],CN1N[N+]ON=C1N=CNNN=C[N+](=O)[O-],1.577308431519336,-0.3206239799524058,-0.5699439946189572,-0.2129514472396253,-1.1482028713719534,,-0.4226428596758863,mols/page_0010.png,17,7.629349231719971,241.45333862304688,5472.46630859375,1.6333847045898438
198,[C][Branch1][=Branch1][N+1][=Branch1][C][=O][O-1][=C][Branch1][=Branch1][N+1][O][C][=O][O-1][N],NC(=C[N+](=O)[O-])[N+]OC=O,1.4996683620478215,-0.5310863403733148,-0.6112007175312045,-0.8199841649925191,-0.6714007628092455,,-0.680705506754062,mols/page_0010.png,18,7.501607894897461,239.48248291015625,4810.54443359375,1.6798025369644165
199,[O][=N+1][Branch1][C][O-1][O][C][C][N][C][=C][Branch1][=Branch1][N+1][=Branch1][C][=O][O-1][C][Branch1][#Branch2][N][C][C][O][N+1][=Branch1][C][=O][O-1][=C][Branch1][=Branch1][N+1][=Branch1][C][=O][O-1][C][Branch1][#Branch2][N][C][C][O][N+1][=Branch1][C][=O][O-1][=C][Ring2][Ring1][#Branch2][N+1][=Branch1][C][=O][O-1],O=[N+]([O-])OCCNc1c([N+](=O)[O-])c(NCCO[N+](=O)[O-])c([N+](=O)[O-])c(NCCO[N+](=O)[O-])c1[N+](=O)[O-],2.2983993249990475,-0.473769790746306,-0.552049535482447,-0.3159402551720644,-0.7136036044261034,,-0.4541912940686243,mols/page_0010.png,19,7.536396503448486,242.30816650390625,5360.1650390625,1.6756939888000488
200,[O][=N+1][Branch1][C][O-1][C][=C][C][Branch1][=Branch1][N+1][=Branch1][C][=O][O-1][=C][Branch1][=Branch2][N][N][C][=N][N][=C][Ring1][Branch1][C][Branch1][=Branch1][N+1][=Branch1][C][=O][O-1][=C][Ring2][Ring1][C],O=[N+]([O-])c1cc([N+](=O)[O-])c(Nn2cnnc2)c([N+](=O)[O-])c1,1.506423335035418,-1.228097913095988,-1.0744826491994994,-1.023662373793995,-0.4067945174058383,,-1.0257895418320535,mols/page_0011.png,0,7.078552722930908,217.35125732421875,4588.44921875,1.7055625915527344
201,[O][=N+1][Branch1][C][O-1][C][=N][C][N][=N][C][=N][C][Branch1][=Branch1][N+1][=Branch1][C][=O][O-1],O=[N+]([O-])C=NCN=NC=NC[N+](=O)[O-],1.5963039679725397,-0.2740028743077716,-0.5489770496298517,-0.2666447291775755,-1.2595674334983644,,-0.4383596160052725,mols/page_0011.png,1,7.657646179199219,242.45494079589844,5413.91796875,1.6225430965423584
202,[O][=N+1][Branch1][C][O-1][C][Branch1][=Branch1][N+1][=Branch1][C][=O][O-1][=C][Branch1][=Branch1][N+1][=N+1][O-1][C][=N][O][N+1][Branch1][C][O-1][=C][Branch1][C][N][=N][NH1][Branch1][=Branch1][N+1][=Branch2][O-1][=C][Ring1][=Branch1],[N+]NNC(N)=[N+]([O-])OC([N+]=[N+][O-])=C([N+](=O)[O-])[N+](=O)[O-],1.701719749037849,1.7442369897422192,1.7764986619348486,1.7751902330929632,0.8397450540974809,,1.6742345115662003,mols/page_0011.png,2,8.882628440856934,353.5441589355469,7640.3798828125,1.826916217803955
203,[O][=N+1][Branch1][C][O-1][C][=C][C][Branch1][=Branch1][N+1][=Branch1][C][=O][O-1][=C][Branch1][Ring2][/C][=N][/O][C][Branch1][=Branch1][N+1][=Branch1][C][=O][O-1][=C][Ring1][#C],O=[N+]([O-])c1cc([N+](=O)[O-])c(/C=N/O)c([N+](=O)[O-])c1,1.5798833105991517,-0.6624861625208123,-0.6084332762767202,-0.5486138303161737,-0.1668573115269695,,-0.5538611229785496,mols/page_0011.png,3,7.421854019165039,239.61468505859375,5106.45263671875,1.7289210557937622
204,[O][=N+1][Branch1][C][O-1][C][=C][C][Branch1][=Branch1][N+1][=Branch1][C][=O][O-1][=C][Branch1][=Branch1][N+1][=Branch1][C][=O][O-1][C][=C][Ring1][N][N+1][=Branch1][C][=O][O-1],O=[N+]([O-])c1cc([N+](=O)[O-])c([N+](=O)[O-])cc1[N+](=O)[O-],1.5598833105991516,0.4107773654222771,0.4569913599779205,0.3943109873240815,0.7298046006262391,,0.4476470363423059,mols/page_0011.png,4,8.073277473449707,290.5105895996094,6134.638671875,1.8162132501602173
205,[=C][C][Branch2][Ring1][=Branch1][N+1][=Branch1][C][=O][O-1][N+1][=Branch1][=Branch1][S][=Branch1][O-1],CC[N+](=O)[O-],1.4967229808842466,-2.0769503801695817,-2.323441919620135,-1.6381964872871253,-3.917019083234697,,-2.147078578185749,mols/page_0011.png,5,6.5633368492126465,157.68780517578125,3918.34765625,1.3638337850570679
206,[C][C][N][N][=N][N][N][=C][Branch1][=Branch1][N+1][=Branch1][C][=O][O-1][C][Branch1][=Branch1][N+1][=O][C][=O][O-1],CCNN=NNN=C(C[N+]=O)[N+](=O)[O-],1.5963039679725397,-0.8150011196700933,-0.9888641368428206,-0.759456248194061,-1.6919442092927683,,-0.9239432343351296,mols/page_0011.png,6,7.329284191131592,221.44129943847656,4876.54541015625,1.580450177192688
207,[O][=N+1][Branch1][C][O-1][C][=C][C][Branch1][=Branch1][N+1][=Branch1][C][=O][O-1][=C][Branch1][=Branch1][N+1][=Branch2][C][=O][O-1][C][=N][C][Branch1][=Branch1][=Branch1][N+1][=Branch1][=N][O-1][=C][Branch1][N+1][=Branch1][C][O-1][=N][C][=C][Branch1][=Branch1],O=[N+]([O-])C=CC(=C(C=NC[N+][O-])[N+][O-])[N+](=O)[O-],1.698407953408093,0.1636956400163203,-0.1045967033994739,0.1537437514762419,-0.8762422007037602,,-0.0113519853256676,mols/page_0011.png,7,7.923309803009033,263.6832275390625,5872.31884765625,1.6598607301712036
208,[P][C][N+1][=Branch1][C][=O][O-1][C][N+1][=Branch1],O=[N+]([O-])CP,1.9767229808842468,-0.4046995656807557,-0.7230447604463073,-0.5386267464339809,-1.642075916101225,,-0.6615943717154806,mols/page_0011.png,8,7.578319072723389,234.13963317871094,5117.3427734375,1.5853049755096436
209,[O][=N+1][=N+1][Branch1][C][O-1][C][N][=N][C][Branch2][Ring1][=Branch1][C][=N][C][=C][N][=N][NH1][Branch1][Ring1][=Branch2][N+1][=Branch1][C][=O][O-1],[NH]N=NC=CN=CCN=NC[N+]([O-])=[N+]=O,1.636601054988479,-1.629184133023826,-1.8092942004898869,-1.4403865802511582,-2.287661227331649,,-1.6645403382120565,mols/page_0011.png,9,6.835111141204834,182.24891662597656,4134.0439453125,1.5224556922912598
210,[O][=N+1][Branch1][C][O-1][C][C][Branch1][=Branch1][N+1][=Branch1][C][=O][O-1][N][C][=N][N][Branch1][Branch2][O][=N][C][N][=N][N][Branch1][=Branch1][N+1][=O][C][N][=C][Branch1][=Branch1][N+1][Branch2][C][=C][C][Branch1][=Branch1],C[N+]N(N=CNC(C[N+](=O)[O-])[N+](=O)[O-])ONCN=NN[N+]=O,2.3292669435287103,-0.2753517855254693,-0.5790279352741142,-0.1548796643735452,-1.5483798525005543,,-0.4303847811993695,mols/page_0011.png,10,7.656827449798584,241.01939392089844,5535.7890625,1.5944265127182007
211,[=Branch1][C][O][N+1][Branch2][O-1][Ring1][N][=Branch2][O-1][C][=O][=Branch1][O-1][N],CO[N+](N)NO,1.4718943340952075,-2.3876414792291976,-2.5140408117252084,-1.8745148577170307,-3.547767178706524,,-2.3300032336960665,mols/page_0011.png,11,6.37476110458374,148.58279418945312,3660.660888671875,1.399781346321106
212,[N][C][=Branch1][C][=O][C][C][C][Branch1][=Branch1][N+1][=Branch1][C][=O][O-1][Branch1][=Branch1][N+1][=Branch1][C][=O][O-1][N+1][=Branch1][C][=O][O-1],NC(=O)CCC([N+](=O)[O-])([N+](=O)[O-])[N+](=O)[O-],1.616601054988479,0.0849206390205311,-0.062765666154867,-0.0646466324115203,-0.4605016589498796,,-0.06637007564318,mols/page_0011.png,12,7.875496864318848,265.6815185546875,5634.18115234375,1.700334072113037
213,[Cl][=N+1][=N+1][Branch1][C][O-1][C][=C][C][Branch1][=Branch1][N+1][=Branch1][C][=O][O-1][C][Branch1][=Branch1][O][N+1][=Branch1][C][O-1][O][=C][N+1][=Branch1][C][=N+1][=O][O-1][N+1][=Branch1][C],[N+]=[N+](COC(O[N+][O-])C(C=C[N+]([O-])=[N+]Cl)[N+](=O)[O-])O[O-],2.743903847312421,0.4206746184919079,0.2983400601386619,-0.0530618300478826,0.0263059455899455,,0.1611595321974839,mols/page_0011.png,13,8.07928466796875,282.9317321777344,5646.8134765625,1.7477259635925293
214,[O][=C][NH1][N][=C][Branch1][=Branch1][N+1][=Branch1][C][=O][O-1][NH1][Ring1][Branch2],O=c1[nH]nc([N+](=O)[O-])[nH]1,1.321790468830701,0.0939717782978145,0.3044090102581452,-0.512100947755352,1.416217625339596,,0.0363765805708087,mols/page_0011.png,14,7.880990505218506,283.2216491699219,5146.26708984375,1.8830372095108032
215,[O][=N+1][Branch1][C][O-1][C][Branch1][=Branch1][N+1][=Branch1][C][=O][O-1][=C],C=C([N+](=O)[O-])[N+](=O)[O-],1.4844996950521223,0.9678549153231076,0.7806842447138265,0.9711504976643124,-0.0335053934141288,,0.8222444497335457,mols/page_0011.png,15,8.411398887634277,305.97357177734375,6763.63720703125,1.7419031858444214
216,[C][Branch1][=Branch1][N+1][=Branch1][C][=O][O-1][C][Branch2][Ring1][P][C][=N][O][N+1][=Branch1][C][N+1][=Branch1][C][O-1],[N+][N+](C[O-])ON=CCC[N+](=O)[O-],1.5570246155449357,-0.309547509796133,-0.6621878839955476,-0.1574544629352907,-1.7775535888360552,,-0.4836709925056419,mols/page_0011.png,16,7.636072158813477,237.0467987060547,5532.9814453125,1.5721158981323242
217,[O][=N+1][Branch1][C][O-1][C][=C][N][=N][C][Branch1][=Branch1][N+1][=Branch1][C][=O][O-1][C][=N][O][N+1][=Branch1][C][O-1][O][C][C][=N][O][=N+1][Branch1][Branch2][C][=N][O][Branch1][=Branch1][N+1][#C][C][O-1][C][Branch2][Ring1][S][C][N][=C][Branch1][=Branch1][N+1][N][C][=O][=Branch1][N+1][=Branch1][O][=O][O-1],C#[N+]ON=C[N+](C[O-])ON=CCO[N+]([O-])ON=CC(N=NC=C[N+](=O)[O-])[N+](=O)[O-],2.637462216552583,-0.2290684969009923,-0.4464568306088393,-0.1953169877335213,-0.9156323358881816,,-0.3385713605596846,mols/page_0011.png,17,7.684919357299805,247.35238647460938,5491.6953125,1.656026005744934
218,[O][=N+1][Branch1][C][O-1][C][=C][N][Branch1][=Branch1][N+1][=Branch1][C][=O][O-1][N][=N][NH1][Ring1][Branch1],[NH]N=NN(C=C[N+](=O)[O-])[N+](=O)[O-],1.5170246155449356,1.1849895547026112,1.084326595928669,1.209455940897304,0.2203177902374127,,1.073143193040483,mols/page_0011.png,18,8.543190002441406,320.4787292480469,7023.49072265625,1.766613483428955
219,[O][=N+1][Branch1][C][O-1][C][=C][Branch1][C][O][C][Branch1][=Branch1][N+1][=Branch1][C][=O][O-1][=C][Branch1][C][O][C][Branch1][=Branch1][N+1][=Branch1][C][=O][O-1][=C][Ring1][=C][O],O=[N+]([O-])c1c(O)c([N+](=O)[O-])c(O)c([N+](=O)[O-])c1O,1.5598833105991516,0.3032902745760514,0.6814224130701219,-0.2851568591499441,2.356876290700224,,0.3678030573215881,mols/page_0011.png,19,8.008037567138672,301.2317810058594,5393.73193359375,1.9746125936508179
220,[N][C][=C][Branch1][=Branch1][N+1][=Branch1][C][=O][O-1][C][Branch1][=Branch1][N+1][=Branch1][C][=O][O-1][=C][Branch2][Ring2][=Branch1][C][=C][Branch1][=Branch1][N+1][=Branch1][C][=O][O-1][C][Branch1][=Branch1][N+1][=Branch1][C][=O][O-1][=C][Branch1][C][N][C][Branch1][=Branch1][N+1][=Branch1][C][=O][O-1][=C][Ring1][S][N+1][=Branch1][C][=O][O-1][C][Branch1][=Branch1][N+1][=Branch1][C][=O][O-1][=C][Ring2][Ring2][C][N+1][=Branch1][C][=O][O-1],Nc1c([N+](=O)[O-])c([N+](=O)[O-])c(-c2c([N+](=O)[O-])c([N+](=O)[O-])c(N)c([N+](=O)[O-])c2[N+](=O)[O-])c([N+](=O)[O-])c1[N+](=O)[O-],2.232166943381353,0.8675405439978956,1.0734976724049468,0.9042155864621232,1.5614056864110482,,1.0030863573266646,mols/page_0012.png,0,8.350512504577637,319.96142578125,6690.64990234375,1.8971716165542603
221,[O][=N+1][Branch1][C][O-1][C][=N][N][Branch1][=N][C][=N][O],O=[N+]([O-])C=NNC=NO,1.481790468830701,-0.0298365883478697,-0.1217392515580228,-0.2872180413725031,-0.2435877470817511,,-0.1771399512336494,mols/page_0012.png,1,7.805844306945801,262.86431884765625,5391.484375,1.7214511632919312
222,[C][=N+1][Branch1][C][O-1][C][N][=N][Ring1][=C][N][Branch1][=Branch1][N+1][=Branch1][C][=O][O-1],[O-][N+]1=CN=NC1,1.4318943340952075,0.6268859838056751,0.4449486464303017,0.4943488522092332,-0.3945408155036216,,0.4262441168923253,mols/page_0012.png,2,8.204445838928223,289.935302734375,6243.72216796875,1.706755518913269
223,[O][=C][Branch2][Ring1][#Branch1][O][C][C][Branch1][=Branch1][N+1][=Branch1][C][=O][O-1][Branch1][=Branch1][N+1][=Branch1][C][=O][O-1][N+1][=Branch1][C][=O][O-1][N][Branch2][Ring2][P][C][C][N][Branch2][Ring2][=Branch1][C][C][N][Branch2][Ring1][O][C][=Branch1][C][=O][O][C][C][Branch1][=Branch1][N+1][=Branch1][C][=O][O-1][Branch1][=Branch1][N+1][=Branch1][C][=O][O-1][N+1][=Branch1][C][=O][O-1][N+1][=Branch1][C][=O][O-1][N+1][=Branch1][C][=O][O-1][N+1][=Branch1][C][=O][O-1],O=C(OCC([N+](=O)[O-])([N+](=O)[O-])[N+](=O)[O-])N(CCN(CCN(C(=O)OCC([N+](=O)[O-])([N+](=O)[O-])[N+](=O)[O-])[N+](=O)[O-])[N+](=O)[O-])[N+](=O)[O-],2.838487645650445,0.8400815196059495,0.6969838400133317,0.6196009357752134,0.1047237601015827,,0.6425790902250639,mols/page_0012.png,3,8.333846092224121,301.97515869140625,6380.2998046875,1.7553601264953613
224,[#C][N][=C][#Branch1][Ring1][Branch1][=N][O][N+1][=Branch1][C][=O][O-1],CN=C(N)O[N+](=O)[O-],1.4844996950521223,-0.8356228846982516,-1.026198720885745,-0.8415345572677474,-1.6102814352487165,,-0.9630973678279696,mols/page_0012.png,4,7.316767692565918,219.65780639648438,4787.04541015625,1.5884002447128296
225,[O][=N+1][Branch1][C][O-1][O][C][C][N][C][=C][Branch1][=Branch1][N+1][=Branch1][C][=O][O-1][C][Branch1][#Branch2][N][C][C][O][N+1][=Branch1][C][=O][O-1][=C][Branch1][=Branch1][N+1][=Branch1][C][=O][O-1][C][Branch1][#Branch2][N][C][C][O][N+1][=Branch1][C][=O][O-1][=C][Ring2][Ring1][#Branch2][N+1][=Branch1][C][=O][O-1],O=[N+]([O-])OCCNc1c([N+](=O)[O-])c(NCCO[N+](=O)[O-])c([N+](=O)[O-])c(NCCO[N+](=O)[O-])c1[N+](=O)[O-],2.2983993249990475,-0.473769790746306,-0.552049535482447,-0.3159402551720644,-0.7136036044261034,,-0.4541912940686243,mols/page_0012.png,5,7.536396503448486,242.30816650390625,5360.1650390625,1.6756939888000488
226,[/N+1][/N][S][=Branch2][S][/N][/C][/N][#Branch1][#N+1][=Branch2][Ring1][C@@H1][S][#Branch1][=Branch2][Ring1][=N+1][C@@H1][Ring2][=Branch1][P][Ring2][#N][#Branch1][#N][#N+1],[N+]NSC=N,1.4767229808842466,-1.4996297345515597,-1.6188467127193729,-1.6227953856639266,-1.78733377441545,,-1.6074706435248487,mols/page_0012.png,6,6.913744926452637,191.34669494628906,3935.141357421875,1.5711637735366821
227,[O][=N+1][Branch1][C][O-1][C][N][C][=N][N][=N][C][Branch1][=Branch1][N+1][=Branch1][C][=O][O-1][N+1][=Branch1][C][=N],N=[N+]C(N=NN=CNC[N+](=O)[O-])[N+](=O)[O-],2.0966010549884797,0.6004954039425985,0.4079708527707174,0.4621956633522642,-0.4270577590444793,,0.3942890536147867,mols/page_0012.png,7,8.188427925109863,288.1688537597656,6208.66162109375,1.703589916229248
228,[O][=N+1][Branch1][C][O-1][N][=C][Branch1][=Branch1][N+1][=Branch1][C][=O][O-1][=C][Branch1][=Branch1][C][N+1][=Branch1][C][=N+1][O-1][C][=C][C][Branch1][=Branch1][N+1][=N+1][C][=O][O-1][N+1][=Branch1][C][O-1][=Branch1][C][=O][=Branch1][N+1][=Branch1][N+1][=Branch1][O-1][=O][O-1],[N+]=[N+]CC([O-])C(=N[N+](=O)[O-])[N+](=O)[O-],2.056437499842364,1.4317106800800743,1.3215363026250833,1.2678071453812152,0.3297990513219921,,1.2284145089609748,mols/page_0012.png,8,8.692938804626465,331.81036376953125,7087.1181640625,1.7772717475891113
229,[/N+1][O][=N+1][Branch1][C][O-1][C][=N][C][=C][Branch1][=Branch1][N+1][=Branch1][C][=O][O-1],[N+]O[N+]([O-])C=NC=C[N+](=O)[O-],1.518091503851731,0.400906823465868,0.1797610796830694,0.3628026175851845,-0.6361739719305638,,0.2266706256282518,mols/page_0012.png,9,8.067286491394043,277.26715087890625,6100.28125,1.6832319498062134
230,[O][=C][O][=N+1][Branch1][C][C][O][N+1][=Branch1][C][=O][O-1],C[N+](OC=O)O[N+](=O)[O-],1.481790468830701,-0.6835070230053426,-0.9362220635064226,-0.7934592618959987,-1.6745928596420827,,-0.889775262350549,mols/page_0012.png,10,7.409095287322998,223.95603942871094,4839.4677734375,1.5821393728256226
231,[=Ring2][Ring1][=Ring2][=N+1][S][C@@H1][#N+1][P][S][#Branch2][C@@H1],[N+]SC=[N+]PS,1.971894334095208,-1.166436093844584,-1.321173333656256,-1.318564128369423,-1.557787786118495,,-1.3051067868348287,mols/page_0012.png,11,7.115978717803955,205.56671142578125,4266.8818359375,1.593510627746582
232,[C][C][Branch2][Branch1][=Branch2][C][N][Branch2][Ring2][#C][C][C][C][Branch2][Ring1][=N][C][C][N][Branch2][Ring1][C][C][C][Branch1][C][C][Branch1][=Branch1][N+1][=Branch1][C][=O][O-1][N+1][=Branch1][C][=O][O-1][N+1][=Branch1][C][=O][O-1][Branch1][=Branch1][N+1][=Branch1][C][=O][O-1][N+1][=Branch1][C][=O][O-1][N+1][=Branch1][C][=O][O-1][Branch1][=Branch1][N+1][=Branch1][C][=O][O-1][N+1][=Branch1][C][=O][O-1],CC(CN(CCC(CCN(CC(C)([N+](=O)[O-])[N+](=O)[O-])[N+](=O)[O-])([N+](=O)[O-])[N+](=O)[O-])[N+](=O)[O-])([N+](=O)[O-])[N+](=O)[O-],2.505174135090663,-0.3388307460969283,-0.5538255019384642,-0.1164032180399837,-1.3676319330059612,,-0.4064885425254377,mols/page_0012.png,12,7.618298530578613,242.22332763671875,5577.74462890625,1.6120227575302124
233,[O][=N+1][Branch1][C][O-1][C][=C][C][Branch1][=Branch1][N+1][=Branch1][C][=O][O-1][=C][Branch2][Ring2][=Branch2][N][C][=N][O][C][Branch2][Ring1][=N][N][C][=C][Branch1][=Branch1][N+1][=Branch1][C][=O][O-1][C][=C][Branch1][=Branch1][N+1][=Branch1][C][=O][O-1][C][=C][Ring1][N][N+1][=Branch1][C][=O][O-1][=N][Ring2][Ring1][Branch1][C][Branch1][=Branch1][N+1][=Branch1][C][=O][O-1][=C][Ring2][Ring2][C],O=[N+]([O-])c1cc([N+](=O)[O-])c(Nc2noc(Nc3c([N+](=O)[O-])cc([N+](=O)[O-])cc3[N+](=O)[O-])n2)c([N+](=O)[O-])c1,2.025474135090663,-0.6279793323432131,-0.5055444483905559,-0.6624861998213474,0.3247295673732385,,-0.5159024683746574,mols/page_0012.png,13,7.442798137664795,244.5297393798828,4982.28369140625,1.776778221130371
234,[C][C][=C][Branch1][C][N][C][Branch1][=Branch1][N+1][=Branch1][C][=O][O-1][=C][Branch1][=Branch1][N+1][=Branch1][C][=O][O-1][C][Branch1][=Branch1][N+1][=Branch1][C][=O][O-1][=C][Ring1][S][N+1][=Branch1][C][=O][O-1],Cc1c(N)c([N+](=O)[O-])c([N+](=O)[O-])c([N+](=O)[O-])c1[N+](=O)[O-],1.6239038473124212,-0.172276742086693,-0.1756570820932216,-0.0907331480659627,0.1077678994968971,,-0.112499925321674,mols/page_0012.png,14,7.71938943862915,260.28863525390625,5605.73583984375,1.7556564807891846
235,[O][=N+1][Branch1][C][O-1][C][=C][C][Branch1][=Branch1][N+1][=Branch1][C][=O][O-1][=C][Branch2][Ring2][#Branch1][C][C][=N][N][Branch2][Ring1][N][C][=C][Branch1][=Branch1][N+1][=Branch1][C][=O][O-1][C][=C][Branch1][=Branch1][N+1][=Branch1][C][=O][O-1][C][=C][Ring1][N][N+1][=Branch1][C][=O][O-1][C][=Ring2][Ring1][Ring2][C][Branch1][=Branch1][N+1][=Branch1][C][=O][O-1][=C][Ring2][Ring1][S],O=[N+]([O-])c1cc([N+](=O)[O-])c(-c2cnn(-c3c([N+](=O)[O-])cc([N+](=O)[O-])cc3[N+](=O)[O-])c2)c([N+](=O)[O-])c1,1.9318467354148352,-1.0906676643281947,-0.9483257859736636,-1.0783193020806194,-0.0734098240716121,,-0.9484170658148736,mols/page_0012.png,15,7.161966800689697,223.37783813476562,4528.85009765625,1.7380183935165405
236,[O][=N+1][Branch1][C][C][=N][N][N][=N][Ring1][=Branch2][C][Branch1][=Branch1][N+1][=Branch1][C][=O][O-1],C[N+](=O)NNN=N,1.467846708163529,-1.4699992537788815,-1.6413075776931532,-1.3111603510790055,-2.505158007402581,,-1.552806649039869,mols/page_0012.png,16,6.931729316711426,190.2737274169922,4274.955078125,1.5012818574905396
237,[O][=N+1][Branch1][C][O-1][O][C][C][N][C][=C][Branch1][=Branch1][N+1][=Branch1][C][=O][O-1][C][Branch1][#Branch2][N][C][C][O][N+1][=Branch1][C][=O][O-1][=C][Branch1][=Branch1][N+1][=Branch1][C][=O][O-1][C][Branch1][#Branch2][N][C][C][O][N+1][=Branch1][C][=O][O-1][=C][Ring2][Ring1][#Branch2][N+1][=Branch1][C][=O][O-1],O=[N+]([O-])OCCNc1c([N+](=O)[O-])c(NCCO[N+](=O)[O-])c([N+](=O)[O-])c(NCCO[N+](=O)[O-])c1[N+](=O)[O-],2.2983993249990475,-0.473769790746306,-0.552049535482447,-0.3159402551720644,-0.7136036044261034,,-0.4541912940686243,mols/page_0012.png,17,7.536396503448486,242.30816650390625,5360.1650390625,1.6756939888000488
238,[O][=N+1][Branch1][C][O-1][C][Branch1][=Branch1][N+1][=Branch1][C][=O][O-1][C][=C][Ring1][Branch1],C=CC([N+](=O)[O-])[N+](=O)[O-],1.501790468830701,-0.5485404816217659,-0.7509370163585978,-0.4528326671924051,-1.3787688790238148,,-0.6438793292744345,mols/page_0012.png,18,7.491014003753662,232.8072052001953,5210.89453125,1.610938549041748
239,[C][C][N][Branch2][Ring1][N][C][C][=Branch1][C][=O][O][C][C][Branch1][=Branch1][N+1][=Branch1][C][=O][O-1][Branch1][=Branch1][N+1][=Branch1][C][=O][O-1][N+1][=Branch1][C][=O][O-1][N+1][=Branch1][C][=O][O-1],CCN(CC(=O)OCC([N+](=O)[O-])([N+](=O)[O-])[N+](=O)[O-])[N+](=O)[O-],1.786423335035418,-0.2770196588598737,-0.449549439822357,-0.296880476740389,-1.1054098144741056,,-0.4109354468141238,mols/page_0012.png,19,7.655815124511719,247.20465087890625,5380.9482421875,1.637550711631775
240,[O][=N+1][Branch1][C][O-1][C][Branch1][=Branch1][N+1][=Branch1][C][=O][O-1][=C][Branch2][Branch1][=Branch1][N+1][=N][C][=O][O-1][Branch1][=Branch1][N+1][Ring1][C][O-1],O=CN=[N+]C=C([N+](=O)[O-])[N+](=O)[O-],1.5370246155449356,0.6362458721269627,0.5305981423744326,0.4439217582207389,0.0284010873861574,,0.4721198156522601,mols/page_0013.png,0,8.210126876831055,294.0268249511719,6188.7353515625,1.7479299306869507
241,[O][=N+1][Branch1][C][O-1][C][=N][C][Branch1][=Branch1][N+1][=Branch1][C][=O][O-1][C][=N][O][N+1][Branch1][C][O-1],O=[N+]([O-])C=NC(C=NO[N+][O-])[N+](=O)[O-],2.07630396797254,1.0906034792706707,0.9072148274996514,0.8814660097437029,0.146576390991546,,0.8666986196892164,mols/page_0013.png,1,8.485901832580566,312.01800537109375,6665.84326171875,1.7594345808029175
242,[N][C][=C][Branch1][=Branch1][N+1][=Branch1][C][=O][O-1][C][Branch1][=Branch1][N+1][=Branch1][C][=O][O-1][=C][Branch1][=Branch1][N+1][=Branch1][C][=O][O-1][C][Branch1][=Branch1][N+1][=Branch1][C][=O][O-1][=C][Ring2][Ring1][C][N+1][=Branch1][C][=O][O-1],Nc1c([N+](=O)[O-])c([N+](=O)[O-])c([N+](=O)[O-])c([N+](=O)[O-])c1[N+](=O)[O-],1.6692669435287095,1.5663158358141804,1.841936637470536,1.6686791007280564,1.8548210498971427,,1.705016863602116,mols/page_0013.png,2,8.774638175964355,356.670166015625,7524.23779296875,1.9257363080978394
243,[C][N][=N][N][Branch2][Ring1][#Branch1][C][=N][C][=N][C][Branch1][=Branch1][N+1][=Branch1][C][=O][O-1],CN=NNC=NC=NC[N+](=O)[O-],1.5570246155449357,-1.9129410025042053,-1.9902182278492213,-1.6642382238361462,-2.7449531697698424,,-1.9159804140998,mols/page_0013.png,3,6.662883281707764,173.6060791015625,3889.951171875,1.4779372215270996
244,[O][=N+1][Branch1][C][O-1][C][=C][N][=N][C][=N][N][=N][Ring1][Branch1],N=NN=CN=NC=C[N+](=O)[O-],1.518091503851731,-1.035828963262991,-1.092153515436871,-1.037073268076728,-1.3571243866860931,,-1.0825373655742658,mols/page_0013.png,4,7.19525146484375,216.50711059570312,4573.82568359375,1.6130456924438477
245,[O][=C][Branch2][Ring1][#Branch1][C][C][C][Branch1][=Branch1][N+1][=Branch1][C][=O][O-1][Branch1][=Branch1][N+1][=Branch1][C][=O][O-1][N+1][=Branch1][C][=O][O-1][N][C][N][C][=Branch1][C][=O][C][C][C][Branch1][=Branch1][N+1][=Branch1][C][=O][O-1][Branch1][=Branch1][N+1][=Branch1][C][=O][O-1][N+1][=Branch1][C][=O][O-1],O=C(CCC([N+](=O)[O-])([N+](=O)[O-])[N+](=O)[O-])NCNC(=O)CCC([N+](=O)[O-])([N+](=O)[O-])[N+](=O)[O-],2.227950530827869,-0.3235826285522018,-0.4022493202648137,-0.3705936011302549,-0.6461611002122145,,-0.3943115376775773,mols/page_0013.png,5,7.627553462982178,249.46420288085938,5300.56982421875,1.6822596788406372
246,[O][=N+1][Branch1][C][O-1][C][C][N][=N][C][Branch1][=Branch1][N+1][=Branch1][C][=O][O-1],O=[N+]([O-])CCN=NC[N+](=O)[O-],1.518091503851731,0.2411963637872372,-0.1066773950351746,0.3515451504821791,-1.189592636336161,,0.0552885387472712,mols/page_0013.png,6,7.970349311828613,263.5838317871094,6088.005859375,1.6293553113937378
247,[O][=N+1][Branch1][C][O-1][C][=C][C][Branch1][=Branch1][N+1][=Branch1][C][=O][O-1][=C][Branch2][Ring1][=C][C][C][C][=C][Branch1][=Branch1][N+1][=Branch1][C][=O][O-1][C][=C][Branch1][=Branch1][N+1][=Branch1][C][=O][O-1][C][=C][Ring1][N][N+1][=Branch1][C][=O][O-1][C][Branch1][=Branch1][N+1][=Branch1][C][=O][O-1][=C][Ring2][Ring1][=N],O=[N+]([O-])c1cc([N+](=O)[O-])c(CCc2c([N+](=O)[O-])cc([N+](=O)[O-])cc2[N+](=O)[O-])c([N+](=O)[O-])c1,1.9535676759431464,-1.0781330816384058,-0.9813488600843362,-0.9848424717218494,-0.5042412644207679,,-0.959231600561502,mols/page_0013.png,7,7.169574737548828,221.80030822753906,4630.779296875,1.6960759162902832
248,[O][=N+1][Branch1][C][C][O-1][C][Branch1][=Branch1][N+1][=Branch1][C][=O][O-1],C[N+](=O)[O-],1.482440063862291,-0.8154701353934278,-1.333418239068382,-0.6663345161412848,-3.177718116195105,,-1.1215277116914768,mols/page_0013.png,8,7.3289995193481445,204.9817657470703,4978.08740234375,1.4358065128326416
249,[N][Branch2][N][N][=N][N][Ring1][Branch1][C][N][Branch1][N][C][=N][O][N+1][=Branch1][Ring1][O-1][=N][N+1][Ring2],[N+][N+]([O-])ON=CNCn1[nH][nH]1,1.3380915038517311,-1.1505500520664445,-1.2365137154184556,-1.0346408670702234,-1.4133111671181118,,-1.1519534054111256,mols/page_0013.png,9,7.1256208419799805,209.61094665527344,4576.47802734375,1.60757577419281
250,[O][=N+1][Branch1][C][O-1][C][=N][C][Branch1][=Branch1][N+1][=Branch1][C][=O][O-1][C][=N][O][N+1][=Branch1][C][=Ring1][O-1],[N+]ON=CC(N=C[N+](=O)[O-])[N+](=O)[O-],2.056437499842364,1.023538158938705,0.8254341275474775,0.9142899895998884,0.1099769210050013,,0.8389567595620011,mols/page_0013.png,10,8.445196151733398,308.1112976074219,6701.63525390625,1.7558715343475342
251,[C][C][Branch2][Ring2][#C][C][N][Branch2][Ring2][Branch1][C][N][Branch2][Ring1][O][C][=Branch1][C][=O][O][C][C][Branch1][=Branch1][N+1][=Branch1][C][=O][O-1][Branch1][=Branch1][N+1][=Branch1][C][=O][O-1][N+1][=Branch1][C][=O][O-1][N+1][=Branch1][C][=O][O-1][N+1][=Branch1][C][=O][O-1][Branch1][=Branch1][N+1][=Branch1][C][=O][O-1][N+1][=Branch1][C][=O][O-1],CC(CN(CN(C(=O)OCC([N+](=O)[O-])([N+](=O)[O-])[N+](=O)[O-])[N+](=O)[O-])[N+](=O)[O-])([N+](=O)[O-])[N+](=O)[O-],2.2735676759431467,0.921660401869044,0.7709464545379019,0.7059713221035658,0.1604942061030274,,0.7215896635534655,mols/page_0013.png,11,8.383360862731934,305.5083923339844,6474.47998046875,1.7607895135879517
252,[C][C][Branch2][Ring2][#C][C][C][N][Branch2][Ring2][Ring2][C][=Branch1][C][=O][C][=Branch1][C][=O][N][Branch2][Ring1][Ring1][C][C][C][Branch1][C][C][Branch1][=Branch1][N+1][=Branch1][C][=O][O-1][N+1][=Branch1][C][=O][O-1][N+1][=Branch1][C][=O][O-1][N+1][=Branch1][C][=O][O-1][Branch1][=Branch1][N+1][=Branch1][C][=O][O-1][N+1][=Branch1][C][=O][O-1],CC(CCN(C(=O)C(=O)N(CCC(C)([N+](=O)[O-])[N+](=O)[O-])[N+](=O)[O-])[N+](=O)[O-])([N+](=O)[O-])[N+](=O)[O-],2.2735676759431467,-0.605079266481436,-0.7342694434015054,-0.5527464939555388,-1.2424879257405832,,-0.6801845676270091,mols/page_0013.png,12,7.456697463989258,233.60342407226562,5101.9462890625,1.6242058277130127
253,[O][=N+1][Branch1][C][O-1][C][=N][C][Branch1][=Branch1][N+1][=Branch1][C][=O][O-1][N+1][=Branch1][C][C][O-1][=C][Ring1][N][C][=N][N][Branch1][=Branch1][N+1][O][N][=C][Branch1][=Branch1][N+1][S][N][=N][N][O-1],C[N+]([O-])C(N=C[N+](=O)[O-])[N+](=O)[O-],2.037024615544936,0.745103085957268,0.4041755230170489,0.8185876377016619,-0.8213497305456142,,0.5326197342696827,mols/page_0013.png,13,8.276198387145996,287.987548828125,6597.279296875,1.665204644203186
254,[N][S][Branch1][=Branch1][P][N+1][=Branch1][=N+1][=Branch1][O-1],[N+]PSN,1.962440063862291,-0.9597117180327642,-1.1731867762690662,-0.9700129753793582,-1.6246976271638554,,-1.0836995764435864,mols/page_0013.png,14,7.241451263427734,212.6361083984375,4646.94970703125,1.5869967937469482
255,[O][=N+1][Branch1][C][O-1][C][=C][N][=N][N][=N][NH1][Ring1][O],[NH]N=NN=NC=C[N+](=O)[O-],1.4796683620478217,0.5225146657546674,0.3531810099288769,0.4465005869019723,-0.3070897683615605,,0.366815176845519,mols/page_0013.png,15,8.141097068786621,285.551513671875,6191.54736328125,1.7152690887451172
256,[C][C][=N][O][N+1][Branch1][C][O-1][N][=C][Branch1][=Branch1][N+1][=Branch1][C][=O][O-1],CC=NO[N+]([O-])N=C[N+](=O)[O-],1.518091503851731,-0.2556217003063307,-0.5357751666094115,-0.1205452852914872,-1.3356329584772588,,-0.3796306266932563,mols/page_0013.png,16,7.668802738189697,243.08560180664062,5573.22802734375,1.6151379346847534
257,[O][=N+1][Branch1][C][O-1][N][Branch2][Ring1][P][C][C][N][Branch2][Ring1][=Branch1][C][C][Branch1][=Branch1][N+1][=Branch1][C][=O][O-1][Branch1][=Branch1][N+1][=Branch1][C][=O][O-1][N+1][=Branch1][C][=O][O-1][N+1][=Branch1][C][=O][O-1][C][C][N][Branch2][Ring1][=Branch1][C][C][Branch1][=Branch1][N+1][=Branch1][C][=O][O-1][Branch1][=Branch1][N+1][=Branch1][C][=O][O-1][N+1][=Branch1][C][=O][O-1][N+1][=Branch1][C][=O][O-1],O=[N+]([O-])N(CCN(CC([N+](=O)[O-])([N+](=O)[O-])[N+](=O)[O-])[N+](=O)[O-])CCN(CC([N+](=O)[O-])([N+](=O)[O-])[N+](=O)[O-])[N+](=O)[O-],2.552166943381353,1.2902281983123485,1.1067567967334244,1.3645474769431158,0.0295141697314272,,1.1480166565118324,mols/page_0013.png,17,8.607065200805664,321.55023193359375,7192.60595703125,1.7480382919311523
258,[N][C][=N][O][N+1][Branch1][C][O-1][=C][Branch1][=Branch1][N+1][=Branch1][C][=O][O-1][N+1][=Branch1][C],[N+]C([N+](=O)[O-])=[N+]([O-])ON=CN,1.498091503851731,1.2546191419038637,1.1496476643199496,1.1646047411159148,0.2895517570158008,,1.0958637737038994,mols/page_0013.png,18,8.58545207977295,323.5991516113281,6974.583984375,1.7733535766601562
259,[N][=N][O][=N+1][Branch1][C][O-1][C][Branch1][=Branch1][N+1][=Branch1][C][=O][O-1][N+1][=Branch1][C][C][O-1][C][=Branch1][C][=N][N+1][=Branch1][C][O-1][C][=C][Branch1][=Branch1][N+1][=O][O-1][C][=N][C],C[N+]([O-])C([N+]([O-])ON=N)[N+](=O)[O-],2.017024615544936,1.0834480434111535,0.7734743319718803,1.016290074884617,-0.4728055658863714,,0.8234660672109682,mols/page_0013.png,19,8.481558799743652,305.629150390625,6812.8583984375,1.6991362571716309
260,[=N+1][Branch1][C][O-1][C][N][=N][N][N][=N][O][C][N][Branch1][=Branch1][N+1][=Branch1][C][=O][O-1],O=[N+]([O-])NCON=NNN=NC[N+][O-],1.5563039679725397,1.2993005493560137,1.0526754239634268,1.0610418650519702,-0.1460209977897737,,0.9978086395716708,mols/page_0014.png,0,8.612571716308594,318.96673583984375,6861.65673828125,1.7309495210647583
261,[O][=N+1][Branch1][C][O-1][C][=N][C][Branch1][=Branch1][N+1][=Branch1][C][=O][O-1][C][Branch1][C][N][=N][C][Branch2][Branch1][P][N][=N][N][C][Branch1][=Branch1],CNN=NCN=C(N)C(N=C[N+](=O)[O-])[N+](=O)[O-],2.178407953408093,-0.7526778075559629,-0.913973611786824,-0.7971262228389785,-1.4931163548939852,,-0.8848249794606867,mols/page_0014.png,1,7.367111682891846,225.01885986328125,4835.46923828125,1.599806547164917
262,[O][=C][N][Branch1][=Branch1][N+1][=Branch1][C][=O][O-1][C][C][Branch2][Ring1][=Branch2][C][C][Ring1][Ring2][N][Branch1][=Branch1][N+1][=Branch1][C][=O][O-1][C][=Branch1][C][=O][N][Ring1][=Branch2][N+1][=Branch1][C][=O][O-1][N][Ring2][Ring1][Ring2][N+1][=Branch1][C][=O][O-1],O=C1N([N+](=O)[O-])C2C(C3C2N([N+](=O)[O-])C(=O)N3[N+](=O)[O-])N1[N+](=O)[O-],1.735885732905358,1.3783104510239588,1.6476650722878934,1.2836070049381938,1.7216381145825936,,1.4421004942615,mols/page_0014.png,2,8.660527229309082,347.38970947265625,7104.3466796875,1.9127706289291382
263,[O][=N+1][Branch1][C][O-1][N][C][C][N][Branch1][=Branch1][N+1][=Branch1][C][=O][O-1][C][C][Ring1][=Branch2][N][Branch1][=Branch1][N+1][=Branch1][C][=O][O-1][C][C][N][Ring1][=Branch2][N+1][=Branch1][C][=O][O-1],O=[N+]([O-])N1CCN([N+](=O)[O-])C2C1N([N+](=O)[O-])CCN2[N+](=O)[O-],1.7092669435287096,1.1279833253615608,1.0113222366861223,1.3557851015942053,0.3190380308046862,,1.1090442342300717,mols/page_0014.png,3,8.508589744567871,316.99127197265625,7183.05126953125,1.776224136352539
264,[O][=N+1][Branch1][C][O-1][C][=C][N][=N][C][=N][N][=N][Ring1][Branch1],N=NN=CN=NC=C[N+](=O)[O-],1.518091503851731,-1.035828963262991,-1.092153515436871,-1.037073268076728,-1.3571243866860931,,-1.0825373655742658,mols/page_0014.png,4,7.19525146484375,216.50711059570312,4573.82568359375,1.6130456924438477
265,[O][=N+1][Branch1][C][O-1][C][C][N][Branch1][=Branch1][N+1][=Branch1][C][=O][O-1][Branch1][=Branch1][N+1][Branch1][C][O-1][=C][Branch1][=Branch1][N+1][=Branch2][C][=O][O-1][N][Ring1][N],O=[N+]([O-])C1CN([N+](=O)[O-])[N+]([O-])=C([N+][O-])N1,2.0366010549884788,2.048423147111365,2.0132311575008157,1.9279913178964567,0.8675782352943815,,1.873367926841066,mols/page_0014.png,5,9.067255973815918,364.8529968261719,7806.99755859375,1.8296258449554443
266,[O][=C][Branch2][Ring1][#Branch1][C][C][C][Branch1][=Branch1][N+1][=Branch1][C][=O][O-1][Branch1][=Branch1][N+1][=Branch1][C][=O][O-1][N+1][=Branch1][C][=O][O-1][O][C][=Branch1][C][=O][C][C][C][Branch1][=Branch1][N+1][=Branch1][C][=O][O-1][Branch1][=Branch1][N+1][=Branch1][C][=O][O-1][N+1][=Branch1][C][=O][O-1],O=C(CCC([N+](=O)[O-])([N+](=O)[O-])[N+](=O)[O-])OC(=O)CCC([N+](=O)[O-])([N+](=O)[O-])[N+](=O)[O-],2.137462216552583,0.2680418181960605,0.1657539428073019,0.0552803199377159,-0.1147383633842647,,0.1190872318875005,mols/page_0014.png,6,7.986643314361572,276.5980224609375,5764.9521484375,1.733994960784912
267,[N][C][=N][N][=N][NH1][N][Branch2][Ring1][#C][C][=N][C][Branch1][=Branch1][N+1][=Branch1][C][=O][O-1][N],NC=NN=NNNC=NC(N)[N+](=O)[O-],2.07630396797254,-1.0847228703944038,-1.2088009726623308,-1.041199662641334,-1.5232663147457268,,-1.14218745729529,mols/page_0014.png,7,7.16557502746582,210.93479919433594,4569.326171875,1.5968713760375977
268,[O][=N+1][Branch1][C][O-1][C][C][N][Branch1][=Branch1][N+1][=Branch1][C][=O][O-1],O=[N+]([O-])CCN[N+](=O)[O-],1.481790468830701,1.0010866826548577,0.6086537846269532,1.023831324028679,-1.009227989420302,,0.711044847489894,mols/page_0014.png,8,8.43156909942627,297.7555847167969,6821.08154296875,1.6469142436981201
269,[O][=C][Branch2][Ring1][=C][N][C][N][C][=Branch1][C][=O][O][C][C][Branch1][=Branch1][N+1][=Branch1][C][=O][O-1][Branch1][=Branch1][N+1][=Branch1][C][=O][O-1][N+1][=Branch1][C][=O][O-1][O][C][C][Branch1][=Branch1][N+1][=Branch1][C][=O][O-1][Branch1][=Branch1][N+1][=Branch1][C][=O][O-1][N+1][=Branch1][C][=O][O-1],O=C(NCNC(=O)OCC([N+](=O)[O-])([N+](=O)[O-])[N+](=O)[O-])OCC([N+](=O)[O-])([N+](=O)[O-])[N+](=O)[O-],2.227950530827869,0.6054542435501163,0.580827328910695,0.1911163928611596,0.4159361959816831,,0.414610569857835,mols/page_0014.png,9,8.191437721252441,296.4263000488281,5913.07080078125,1.7856574058532715
270,[C][C][=C][Branch1][=Branch1][N+1][=Branch1][C][=O][O-1][C][Branch1][=Branch1][N+1][=Branch1][C][=O][O-1][=C][Branch1][C][N][C][Branch1][=Branch1][N+1][=Branch1][C][=O][O-1][=C][Ring1][S][N+1][=Branch1][C][=O][O-1],Cc1c([N+](=O)[O-])c([N+](=O)[O-])c(N)c([N+](=O)[O-])c1[N+](=O)[O-],1.6239038473124212,-0.2205555079930292,-0.1802151830513809,-0.162921096125167,0.2209116790574962,,-0.1432699433054197,mols/page_0014.png,10,7.690086364746094,260.0708923339844,5527.0205078125,1.7666712999343872
271,[O][=N+1][Branch1][C][O-1][C][=C][C][Branch1][=Branch1][N+1][=Branch1][C][=O][O-1][=C][Branch1][=Branch2][N][N][C][=N][N][=C][Ring1][Branch1][C][Branch1][=Branch1][N+1][=Branch1][C][=O][O-1][=C][Ring2][Ring1][C],O=[N+]([O-])c1cc([N+](=O)[O-])c(Nn2cnnc2)c([N+](=O)[O-])c1,1.506423335035418,-1.228097913095988,-1.0744826491994994,-1.023662373793995,-0.4067945174058383,,-1.0257895418320535,mols/page_0014.png,11,7.078552722930908,217.35125732421875,4588.44921875,1.7055625915527344
272,[O][=N+1][Branch1][C][O-1][C][C][Branch1][=Branch1][N+1][=Branch1][C][=O][O-1][C][=C][N][Branch2][Branch1][=C],NC=CC(C[N+](=O)[O-])[N+](=O)[O-],2.038091503851731,-1.1981767525617792,-1.3516605448722665,-1.021020406574117,-2.0151666689818963,,-1.2473841538863475,mols/page_0014.png,12,7.096713542938232,204.11032104492188,4591.330078125,1.5489836931228638
273,[O][=N+1][Branch1][C][O-1][C][=C][Branch1][=Branch1][N+1][=Branch1][C][=O][O-1][C][Branch1][=Branch1][N+1][O-1][C][=N][N][=C][Branch1][=Branch1],C=C([N+][O-])C(=C[N+](=O)[O-])[N+](=O)[O-],1.5570246155449357,0.6185678289000353,0.3114457982124724,0.5615291529091332,-0.5209558672952814,,0.405019481212252,mols/page_0014.png,13,8.199397087097168,283.55780029296875,6316.97705078125,1.694448709487915
274,[O][=N+1][Branch1][C][O-1][C][N][=N][N][C][Branch1][C][=N][C][Branch1][=Branch1][N+1][=Branch1][C][=O][O-1],NC(C[N+](=O)[O-])NN=NC[N+](=O)[O-],2.056437499842364,0.0666360963992747,-0.2033455490488684,0.0382629165043223,-1.0487650661684556,,-0.123748703177515,mols/page_0014.png,14,7.864398956298828,258.9659423828125,5746.39599609375,1.6430652141571045
275,[/N+1][N][Branch2][Ring1][=Branch1][N][C][C][=N][O][N+1][=Branch1][=O][N][=Ring1],[N+]NNCC=NO[N+]N,1.481790468830701,-1.235324840464422,-1.4657037836596138,-0.9224933887058924,-2.292190701033688,,-1.2734735816167346,mols/page_0014.png,15,7.074166297912598,198.66241455078125,4698.76611328125,1.5220147371292114
276,[C][C][=C][C][Branch1][=Branch1][N+1][=Branch1][C][=O][O-1][=C][Branch1][=Branch1][N+1][=Branch1][C][=O][O-1][C][Branch1][=Branch1][N+1][=Branch1][C][=O][O-1][=C][Ring1][#C],Cc1cc([N+](=O)[O-])c([N+](=O)[O-])c([N+](=O)[O-])c1,1.537308431519336,-1.4164073332043512,-1.3245007154138695,-1.1327800978854967,-1.1197109021643212,,-1.250310141525186,mols/page_0014.png,16,6.96425724029541,205.4077606201172,4469.46484375,1.6361584663391113
277,[O][=N+1][Branch1][C][O-1][C][=N][C][=N][C][Branch1][=Branch1][N+1][=Branch1][C][=O][O-1],O=[N+]([O-])C=NC=NC[N+](=O)[O-],1.518091503851731,0.3151845761694957,0.0308315990983682,0.1666777482862343,-0.6577205032257976,,0.0874030928088799,mols/page_0014.png,17,8.015256881713867,270.1527099609375,5886.42236328125,1.6811343431472778
278,[O][=N+1][Branch1][C][O-1][C][N][=N][N][C][Branch1][C][=N][C][Branch1][=Branch1][N+1][=Branch1][C][=O][O-1],NC(C[N+](=O)[O-])NN=NC[N+](=O)[O-],2.056437499842364,0.0666360963992747,-0.2033455490488684,0.0382629165043223,-1.0487650661684556,,-0.123748703177515,mols/page_0014.png,18,7.864398956298828,258.9659423828125,5746.39599609375,1.6430652141571045
279,[C][C][Branch2][Ring2][#Branch1][C][N][Branch2][Ring1][=N][C][C][N][Branch2][Ring1][C][C][C][Branch1][C][C][Branch1][=Branch1][N+1][=Branch1][C][=O][O-1][N+1][=Branch1][C][=O][O-1][N+1][=Branch1][C][=O][O-1][N+1][=Branch1][C][=O][O-1][Branch1][=Branch1][N+1][=Branch1][C][=O][O-1][N+1][=Branch1][C][=O][O-1],CC(CN(CCN(CC(C)([N+](=O)[O-])[N+](=O)[O-])[N+](=O)[O-])[N+](=O)[O-])([N+](=O)[O-])[N+](=O)[O-],2.09260284350746,-0.2847124594677341,-0.5418581711396978,-0.0885528534229821,-1.4152703879678716,,-0.383590837817838,mols/page_0014.png,19,7.651145935058594,242.79501342773438,5608.11328125,1.6073850393295288
280,[O][=N+1][Branch1][C][O-1][C][N][=N][N][Branch2][Branch1][C][N][=C][C][Branch1][=Branch1][N+1][=Branch1][C][=O][O-1],O=[N+]([O-])CC=NNN=NC[N+](=O)[O-],1.556437499842364,0.3419758227308984,0.130004632419272,0.2068437102673551,-0.5506454102473295,,0.1456680568697517,mols/page_0015.png,0,8.03151798248291,274.8902587890625,5930.22021484375,1.6915583610534668
281,[O][=N+1][Branch1][C][O-1][C][O][C][C][Branch1][=Branch1][N+1][=Branch1][C][=O][O-1][C][Branch1][=Branch1][O][C][=N][O][N+1][Branch1][C][O-1][=Branch1][C][Branch1][C][N+1][=Branch1][C][N+1][=Branch1][N][=O][O-1][=C][Branch2][Ring1][Ring2][C][N][=C][Ring1][=Branch1][N+1][=Branch1][O][=O][O-1][C][Branch2][Branch1][O][N][N][Branch1][=Branch1][N+1][#Branch1][C][=O][O-1][N][=C][Ring1][=N][N][C][=N][O][N],[N+]ON=COC([O-])(C(COC[N+](=O)[O-])[N+](=O)[O-])C([N+])([N+])N=O,2.82926694352871,0.7990312523100017,0.6000633454420383,0.6092130788994966,-0.1096652058964178,,0.582492360408167,mols/page_0015.png,1,8.308930397033691,297.34521484375,6368.97265625,1.734488844871521
282,[O][=N+1][Branch1][C][O-1][C][=C][C][=N][C][Branch1][=Branch1][N+1][=Branch1][C][=O][O-1][C][=N][C][=N][N][Branch1][=Branch1][N+1][Branch1][C][O-1][N][C][=N][NH1][Ring1][=Branch1][N+1][=Branch1][N+1][=Branch1][O-1][=O][O-1],N[N+]1([O-])NN=CN1N=CN=CC(N=CC=C[N+](=O)[O-])[N+](=O)[O-],2.76926694352871,-1.0775800044705204,-1.1287598254654572,-1.021230868369599,-1.288123077383614,,-1.0888896125701957,mols/page_0015.png,2,7.169910430908203,214.75840759277344,4591.1005859375,1.6197631359100342
283,[O][=N+1][Branch1][C][O-1][N][C][C][N][N+1][=Branch1][C][=O][O-1],O=[N+]([O-])NCCN[N+](=O)[O-],1.4796683620478217,0.2429208018319935,-0.1226623708130389,0.3607584514226857,-1.366931511552172,,0.0376748371685957,mols/page_0015.png,3,7.971395969390869,262.8202209472656,6098.05224609375,1.6120909452438354
284,[O][=N+1][Branch1][C][O-1][C][C][N][Branch1][=Branch1][N+1][=Branch1][C][=O][O-1],O=[N+]([O-])CCN[N+](=O)[O-],1.481790468830701,1.0010866826548577,0.6086537846269532,1.023831324028679,-1.009227989420302,,0.711044847489894,mols/page_0015.png,4,8.43156909942627,297.7555847167969,6821.08154296875,1.6469142436981201
285,[O][=N+1][Branch1][C][O-1][C][=N][N][Branch1][Branch2][C][=N][C][Branch1][=Branch1][N+1][=Branch1][C][=O][O-1],O=[N+]([O-])C=NNC=NC[N+](=O)[O-],1.5370246155449356,0.164579463615569,-0.0501103080636076,-0.0181086037288972,-0.6272987014811517,,-0.0413560227516837,mols/page_0015.png,5,7.923846244812012,266.28607177734375,5684.92724609375,1.6840959787368774
286,[C][C][Branch2][Ring2][P][C][N][Branch2][Ring1][C][C][C][Branch1][C][C][Branch1][=Branch1][N+1][=Branch1][C][=O][O-1][N+1][=Branch1][C][=O][O-1][C][=Branch1][C][=O][C][C][C][Branch1][=Branch1][N+1][=Branch1][C][=O][O-1][Branch1][=Branch1][N+1][=Branch1][C][=O][O-1][N+1][=Branch1][C][=O][O-1][Branch1][=Branch1][N+1][=Branch1][C][=O][O-1][N+1][=Branch1][C][=O][O-1],CC(CN(CC(C)([N+](=O)[O-])[N+](=O)[O-])C(=O)CCC([N+](=O)[O-])([N+](=O)[O-])[N+](=O)[O-])([N+](=O)[O-])[N+](=O)[O-],2.319426144623208,-0.2664452005079741,-0.4429400337238124,-0.2277988552242852,-1.0021356099441716,,-0.3686794116420779,mols/page_0015.png,6,7.662233352661133,247.5203857421875,5456.2763671875,1.6476047039031982
287,[O][=N+1][Branch1][C][O-1][C][C][C][N][=N][C][Branch1][=Branch1][N+1][=Branch1][C][=O][O-1],O=[N+]([O-])CCCN=NC[N+](=O)[O-],1.5570246155449357,-0.7681741813294563,-1.077145321209816,-0.4835591937506399,-2.083244695458926,,-0.8630780226809667,mols/page_0015.png,7,7.357706069946289,217.22406005859375,5177.3896484375,1.5423561334609985
288,[O][=N+1][Branch1][C][O-1][C][=N][N][Branch1][Branch2][N][C][=N][N][C][Branch1][=Branch1][N+1][=Branch1][C][=O][O-1],O=[N+]([O-])C=NNNC=NNC[N+](=O)[O-],1.5763039679725397,-0.2043921420099696,-0.3665351459037912,-0.2185183856256461,-0.9024786169081066,,-0.3203870379195094,mols/page_0015.png,8,7.699896812438965,251.1702880859375,5466.39599609375,1.6573065519332886
289,[O][=N+1][Branch1][C][O-1][C][=N][N][C][Branch1][=Branch1][N+1][=Branch1][C][=O][O-1],O=[N+]([O-])C=NNC[N+](=O)[O-],1.4796683620478217,1.0525228592681983,0.905745502733882,0.7870828502911985,0.1319079493920004,,0.8175910255561996,mols/page_0015.png,9,8.462788581848145,311.94781494140625,6562.92578125,1.7580065727233887
290,[O][=C][Branch2][Ring1][=Branch1][O][C][Branch1][=Branch1][N+1][=Branch1][C][=O][O-1][Branch1][=Branch1][N+1][=Branch1][C][=O][O-1][N+1][=Branch1][C][=O][O-1][C][=C][Branch1][=Branch1][N+1][=Branch1][C][=O][O-1][C][=C][Branch1][=Branch1][N+1][=Branch1][C][=O][O-1][C][=C][Ring1][N][N+1][=Branch1][C][=O][O-1],O=C(OC([N+](=O)[O-])([N+](=O)[O-])[N+](=O)[O-])c1c([N+](=O)[O-])cc([N+](=O)[O-])cc1[N+](=O)[O-],1.9326028435074596,0.758230812484775,0.8740770821735634,0.5117979262188915,1.0716408829011168,,0.7199602324422529,mols/page_0015.png,10,8.28416633605957,310.43499755859375,6262.7490234375,1.849491834640503
291,[N][C][=C][Branch1][=Branch1][N+1][=Branch1][C][=O][O-1][C][=C][Branch1][=Branch1][N+1][=Branch1][C][=O][O-1][C][Branch1][C][O][=C][Ring1][=N][N+1][=Branch1][C][=O][O-1],Nc1c([N+](=O)[O-])cc([N+](=O)[O-])c(O)c1[N+](=O)[O-],1.538407953408093,-0.4408569855312629,-0.243314376862076,-0.5576018923564093,0.7799949407449616,,-0.3160841034664023,mols/page_0015.png,11,7.556373119354248,257.0566101074219,5096.65185546875,1.8210994005203247
292,[O][=N+1][Branch1][C][O-1][C][=C][Branch1][=Branch1][N+1][=Branch1][C][=O][O-1],O=[N+]([O-])C=C[N+](=O)[O-],1.4844996950521223,1.159079774877526,1.0853206260745547,1.0881108342793635,0.4408048311302908,,1.0404249170627948,mols/page_0015.png,12,8.527463912963867,320.5262145996094,6891.17333984375,1.7880784273147583
293,[O][=N+1][Branch1][C][O-1][C][=N][C][=N][O][N][=C][Branch1][=C][N][C][=N][C][Branch1][C][O-1][N][C][=N][N][=C][Branch1][=Branch1][N+1][=Branch1][C][=O][O-1],O=[N+]([O-])C=NC=NON=CNC=NC([O-])NC=NN=C[N+](=O)[O-],2.3724242818454764,-1.0905616054962848,-1.1561924382608035,-0.920421459498032,-1.2553391900019766,,-1.0553910137386826,mols/page_0015.png,13,7.162031173706055,213.44793701171875,4701.025390625,1.6229547262191772
294,[O][=N+1][Branch1][C][O-1][C][=C][C][Branch1][=Branch1][N+1][=Branch1][C][=O][O-1][=C][Branch2][Branch1][=Branch1][C][=C][C][Branch1][=Branch1][N+1][=Branch1][C][=O][O-1][=C][Branch2][Ring1][N][C][=C][Branch1][=Branch1][N+1][=Branch1][C][=O][O-1][C][=C][Branch1][=Branch1][N+1][=Branch1][C][=O][O-1][C][=C][Ring1][N][N+1][=Branch1][C][=O][O-1][C][Branch1][=Branch1][N+1][=Branch1][C][=O][O-1][=C][Ring2][Ring1][O][C][Branch1][=Branch1][N+1][=Branch1][C][=O][O-1][=C][Ring2][Ring2][#Branch1],O=[N+]([O-])c1cc([N+](=O)[O-])c(-c2cc([N+](=O)[O-])c(-c3c([N+](=O)[O-])cc([N+](=O)[O-])cc3[N+](=O)[O-])c([N+](=O)[O-])c2)c([N+](=O)[O-])c1,2.326550083696136,-0.9375234247762486,-0.7552763156940283,-0.986898728242812,0.2102620892260204,,-0.796933217492092,mols/page_0015.png,14,7.254918575286865,232.59991455078125,4628.537109375,1.765634536743164
295,[N][C][=N][NH1][C][Branch2][Ring1][=N][N][C][=C][Branch1][=Branch1][N+1][=Branch1][C][=O][O-1][C][=C][Branch1][=Branch1][N+1][=Branch1][C][=O][O-1][C][=C][Ring1][N][N+1][=Branch1][C][=O][O-1][=N][Ring2][Ring1][Branch1],Nc1n[nH]c(Nc2c([N+](=O)[O-])cc([N+](=O)[O-])cc2[N+](=O)[O-])n1,1.5292669435287096,-0.989069588326385,-0.8216469930375523,-0.9184381929189068,0.0347146765745084,,-0.8165829548510961,mols/page_0015.png,15,7.223632335662842,229.42935180664062,4703.18798828125,1.7485445737838745
296,[O][=N+1][Branch1][C][C][=C][Branch1][=Branch1][N+1][=Branch1][C][=O][O-1][=C][Branch1][=Branch1][C][=N][O][N][=N][Ring2][Ring1][Branch1],C[N+](=O)C(=CC=NON=N)[N+](=O)[O-],1.576437499842364,-1.298568114742748,-1.3855326331628122,-1.139535025938354,-1.8426817634211647,,-1.3111073736938483,mols/page_0015.png,16,7.035780429840088,202.4922332763672,4462.09912109375,1.5657755136489868
297,[O][=N+1][Branch1][C][O-1][C][C][C][Branch2][Ring1][=Branch1][C][=N][O][N][N][Branch1][=Branch1][N+1][=Branch1][C][=O][O-1],O=[N+]([O-])CCCC=NONN[N+](=O)[O-],1.5963039679725397,-1.021587226189942,-1.2214010713656602,-0.7555967370977681,-2.133575854576225,,-1.0763433546856302,mols/page_0015.png,17,7.203895568847656,210.3328857421875,4880.75390625,1.5374562740325928
298,[O][=N+1][Branch1][C][O-1][C][N][C][=N][C][Branch1][=Branch1][N+1][=Branch1][C][=O][O-1][C][Branch2][Ring1][C][N],NCC(N=CNC[N+](=O)[O-])[N+](=O)[O-],2.076437499842364,-1.0794615667106986,-1.2698871915439214,-0.918358038320202,-1.9509250418313029,,-1.149772909074866,mols/page_0015.png,18,7.168768405914307,208.0166778564453,4703.275390625,1.5552377700805664
299,[O][=N+1][Branch1][C][O-1][C][=N][C][=C][Branch1][=Branch1][N+1][=Branch1][C][=O][O-1],O=[N+]([O-])C=CN=C[N+](=O)[O-],1.4996683620478215,0.1490878035679384,-0.0786771756944428,0.0409841427407966,-0.5570655320693862,,-0.021710239142246,mols/page_0015.png,19,7.914443492889404,264.9214172363281,5749.36328125,1.690933346748352
300,[O][=N+1][Branch1][C][O-1][=C][Branch1][=Branch1][N+1][=Branch1][C][=O][O-1][=C][C][Branch1][=Branch1][N+1][C][O-1][C][=C][N][=C][Ring1][Branch1][N+1][=Branch1][C][=N][O],N=[N+](O)C1=NC(C=C([N+](=O)[O-])[N+](=O)[O-])[N+]1C[O-],2.1184079534080933,0.8940866768144399,0.7712422360016198,0.8014641077884189,0.0940055975403653,,0.746318431073419,mols/page_0016.png,0,8.36662483215332,305.52252197265625,6578.607421875,1.7543166875839233
301,[N][N][C][=C][Branch1][=Branch1][N+1][=Branch1][C][=O][O-1],NNC=C[N+](=O)[O-],1.4878467081635287,-1.0851651750045168,-1.2295992647218,-0.953138865083314,-1.7761245821287617,,-1.137559114177781,mols/page_0016.png,1,7.165306568145752,209.94125366210938,4665.349609375,1.57225501537323
302,[O][=N+1][Branch1][C][O-1][C][N][N][N][N][=C][N][N][N][C][=C][N][Branch1][=Branch1][N+1][=Branch1][C][=O][O-1][C][Branch1][=Branch1][N+1][N][C][=O][O-1][N+1][=Branch1][C][O-1],O=CN[N+]C([N+][O-])N(C=CNNNC=NNNNC[N+](=O)[O-])[N+](=O)[O-],2.45964236577066,-0.9272899259284147,-1.0758468853026737,-0.7706801309680001,-1.614018649019633,,-0.9704581200969356,mols/page_0016.png,2,7.261129856109619,217.2860870361328,4864.306640625,1.5880364179611206
303,[O][=N+1][Branch1][C][O-1][C][N][C][Branch1][=Branch1][N+1][=Branch1][C][=O][O-1][N][=C][Ring1][N][N+1][=Branch1][C][N+1][=Branch1][C][=N][O-1],[N+][N+](C=N[O-])C=NC(NC[N+](=O)[O-])[N+](=O)[O-],2.137308431519336,0.9804735594574472,0.8157627764044398,0.8822254633716543,-0.070920389079386,,0.7948572304061948,mols/page_0016.png,3,8.419057846069336,307.6492919921875,6666.67138671875,1.7382607460021973
304,[O][=N+1][Branch1][C][O-1][C][C][C][N][Branch1][=Branch1][N+1][=Branch1][C][=O][O-1][N][=C][Branch1][=Branch1][N+1][N][C][=O][O-1],O=CN[N+]C=NN(CCC[N+](=O)[O-])[N+](=O)[O-],1.657308431519336,-0.987003405156586,-1.1965247642443255,-0.8591636432812009,-1.9417877255932352,,-1.0837262722220318,mols/page_0016.png,4,7.224886417388916,211.521240234375,4767.822265625,1.5561273097991943
305,[C][C][=C][Branch1][=Branch1][N+1][=Branch1][C][=O][O-1][C][Branch1][#Branch2][N][Branch1][C][C][N+1][=Branch1][C][=O][O-1][=C][Branch1][=Branch1][N+1][=Branch1][C][=O][O-1][C][Branch1][=Branch1][N+1][=Branch1][C][=O][O-1][=C][Ring2][Ring1][Ring2][N+1][=Branch1][C][=O][O-1],Cc1c([N+](=O)[O-])c(N(C)[N+](=O)[O-])c([N+](=O)[O-])c([N+](=O)[O-])c1[N+](=O)[O-],1.755885732905358,0.1502159552910682,0.0748206272380925,0.2732385854581592,-0.1088778440174206,,0.1546667954138118,mols/page_0016.png,5,7.915128231048584,272.25408935546875,6002.61865234375,1.7345654964447021
306,[O][=N+1][Branch1][C][O-1][C][Branch1][=Branch1][N+1][=Branch1][C][=O][O-1][=C][Ring1][N],C=C([N+](=O)[O-])[N+](=O)[O-],1.4844996950521223,0.9678549153231076,0.7806842447138265,0.9711504976643124,-0.0335053934141288,,0.8222444497335457,mols/page_0016.png,6,8.411398887634277,305.97357177734375,6763.63720703125,1.7419031858444214
307,[O][=N+1][Branch1][C][O-1][C][=N][N][=C][Branch1][=Branch1][N+1][=Branch1][C][=O][O-1][=C][Branch1][=Branch1][O][N+1][=Branch1][C][O-1][N][=N][C][=N][NH1][C][Branch1][=Branch1][N+1][=Ring2][C][=O][O-1],O=[N+]([O-])C=NN=C(C(N=NC=NNC#[N+][O-])O[N+][O-])[N+](=O)[O-],2.3292669435287103,0.673476450232202,0.6125174699240727,0.4974292068711892,0.1389844101987267,,0.534368603807417,mols/page_0016.png,7,8.2327241897583,297.9401550292969,6247.0810546875,1.7586954832077026
308,[=N+1][Ring1][N][C][=N][N][Branch1][=Branch1][N+1][=Branch1][C][=O][O-1][N+1][=Branch1][C][C][O-1],C[N+]([O-])N(N=C[N+])[N+](=O)[O-],1.4796683620478217,0.8305016574110711,0.5037497458826933,0.9500559566822768,-0.9958685522510022,,0.6139983782712516,mols/page_0016.png,8,8.328031539916992,292.7442626953125,6740.63525390625,1.6482148170471191
309,[O][=N+1][Branch1][C][O-1][C][C][Branch1][=Branch1][N+1][=Branch1][C][=O][O-1],O=[N+]([O-])CC[N+](=O)[O-],1.4844996950521223,1.2052161523792833,0.9237830613258408,1.1773654427879254,-0.2995418700378607,,0.9732417935376652,mols/page_0016.png,9,8.555466651916504,312.8094787597656,6988.49853515625,1.7160038948059082
310,[O][=N+1][Branch1][=Branch1][C][=O][O-1][C][Branch1][=Branch1][N+1][=Branch1][C][=O][Branch1][N+1][=Branch1][C],[N+][N+](=O)[N+](=O)C=O,1.467846708163529,0.8077265052846544,0.7354034884539343,0.6621804915385616,0.1539516329778607,,0.6660498583478579,mols/page_0016.png,10,8.314208030700684,303.81048583984375,6426.7294921875,1.7601525783538818
311,[Ring1][Cl][NH1][#Branch2][/N+1][S][#Branch2][/N+1][N+1][C][N][/N+1][F][N][=Branch1],C[SH]([N+]NCl)N[N+]F,1.9644996950521223,-1.2690539058746826,-1.370631444108917,-1.2712644071035777,-1.9246249509493392,,-1.3608895954322646,mols/page_0016.png,11,7.053694248199463,203.20407104492188,4318.45849609375,1.557798147201538
312,[O][=N+1][Branch1][C][O-1][C][C][Branch1][=Branch1][N+1][=Branch1][C][=O][O-1][C][Branch1][=Branch1][N][C][=N][C][Branch1][=Branch1][=Branch1][N+1][=Branch1][O-1][=O][O-1],O=[N+]CN=CNC([O-])C(C[N+](=O)[O-])[N+](=O)[O-],2.6573084315193354,-0.3027644582797659,-0.5776004543223263,-0.3282889890741957,-1.2466010650120478,,-0.4760669302814062,mols/page_0016.png,12,7.640189170837402,241.08758544921875,5346.69970703125,1.6238054037094116
313,[=N+1][=C][N][=C][Branch1][C][N][N][=N][C][=C][Branch1][=Branch1][N+1][=Branch1][C][=O][O-1],[N+]=CN=C(N)N=NC=C[N+](=O)[O-],1.5570246155449357,-1.045738000647278,-1.1118517304325768,-0.9770464294679384,-1.2911574206746796,,-1.059331746624607,mols/page_0016.png,13,7.189237117767334,215.5661163330078,4639.2802734375,1.6194677352905273
314,[O][=N+1][Branch1][C][O-1][C][=C][N][Branch1][=Branch1][N+1][=Branch1][C][=O][O-1],O=[N+]([O-])C=CN[N+](=O)[O-],1.481790468830701,1.104442978403439,0.87647783107346,1.0175215002837128,-0.2154288454185779,,0.8806959179408521,mols/page_0016.png,14,8.494301795959473,310.5496826171875,6814.201171875,1.724192500114441
315,[O][=N+1][Branch1][C][O-1][C][=C][C][Branch1][=Branch1][N+1][=Branch1][C][=O][O-1][C][Branch1][=Branch1],CC(C=C[N+](=O)[O-])[N+](=O)[O-],2.0196683620478217,-1.6106356217542608,-1.775984608049889,-1.3409075586016688,-2.7486193617849555,,-1.6578800170702006,mols/page_0016.png,15,6.84636926651001,183.8401336669922,4242.51806640625,1.4775803089141846
316,[Branch1][C][N][C][=N][O][C][Branch1][=Branch1][N+1][=Branch1][C][=O][O-1],CNC=NOC[N+](=O)[O-],1.501790468830701,-1.6113583930532018,-1.6854911316551282,-1.3756574877820398,-2.54931027376495,,-1.6294064036663936,mols/page_0016.png,16,6.845930576324463,188.16305541992188,4204.6259765625,1.496983528137207
317,[C][O][N][=C][Branch1][=Branch1][N+1][=Branch1][C][=O][O-1],CON=C[N+](=O)[O-],1.4878467081635287,-0.7879749724365348,-0.9849110143860456,-0.7092449894936992,-1.8358685729161253,,-0.9105063497947374,mols/page_0016.png,17,7.3456878662109375,221.63014221191406,4931.296875,1.5664387941360474
318,[O][=N+1][Branch1][C][O-1][C][=N][N][=C][Branch1][=Branch1][N+1][=Branch1][C][=O][O-1][=C][Branch1][=Branch1][=Branch1][N+1][=Branch1][=Branch1][C][=O],O=C[N+]CC(=NN=C[N+](=O)[O-])[N+](=O)[O-],1.5963039679725397,0.1011028599070413,-0.0744474368795903,-0.163832798711552,-0.6698321616164066,,-0.1258524798893987,mols/page_0016.png,18,7.885318756103516,265.12347412109375,5526.0263671875,1.679955244064331
319,[O][=N+1][Branch1][C][O-1][C][Branch1][=Branch1][N+1][=Branch1][C][=O][C],C[N+](=O)C[N+](=O)[O-],1.4878467081635287,-0.7453833167834973,-1.1258387439474216,-0.6003148898539142,-2.50482249083206,,-0.9584137202075014,mols/page_0016.png,19,7.371539115905762,214.89794921875,5050.07666015625,1.5013145208358765
320,[C][C][=C][Branch1][=Branch1][N+1][=Branch1][C][=O][O-1][C][=C][Branch1][=Branch1][N+1][=Branch1][C][=O][O-1][C][Branch1][C][O][=C][Ring1][=N][N+1][=Branch1][C][=O][O-1],Cc1c([N+](=O)[O-])cc([N+](=O)[O-])c(O)c1[N+](=O)[O-],1.558407953408093,-1.1699399634024945,-1.012325739749461,-1.0701086053105038,-0.3839891867146339,,-1.0120087865836538,mols/page_0017.png,0,7.113852024078369,220.32052612304688,4537.80322265625,1.7077827453613281
321,[O][=N+1][Branch1][C][O-1][C][=N][C][Branch1][=Branch1][N+1][=Branch1][C][=O][O-1][=C][Ring1][=C][N+1][=Branch1][C][C][O-1][C][Branch1][=Branch1],C[N+]([O-])C=C(N=C[N+](=O)[O-])[N+](=O)[O-],1.576437499842364,0.1720790014630603,-0.1496244802649118,0.2294459637289381,-1.0468193149620375,,-0.0072899157050913,mols/page_0017.png,1,7.928398132324219,261.5322265625,5954.8662109375,1.6432546377182007
322,[O][=C][Branch2][Ring1][=C][N][C][N][C][=Branch1][C][=O][O][C][C][Branch1][=Branch1][N+1][=Branch1][C][=O][O-1][Branch1][=Branch1][N+1][=Branch1][C][=O][O-1][N+1][=Branch1][C][=O][O-1][O][C][C][Branch1][=Branch1][N+1][=Branch1][C][=O][O-1][Branch1][=Branch1][N+1][=Branch1][C][=O][O-1][N+1][=Branch1][C][=O][O-1],O=C(NCNC(=O)OCC([N+](=O)[O-])([N+](=O)[O-])[N+](=O)[O-])OCC([N+](=O)[O-])([N+](=O)[O-])[N+](=O)[O-],2.227950530827869,0.6054542435501163,0.580827328910695,0.1911163928611596,0.4159361959816831,,0.414610569857835,mols/page_0017.png,2,8.191437721252441,296.4263000488281,5913.07080078125,1.7856574058532715
323,[=Ring1][\N+1][#N+1][S][=Branch1][=O][#Branch1][\N+1][Cl][#N][Cl][NH1][#N][N+1][O-1][/N+1][=N+1][C@@H1][=Branch1][=O][#Branch2][O][#N][#N+1][Ring1][=N+1][S][#N+1][/N+1][=Branch1],N#[SH](Cl)[N+]#[N+],1.9567229808842468,-1.3076836749401546,-1.3994228628941727,-1.5765358830170264,-1.1321115456302695,,-1.4206021422284194,mols/page_0017.png,3,7.030247688293457,201.8286895751953,3985.583740234375,1.6349512338638306
324,[O][=C][Branch2][Ring1][S][C][N][Branch2][Ring1][=Branch1][C][C][Branch1][=Branch1][N+1][=Branch1][C][=O][O-1][Branch1][=Branch1][N+1][=Branch1][C][=O][O-1][N+1][=Branch1][C][=O][O-1][N+1][=Branch1][C][=O][O-1][N][Branch2][Ring2][=C][C][N][Branch2][Ring2][Ring2][C][=Branch1][C][=O][C][N][Branch2][Ring1][=Branch1][C][C][Branch1][=Branch1][N+1][=Branch1][C][=O][O-1][Branch1][=Branch1][N+1][=Branch1][C][=O][O-1][N+1][=Branch1][C][=O][O-1][N+1][=Branch1][C][=O][O-1][N+1][=Branch1][C][=O][O-1][N+1][=Branch1][C][=O][O-1],O=C(CN(CC([N+](=O)[O-])([N+](=O)[O-])[N+](=O)[O-])[N+](=O)[O-])N(CN(C(=O)CN(CC([N+](=O)[O-])([N+](=O)[O-])[N+](=O)[O-])[N+](=O)[O-])[N+](=O)[O-])[N+](=O)[O-],2.8869026336239,1.4312660186070305,1.3260030499130229,1.24565492192912,0.5695280899855739,,1.2445320449002186,mols/page_0017.png,4,8.692668914794922,332.02374267578125,7062.962890625,1.8006099462509155
325,[O][=N+1][Branch1][C][O-1][C][N][C][Branch1][=Branch1][N+1][=Branch1][C][=O][O-1][C][Branch1][=Branch1],CC(NC[N+](=O)[O-])[N+](=O)[O-],1.9996683620478215,-0.8394520013406854,-1.1194752900379297,-0.6135596536555329,-2.2588594563271487,,-0.961041629939582,mols/page_0017.png,5,7.314443588256836,215.20193481445312,5035.63427734375,1.5252596139907837
326,[O][=N+1][Branch1][C][O-1][C][=N][N][=C][Branch1][=Branch1][N+1][=Branch1][C][=O][O-1][C][=C][Branch1][=Branch1][N][N+1][=Branch1][C],[N+]NC=CC(=NN=C[N+](=O)[O-])[N+](=O)[O-],1.5963039679725397,-0.0435763136165452,-0.184711316834636,-0.0565451966586335,-0.7123252128216352,,-0.1509225075584122,mols/page_0017.png,6,7.797504901885986,259.8561096191406,5643.01513671875,1.6758184432983398
327,[O][=N+1][Branch1][C][O-1][C][C][N][Branch1][=Branch1][N+1][=Branch1][C][=O][O-1],O=[N+]([O-])CCN[N+](=O)[O-],1.481790468830701,1.0010866826548577,0.6086537846269532,1.023831324028679,-1.009227989420302,,0.711044847489894,mols/page_0017.png,7,8.43156909942627,297.7555847167969,6821.08154296875,1.6469142436981201
328,[O][=C][Branch2][Ring1][#Branch1][N][C][C][Branch1][=Branch1][N+1][=Branch1][C][=O][O-1][Branch1][=Branch1][N+1][=Branch1][C][=O][O-1][N+1][=Branch1][C][=O][O-1][C][=Branch1][C][=O][N][C][C][Branch1][=Branch1][N+1][=Branch1][C][=O][O-1][Branch1][=Branch1][N+1][=Branch1][C][=O][O-1][N+1][=Branch1][C][=O][O-1],O=C(NCC([N+](=O)[O-])([N+](=O)[O-])[N+](=O)[O-])C(=O)NCC([N+](=O)[O-])([N+](=O)[O-])[N+](=O)[O-],2.09260284350746,1.086818357402955,1.0906989935541265,0.709161833364859,0.7944919505201532,,0.9074932661372292,mols/page_0017.png,8,8.483604431152344,320.78314208984375,6477.958984375,1.8225107192993164
329,[O][=N+1][Branch1][C][O-1][C][Branch1][=Branch1][N+1][=Branch1][C][=O][O-1][C][Branch1][C][N+1][=Branch1][C][O-1][=C][Branch1][=Branch1][N+1],[N+]CC([N+])([O-])C([N+](=O)[O-])[N+](=O)[O-],2.037024615544936,1.4790961949354366,1.4003176635445231,1.4177862509610362,0.6475430397099793,,1.3517222689754025,mols/page_0017.png,9,8.721699714660645,335.57379150390625,7250.65869140625,1.8082048892974854
330,[O][=N+1][Branch1][C][O-1][C][=C][Branch1][=Branch1][N+1][=Branch1][C][=O][O-1][=N][C][Branch1][=Branch1][N+1][C][C][O-1][=C][Branch1][=Branch1][=Branch1][N+1][=Branch1],[N+]C([N+]CC[O-])NC(=C[N+](=O)[O-])[N+](=O)[O-],2.136601054988479,0.1923621638500843,-0.0677549819899369,0.188100967902065,-1.0109863901329617,,0.0052935436125666,mols/page_0017.png,10,7.940709114074707,265.44317626953125,5909.78271484375,1.6467430591583252
331,[=N+1][Branch1][C][O-1][C][=C][C][Branch1][=Branch1][N+1][=Branch1][C][=O][O-1][N+1][=Branch1][C][O-1][=Branch1][C][=O],O=C[N+]([O-])C(C=C[N+][O-])[N+](=O)[O-],2.057024615544936,0.2145402440338975,-0.0271013210685098,0.0267273711566484,-0.8356936761919184,,-0.0260186884151855,mols/page_0017.png,11,7.954170227050781,267.3852233886719,5733.8173828125,1.6638082265853882
332,[#N+1][/N+1][Branch1][/C][S][/N][C][N][Cl][=C][NH1],[N+][N+](S)NCNCl,1.467846708163529,-0.8522686219612567,-1.0531100428076707,-0.9567050730390948,-1.550836225640941,,-1.014110317971964,mols/page_0017.png,12,7.30666446685791,218.3722381591797,4661.4609375,1.5941873788833618
333,[Ring1][=N+1][Branch1][C][C][O-1][C][Branch1][=Branch1][N+1][=Branch1][C][=O][O-1][C][C][N][C][N+1][=Branch1][C],C[N+][O-],1.489198172576634,-1.469628440677686,-1.9892561395460695,-1.0605943887815636,-4.00798938082814,,-1.6897578386513783,mols/page_0017.png,13,6.931954383850098,173.65203857421875,4548.177734375,1.3549776077270508
334,[F][=Branch2][O][=N+1][=N+1][Branch1][#Branch1][C][O-1][C][=C][C][=Branch1][C][=N][O][N+1][=Branch1][Ring1][Ring2][=Branch1][N],[N+]ON=C[N+](C[O-])=[N+]OF,1.4796683620478217,0.8605987970441523,0.7235479541047374,0.7303911594542141,0.0845829697660516,,0.6966514485455133,mols/page_0017.png,14,8.346299171447754,303.244140625,6501.10791015625,1.75339937210083
335,[O][=N+1][Branch1][C][O-1][C][=N][N][Branch2][Ring1][C][C][C][=N][O][N+1],[N+]ON=CCNN=C[N+](=O)[O-],1.518091503851731,-0.5435187923360794,-0.7868869215189981,-0.4886192326632875,-1.384211839447054,,-0.6664703054737898,mols/page_0017.png,15,7.4940619468688965,231.08985900878906,5171.8720703125,1.6104086637496948
336,[N][=N+1][Branch1][C][O-1][C][Branch1][=Branch1][N+1][=Branch1][C][=O][O-1][=C][N][=C][Ring2][Branch1][N+1][=Branch1][C][C][O-1][Branch1][=Branch1][N+1][=N][C][=O][O-1],O=[N+]([O-])c1cnc(CC[O-])n[n+]1[O-],1.436437499842364,-0.49102202740364,-0.5554337737201273,-0.4588930713201726,-0.8400627386868829,,-0.5291774526776991,mols/page_0017.png,16,7.525925159454346,242.14649963378906,5204.2861328125,1.663382887840271
337,[O][=N+1][Branch1][C][O-1][C][N][C][N][Branch1][=Branch1][N+1][=Branch1][C][=O][O-1],O=[N+]([O-])CNCN[N+](=O)[O-],1.4796683620478217,0.9652120863561098,0.6098899339407637,0.9633902786947388,-0.9171642016900876,,0.6874151963831052,mols/page_0017.png,17,8.409794807434082,297.81463623046875,6755.17529296875,1.655876874923706
338,[O][=N+1][Branch1][C][O-1][C][=C][C][Branch1][=Branch1][N+1][=Branch1][C][=O][O-1][=C][Branch2][Branch1][Ring2][C][=C][C][Branch1][=Branch1][N+1][=Branch1][C][=O][O-1][=C][Branch2][Ring1][N][C][=C][Branch1][=Branch1][N+1][=Branch1][C][=O][O-1][C][=C][Branch1][=Branch1][N+1][=Branch1][C][=O][O-1][C][=C][Ring1][N][N+1][=Branch1][C][=O][O-1][C][=C][Ring2][Ring1][Branch2][N+1][=Branch1][C][=O][O-1][C][Branch1][=Branch1][N+1][=Branch1][C][=O][O-1][=C][Ring2][Ring2][#Branch1],O=[N+]([O-])c1cc([N+](=O)[O-])c(-c2cc([N+](=O)[O-])c(-c3c([N+](=O)[O-])cc([N+](=O)[O-])cc3[N+](=O)[O-])cc2[N+](=O)[O-])c([N+](=O)[O-])c1,2.326550083696136,-0.9115303691275896,-0.7566571615554245,-0.965791201320204,0.2191336861363391,,-0.7814499945852013,mols/page_0017.png,18,7.270695209503174,232.53395080566406,4651.55322265625,1.7664982080459595
339,[NH1][O][C][C][Branch1][=Branch1][N+1][=Branch1][C][=O][O-1],[NH]OCC[N+](=O)[O-],1.4878467081635287,-0.801233897667219,-1.1545231575595185,-0.7139803798920398,-2.2738266791062824,,-1.0019140836741285,mols/page_0017.png,19,7.337640285491943,213.52767944335938,4926.13330078125,1.5238025188446045
340,[C][N][C][Branch2][Branch1][=Branch1][N+1][=Branch1][C][=O][O-1][C][Branch1][=Branch1][N+1][C][C][=O][O-1],CNC[N+](=O)[O-],1.4918943340952076,-1.728390778771313,-1.9716536288521496,-1.3163435325315629,-3.39467243699326,,-1.7910157586178168,mols/page_0018.png,0,6.77489709854126,174.492919921875,4269.30322265625,1.4146854877471924
341,[O][=N+1][Branch1][C][O-1][N][C][=N][N][Branch1][=Branch1][N+1][=Branch1][C][=O][O-1],O=[N+]([O-])NC=NN[N+](=O)[O-],1.4596683620478217,1.4633114982633442,1.304233406416009,1.3392835534552694,0.1824693169591461,,1.2458465792478606,mols/page_0018.png,1,8.712119102478027,330.9837951660156,7165.0576171875,1.76292884349823
342,[O][=N+1][Branch1][C][O-1][C][N][N][N][N][=N][NH1][C][=N][NH1][N],NNN=CNN=NNNNC[N+](=O)[O-],1.5563039679725397,-0.4382825055892737,-0.6840316325677047,-0.4210395023430263,-1.3441947535907093,,-0.583413810835526,mols/page_0018.png,2,7.55793571472168,236.00331115722656,5245.5625,1.6143044233322144
343,[C][C][N][Branch2][Ring1][O][C][=Branch1][C][=O][O][C][C][Branch1][=Branch1][N+1][=Branch1][C][=O][O-1][Branch1][=Branch1][N+1][=Branch1][C][=O][O-1][N+1][=Branch1][C][=O][O-1][N+1][=Branch1][C][=O][O-1],CCN(C(=O)OCC([N+](=O)[O-])([N+](=O)[O-])[N+](=O)[O-])[N+](=O)[O-],1.743903847312421,0.3028927503616339,0.1493894979377563,0.1259296579346319,-0.4703271515114252,,0.1164097100975578,mols/page_0018.png,3,8.007796287536621,275.8162841796875,5841.98974609375,1.6993775367736816
344,[N][C][=N][O][N+1][Branch1][C][O-1][C][N][=N][O][C][Branch1][=Branch1][N+1][=Branch1][C][=O][O-1][N+1][=Branch1][C][=Branch1][C][=O],NC=NO[N+]([O-])CN=NOC([N+]O)[N+](=O)[O-],2.117308431519336,0.8898836045869019,0.6516027863672544,0.700836502084864,-0.1486781910672605,,0.6508383794657586,mols/page_0018.png,4,8.364073753356934,299.8072814941406,6468.880859375,1.730690836906433
345,[O][=N+1][Branch1][C][O-1][C][C][N][Branch1][=Branch1][N+1][=Branch1][C][=O][O-1][C][Branch1][=Branch1][N+1][C][C][=O][O][N+1][Branch1][C][O-1][=N][C][N][Branch1][N][N][C][=N][N][=N][Ring1][N],O=C1C[N+]C(N(CC[N+](=O)[O-])[N+](=O)[O-])[N+]([O-])=NCNNC=NN=N1,2.3558857329053584,0.6674805909348991,0.4805088611093456,0.5206516509428623,-0.3010431230139892,,0.4651537110868071,mols/page_0018.png,5,8.229084968566895,291.634033203125,6272.4033203125,1.715857744216919
346,[C][N][=C][Branch1][=Branch1][N+1][=Branch1][C][=O][O-1],CN=C[N+](=O)[O-],1.4918943340952076,-1.0359947292891607,-1.2881566479141302,-0.8976356117042202,-2.346605611109705,,-1.1747526500934813,mols/page_0018.png,6,7.195150852203369,207.14393615722656,4725.87158203125,1.5167173147201538
347,[N][C][=C][Branch1][=Branch1][N+1][=Branch1][C][=O][O-1][C][=C][Branch1][=Branch1][N+1][=Branch1][C][=O][O-1][C][Branch1][C][O][=C][Ring1][=N][N+1][=Branch1][C][=O][O-1],Nc1c([N+](=O)[O-])cc([N+](=O)[O-])c(O)c1[N+](=O)[O-],1.538407953408093,-0.4408569855312629,-0.243314376862076,-0.5576018923564093,0.7799949407449616,,-0.3160841034664023,mols/page_0018.png,7,7.556373119354248,257.0566101074219,5096.65185546875,1.8210994005203247
348,[O][=N+1][Branch1][C][O-1][C][N][C][Branch1][=Branch1][N+1][=Branch1][C][=O][O-1][=C][Branch1][=Branch1][N+1][#Branch1][C][O-1][C][Branch1][=Branch1][N][C][N][=N][O][N+1][=Branch1][C][O-1][Branch1][=Branch1][N+1][=O][O-1][=C][Ring2][Ring1][O],C[N+]([O-])C(NCN=NO[N+]([O-])[N+]=O)=C(NC[N+](=O)[O-])[N+](=O)[O-],1.8292669435287097,0.5486585606309315,0.3057601502057986,0.503361990548505,-0.6992437401103949,,0.345025099917545,mols/page_0018.png,8,8.156965255737305,283.28619384765625,6253.55029296875,1.6770919561386108
349,[O][=N+1][Branch1][C][O-1][C][C][N][N][C][C][Branch1][=Branch1][N+1][=Branch1][C][=O][O-1][N+1][=Branch1][C][=Branch1][O-1][N+1][=Branch1][/C][=O][/N+1][C][O-1][O][C],[N+][N+](C=O)C(CNNCC[N+](=O)[O-])[N+](=O)[O-],2.157308431519336,-0.5282046826292756,-0.8624217135429417,-0.3635579080864037,-1.844736496287351,,-0.677553411906351,mols/page_0018.png,9,7.50335693359375,227.4815216064453,5308.24169921875,1.5655754804611206
350,[O][=C][Branch2][Ring1][Branch2][N][C][C][C][Branch1][=Branch1][N+1][=Branch1][C][=O][O-1][Branch1][=Branch1][N+1][=Branch1][C][=O][O-1][N+1][=Branch1][C][=O][O-1][N][C][C][C][Branch1][=Branch1][N+1][=Branch1][C][=O][O-1][Branch1][=Branch1][N+1][=Branch1][C][=O][O-1][N+1][=Branch1][C][=O][O-1],O=C(NCCC([N+](=O)[O-])([N+](=O)[O-])[N+](=O)[O-])NCCC([N+](=O)[O-])([N+](=O)[O-])[N+](=O)[O-],2.09260284350746,0.4723857624472374,0.328562792896834,0.3602430439192824,-0.2903518997394561,,0.3152991664297851,mols/page_0018.png,10,8.110671043395996,284.37548828125,6097.490234375,1.7168985605239868
351,[C][O][C][C][N][Branch2][Ring1][=Branch1][C][C][Branch1][=Branch1][N+1][=Branch1][C][=O][O-1][Branch1][=Branch1][N+1][=Branch1][C][=O][O-1][N+1][=Branch1][C][=O][O-1][N+1][=Branch1][C][=O][O-1],COCCN(CC([N+](=O)[O-])([N+](=O)[O-])[N+](=O)[O-])[N+](=O)[O-],1.721719749037849,0.1673479919389043,-0.1211106360930152,0.2596199161262696,-1.1705600302937753,,-0.0016486976173973,mols/page_0018.png,11,7.9255266189575195,262.89434814453125,5987.7685546875,1.6312081813812256
352,[O][=N+1][Branch1][C][O-1][C][=N][C][N][=N][N][=C][Branch1],C=NN=NCN=C[N+](=O)[O-],1.4996683620478215,-0.8825260282736683,-1.0660608629442203,-0.8576698123243343,-1.822122189628998,,-1.0124268666971057,mols/page_0018.png,12,7.288299560546875,217.75357055664062,4769.451171875,1.5677770376205444
353,[N][=N+1][Branch1][C][O-1][C][=N][C][Branch1][=Branch1][N+1][=Branch1][C][=O][O-1][C][N][C][Branch1][=Branch1],CNCC(N=C[N+](=N)[O-])[N+](=O)[O-],2.057024615544936,-1.1300516295316922,-1.3828731553367692,-0.8861260382376909,-2.4046683455053683,,-1.2231484460627289,mols/page_0018.png,13,7.138062477111816,202.61927795410156,4738.421875,1.5110647678375244
354,[/C][O][=N+1][Branch1][=N+1][O-1][C][C][N][N][=N][N][=N][N][Branch1][C][O][C][O][C][=N][O][N+1][=Branch1][C][=O][O-1][N],CO[N+]([O-])CCNN=NN=NN(O)COC=NO[N+](=O)[O-],1.786423335035418,-0.7420656393971621,-0.9955799092776698,-0.6299344769261256,-1.7901942368560997,,-0.8654046016247682,mols/page_0018.png,14,7.3735527992248535,221.1204833984375,5017.77880859375,1.5708853006362915
355,[=Branch1][C][O][NH1][N+1][Branch1][=Branch1][C][=O][O-1][N],CON[N+]C=O,1.4918943340952076,-3.0887437803796822,-3.127110820710897,-2.7396010519849225,-4.0314228867042985,,-3.052946359737044,mols/page_0018.png,15,5.949223041534424,119.2961120605469,2717.351806640625,1.3526962995529175
356,[O][=N+1][Branch1][C][O-1][C][N][N][=C][Branch1][=Branch1][N+1][=Branch1][C][=O][O-1][=C][Ring1][N][N+1][=Branch1][C][=N][N][=C][Branch1][Ring2][C],CC=N[N+](=N)CC(=NNC[N+](=O)[O-])[N+](=O)[O-],1.657308431519336,-0.8640356529564092,-1.0070620434853048,-0.8209357209827295,-1.6132655735055068,,-0.9574752698540708,mols/page_0018.png,16,7.299522399902344,220.5719757080078,4809.5068359375,1.5881097316741943
357,[O][=N+1][Branch1][C][O-1][C][N][=N][N][=N][NH1][Branch1][C][=N][O][N][=C][Ring1][=Branch1][N+1][=Branch1][C][=O][O-1][C][N][C][Branch1][=Branch1][N+1][=Branch1][O][=O][O-1],O=[N+]([O-])C=NON=CNN=NN=NC[N+](=O)[O-],1.6384079534080929,0.8237437457659715,0.6641099343082274,0.5819067804133682,0.0803449301654149,,0.6127606252004385,mols/page_0018.png,17,8.323929786682129,300.4047546386719,6339.197265625,1.7529867887496948
358,[O][=N+1][Branch1][C][O-1][C][C][=C][Branch1][=Branch1][N+1][=Branch1][C][=O][O-1],O=[N+]([O-])C=CC[N+](=O)[O-],1.501790468830701,-0.0644659753978981,-0.367497234206943,-0.1183609605290186,-1.277272667415038,,-0.2830624533543215,mols/page_0018.png,18,7.784825801849365,251.12432861328125,5575.60986328125,1.6208194494247437
359,[O][=N+1][Branch1][C][O-1][C][=C][C][Branch1][=Branch1][N+1][=Branch1][C][=O][O-1][=C][Branch1][=Branch1][N+1][=Branch1][C][=O][O-1][C][Branch1][=Branch1][N+1][=Branch1][C][=O][O-1][=C][Ring1][#C][N+1][=Branch1][C][=O][O-1],O=[N+]([O-])c1cc([N+](=O)[O-])c([N+](=O)[O-])c([N+](=O)[O-])c1[N+](=O)[O-],1.6264233350354178,1.4590565750513167,1.638627447304701,1.566175250507334,1.5135333494601977,,1.5522444407379576,mols/page_0018.png,19,8.7095365524292,346.9579772949219,7412.46533203125,1.8925111293792725
360,[C][N][C][Branch1][=Branch1][N+1][=Branch1][C][=O][O-1][=N][C][Branch1][=Branch1][N+1][=Branch1][C][=O][O-1][=C][Ring1][O][N+1][=Branch1][C][=O][O-1],Cn1c([N+](=O)[O-])nc([N+](=O)[O-])c1[N+](=O)[O-],1.456601054988479,0.6771688688246187,0.5972531021182902,0.6698148812219005,0.3108448141135969,,0.6176159266358471,mols/page_0019.png,0,8.234965324401855,297.2109680175781,6435.05419921875,1.7754265069961548
361,[O][=N+1][Branch1][C][O-1][C][=C][Branch1][=Branch1][N+1][=Branch1][C][=O][O-1],O=[N+]([O-])C=C[N+](=O)[O-],1.4844996950521223,1.159079774877526,1.0853206260745547,1.0881108342793635,0.4408048311302908,,1.0404249170627948,mols/page_0019.png,1,8.527463912963867,320.5262145996094,6891.17333984375,1.7880784273147583
362,[O][=N+1][Branch1][C][O-1][C][Branch1][=Branch1][N+1][=Branch1][C][=O][O-1][N][Branch1][=Branch1][N+1][S][C][=O][O-1][C][Branch1][Ring1][N],NCN([N+]SC=O)C([N+](=O)[O-])[N+](=O)[O-],1.5763039679725397,0.1885369753125361,-0.0169993938854162,0.0794310348647799,-0.5609166255521955,,0.0185651467474724,mols/page_0019.png,2,7.938387393951416,267.8677978515625,5791.28662109375,1.6905584335327148
363,[C][=C][N][Branch1][=Branch1][N+1][=Branch1][C][=O][O-1][C][Branch1][=Branch1][N+1][=Branch2][C][=O][O-1],C=CN(C[N+][O-])[N+](=O)[O-],1.501790468830701,-0.820709441689774,-1.117736376119484,-0.668581979442398,-2.1554738211113844,,-0.967591628340412,mols/page_0019.png,3,7.325819492340088,215.28500366210938,4975.63671875,1.5353244543075562
364,[O][O][=N+1][=N+1][Branch1][C][O-1][C][N][N][Ring1][=Branch2][N][C][=N][Ring1][N+1][Ring1][N][Ring2][C][=O][Ring1][Ring1],N#CNN1NC[N+]([O-])=[N+]OO1,1.438091503851731,1.0378584581094643,0.9365610760931992,0.8249865718664171,0.3459454801500753,,0.8581940603122403,mols/page_0019.png,4,8.453887939453125,313.4198913574219,6604.2568359375,1.778843641281128
365,[O][=N+1][Branch1][C][O-1][C][=N][C][=N][N][Branch1][Branch2][C][C][=N][N][C][Branch1][=Branch1][N+1][=Branch1][C][=O][O-1],O=[N+]([O-])C=NC=NNCC=NNC[N+](=O)[O-],1.657308431519336,-1.2162648899387585,-1.3709371275438822,-1.0390999703881123,-1.8308394978973983,,-1.245524442315645,mols/page_0019.png,5,7.085734844207764,203.18946838378906,4571.61572265625,1.5669283866882324
366,[/N+1][P][C][O][=N][N+1][=Branch1][=O][O-1][=O][C][=N][C][Branch1][=Branch1][N+1][=Branch1][C][=O][O-1][N+1][=Branch1][C][C][O-1],C[N+]([O-])C(N=CO[N+]([O-])NOCP[N+])[N+](=O)[O-],2.6584079534080924,0.0818857851859554,-0.1933873601580784,0.0895439480332076,-1.2582388368596211,,-0.1178816982157097,mols/page_0019.png,6,7.873654842376709,259.441650390625,5802.31396484375,1.622672438621521
367,[N][/C][Ring1][#Branch1][#N][#N][N+1][Branch1][O-1][C][O-1],C[N+]([O-])NN=C=N,1.4878467081635287,-1.1481044139647012,-1.443163064078998,-0.9125233208837596,-2.7386310089902737,,-1.286689298763456,mols/page_0019.png,7,7.127105236053467,199.73919677734375,4709.6376953125,1.4785526990890503
368,[O][=N+1][Branch1][C][O-1][C][C][=N][N][N][=C][Branch1][=Branch1][N+1][=Branch1][C][=O][O-1][=C][Branch1][=Branch1][C][=N][C][N+1][=Branch1][C],[N+]CN=CCC(=NNN=CC[N+](=O)[O-])[N+](=O)[O-],1.698407953408093,-0.9181405840289926,-1.095460134996707,-0.9035410801272288,-1.6165093085248905,,-1.026467542659805,mols/page_0019.png,8,7.266683101654053,216.34915161132812,4719.43212890625,1.5877939462661743
369,[O][=N+1][Branch1][C][O-1][C][N][C][N][Branch1][=Branch1][N+1][=Branch1][C][=O][O-1][N][C][Branch1][=Branch1][N+1][=Branch2][C][=C][Ring1][=Branch1],[N+]CNN(CNC[N+](=O)[O-])[N+](=O)[O-],1.556437499842364,0.4649726429072281,0.1651566303481738,0.5665251577010278,-1.1124458663508054,,0.2728977947591811,mols/page_0019.png,9,8.106171607971191,276.5694885253906,6322.4248046875,1.6368657350540161
370,[O][=N+1][Branch1][C][O-1][C][C][N][=N][NH1][C][Branch1][=Branch1][N+1][=Branch1][C][=O][O-1],O=[N+]([O-])CCN=NNC[N+](=O)[O-],1.5370246155449356,0.3165499854277128,-0.0083265447462472,0.3499089219700717,-1.0625543074116717,,0.1107639982172279,mols/page_0019.png,10,8.016085624694824,268.2821044921875,6086.2216796875,1.6417227983474731
371,[Branch1][C][C][C][O][N+1][=Branch1][C][=O][O-1],CCCO[N+](=O)[O-],1.5078467081635287,-2.2728457564329183,-2.4122756978664306,-1.7589957366099755,-3.818115165712759,,-2.256690174790103,mols/page_0019.png,11,6.444437026977539,153.4441680908203,3786.62548828125,1.3734623193740845
372,[O][=N+1][Branch1][C][O-1][C][N][C][Branch1][=Branch1][N+1][=Branch1][C][=O][O-1],O=[N+]([O-])CNC[N+](=O)[O-],1.481790468830701,1.0245578949669936,0.8042867111469243,0.9104157013988062,-0.2066613321159026,,0.8007112988764117,mols/page_0019.png,12,8.445815086364746,307.10107421875,6697.41064453125,1.7250460386276245
373,[O][=N+1][Branch1][C][O-1][C][C][C][N][C][=N][N][Branch1][=Branch1][N+1][=Branch1][C][=O][O-1],O=[N+]([O-])CCCNC=NN[N+](=O)[O-],1.576437499842364,-1.2916939311930362,-1.4448898400972048,-1.0211247418897496,-2.3311571547093486,,-1.325711555049395,mols/page_0019.png,13,7.039952754974365,199.65670776367188,4591.21630859375,1.5182212591171265
374,[O][=N+1][Branch1][C][O-1][N][C][C][N][Branch1][=Branch1][N+1][=Branch1][C][=O][O-1][C][C][Ring1][=Branch2][N][Branch1][=Branch1][N+1][=Branch1][C][=O][O-1][C][C][N][Ring1][=Branch2][N+1][=Branch1][C][=O][O-1],O=[N+]([O-])N1CCN([N+](=O)[O-])C2C1N([N+](=O)[O-])CCN2[N+](=O)[O-],1.7092669435287096,1.1279833253615608,1.0113222366861223,1.3557851015942053,0.3190380308046862,,1.1090442342300717,mols/page_0019.png,14,8.508589744567871,316.99127197265625,7183.05126953125,1.776224136352539
375,[/N+1][C][N][N][=C][Branch1][=Branch1][N+1][=Branch1][C][=O][O-1],[N+]CNN=C[N+](=O)[O-],1.4844996950521223,0.698025534524933,0.5153171648104283,0.5292474480196041,-0.3724591720137972,,0.4777887368403022,mols/page_0019.png,15,8.247624397277832,293.2968444824219,6281.7763671875,1.7089052200317383
376,[C][#N+1][C][=N][N][=C][Ring1][Branch1][N+1][=Branch1][C][=O][O-1][C][Branch1][=Branch1][N+1][=Branch1][C][O-1][C][=O][=Branch1][N+1][=Branch1][N][C][=O][O-1],C#[N+]C=NN=C[N+](=O)[O-],1.501790468830701,-0.5749169203072546,-0.7126122351909155,-0.5989504705117162,-1.178963863226214,,-0.6793588634018505,mols/page_0019.png,16,7.47500467300415,234.63800048828125,5051.564453125,1.6303900480270386
377,[O][=N+1][Branch1][C][O-1][C][C][=N][N][N][=C][Branch1][=Branch1][N+1][=Branch1][C][=O][O-1][=C][Branch1][=Branch1][C][=N][C][N+1][=Branch1][C],[N+]CN=CCC(=NNN=CC[N+](=O)[O-])[N+](=O)[O-],1.698407953408093,-0.9181405840289926,-1.095460134996707,-0.9035410801272288,-1.6165093085248905,,-1.026467542659805,mols/page_0019.png,17,7.266683101654053,216.34915161132812,4719.43212890625,1.5877939462661743
378,[N][C][=N][N][Branch1][=Branch1][N+1][=Branch1][C][=O][O-1],NC=NN[N+](=O)[O-],1.467846708163529,0.3334864024522485,0.1638565973488951,0.2348337856932723,-0.5997263415598755,,0.1582966300716073,mols/page_0019.png,18,8.026365280151367,276.50738525390625,5960.7412109375,1.6867802143096924
379,[O][=N+1][Branch1][C][O-1][C][=N][C][Branch1][C],CN=C[N+](=O)[O-],1.4918943340952076,-1.0359947292891607,-1.2881566479141302,-0.8976356117042202,-2.346605611109705,,-1.1747526500934813,mols/page_0019.png,19,7.195150852203369,207.14393615722656,4725.87158203125,1.5167173147201538
380,[O][=N+1][Branch1][C][O-1][C][Branch1][=Branch1][N+1][=Branch1][C][=O][O-1][N][C][=C][Branch1][=Branch1][N+1][N+1][=Branch1][C][O][=O][O-1][=C][Ring1][P][N+1][=Branch1][C][O-1][Branch1][=Branch1][N+1][Ring1][O-1],O=[N+]([O-])C(NC=C([N+][N+]O)O[O-])[N+](=O)[O-],1.596601054988479,0.9099452218583808,0.8132642854657768,0.6404384446921287,0.2730771586953828,,0.7142854705774292,mols/page_0020.png,0,8.376250267028809,307.5299377441406,6403.021484375,1.77174973487854
381,[O][=N+1][Branch1][C][O-1][C][N][C][Branch1][=Branch1][N+1][=Branch1][C][=O][O-1][=C][Ring1][N][N+1][=Branch1][C][Cl][=C][Branch1][=Branch1][N+1],[N+]C[N+](Cl)C=C(NC[N+](=O)[O-])[N+](=O)[O-],1.5963039679725397,0.1182073998206786,0.0105581115150206,-0.1536155502274918,-0.2063429587278167,,-0.0498891381298535,mols/page_0020.png,1,7.895700454711914,269.1842346191406,5537.16748046875,1.7250770330429077
382,[O][=N+1][Branch1][C][O-1][C][N][=C][Branch1][=Branch1][N+1][=Branch1][C][=O][O-1][=C][Branch1][=Branch1][N][C][Branch1][=Branch1][N+1][N][C][=O][O-1][N][N][Branch1][=Branch1][N+1][#N][C][=N][O][N+1][=Branch1][C][O-1][=N][C],CN[N+]([O-])N([N+]#N)NC(NC[N+]NC=O)C(=NC[N+](=O)[O-])[N+](=O)[O-],2.4158857329053585,-0.7146293980135522,-0.903934929452344,-0.6970462655947305,-1.479458136545097,,-0.8314054017588761,mols/page_0020.png,2,7.390205383300781,225.4984130859375,4944.5986328125,1.6011362075805664
383,[O][=N+1][Branch1][C][O-1][C][=C][C][Branch1][=Branch1][N+1][=Branch1][C][=O][O-1][=C][Branch2][Ring2][=N][N][C][=N][N][Branch2][Ring1][N][C][=C][Branch1][=Branch1][N+1][=Branch1][C][=O][O-1][C][=C][Branch1][=Branch1][N+1][=Branch1][C][=O][O-1][C][=C][Ring1][N][N+1][=Branch1][C][=O][O-1][C][=C][Ring2][Ring1][Ring2][N+1][=Branch1][C][=O][O-1][C][Branch1][=Branch1][N+1][=Branch1][C][=O][O-1][=C][Ring2][Ring2][Ring2],O=[N+]([O-])c1cc([N+](=O)[O-])c(Nc2nn(-c3c([N+](=O)[O-])cc([N+](=O)[O-])cc3[N+](=O)[O-])cc2[N+](=O)[O-])c([N+](=O)[O-])c1,2.1193737172742675,-0.6396010234576002,-0.5141016680590274,-0.6358094955574475,0.2835883785543443,,-0.5143906332467014,mols/page_0020.png,3,7.435744285583496,244.12095642089844,5011.37255859375,1.772773027420044
384,[O][=N+1][Branch1][C][O-1][C][=C][Branch1][=Branch1][N+1][=Branch1][C][=O][O-1][N][Branch1][=Branch1][N+1][=C][C][=N][N][C][=N][N][Branch1][=Branch1][=N][C],CNNN=CN([N+]=CC=NN)C(=C[N+](=O)[O-])[N+](=O)[O-],1.741719749037849,-1.202391609103974,-1.364968474810584,-0.8813104932406456,-1.887359345873876,,-1.1831001528622855,mols/page_0020.png,4,7.094155311584473,203.47459411621094,4743.6728515625,1.561426043510437
385,[O][=N+1][Branch1][C][O-1][C][=N][C][=N][N][Branch1][=Branch1][N+1][=Branch1][C][=O][O-1][C][Branch1][=Branch1][N+1][=N][C][O-1][C][=C][N][Branch1][=Branch1][C][=O][N][=N][N][Branch2][Ring1][#Branch2][C][=C][N][=C][Branch1][=Branch1][N+1][C][C][O-1][C][C][Branch1][=Branch1],O=CNC=C([N+]=NC[O-])N(N=CN=C[N+](=O)[O-])[N+](=O)[O-],1.7639038473124211,-0.5432571805507017,-0.603598239542056,-0.6587856545493013,-0.8661375191711239,,-0.6368418687600224,mols/page_0020.png,5,7.494220733642578,239.8456573486328,4986.31884765625,1.6608444452285767
386,[O][=N+1][Branch1][C][O-1][C][C][N][Branch1][=Branch1][N+1][=Branch1][C][=O][O-1],O=[N+]([O-])CCN[N+](=O)[O-],1.481790468830701,1.0010866826548577,0.6086537846269532,1.023831324028679,-1.009227989420302,,0.711044847489894,mols/page_0020.png,6,8.43156909942627,297.7555847167969,6821.08154296875,1.6469142436981201
387,[O][=N+1][Branch1][C][O-1][C][=N][N][Branch1][=Branch1][N+1][=Branch1][C][=O][O-1][C][=N][O][N][Branch1][=Branch1][N][C][=N][N][=N][NH1][C][Branch1][=Branch1][N+1][N][C],CN[N+]CNN(NC=NN=N)ON=CN(N=C[N+](=O)[O-])[N+](=O)[O-],1.872424281845476,-0.6452653507025627,-0.8339688782906673,-0.4427134849492183,-1.4460252572569765,,-0.6914964769536925,mols/page_0020.png,7,7.432306289672852,228.84072875976562,5221.9287109375,1.6043909788131714
388,[O][=N+1][Branch1][C][O-1][C][N][C][=N][C][Branch1][=Branch1][N+1][=Branch1][C][=O][O-1],O=[N+]([O-])CN=CNC[N+](=O)[O-],1.518091503851731,-0.1420649017909537,-0.4364117599058124,-0.1257768281778998,-1.3490426006808338,,-0.3298341567634348,mols/page_0020.png,8,7.73772668838501,247.83224487304688,5567.5234375,1.6138324737548828
389,[N][C][Branch1][=Branch1][N+1][=Branch1][C][=O][O-1][N+1][=Branch1][C][O-1][C][N][Branch2][Ring1][=Branch1][C],CNC[N+]([O-])C(N)[N+](=O)[O-],1.9996683620478215,-1.1055520393605192,-1.400682010334752,-0.7476780000950017,-2.612982502356082,,-1.1869279626974267,mols/page_0020.png,9,7.152932643890381,201.76853942871094,4889.388671875,1.4907848834991455
390,[O][=N+1][Branch1][C][O-1][C][N][=C][Branch1][=Branch1][N+1][=Branch1][C][=O][O-1][N+1][=Branch1][C][O-1][C][=N][O][N+1][Branch1][C][O-1][=C][Ring2][Branch1][N+1][=Branch1][C][N+1][=Branch1][C],[N+]CC=[N+]([O-])ON=C[N+]([O-])C(=NC[N+](=O)[O-])[N+](=O)[O-],1.721719749037849,1.5243841017819153,1.3393572955233048,1.4701016798251618,0.3208233708040299,,1.3360583583367729,mols/page_0020.png,10,8.749187469482422,332.66168212890625,7307.70458984375,1.776397943496704
391,[N][Branch2][P][=Branch1][=Branch1][C][=N][N][N+1][=Branch1][O-1][=Branch1][C][=O][O-1],NC=NN[N+]([O-])O,1.467846708163529,-0.3792163780462411,-0.5200441284812836,-0.387024846073679,-1.0506202034105718,,-0.4846870854024099,mols/page_0020.png,11,7.593786239624023,243.8370819091797,5282.65283203125,1.642884612083435
392,[O][=C][N][Branch1][=Branch1][N+1][=Branch1][C][=O][O-1][C][C][Branch2][Ring1][=Branch2][C][C][Ring1][Ring2][N][Branch1][=Branch1][N+1][=Branch1][C][=O][O-1][C][=Branch1][C][=O][N][Ring1][=Branch2][N+1][=Branch1][C][=O][O-1][N][Ring2][Ring1][Ring2][N+1][=Branch1][C][=O][O-1],O=C1N([N+](=O)[O-])C2C(C3C2N([N+](=O)[O-])C(=O)N3[N+](=O)[O-])N1[N+](=O)[O-],1.735885732905358,1.3783104510239588,1.6476650722878934,1.2836070049381938,1.7216381145825936,,1.4421004942615,mols/page_0020.png,12,8.660527229309082,347.38970947265625,7104.3466796875,1.9127706289291382
393,[/C][Branch1][=Branch1][#Branch1][N+1][N][=Branch1][#N][#N+1][=O][=Branch2][O-1],[N+]N[N+]C=O,1.4767229808842466,-0.3857880975197656,-0.5717614854705287,-0.5082942760034567,-1.2643209930850945,,-0.5691372054574657,mols/page_0020.png,13,7.589797496795654,241.36651611328125,5150.41796875,1.6220803260803223
394,[O][=N+1][Branch1][C][O-1][C][C][N][C][Branch1][=Branch1][N+1][=Branch1][C][=O][O-1],O=[N+]([O-])CCNC[N+](=O)[O-],1.4996683620478215,-0.1367006817592472,-0.5361776338278615,0.0024673952123555,-1.7633222983886123,,-0.3435648506506962,mols/page_0020.png,14,7.740982532501221,243.06637573242188,5707.36376953125,1.5735013484954834
395,[O][N][=N+1][Branch1][C][O-1][C][C][C][Branch1][=Branch1][N+1][=Branch1][C][=O][O-1],O=[N+]([O-])CCC[N+]([O-])=NO,1.4996683620478215,0.0421946421804078,-0.3587001312995383,0.1356789647670358,-1.721005577059862,,-0.1969553440789545,mols/page_0020.png,15,7.849564075469971,251.54457092285156,5852.62060546875,1.5776209831237793
396,[#Branch2][Branch2][/C][/N][=N+1][Branch2][/N+1][=N+1][=Branch1][=O][#Branch1][=O][N+1][=Branch1][#Branch1][#N][=Branch1][C@@H1][=O][=N+1][#N][F][=O][N+1][=Branch1][F][O-1][=O][Cl][C@@H1][P][N+1][=Branch1],CN=[N+]OO[N+](F)=NC=O,1.4796683620478217,0.1346559462184291,-0.0470304755871835,-0.1316348307491614,-0.6855781746833202,,-0.0993053821101852,mols/page_0020.png,16,7.905683994293213,266.4331970214844,5561.1357421875,1.6784223318099976
397,[#N+1][C][=N][O][O][N+1][=Branch2][Branch1][=N][C][O-1][N][=N][C][N][=N][O],[N+]C=NOO[N+]C[O-],1.4844996950521223,0.6673486066107447,0.3972230615275398,0.496734235155045,-0.3348531523156884,,0.4313512958650203,mols/page_0020.png,17,8.229004859924316,287.6554260253906,6246.3232421875,1.7125662565231323
398,[Ring2][S][NH1][=Branch1][P][/N+1][N+1][=Branch1][/N+1][/N][=Branch1][=Branch1][=O][#N][=Branch1][C@@H1][/N][F][C@@H1],NN(F)O[N+](N)[N+]PNS,1.939668362047822,0.3881090577487474,0.1997183430233491,0.3118381743316303,-0.401336862826226,,0.2315584336430536,mols/page_0020.png,18,8.059518814086914,278.22052001953125,6044.70849609375,1.7060939073562622
399,[O][=N+1][Branch1][C][O-1][C][N][C][N][=N][N][=N][N][C][Branch1][=Branch1][N+1][=Branch1][C][=O][O-1],O=[N+]([O-])CNCN=NN=NNC[N+](=O)[O-],1.596601054988479,0.5867580355368543,0.3044786434753056,0.5457042170531184,-0.5732633904447756,,0.3837645175298098,mols/page_0020.png,19,8.180089950561523,283.2249755859375,6299.72119140625,1.6893564462661743
400,[O][=N+1][Branch1][C][O-1][C][N][C][Branch1][=Branch1][N+1][=Branch1][C][=O][O-1][=C][N][=N][N][C][Branch2][Branch1][Branch2][C][N][=N][N][=N][NH1][N][=C][Ring1][N],C=NNN=NN=NCCNN=NC=C(NC[N+](=O)[O-])[N+](=O)[O-],1.8292669435287097,-0.8496815720836337,-0.9893202663570638,-0.6942654831480454,-1.4221325589941554,,-0.879669908768808,mols/page_0021.png,0,7.308234691619873,221.4195098876953,4947.630859375,1.6067169904708862
401,[O][=N+1][Branch1][C][O-1][C][N][C][N][Branch1][=Branch1][N+1][=Branch1][C][=O][O-1],O=[N+]([O-])CNCN[N+](=O)[O-],1.4796683620478217,0.9652120863561098,0.6098899339407637,0.9633902786947388,-0.9171642016900876,,0.6874151963831052,mols/page_0021.png,1,8.409794807434082,297.81463623046875,6755.17529296875,1.655876874923706
402,[O][=N+1][Branch1][C][O-1][C][N][=N][N][=N][N][Branch2][Ring2][C][N][C][=N][N][=C][Branch1][=Branch1][N+1][=Branch1][C][=O][O-1],O=[N+]([O-])C=NN=CNNN=NN=NC[N+](=O)[O-],1.6384079534080929,0.4552168016134771,0.2531506575489894,0.3353243673342369,-0.2399889032833485,,0.2872227213959765,mols/page_0021.png,2,8.100250244140625,280.77301025390625,6070.318359375,1.721801519393921
403,[C][C][Branch1][=Branch1][N+1][=Branch1][C][=O][O-1][N+1][=Branch1][C][=N][O-1][=C][Branch1][=Branch1][N+1][=O][O-1][N+1][C][C][Branch1][C][O-1],CC([N+](=N)[O-])[N+](=O)[O-],1.9844996950521223,-0.216544912904883,-0.5392472449146106,-0.1563775254498998,-1.706115498601687,,-0.4221105994950021,mols/page_0021.png,3,7.692520618438721,242.91973876953125,5534.15576171875,1.5790705680847168
404,[O][=N+1][Branch1][C][O-1][C][C][Branch1][=Branch1][N+1][=Branch1][C][=O][O-1],O=[N+]([O-])CC[N+](=O)[O-],1.4844996950521223,1.2052161523792833,0.9237830613258408,1.1773654427879254,-0.2995418700378607,,0.9732417935376652,mols/page_0021.png,4,8.555466651916504,312.8094787597656,6988.49853515625,1.7160038948059082
405,[O][=N+1][Branch1][C][O-1][C][=C][Branch1][=Branch1][N+1][=Branch1][C][=O][O-1][C][Branch1][=Branch1][N+1][=N][C][=O][N][=N][C][Branch1][=Branch1],CN=C([N+]=NC=O)C(=C[N+](=O)[O-])[N+](=O)[O-],1.636601054988479,-0.4649134854713458,-0.6634138119196833,-0.5694365621283,-1.11000173834073,,-0.6208566230331504,mols/page_0021.png,5,7.54177188873291,236.9882354736328,5083.7470703125,1.6371036767959595
406,[O][=N+1][Branch1][C][O-1][C][C][N][C][Branch1][=Branch1][N+1][=Branch1][C][=O][O-1][N],NC(NCC[N+](=O)[O-])[N+](=O)[O-],2.018091503851731,-0.5913693948098906,-0.8550092895180612,-0.4308729938936229,-1.7402806366824055,,-0.7079719323076776,mols/page_0021.png,6,7.4650187492370605,227.8356170654297,5234.83984375,1.5757445096969604
407,[O][=N+1][Branch1][C][O-1][C][N][C][=N][N][Branch1][=Branch1][N+1][=Branch1][C][=O][O-1][N],NN(N=CNC[N+](=O)[O-])[N+](=O)[O-],1.5170246155449356,0.4615331942694409,0.212245933743672,0.4471727212743515,-0.7010327536488319,,0.2772105951481356,mols/page_0021.png,7,8.104084014892578,278.8189697265625,6192.2802734375,1.6769177913665771
408,[O][=N+1][Branch1][C][O-1][C][=N][C][Branch1][=Branch1][N+1][=Branch1][C][=O][O-1][N+1][=Branch1][C][C][O-1],C[N+]([O-])C(N=C[N+](=O)[O-])[N+](=O)[O-],2.037024615544936,0.745103085957268,0.4041755230170489,0.8185876377016619,-0.8213497305456142,,0.5326197342696827,mols/page_0021.png,8,8.276198387145996,287.987548828125,6597.279296875,1.665204644203186
409,[O][=N+1][Branch1][C][O-1][N][C][=C][Branch1][=Branch1][N+1][=Branch1][C][=O][O-1][C][=N][N][Branch2][Ring1][=Branch1][C][=N][C][Branch1][=Branch1][N+1][C][O-1],O=[N+]([O-])NC=C(C=NNC=NC[N+]C[O-])[N+](=O)[O-],1.7198833105991516,-1.1016734285965275,-1.2691183513893112,-0.849933326280634,-1.85395340587244,,-1.1180666160959574,mols/page_0021.png,9,7.15528678894043,208.05340576171875,4777.88720703125,1.5646781921386719
410,[O][=N+1][Branch1][C][O-1][C][N][C][Branch1][=Branch1][N+1][=Branch1][C][=O][O-1][N][=C][Branch1][=Branch1][N+1][#N][C][=O][O-1],N#[N+]C=NC(NC[N+](=O)[O-])[N+](=O)[O-],2.056437499842364,-0.0572366911665325,-0.2654852099038305,-0.1437892233337626,-0.8036347005246921,,-0.218559634653565,mols/page_0021.png,10,7.78921365737915,255.99749755859375,5547.88232421875,1.6669292449951172
411,[O][=N+1][Branch1][C][O-1][C][=N][C][=N][N][=C][Branch1][=Branch1][N+1][=Branch1][C][=O][O-1][C][=N][N][Branch1][=Branch1][N+1][#C][C][=N][N][N][=C][Branch1][C][N][=N][N][=N][Ring1][=N][O][N+1][=Branch1][C][=N][O-1][Branch1][=Branch1][N+1][O-1][C][=C][C][Branch1][=Branch1][N+1],N=NNC(N)=NN(N=CC(=NN=CN=C[N+](=O)[O-])[N+](=O)[O-])[N+]#CC=NN,2.0036858610047386,-0.3930998719537277,-0.4293356834849223,-0.4362733540074751,-0.3836757113786723,,-0.4184858016005198,mols/page_0021.png,11,7.585359573364258,248.17027282714844,5228.951171875,1.7078132629394531
412,[NH1][N][=N][O][N][=C][Branch1][=Branch1][N+1][=Branch1][C][=O][O-1][C][=C][Branch1][=Branch1],C=CC(=NON=N[NH])[N+](=O)[O-],1.518091503851731,-0.4648160684701842,-0.6179985805018805,-0.4875302048194327,-1.0285630501813694,,-0.5685720491889262,mols/page_0021.png,12,7.541831016540527,239.15774536132812,5173.0595703125,1.6450319290161133
413,[O][=N+1][Branch1][C][O-1][C][=N][C][Branch1][=Branch1][N+1][=Branch1][C][=O][O-1],O=[N+]([O-])C=NC[N+](=O)[O-],1.481790468830701,1.2140575308556785,1.0176933566378703,1.0609124534373016,0.0708047491401156,,0.9893831781623194,mols/page_0021.png,13,8.560832977294922,317.2956237792969,6861.515625,1.7520580291748047
414,[C][C][Branch1][C][C][Branch2][Ring1][=N][C][O][C][=Branch1][C][=O][C][C][C][Branch1][=Branch1][N+1][=Branch1][C][=O][O-1][Branch1][=Branch1][N+1][=Branch1][C][=O][O-1][N+1][=Branch1][C][=O][O-1][N+1][=Branch1][C][=O][O-1],CC(C)(COC(=O)CCC([N+](=O)[O-])([N+](=O)[O-])[N+](=O)[O-])[N+](=O)[O-],1.8492669435287097,-1.3193265778209236,-1.410617839935628,-1.174681250201707,-2.0246713391292936,,-1.3548257384327502,mols/page_0021.png,14,7.023180961608887,201.2938995361328,4423.77490234375,1.5480583906173706
415,[C][C][=N][N][=C][Branch1][=Branch1][N+1][=Branch1][C][=O][O-1],CC=NN=C[N+](=O)[O-],1.5044996950521223,-1.5704605362268134,-1.6243451815276249,-1.381055608940621,-2.4156020223600594,,-1.592683875250864,mols/page_0021.png,15,6.870753765106201,191.0840301513672,4198.73974609375,1.5100003480911255
416,[O][=N+1][Branch1][C][O-1][C][=N][C][=N][N][=C][Branch1][C][N][N][N][=N][N][=C][N][Branch1][=Branch1][N+1][=Branch1][C][=O][O-1][C][=C][Branch1][=Branch1][N+1][=Branch2][C][=C][C][=N][Branch1][=Branch1][N+1][Branch1][C][O-1],NC(=NN=CN=C[N+](=O)[O-])NN=NN=CN(C=C[N+]C=N[N+][O-])[N+](=O)[O-],2.0036858610047386,-0.5166521261608742,-0.572796081756687,-0.4773528097391978,-0.9144433337349837,,-0.5547475092485677,mols/page_0021.png,16,7.510368824005127,241.3170928955078,5184.1572265625,1.656141757965088
417,[C][Branch1][=Branch1][N+1][=Branch1][C][=O][O-1][C][Branch1][=Branch1][N][N+1][=Branch1][C][Cl][=O][O-1][N+1][=Branch1][C][O-1][O][=N+1][Branch1][=Branch1][N+1][=Branch2][C][C][O-1][=Branch1][C][=O][N][N+1][=Branch1][N+1][=Branch1][N+1][=O][O-1][C][=O][O-1],O=C(C[N+](=O)[O-])N[N+]Cl,1.481790468830701,0.2397932447221189,0.189176896084234,-0.3350210797832881,0.0548554669100395,,-0.021280350020723,mols/page_0021.png,17,7.9694976806640625,277.7169494628906,5339.35888671875,1.7505053281784058
418,[O][=N+1][Branch1][C][O-1][C][=C][N][=N][O][N][=C][Ring1][=N][C][Branch1][=Branch1][N+1][=Branch1][C][=O][O-1],O=[N+]([O-])C=CN=NON=CC[N+](=O)[O-],1.5963039679725397,0.1082865781217344,-0.1114865588772241,0.0964161973422698,-0.8154341080923706,,-0.0437769270612015,mols/page_0021.png,18,7.889678955078125,263.3540954589844,5809.8076171875,1.6657805442810059
419,[=N+1][Branch1][C][O-1][C][N][N][=N][C][=N][N][Branch1][=Branch1][N+1][=Branch1][C][=O][O-1][N+1][=Branch1][C][O-1][=C][C][Branch1][=Branch1][N+1],[N+]CC[N+]([O-])N(N=CN=NNC[N+][O-])[N+](=O)[O-],1.6584079534080929,0.9783680952387926,0.6620011338509206,1.0220526979613307,-0.7213645680172146,,0.7467769296552392,mols/page_0021.png,19,8.417779922485352,300.30401611328125,6819.14208984375,1.674938440322876
420,[O][=N+1][Branch1][C][O-1][C][C][N][N][=N][C][=N][N][Branch1][C][N][=C][Branch1][=Branch1][N+1][=Branch1][C][=O][O-1][=C][N][=N][C],CN=NC=C(N(N)N=CN=NNCC[N+](=O)[O-])[N+](=O)[O-],1.7639038473124211,-1.0546532274955214,-1.2757628935148633,-0.7731940299463722,-1.992639302748752,,-1.0911455725060202,mols/page_0022.png,0,7.183825969696045,207.73599243164062,4861.5654296875,1.5511767864227295
421,[C][C][Branch2][Ring1][C][C][N][Branch1][=Branch2][C][C][O][N+1][=Branch1][C][=O][O-1][N+1][=Branch1][C][=O][O-1][Branch1][=Branch1][N+1][=Branch1][C][=O][O-1][N+1][=Branch1][C][=O][O-1],CC(CN(CCO[N+](=O)[O-])[N+](=O)[O-])([N+](=O)[O-])[N+](=O)[O-],1.721719749037849,0.1336849186907212,-0.1895064262658825,0.2773219920815604,-1.2959734304259956,,-0.0326239231037657,mols/page_0022.png,1,7.905094623565674,259.6270446777344,6007.0712890625,1.6189988851547241
422,[O][=N+1][Branch1][C][O-1][C][=C][C][Branch1][=Branch1][N+1][=Branch1][C][=O][O-1][=C][Branch1][=Branch2][N][N][C][=N][N][=C][Ring1][Branch1][C][Branch1][=Branch1][N+1][=Branch1][C][=O][O-1][=C][Ring2][Ring1][C],O=[N+]([O-])c1cc([N+](=O)[O-])c(Nn2cnnc2)c([N+](=O)[O-])c1,1.506423335035418,-1.228097913095988,-1.0744826491994994,-1.023662373793995,-0.4067945174058383,,-1.0257895418320535,mols/page_0022.png,2,7.078552722930908,217.35125732421875,4588.44921875,1.7055625915527344
423,[N][=C][C][Branch2][Branch1][N][C][=N][O][N][Branch1][=Branch1][N+1][=Branch1][C][=O][O-1][C][Branch1][=Branch1][N+1],[N+]CN(ON=CCC=N)[N+](=O)[O-],1.5570246155449357,-1.3223292211954378,-1.424219315408672,-1.1343213946941102,-2.095009816661734,,-1.349866673694845,mols/page_0022.png,3,7.021358489990234,200.64414978027344,4467.7841796875,1.5412107706069946
424,[O][=N+1][Branch1][C][O-1][C][C][Branch1][=Branch1][N+1][=Branch1][C][=O][O-1],O=[N+]([O-])CC[N+](=O)[O-],1.4844996950521223,1.2052161523792833,0.9237830613258408,1.1773654427879254,-0.2995418700378607,,0.9732417935376652,mols/page_0022.png,4,8.555466651916504,312.8094787597656,6988.49853515625,1.7160038948059082
425,[O][=N+1][Branch1][C][O-1][C][=C][C][Branch1][=Branch1][N+1][=Branch1][C][=O][O-1][=C][Branch2][Ring1][Ring2][C][NH1][C][Branch1][=Branch1][N+1][=Branch1][C][=O][O-1][=N][C][=Ring1][Branch2][N+1][=Branch1][C][=O][O-1][C][Branch1][=Branch1][N+1][=Branch1][C][=O][O-1][=C][Ring2][Ring1][#Branch1],O=[N+]([O-])c1cc([N+](=O)[O-])c(-c2[nH]c([N+](=O)[O-])nc2[N+](=O)[O-])c([N+](=O)[O-])c1,1.6836858610047385,-0.0390888465952933,0.0429535284159677,-0.1150858167584784,0.7271841427396853,,0.0276502580257457,mols/page_0022.png,5,7.800228595733643,270.7317810058594,5579.18115234375,1.8159581422805786
426,[O][=N+1][Branch1][C][O-1][C][N][C][Branch1][=Branch1][N+1][=Branch1][C][=O][O-1],O=[N+]([O-])CNC[N+](=O)[O-],1.481790468830701,1.0245578949669936,0.8042867111469243,0.9104157013988062,-0.2066613321159026,,0.8007112988764117,mols/page_0022.png,6,8.445815086364746,307.10107421875,6697.41064453125,1.7250460386276245
427,[O][=N+1][Branch1][C][O-1][C][N][C][=N][N][=N][Ring1],N=NN=CNC[N+](=O)[O-],1.481790468830701,-0.573648142429222,-0.7519994020479347,-0.6432634254459371,-1.3299144826220224,,-0.7217087045598662,mols/page_0022.png,7,7.475774765014648,232.75645446777344,5003.24462890625,1.6156946420669556
428,[O][=N+1][Branch1][C][O-1][C][N][C][=N][C][Branch1][=Branch1][N+1][=Branch1][C][=O][O-1],O=[N+]([O-])CN=CNC[N+](=O)[O-],1.518091503851731,-0.1420649017909537,-0.4364117599058124,-0.1257768281778998,-1.3490426006808338,,-0.3298341567634348,mols/page_0022.png,8,7.73772668838501,247.83224487304688,5567.5234375,1.6138324737548828
429,[O][=N+1][Branch1][C][O-1][C][=N][C][Branch1][=Branch1][N+1][=Branch1][C][=O][O-1][C][Branch1][=Branch1],CC(N=C[N+](=O)[O-])[N+](=O)[O-],1.9996683620478215,-0.5292770552630306,-0.8170537560523854,-0.4750963906170004,-1.7402561464217836,,-0.7006468737178325,mols/page_0022.png,9,7.502706050872803,229.64877319335938,5186.61767578125,1.5757468938827515
430,[O][=N+1][Branch1][C][O-1][C][=N][C][Branch1][=Branch1][N+1][=Branch1][C][=O][O-1],O=[N+]([O-])C=NC[N+](=O)[O-],1.481790468830701,1.2140575308556785,1.0176933566378703,1.0609124534373016,0.0708047491401156,,0.9893831781623194,mols/page_0022.png,10,8.560832977294922,317.2956237792969,6861.515625,1.7520580291748047
431,[N][C][=C][Branch1][=Branch1][N+1][=Branch1][C][=O][O-1][C][=C][Branch1][=Branch1][N+1][=Branch1][C][=O][O-1][C][Branch1][Branch2][N][C][=C][N][=N][Ring1][Branch1][=C][Ring1][P][N+1][=Branch1][C][=O][O-1],Nc1c([N+](=O)[O-])cc([N+](=O)[O-])c(-n2ccnn2)c1[N+](=O)[O-],1.506423335035418,-0.98663259205539,-0.8267848384413359,-0.8533042973367766,-0.0648468044451306,,-0.8011607570034052,mols/page_0022.png,11,7.225111484527588,229.1839141845703,4774.21142578125,1.7388520240783691
432,[N][C][NH1][N][Branch1][N][N+1][=Branch1][C][=O][O-1],NCNN[N+](=O)[O-],1.467846708163529,-0.276235609124718,-0.5481008848836547,-0.1366196407647006,-1.5739391129987026,,-0.4181258911078437,mols/page_0022.png,12,7.6562910079956055,242.49679565429688,5555.7001953125,1.5919382572174072
433,[O][=N+1][Branch1][C][O-1][C][C][N][=N][C][=N][C][=C][Branch1][=Branch1][N+1][=Branch1][C][=O][O-1],O=[N+]([O-])C=CN=CN=NCC[N+](=O)[O-],1.6163039679725395,-1.2557329165868063,-1.44574460380877,-1.1176944650599936,-2.0884427532759453,,-1.3312914414504862,mols/page_0022.png,13,7.061779499053955,199.61587524414062,4485.91455078125,1.5418500900268555
434,[O][=N+1][Branch1][C][O-1][C][N][C][N][C][Branch1][=Branch1][N+1][=Branch1][C][=O][O-1],O=[N+]([O-])CNCNC[N+](=O)[O-],1.518091503851731,-0.3153281089457078,-0.6346358087083755,-0.128965100483922,-1.6053993017937211,,-0.4496169497864618,mols/page_0022.png,14,7.632563591003418,238.36297607421875,5564.046875,1.5888755321502686
435,[O][=N+1][Branch1][C][O-1][C][C][Branch1][=Branch1][N+1][=Branch1][C][=O][O-1][C][Branch1][=Branch1][C][N+1][=Branch1][C][Branch1][C][O-1][=N][C][Branch1][=Branch1],CN=C(C[N+][O-])C(C[N+](=O)[O-])[N+](=O)[O-],2.11630396797254,-0.1784878615317241,-0.6236510089921108,-0.0503835917526131,-1.830101116539645,,-0.4036982659859685,mols/page_0022.png,15,7.7156195640563965,238.88772583007812,5649.73388671875,1.5670002698898315
436,[O][=N+1][Branch1][C][O-1][C][C][=N][N][=N][Ring1][P][=N][C][Branch1][=Branch1][N+1][=Branch1][C][=O][O-1],N=NN=CC[N+](=O)[O-],1.4844996950521223,-0.2360872347104924,-0.509389926837317,-0.3939476957718676,-1.2139494250377691,,-0.4653433111994763,mols/page_0022.png,16,7.680659294128418,244.34603881835938,5275.10400390625,1.6269841194152832
437,[O][=N+1][Branch1][C][O-1][C][=N][C][N][=N][N][Branch1][=Branch1][N+1][=Branch1][C][=O][O-1],O=[N+]([O-])C=NCN=NN[N+](=O)[O-],1.5170246155449356,1.102112826585331,0.8379610794309457,0.9928755284506852,-0.2148557733200231,,0.8606831105523409,mols/page_0022.png,17,8.492887496948242,308.709716796875,6787.32666015625,1.7242482900619507
438,[N][C][Branch1][=Branch1][N+1][=Branch1][C][=O][O-1][N][C][Branch1][=Branch2][N+1][=Branch1][C][=N][O-1][C][Branch1][=Branch1][C][N+1][=Branch1][C][=Branch1][=O][O-1][N][=C][Ring2][Ring1][=Branch2],N=[N+]([O-])C1C[N+]([O-])N=CNC([N+](=O)[O-])N1,2.556601054988479,0.7779059042355159,0.5686523761341569,0.5512156293484164,-0.0866737492244862,,0.5484584469093361,mols/page_0022.png,18,8.29610824584961,295.8446960449219,6305.73095703125,1.7367271184921265
439,[O][=N+1][Branch1][C][O-1][C][N][C][Branch1][=Branch1][N+1][=Branch1][C][=O][O-1][C][Branch1][=Branch1][Ring1][=Branch1][N+1][=Branch1][N][=O][O-1],O=C1C([N+](=O)[O-])N1C[N+](=O)[O-],2.4580915038517306,1.046932380395084,1.0316953828188005,0.8079042387301621,0.5536265637637107,,0.898181292671907,mols/page_0022.png,19,8.459395408630371,317.9645080566406,6585.6298828125,1.799061894416809
440,[O][=N+1][Branch1][C][O-1][C][C][C][N][C][=N][N][=N][O][N+1][Branch1][C][O-1],O=[N+]([O-])CCCNC=NN=NO[N+][O-],1.5963039679725397,-1.1495020336829798,-1.3171745343643713,-0.9712103686583332,-2.061234073724905,,-1.2112766968476616,mols/page_0023.png,0,7.126256942749023,205.7577362060547,4645.64404296875,1.5444989204406738
441,[O][=N+1][Branch1][C][O-1][C][=C][C][Branch1][=Branch1][N+1][=Branch1][C][=O][O-1][=C][Branch1][=Branch2][N][C][=N][N][=N][NH1][Ring1][Branch1][C][Branch1][=Branch1][N+1][=Branch1][C][=O][O-1][=C][Ring2][Ring1][C],O=[N+]([O-])c1cc([N+](=O)[O-])c(Nc2nnn[nH]2)c([N+](=O)[O-])c1,1.486423335035418,-0.3483485442346151,-0.2514799895386271,-0.3582018792869189,0.4745340425719374,,-0.2457844809008844,mols/page_0023.png,1,7.612521648406982,256.6665344238281,5314.08203125,1.7913620471954346
442,[O][=N+1][Branch1][C][O-1][C][C][Branch1][=Branch1][N+1][=Branch1][C][=O][O-1],O=[N+]([O-])CC[N+](=O)[O-],1.4844996950521223,1.2052161523792833,0.9237830613258408,1.1773654427879254,-0.2995418700378607,,0.9732417935376652,mols/page_0023.png,2,8.555466651916504,312.8094787597656,6988.49853515625,1.7160038948059082
443,[O][=N+1][Branch1][C][O-1][C][C][C][Branch1][=Branch1][N+1][=Branch1][C][=O][O-1],O=[N+]([O-])CCC[N+](=O)[O-],1.501790468830701,-0.1549341590169914,-0.5531163930297667,-0.0163720700206453,-1.7881248098335405,,-0.3623739470033017,mols/page_0023.png,3,7.729915618896484,242.2572021484375,5686.82080078125,1.5710867643356323
444,[O][=N+1][Branch1][C][O-1][C][=C][C][Branch1][=Branch1][N+1][=Branch1][C][=O][O-1][=C][Branch2][Ring2][Branch1][N][C][N][=C][C][=C][N][Ring1][=Branch1][C][=C][Branch1][=Branch1][N+1][=Branch1][C][=O][O-1][C][=C][Branch1][=Branch1][N+1][=Branch1][C][=O][O-1][C][=C][Ring1][N][N+1][=Branch1][C][=O][O-1][C][Branch1][=Branch1][N+1][=Branch1][C][=O][O-1][=C][Ring2][Ring2][C],O=[N+]([O-])c1cc([N+](=O)[O-])c(NC2N=CC=CN2c2c([N+](=O)[O-])cc([N+](=O)[O-])cc2[N+](=O)[O-])c([N+](=O)[O-])c1,2.6251741350906634,-1.2557305597238753,-1.1168177287224508,-1.1251631720532724,-0.6041039756460576,,-1.1036127384974963,mols/page_0023.png,4,7.06178092956543,215.32888793945312,4477.7705078125,1.6863540410995483
445,[O][=N+1][Branch1][C][O-1][C][=N][C][=N][N][=C][Branch1][C][N][N][N][=N][N][=C][N][Branch1][=Branch1][N+1][=Branch1][C][=O][O-1][C][=C][Branch1][=Branch1][N+1][=Branch2][C][=C][C][=N][Branch1][=Branch1][N+1][Branch1][C][O-1],NC(=NN=CN=C[N+](=O)[O-])NN=NN=CN(C=C[N+]C=N[N+][O-])[N+](=O)[O-],2.0036858610047386,-0.5166521261608742,-0.572796081756687,-0.4773528097391978,-0.9144433337349837,,-0.5547475092485677,mols/page_0023.png,5,7.510368824005127,241.3170928955078,5184.1572265625,1.656141757965088
446,[O][=N+1][Branch1][C][O-1][O][C][C][Branch1][Branch2][C][O][N+1][=Branch1][C][=O][O-1][Branch1][Branch2][C][O][N+1][=Branch1][C][=O][O-1][C][O][N+1][=Branch1][C][=O][O-1],O=[N+]([O-])OCC(CO[N+](=O)[O-])(CO[N+](=O)[O-])CO[N+](=O)[O-],1.786423335035418,1.1591834768465044,0.9069580150840691,1.1259567908085883,-0.2444093953256191,,0.9424771497735168,mols/page_0023.png,6,8.52752685546875,312.0057373046875,6932.44140625,1.7213711738586426
447,[O][=N+1][Branch1][C][O-1][C][N][C][Branch1][=Branch1][N+1][=Branch1][C][=O][O-1][N+1][=Branch1][C][C@@H1][O-1],[CH][N+]([O-])C(NC[N+](=O)[O-])[N+](=O)[O-],2.037024615544936,1.4167163181109546,1.1698253263750948,1.3265743477544938,-0.0931991791672175,,1.1679452323065882,mols/page_0023.png,7,8.683837890625,324.56304931640625,7151.19921875,1.7360918521881104
448,[O][=N+1][Branch1][C][O-1][C][=N][N][=N][N][Branch1][=Branch1][N+1][=Branch1][C][=O][O-1][=C][Branch1][=Branch1][N+1][N][C][=C][C][=N][N][Branch1][Branch2][N][C][C][N][=N][N][=C][Ring1][Branch1][C],C=NN=NCCNN1N=C(N(N=NN=C[N+](=O)[O-])[N+](=O)[O-])[N+]NC1=CC,1.9436858610047385,-0.9601445951911518,-1.05643550805472,-0.7502613066867773,-1.4787160816482503,,-0.952121156651004,mols/page_0023.png,8,7.2411885261535645,218.21337890625,4886.57177734375,1.6012084484100342
449,[N][#C][C][N][Branch2][Ring1][=Branch1][C][C][Branch1][=Branch1][N+1][=Branch1][C][=O][O-1][Branch1][=Branch1][N+1][=Branch1][C][=O][O-1][N+1][=Branch1][C][=O][O-1][N+1][=Branch1][C][=O][O-1],N#CCN(CC([N+](=O)[O-])([N+](=O)[O-])[N+](=O)[O-])[N+](=O)[O-],1.6798833105991515,1.1238635289575964,0.9337418890534857,1.2295120544246114,-0.0781609346322797,,0.9983900828093872,mols/page_0023.png,9,8.506089210510254,313.28521728515625,7045.3603515625,1.7375558614730835
450,[N][C][=N][C][N][=N][NH1][C][Branch1][=Branch1][N+1][=Branch1][C][=O][O-1],NC=NCN=NNC[N+](=O)[O-],1.518091503851731,-1.0399039792712597,-1.1997374747865237,-0.9117311785088504,-1.8710390361953768,,-1.1117067385375237,mols/page_0023.png,10,7.19277811050415,211.36776733398438,4710.50146484375,1.5630148649215698
451,[O][=N+1][Branch1][C][O-1][C][C][=N][C][Branch1][=Branch1][N+1][=Branch1][C][=O][O-1][Branch1][=Branch1][N+1],[N+]C(N=CC[N+](=O)[O-])[N+](=O)[O-],2.018091503851731,0.7430777550782787,0.4644325316612618,0.6655205650119632,-0.5434134362856535,,0.513744454061105,mols/page_0023.png,11,8.274969100952148,290.8660583496094,6430.37158203125,1.6922624111175537
452,[O][=N+1][Branch1][C][O-1][C][=C][C][Branch1][=Branch1][N+1][=Branch1][C][=O][O-1][=C][Branch1][Ring1][C][O][C][Branch1][=Branch1][N+1][=Branch1][C][=O][O-1][=C][Ring1][=C],O=[N+]([O-])c1cc([N+](=O)[O-])c(CO)c([N+](=O)[O-])c1,1.558407953408093,-1.1398153270352145,-0.998108425548503,-1.0567344298942165,-0.3513902008006925,,-0.9923137301836852,mols/page_0023.png,12,7.132136344909668,220.99969482421875,4552.38671875,1.710956335067749
453,[C][Branch1][C][O-1][C][N][N][=N][N][N][=N][C][=N][N][Branch1][C][N][=N][C][Branch1][=Branch1][N+1][=Branch1][C][=O][O-1],NN(N=CN=NNN=NNCC[O-])NC[N+](=O)[O-],1.6798833105991515,-0.3986966357946588,-0.6535460184438308,-0.2942286581173182,-1.466097474862766,,-0.5273618742928263,mols/page_0023.png,13,7.581962585449219,237.45962524414062,5383.83984375,1.602436900138855
454,[C][C][=Branch1][C][=O][O][N][Branch2][Ring2][=C][C@@H1][Branch2][Ring1][=Branch1][C][C][Branch1][=Branch1][N+1][=Branch1][C][=O][O-1][Branch1][=Branch1][N+1][=Branch1][C][=O][O-1][N+1][=Branch1][C][=O][O-1][C][Branch1][=Branch1][N+1][=Branch1][C][=O][O-1][Branch1][=Branch1][N+1][=Branch1][C][=O][O-1][N+1][=Branch1][C][=O][O-1][N+1][=Branch1][C][=O][O-1],CC(=O)ON([C@@H](CC([N+](=O)[O-])([N+](=O)[O-])[N+](=O)[O-])C([N+](=O)[O-])([N+](=O)[O-])[N+](=O)[O-])[N+](=O)[O-],2.6825801340811584,1.4184462555025503,1.3525748300466849,1.2555564777199577,0.6428421341835868,,1.2592620758936506,mols/page_0023.png,14,8.684887886047363,333.2930908203125,7073.759765625,1.8077472448349
455,[N][C][N][C][Branch1][=Branch1][N+1][=Branch1][C][=O][O-1][N+1][=Branch1][C][=N][O-1][N][=C][Ring1][=Branch1],N=[N+]([O-])C(NCN)[N+](=O)[O-],1.979668362047822,0.3408539559755854,0.0827683965471968,0.3172286830422898,-0.7967137528729155,,0.1531256860603199,mols/page_0023.png,15,8.030837059020996,272.6337585449219,6050.58642578125,1.6676030158996582
456,[O][=N+1][Branch1][C][O-1][C][N][N][=N][N][N][=C][Branch1][=Branch1][N+1][=Branch1][C][=O][O-1][C][=C][C][Branch1][=Branch1][N+1][#N][N][=O][O-1],N#[N+]CC=CC(=NNN=NNC[N+](=O)[O-])[N+](=O)[O-],1.6998833105991515,-0.8834805577608569,-0.9840057825629606,-0.8271483740689306,-1.3277470945569756,,-0.9305056441642242,mols/page_0023.png,16,7.287720203399658,221.6733856201172,4802.732421875,1.6159056425094604
457,[O][=N+1][Branch1][C][O-1][C][C][Branch1][=Branch1][N+1][=Branch1][C][=O][O-1][C][Branch1][=Branch1][C][=N][O][N],NON=CCC(C[N+](=O)[O-])[N+](=O)[O-],2.076437499842364,-0.7538365984972001,-1.0200138218771369,-0.5504238017573172,-1.8523799066274764,,-0.8488701164592589,mols/page_0023.png,17,7.366408348083496,219.95326232910156,5104.47900390625,1.5648313760757446
458,[O][=C][Branch2][Ring1][#Branch1][O][C][C][Branch1][=Branch1][N+1][=Branch1][C][=O][O-1][Branch1][=Branch1][N+1][=Branch1][C][=O][O-1][N+1][=Branch1][C][=O][O-1][N][Branch2][Branch1][N][C][C][N][Branch2][Ring2][P][C][C][N][Branch2][Ring2][=Branch1][C][C][N][Branch2][Ring1][O][C][=Branch1][C][=O][O][C][C][Branch1][=Branch1][N+1][=Branch1][C][=O][O-1][Branch1][=Branch1][N+1][=Branch1][C][=O][O-1][N+1][=Branch1][C][=O][O-1][N+1][=Branch1][C][=O][O-1][N+1][=Branch1][C][=O][O-1][N+1][=Branch1][C][=O][O-1][N+1][=Branch1][C][=O][O-1],O=C(OCC([N+](=O)[O-])([N+](=O)[O-])[N+](=O)[O-])N(CCN(CCN(CCN(C(=O)OCC([N+](=O)[O-])([N+](=O)[O-])[N+](=O)[O-])[N+](=O)[O-])[N+](=O)[O-])[N+](=O)[O-])[N+](=O)[O-],3.131772261510376,0.6142154886868463,0.4533780987278366,0.4651788473554553,-0.1648613552862766,,0.4364838002672252,mols/page_0023.png,18,8.196755409240723,290.3379821777344,6211.91455078125,1.72911536693573
459,[O][=N+1][Branch1][C][O-1][N][C][C][Branch1][=Branch1][N+1][=Branch1][C][=O][O-1][Branch1][=Branch1][N+1][=Branch1][C][=O][O-1][C][C][Branch1][=Branch1][N+1][=Branch1][C][=O][O-1][Branch1][=Branch1][N+1][=Branch1][C][=O][O-1][C][Ring2][Ring1][C],O=[N+]([O-])N1CC([N+](=O)[O-])([N+](=O)[O-])CC([N+](=O)[O-])([N+](=O)[O-])C1,1.726423335035418,1.4244829670906631,1.3557012976135008,1.4723383961409735,0.6182833008318473,,1.3458097547156151,mols/page_0023.png,19,8.688551902770996,333.44244384765625,7310.1435546875,1.8053563833236694
460,[O][C][N][Branch1][=Branch1][N+1][=Branch1][C][=O][O-1][N][N][Branch1][=Branch1],NNN(CO)[N+](=O)[O-],1.4644996950521223,-0.2876561812689649,-0.4551989935467413,-0.3687204911504669,-1.0512410315173395,,-0.4383260933158472,mols/page_0024.png,0,7.649359226226807,246.9347686767578,5302.6123046875,1.6428241729736328
461,[O][=N+1][Branch1][C][O-1][C][C][=C][Branch1][=Branch1][N+1][=Branch1][C][=O][O-1][O][N][=Ring1][Branch2],O=[N+]([O-])c1cc([N+](=O)[O-])on1,1.3580915038517312,1.0952355005517107,1.1981896827229956,1.0543241036566129,1.126803970439136,,1.1077663343252353,mols/page_0024.png,1,8.488713264465332,325.91802978515625,6854.33154296875,1.854862093925476
462,[O][=N+1][Branch1][C][O-1][C][N][C][Branch1][=Branch1][N+1][=Branch1][C][=O][O-1][=C][N][Branch1][=Branch1][N+1],[N+]NC=C(NC[N+](=O)[O-])[N+](=O)[O-],1.5370246155449356,0.7079212163526096,0.5213330914709731,0.6027930985551931,-0.2576867901218352,,0.5226621373657895,mols/page_0024.png,2,8.253630638122559,293.584228515625,6361.97216796875,1.7200785875320435
463,[C][=N][O][=N+1][Branch1][C][O-1][C][=N][C][Branch1][=Branch1][N+1][=Branch1][C][=O][O-1],C=NO[N+]([O-])C=NC[N+](=O)[O-],1.518091503851731,0.3356358614456213,-0.0527327333520791,0.3297480253360776,-1.0937267356443814,,0.0932523185933784,mols/page_0024.png,3,8.027669906616211,266.1607971191406,6064.23779296875,1.638688087463379
464,[C][N][=C][Branch1][=Branch1][N+1][=Branch1][C][=O][O-1][N+1][=Branch1][C],CN=C([N+])[N+](=O)[O-],1.4878467081635287,-0.2951792877457696,-0.5946401497472713,-0.1622014959010409,-1.6007241110409818,,-0.4474078688377748,mols/page_0024.png,4,7.6447930335998535,240.27359008789062,5527.80517578125,1.5893306732177734
465,[/N+1][=C][Branch1][N][C][=N][N][Branch1][=Branch1][N+1][=Branch1][C][=O][O-1],[N+]=CC=NN[N+](=O)[O-],1.4844996950521223,-0.0580011003772605,-0.2320440170717682,-0.1473719995585497,-0.8162386131538033,,-0.2130839405010574,mols/page_0024.png,5,7.788749694824219,257.5950012207031,5543.9755859375,1.665702223777771
466,[C][O][N][=N][O][N][=C][Branch1][=Branch1][N+1][=Branch1][C][=O][O-1][N][=C][Branch1][N][N+1][=Branch1][C][=Branch1][C][=O],CON=NON=C(N=C[N+]O)[N+](=O)[O-],1.5763039679725397,0.4645531213054514,0.1607697376670694,0.3967344325095018,-0.6892957962457394,,0.2460949081223569,mols/page_0024.png,6,8.105916976928711,276.35992431640625,6137.28125,1.6780604124069214
467,[O][=N+1][Branch1][C][O-1][C][=C][C][Branch1][=Branch1][N+1][=Branch1][C][=O][O-1][=C][Branch2][Ring1][N][N][C][=N][C][=C][Branch1][=Branch1][N+1][=Branch1][C][=O][O-1][C][=C][Branch1][=Branch1][N+1][=Branch1][C][=O][O-1][C][=C][Ring1][N][Ring1][#C][C][Branch1][=Branch1][N+1][=Branch1][C][=O][O-1][=C][Ring2][Ring1][O],O=[N+]([O-])c1cc([N+](=O)[O-])c(-n2cnc3c([N+](=O)[O-])cc([N+](=O)[O-])cc32)c([N+](=O)[O-])c1,1.7025801340811582,-1.190077785908753,-0.9933925318872372,-1.1613008057106606,-0.0598789550779583,,-1.0163757972410576,mols/page_0024.png,7,7.101629257202148,221.2249755859375,4438.365234375,1.7393356561660767
468,[O][=N+1][Branch1][C][O-1][C][C][=N][N][C][Branch1][=Branch1][N+1][=Branch1][C][=O][O-1][N+1][=Branch1][C][O-1][C][N][C][Branch1][Ring1][N][C][=N][N],CNC(=NN)NC[N+]([O-])C(NN=CC[N+](=O)[O-])[N+](=O)[O-],2.263903847312421,-0.6064313201830421,-0.8225630850871669,-0.4482584815735825,-1.5226136493001503,,-0.6888133588770003,mols/page_0024.png,8,7.45587682723999,229.38558959960938,5215.88232421875,1.5969349145889282
469,[O][=C][Branch2][Ring1][#Branch1][N][C][C][Branch1][=Branch1][N+1][=Branch1][C][=O][O-1][Branch1][=Branch1][N+1][=Branch1][C][=O][O-1][N+1][=Branch1][C][=O][O-1][N][C][C][Branch1][=Branch1][N+1][=Branch1][C][=O][O-1][Branch1][=Branch1][N+1][=Branch1][C][=O][O-1][N+1][=Branch1][C][=O][O-1],O=C(NCC([N+](=O)[O-])([N+](=O)[O-])[N+](=O)[O-])NCC([N+](=O)[O-])([N+](=O)[O-])[N+](=O)[O-],2.0036858610047386,1.3713247092954972,1.354974301272872,1.0502778636907115,0.7638130010389764,,1.1780671982222746,mols/page_0024.png,9,8.65628719329834,333.40771484375,6849.91943359375,1.8195240497589111
470,[O][=N+1][Branch1][C][O-1][C][C][N][=N][N][=N][C][Branch1][=Branch1][N+1][=Branch1][C][=O][O-1],O=[N+]([O-])CCN=NN=NC[N+](=O)[O-],1.556437499842364,0.5939276125739595,0.3036372953376888,0.6505925546375444,-0.6359462125067792,,0.4210336275822519,mols/page_0024.png,10,8.184441566467285,283.1847839355469,6414.09375,1.6832541227340698
471,[C][C][Branch2][Ring1][N][C][N][Branch2][Ring1][C][C][C][Branch1][C][C][Branch1][=Branch1][N+1][=Branch1][C][=O][O-1][N+1][=Branch1][C][=O][O-1][N+1][=Branch1][C][=O][O-1][Branch1][=Branch1][N+1][=Branch1][C][=O][O-1][N+1][=Branch1][C][=O][O-1],CC(CN(CC(C)([N+](=O)[O-])[N+](=O)[O-])[N+](=O)[O-])([N+](=O)[O-])[N+](=O)[O-],1.8292669435287097,-0.0700698098276232,-0.3387205086693446,0.0857359329081497,-1.2723893094470116,,-0.1951421374056832,mols/page_0024.png,11,7.781424522399902,252.49900817871094,5798.16162109375,1.6212948560714722
472,[O][=N+1][Branch1][C][O-1][C][C][N][Branch1][=Branch1][N+1][=Branch1][C][=O][O-1],O=[N+]([O-])CCN[N+](=O)[O-],1.481790468830701,1.0010866826548577,0.6086537846269532,1.023831324028679,-1.009227989420302,,0.711044847489894,mols/page_0024.png,12,8.43156909942627,297.7555847167969,6821.08154296875,1.6469142436981201
473,[O][N][=N+1][Branch1][=Branch1][C][O-1][C][N][C][=N][N][Branch2][Branch1][Ring1],NN[N+](C[O-])=NO,1.467846708163529,-0.0901392833088733,-0.3303041525273307,-0.1095551494478492,-1.0841718604627089,,-0.2573501047844616,mols/page_0024.png,13,7.769243240356445,252.90106201171875,5585.2119140625,1.6396182775497437
474,[C][=N][O][N][=N][N][=C][Branch1][=Branch1][N+1][=Branch1][C][=O][O-1][C][C][Branch1][=Branch1][N+1][Branch1][C][O-1],C=NON=NN=C(CC[N+][O-])[N+](=O)[O-],1.5963039679725397,0.0674939945062787,-0.2039000594387328,0.0551038902623545,-1.2512346223217297,,-0.1371834223603446,mols/page_0024.png,14,7.864919662475586,258.939453125,5764.759765625,1.6233543157577515
475,[O][=N+1][Branch1][C][O-1][C][=N][N][=N][N][Branch1][=Branch1][N+1][=Branch1][C][=O][O-1][N+1][=Branch1][C][O-1][=C][N][Branch1][=Branch1][N][N+1][=Branch1][C],[N+]NNC[N+]([O-])N(N=NN=C[N+](=O)[O-])[N+](=O)[O-],1.6184079534080928,1.862188552003549,1.726638084263738,1.862119462656978,0.3977129930528544,,1.6818257434348984,mols/page_0024.png,15,8.954219818115234,351.16229248046875,7735.16943359375,1.7838833332061768
476,[O][=N+1][Branch1][C][O-1][C][=C][C][Branch1][=Branch1][N+1][=Branch1][C][=O][O-1][=C][Branch2][Ring2][#C][C][=N][C][=C][Branch1][=Branch1][N+1][=Branch1][C][=O][O-1][C][Branch2][Ring1][N][C][=C][Branch1][=Branch1][N+1][=Branch1][C][=O][O-1][C][=C][Branch1][=Branch1][N+1][=Branch1][C][=O][O-1][C][=C][Ring1][N][N+1][=Branch1][C][=O][O-1][=N][Ring2][Ring1][Branch2][C][Branch1][=Branch1][N+1][=Branch1][C][=O][O-1][=C][Ring2][Ring2][Ring2],O=[N+]([O-])c1cc([N+](=O)[O-])c(-c2ncc([N+](=O)[O-])c(-c3c([N+](=O)[O-])cc([N+](=O)[O-])cc3[N+](=O)[O-])n2)c([N+](=O)[O-])c1,2.1277737172742675,-0.8125232711082886,-0.6751121924026283,-0.8509596633768984,0.2810536365799675,,-0.6841873675704918,mols/page_0024.png,16,7.3307881355285645,236.4293975830078,4776.76806640625,1.7725262641906738
477,[O][=C][Branch2][Ring1][#Branch1][O][C][C][Branch1][=Branch1][N+1][=Branch1][C][=O][O-1][Branch1][=Branch1][N+1][=Branch1][C][=O][O-1][N+1][=Branch1][C][=O][O-1][N][Branch2][Ring2][#C][C][N][Branch2][Ring2][Branch1][C][N][Branch2][Ring1][O][C][=Branch1][C][=O][O][C][C][Branch1][=Branch1][N+1][=Branch1][C][=O][O-1][Branch1][=Branch1][N+1][=Branch1][C][=O][O-1][N+1][=Branch1][C][=O][O-1][N+1][=Branch1][C][=O][O-1][N+1][=Branch1][C][=O][O-1][N+1][=Branch1][C][=O][O-1],O=C(OCC([N+](=O)[O-])([N+](=O)[O-])[N+](=O)[O-])N(CN(CN(C(=O)OCC([N+](=O)[O-])([N+](=O)[O-])[N+](=O)[O-])[N+](=O)[O-])[N+](=O)[O-])[N+](=O)[O-],2.742240083696136,1.1228972151557512,1.1443210426256072,0.6383177062593589,0.8716754558964418,,0.9092991925387276,mols/page_0024.png,17,8.505502700805664,323.3446960449219,6400.708984375,1.8300247192382812
478,[O][=N+1][Branch1][C][O-1][O][C][C][C][N][Branch2][Ring1][=Branch1][C][C][Branch1][=Branch1][N+1][=Branch1][C][=O][O-1][Branch1][=Branch1][N+1][=Branch1][C][=O][O-1][N+1][=Branch1][C][=O][O-1][N+1][=Branch1][C][=O][O-1],O=[N+]([O-])OCCCN(CC([N+](=O)[O-])([N+](=O)[O-])[N+](=O)[O-])[N+](=O)[O-],1.8292669435287097,1.0467061215536766,0.8142538437536799,1.0797331114460254,-0.2595676421376047,,0.8711764716914888,mols/page_0024.png,18,8.459258079528809,307.57720947265625,6882.0380859375,1.7198954820632935
479,[N][C][=N][O][C][Branch1][=Branch1][N+1][=Branch1][C][=O][O-1][C][Branch1][=Branch1],CC(ON=CN)[N+](=O)[O-],2.001790468830701,-2.0885689288000604,-2.099691547196598,-1.771200281792649,-2.888572629648456,,-2.04440249468107,mols/page_0024.png,19,6.5562849044799805,168.37648010253906,3773.3173828125,1.4639555215835571
480,[O][=N+1][Branch1][C][O-1][C][=C][C][Branch1][=Branch1][N+1][=Branch1][C][=O][O-1],O=[N+]([O-])C=CC[N+](=O)[O-],1.501790468830701,-0.0644659753978981,-0.367497234206943,-0.1183609605290186,-1.277272667415038,,-0.2830624533543215,mols/page_0025.png,0,7.784825801849365,251.12432861328125,5575.60986328125,1.6208194494247437
481,[C][C][Branch2][Ring2][=Branch1][C][O][C][=Branch1][C][=O][N][Branch2][Ring1][#Branch1][C][C][C][Branch1][=Branch1][N+1][=Branch1][C][=O][O-1][Branch1][=Branch1][N+1][=Branch1][C][=O][O-1][N+1][=Branch1][C][=O][O-1][N+1][=Branch1][C][=O][O-1][Branch1][=Branch1][N+1][=Branch1][C][=O][O-1][N+1][=Branch1][C][=O][O-1],CC(COC(=O)N(CCC([N+](=O)[O-])([N+](=O)[O-])[N+](=O)[O-])[N+](=O)[O-])([N+](=O)[O-])[N+](=O)[O-],2.09260284350746,0.4962105041990729,0.3615772427099684,0.3511676626234745,-0.247522107450675,,0.3301617910315826,mols/page_0025.png,1,8.125131607055664,285.9526062011719,6087.59423828125,1.7210681438446045
482,[C][C][C][Branch2][Ring1][=N][C][C][C][=Branch1][C][=O][O][C][C][Branch1][=Branch1][N+1][=Branch1][C][=O][O-1][Branch1][=Branch1][N+1][=Branch1][C][=O][O-1][N+1][=Branch1][C][=O][O-1][Branch1][=Branch1][N+1][=Branch1][C][=O][O-1][N+1][=Branch1][C][=O][O-1],CCC(CCC(=O)OCC([N+](=O)[O-])([N+](=O)[O-])[N+](=O)[O-])([N+](=O)[O-])[N+](=O)[O-],1.9596423657706596,-0.559747364860239,-0.6923630234080459,-0.5786198610681741,-1.1528437757598222,,-0.659759919070323,mols/page_0025.png,2,7.4842119216918945,235.60531616210938,5073.7333984375,1.6329329013824463
483,[N][=N+1][Branch1][C][O-1][C][N][C][=N][N][Branch1][=Branch1][N+1][=Branch1][C][=O][O-1],N=[N+]([O-])CNC=NN[N+](=O)[O-],1.498091503851731,0.3685235267893969,0.0872428098773927,0.3480783521404342,-1.0290136709768145,,0.1502715579251897,mols/page_0025.png,3,8.04763126373291,272.8475036621094,6084.2255859375,1.6449880599975586
484,[Branch2][=N+1][Branch1][C][=N][N][C][Branch1][=Branch1][N+1][=Branch1][C][=O][O-1][N+1][=Branch1][C],[N+]C(N[N+]N)[N+](=O)[O-],1.9644996950521223,1.1212222712325528,0.9505062457940624,1.1599701037047732,-0.2507156374357835,,0.9568486069949848,mols/page_0025.png,4,8.504486083984375,314.0860595703125,6969.5302734375,1.720757246017456
485,[=Ring1][O-1][N+1][=Branch1][C][=O][NH1][N][O][=N+1][Branch1][C][O-1][C][=Branch1][=Branch1][=Branch1][N+1][=Branch1][C][N][C][N+1][=Branch1][C],[N+]CC(CN)[N+]([O-])ONN[N+](=O)[O-],2.056437499842364,-0.0652751650043213,-0.3486547411780841,0.1390082912551362,-1.511011388330479,,-0.1989802988765947,mols/page_0025.png,5,7.784334659576416,252.02444458007812,5856.2509765625,1.5980644226074219
486,[O][=N+1][Branch1][C][O-1][C][N][=N][N][=C][Branch1][=Branch1][N+1][=Branch1][C][=O][O-1][=C][Branch1][=Branch1][N][C][=N][N][Branch1][=Branch1][N+1][Branch1][C][O-1][=C][N][=N][Ring1][=N][C][Branch1][=Branch1][N+1][N+1][C][O-1][=C][Branch1][N+1][=Branch1][C][O-1][C][Branch1][=Branch1][C][N][C][=N][O][N+1][=Branch1][C][N+1][=Branch1][C][Branch2][O-1][N][C][=N][Ring1][Branch1],C=[N+]([O-])NN=CNC(N=N)C(=NN=NC[N+](=O)[O-])[N+](=O)[O-],2.2864233350354186,-0.0721878439819115,-0.1498007992368041,-0.0944560828907195,-0.7192265682649142,,-0.1652022507874582,mols/page_0025.png,6,7.780138969421387,261.5238037109375,5601.67626953125,1.6751465797424316
487,[O][=N+1][Branch1][C][O-1][C][N][C][=N][N][=N][O],O=[N+]([O-])CNC=NN=NO,1.4796683620478217,0.012579088206295,-0.1706371020891269,-0.1115545365049263,-0.8019252803332766,,-0.1643288461060061,mols/page_0025.png,7,7.8315887451171875,260.5284423828125,5583.03173828125,1.66709566116333
488,[O][=N+1][Branch1][C][O-1][C][=C][C][Branch1][=Branch1][N+1][=Branch1][C][=O][O-1][=C][Branch2][Ring1][#Branch1][C][C][C][Branch1][=Branch1][N+1][=Branch1][C][=O][O-1][Branch1][=Branch1][N+1][=Branch1][C][=O][O-1][N+1][=Branch1][C][=O][O-1][C][Branch1][=Branch1][N+1][=Branch1][C][=O][O-1][=C][Ring2][Ring1][Branch2],O=[N+]([O-])c1cc([N+](=O)[O-])c(CCC([N+](=O)[O-])([N+](=O)[O-])[N+](=O)[O-])c([N+](=O)[O-])c1,1.888008446729712,0.2016324913799815,0.1590218800326583,0.2432603177515203,0.0629213342458945,,0.1937598533783575,mols/page_0025.png,8,7.946335792541504,276.27642822265625,5969.9296875,1.7512905597686768
489,[O][=N+1][Branch1][C][O-1][C][C][C][N][Branch1][=Branch1][N+1][=Branch1][C][=O][O-1][N][=C][Ring1][=C][N+1][=Branch1][C][=N][O-1][Branch1][=Branch1][N+1][#N][C][=N][N][=C][Branch1][=Branch1][N+1][N+1][=Branch1][C][O-1][=Branch1][C][=O][O][C][Branch1][=Branch1][N+1][O][C][Branch1],N=[N+]([O-])C=NN(CCC[N+](=O)[O-])[N+](=O)[O-],1.616601054988479,0.3398357911892509,0.0312883674494662,0.4685166818735858,-1.2158890536790312,,0.1585988070412105,mols/page_0025.png,9,8.030219078063965,270.1745300292969,6215.55419921875,1.6267952919006348
490,[O][=C][Branch2][Ring1][#Branch1][O][C][C][Branch1][=Branch1][N+1][=Branch1][C][=O][O-1][Branch1][=Branch1][N+1][=Branch1][C][=O][O-1][N+1][=Branch1][C][=O][O-1][C][=Branch1][C][=O][O][C][C][Branch1][=Branch1][N+1][=Branch1][C][=O][O-1][Branch1][=Branch1][N+1][=Branch1][C][=O][O-1][N+1][=Branch1][C][=O][O-1],O=C(OCC([N+](=O)[O-])([N+](=O)[O-])[N+](=O)[O-])C(=O)OCC([N+](=O)[O-])([N+](=O)[O-])[N+](=O)[O-],2.09260284350746,0.7227568828843534,0.8044368378077746,0.0240751047425235,0.9970986521329106,,0.4911383372833324,mols/page_0025.png,10,8.262635231018066,307.1082458496094,5730.92529296875,1.8422349691390991
491,[O][=N+1][Branch1][C][O-1][C][=C][C][Branch1][=Branch1][N+1][=Branch1][C][=O][O-1][=C][Branch2][Branch1][O][C][=C][Branch1][=Branch1][N+1][=Branch1][C][=O][O-1][C][=C][Branch1][=Branch1][N+1][=Branch1][C][=O][O-1][C][Branch2][Ring1][N][C][=C][Branch1][=Branch1][N+1][=Branch1][C][=O][O-1][C][=C][Branch1][=Branch1][N+1][=Branch1][C][=O][O-1][C][=C][Ring1][N][N+1][=Branch1][C][=O][O-1][=C][Ring2][Ring1][O][N+1][=Branch1][C][=O][O-1][C][Branch1][=Branch1][N+1][=Branch1][C][=O][O-1][=C][Ring2][Ring2][#Branch2],O=[N+]([O-])c1cc([N+](=O)[O-])c(-c2c([N+](=O)[O-])cc([N+](=O)[O-])c(-c3c([N+](=O)[O-])cc([N+](=O)[O-])cc3[N+](=O)[O-])c2[N+](=O)[O-])c([N+](=O)[O-])c1,2.4666226336239,-0.6009571132145402,-0.4223860967612592,-0.6698241518267948,0.5034313255928639,,-0.4734223306653813,mols/page_0025.png,11,7.45919942855835,248.50225830078125,4974.2822265625,1.7941752672195435
492,[C][C][Branch2][Branch1][=Branch2][C][N][Branch2][Ring2][#C][C][C][C][Branch2][Ring1][=N][C][C][N][Branch2][Ring1][C][C][C][Branch1][C][C][Branch1][=Branch1][N+1][=Branch1][C][=O][O-1][N+1][=Branch1][C][=O][O-1][N+1][=Branch1][C][=O][O-1][Branch1][=Branch1][N+1][=Branch1][C][=O][O-1][N+1][=Branch1][C][=O][O-1][N+1][=Branch1][C][=O][O-1][Branch1][=Branch1][N+1][=Branch1][C][=O][O-1][N+1][=Branch1][C][=O][O-1],CC(CN(CCC(CCN(CC(C)([N+](=O)[O-])[N+](=O)[O-])[N+](=O)[O-])([N+](=O)[O-])[N+](=O)[O-])[N+](=O)[O-])([N+](=O)[O-])[N+](=O)[O-],2.505174135090663,-0.3388307460969283,-0.5538255019384642,-0.1164032180399837,-1.3676319330059612,,-0.4064885425254377,mols/page_0025.png,12,7.618298530578613,242.22332763671875,5577.74462890625,1.6120227575302124
493,[O][=N+1][Branch1][C][O-1][C][=C][C][Branch1][=Branch1][N+1][=Branch1][C][=O][O-1][=C][Branch2][Branch1][=Branch1][C][=C][C][Branch1][=Branch1][N+1][=Branch1][C][=O][O-1][=C][Branch2][Ring1][N][C][=C][Branch1][=Branch1][N+1][=Branch1][C][=O][O-1][C][=C][Branch1][=Branch1][N+1][=Branch1][C][=O][O-1][C][=C][Ring1][N][N+1][=Branch1][C][=O][O-1][C][Branch1][=Branch1][N+1][=Branch1][C][=O][O-1][=C][Ring2][Ring1][O][C][Branch1][=Branch1][N+1][=Branch1][C][=O][O-1][=C][Ring2][Ring2][#Branch1],O=[N+]([O-])c1cc([N+](=O)[O-])c(-c2cc([N+](=O)[O-])c(-c3c([N+](=O)[O-])cc([N+](=O)[O-])cc3[N+](=O)[O-])c([N+](=O)[O-])c2)c([N+](=O)[O-])c1,2.326550083696136,-0.9375234247762486,-0.7552763156940283,-0.986898728242812,0.2102620892260204,,-0.796933217492092,mols/page_0025.png,13,7.254918575286865,232.59991455078125,4628.537109375,1.765634536743164
494,[N][C][=C][Branch1][=Branch1][N+1][=Branch1][C][=O][O-1][C][=C][Branch1][=Branch1][N+1][=Branch1][C][=O][O-1][C][Branch2][Ring1][S][N][C][=C][Branch1][=Branch1][N+1][=Branch1][C][=O][O-1][C][=C][Branch1][=Branch1][N+1][=Branch1][C][=O][O-1][C][Branch1][C][N][=C][Ring1][=N][N+1][=Branch1][C][=O][O-1][=C][Ring2][Ring1][=N][N+1][=Branch1][C][=O][O-1],Nc1c([N+](=O)[O-])cc([N+](=O)[O-])c(Nc2c([N+](=O)[O-])cc([N+](=O)[O-])c(N)c2[N+](=O)[O-])c1[N+](=O)[O-],1.999426144623208,-0.4651193181673487,-0.3081984808447539,-0.4590690532044797,0.4979002002313856,,-0.327167051011679,mols/page_0025.png,14,7.541646957397461,253.95706176757812,5204.09423828125,1.7936367988586426
495,[O][=N+1][Branch1][C][O-1][C][C][=N][C][Branch1][=Branch1][N+1][=Branch1][C][=O][O-1][C][=N][C][=N][Ring1][N][N],N=CN=CC(N=CC[N+](=O)[O-])[N+](=O)[O-],2.11630396797254,-1.3601906529452965,-1.4517573362850411,-1.3335279620281792,-1.846477753817575,,-1.4210459575006136,mols/page_0025.png,15,6.998378276824951,199.32864379882812,4250.56494140625,1.5654059648513794
496,[NH1][N][C][Branch2][Ring1][#Branch1][N][N][N][=N][C][=N][N][=C][Branch1][Ring1][N+1][=Branch1][C][=O][O-1],[NH]NCNNN=NC=NN=C([O-])[N+]=O,1.5763039679725397,-0.5821917705552925,-0.741689533468642,-0.6079586831493916,-1.2220740689991167,,-0.696361206165652,mols/page_0025.png,16,7.4705891609191895,233.24896240234375,5041.74169921875,1.6261931657791138
497,[O][=N+1][Branch1][C][O-1][C][C][N][C][Branch1][=Branch1][N+1][=Branch1][C][=O][O-1],O=[N+]([O-])CCNC[N+](=O)[O-],1.4996683620478215,-0.1367006817592472,-0.5361776338278615,0.0024673952123555,-1.7633222983886123,,-0.3435648506506962,mols/page_0025.png,17,7.740982532501221,243.06637573242188,5707.36376953125,1.5735013484954834
498,[C][O][C][=C][Branch1][=Branch1][N+1][=Branch1][C][=O][O-1][C][=C][Branch1][=Branch1][N+1][=Branch1][C][=O][O-1][C][=C][Ring1][N][N+1][=Branch1][C][=O][O-1],COc1c([N+](=O)[O-])cc([N+](=O)[O-])cc1[N+](=O)[O-],1.558407953408093,-1.235731792130565,-1.157209466533458,-1.1336725454565504,-0.8366953278513581,,-1.1353738656337615,mols/page_0025.png,18,7.073919296264648,213.39935302734375,4468.49169921875,1.6637107133865356
499,[O][=C][Branch2][=Branch1][P][C][C][C][Branch2][Branch1][#C][C][C][Branch2][Ring2][=C][C][C][Branch2][Ring1][=N][C][C][C][=Branch1][C][=O][O][C][C][Branch1][=Branch1][N+1][=Branch1][C][=O][O-1][Branch1][=Branch1][N+1][=Branch1][C][=O][O-1][N+1][=Branch1][C][=O][O-1][Branch1][=Branch1][N+1][=Branch1][C][=O][O-1][N+1][=Branch1][C][=O][O-1][Branch1][=Branch1][N+1][=Branch1][C][=O][O-1][N+1][=Branch1][C][=O][O-1][Branch1][=Branch1][N+1][=Branch1][C][=O][O-1][N+1][=Branch1][C][=O][O-1][O][C][C][Branch1][=Branch1][N+1][=Branch1][C][=O][O-1][Branch1][=Branch1][N+1][=Branch1][C][=O][O-1][N+1][=Branch1][C][=O][O-1],O=C(CCC(CC(CC(CCC(=O)OCC([N+](=O)[O-])([N+](=O)[O-])[N+](=O)[O-])([N+](=O)[O-])[N+](=O)[O-])([N+](=O)[O-])[N+](=O)[O-])([N+](=O)[O-])[N+](=O)[O-])OCC([N+](=O)[O-])([N+](=O)[O-])[N+](=O)[O-],3.381060192991936,0.4605747366773667,0.3785728583919403,0.3102883694929867,-0.0856500563304867,,0.3253372409314727,mols/page_0025.png,19,8.10350227355957,286.7644958496094,6043.0185546875,1.736826777458191
500,[=N+1][C][N][=C][Branch1][=Branch1][N+1][=Branch1][C][=O][O-1][C][=Branch1][N][=N][NH1][N][Ring1][=N],O=[N+]([O-])C1=NC[N+]NNN=C1,1.458091503851731,0.2053689047471162,0.085594610792312,-0.0621081049251664,-0.0777237834801771,,0.0401252585667728,mols/page_0026.png,0,7.948603630065918,272.7687683105469,5636.94921875,1.7375984191894531
501,[O][=N+1][Branch1][C][O-1][C][=N][N][=N][C][=C][Branch1][=Branch1][N+1][=Branch1][C][=O][O-1][C][Branch1][=Branch1][N+1][N][C][=O][O-1],O=CN[N+]CC(=CN=NN=C[N+](=O)[O-])[N+](=O)[O-],1.678407953408093,-0.577871640802165,-0.7444806116867496,-0.6157081551336642,-1.149297586021757,,-0.69180108377787,mols/page_0026.png,1,7.473211288452148,233.11563110351562,5033.29150390625,1.6332781314849854
502,[O][=N+1][Branch1][C][O-1][C][N][=N][C][Branch1][=Branch1][N+1][=Branch1][C][=O][O-1],O=[N+]([O-])CN=NC[N+](=O)[O-],1.4796683620478217,1.0255650610596485,0.801144911495596,1.0026100581783,-0.1705467692896735,,0.8406668394811637,mols/page_0026.png,2,8.446426391601562,306.95098876953125,6797.94140625,1.7285618782043457
503,[O][=C][C][=C][Branch1][=Branch1][N+1][=Branch1][C][=O][O-1][C][=C][Branch1][=Branch1][N+1][=Branch1][C][=O][O-1][C][=C][Ring1][N][N+1][=Branch1][C][=O][O-1],O=Cc1c([N+](=O)[O-])cc([N+](=O)[O-])cc1[N+](=O)[O-],1.558407953408093,-1.0710004287872248,-0.9336823675906324,-1.118472725912222,-0.3108477988540061,,-0.9796445693447536,mols/page_0026.png,3,7.173903942108154,224.07736206054688,4485.06591796875,1.7149032354354858
504,[NH1][C][N][Branch1][C][O][C][Branch1][=Branch1][N+1][=Branch1][C][=O][O-1][C][Branch1][=Branch1],CC(N(O)C[NH])[N+](=O)[O-],2.001790468830701,-1.9058224908306125,-2.023523029012809,-1.5309971000718876,-3.0511487757615265,,-1.8998500975657635,mols/page_0026.png,4,6.667203903198242,172.0150909423828,4035.240234375,1.448128342628479
505,[#Branch2][O-1][N][=N][#C][C][=N][O][\N+1][=Branch1][Branch1],[N+]ON=CCN=N[O-],1.4844996950521223,-0.1354491875427111,-0.3769456312876965,-0.1336333222241301,-1.1593312457985894,,-0.2974851581771129,mols/page_0026.png,5,7.741742134094238,250.6729736328125,5558.95654296875,1.6323013305664062
506,[N][O][=N+1][Branch1][C][O-1][C][C][N][C][Branch1][=Branch1][N+1][=Branch1][C][=O][O-1][N][=N][O][N+1][=Branch1][C][NH1][O-1][N+1][=Branch1][C][=C][Branch1][=Branch1][N+1][=O][O-1][N][N][=C][Branch1][=Branch1][C][=O],[NH][N+]([O-])ON=NC(NCC[N+]([O-])ON)[N+](=O)[O-],2.138407953408093,0.3996168338214535,0.0944904139937651,0.4040428303053709,-0.9585221293154866,,0.1892917311444044,mols/page_0026.png,6,8.066503524780273,273.1937255859375,6145.25048828125,1.6518505811691284
507,[C][C][=C][Branch1][=Branch1][N+1][=Branch1][C][=O][O-1][C][=C][Branch1][=Branch1][N+1][=Branch1][C][=O][O-1][C][Branch1][C][O][=C][Ring1][=N][N+1][=Branch1][C][=O][O-1],Cc1c([N+](=O)[O-])cc([N+](=O)[O-])c(O)c1[N+](=O)[O-],1.558407953408093,-1.1699399634024945,-1.012325739749461,-1.0701086053105038,-0.3839891867146339,,-1.0120087865836538,mols/page_0026.png,7,7.113852024078369,220.32052612304688,4537.80322265625,1.7077827453613281
508,[C][=N+1][Branch1][N][C][=N][N][=C][N][N][N][O],C=[N+]C=NN=CNNNO,1.4996683620478215,-2.6688073707270683,-2.616161438293617,-2.297890776389054,-3.1141499712116163,,-2.5518135099319545,mols/page_0026.png,8,6.204105854034424,143.70443725585938,3199.00244140625,1.4419950246810913
509,[P][N][\N+1][/C][=N][=N+1][C][O-1][N][N][C][C][=N][O][N+1][Branch1][C][O-1][C],[O-]C[N+]N=C[N+]NP,1.9844996950521223,-1.1948032960860693,-1.324196948489468,-1.1785340444321866,-1.9066344054964195,,-1.2918271194664008,mols/page_0026.png,9,7.098761081695557,205.42227172851562,4419.57373046875,1.5595495700836182
510,[O][=N+1][Branch1][C][O-1][C][C][C][=N][N][Branch1][=Branch1][N+1][=Branch1][C][=O][O-1],O=[N+]([O-])CCC=NN[N+](=O)[O-],1.518091503851731,-0.4349766125175951,-0.6963777936212977,-0.2502412472795129,-1.7287910309115953,,-0.5558142035376878,mols/page_0026.png,10,7.559942245483398,235.4135284423828,5431.8046875,1.5768630504608154
511,[=N+1][Branch1][C][O-1][N][=N][N][Branch1][C][O-1][C][=N][N][Branch2][Ring1][#C][C][=C][Branch1][=Branch1][N+1][=Branch1][C][=O][O-1][N+1][=Branch1][C],[N+]C(=CNN=CN([O-])N=N[N+][O-])[N+](=O)[O-],1.596601054988479,1.060474914798505,0.9208482448154296,0.8737084775204546,0.2110237363313646,,0.865916554544802,mols/page_0026.png,11,8.467615127563477,312.6692810058594,6657.38427734375,1.7657086849212646
512,[O][=N+1][Branch1][C][O-1][C][N][N][=N][N][Branch1][=Branch1][N+1][=Branch1][C][=O][O-1][N+1][=Branch1][C][Branch2][O-1][N+1][=Branch1][=Branch1][C][=O],O=C[N+]N(N=NNC[N+](=O)[O-])[N+](=O)[O-],1.5563039679725397,1.2249650925018725,1.1341935619683263,0.9628444213996488,0.2019158084060435,,0.9951190130180136,mols/page_0026.png,12,8.567453384399414,322.86090087890625,6754.580078125,1.764822006225586
513,[N][N][Branch1][=Branch1][N+1][=Branch1][C][=O][O-1][C][Branch1][=Branch1][N+1][N+1][=Branch1][C][O-1][C][Branch1][N][C][=N][N][=C][Branch1][=Branch1][N+1][=Branch2][C][=N][O][N+1][=Branch1][C][=N][O-1][C][Branch1][C][C][C][Branch1][=Branch1][C][Branch1][=Branch1][=Branch1][N+1][=Branch1],[N+]C(C=NN=C[N+]O[N+](=N)[O-])C([N+][N+][O-])N(N)[N+](=O)[O-],2.743903847312421,0.993543150032648,0.8042298546668576,0.9055043291161586,-0.1744750070934419,,0.7941974821119957,mols/page_0026.png,13,8.426990509033203,307.0983581542969,6692.05517578125,1.7281794548034668
514,[N][=N+1][Branch1][C][O-1][C][=C][N][=N][C][Branch1][=Branch1][N+1][=Branch1][C][=O][O-1][C][Branch2][Ring2][Ring1][N][C][=C][N][Branch1][=Branch1][N+1][N][C][=O][N][C][Branch1][=Branch1][N][N+1][=Branch1][C][Cl][O-1][C][Branch1][=Branch1][C],N=[N+]([O-])C=CN=NC(CNC=CN([N+]NC=O)C([O-])N[N+]Cl)[N+](=O)[O-],2.959642365770659,-1.5426118438302208,-1.5579396875755207,-1.5637169685079677,-1.5086958341886691,,-1.5514942536734897,mols/page_0026.png,14,6.8876566886901855,194.25625610351562,3999.561767578125,1.5982898473739624
515,[O][=N+1][Branch1][C][O-1][C][=C][N][Branch1][=Branch1][N+1][=Branch1][C][=O][O-1][C][Branch1][=Branch1][N+1][C][O-1],O=[N+]([O-])C=CN(C[N+]C[O-])[N+](=O)[O-],1.576437499842364,-0.0553512008214687,-0.3356767704752101,0.0606417222298512,-1.343614334413968,,-0.207861737373626,mols/page_0026.png,15,7.790358066558838,252.6444091796875,5770.79833984375,1.6143609285354614
516,[N][=N+1][Branch1][C][O-1][C][C][N][C][N][Branch1][=Branch1][N+1][=Branch1][C][=O][O-1],N=[N+]([O-])CCNCN[N+](=O)[O-],1.518091503851731,-0.5051254951847174,-0.8640497892671,-0.3011183712774949,-2.1679809972110387,,-0.6795392693450562,mols/page_0026.png,16,7.517364978790283,227.40374755859375,5376.3271484375,1.5341068506240845
517,[O][=N+1][Branch1][C][O-1][C][N][N][=C][Branch1][=Branch1][N+1][=Branch1][C][=O][O-1][=C][Ring1][N],CC(=NNC[N+](=O)[O-])[N+](=O)[O-],1.518091503851731,-0.2081434821756695,-0.4210509277349729,-0.2916852049293679,-1.2438655029005703,,-0.3983592347394649,mols/page_0026.png,17,7.697619915008545,248.5660400390625,5386.61328125,1.624071717262268
518,[O][=N+1][Branch1][C][O-1][C][C][Branch1][=Branch1][N+1][=Branch1][C][=O][O-1][=C][Branch1][=Branch1][N+1][C][=O][O-1][C][Branch1][=Branch1],O=C[N+]C=C(C[N+](=O)[O-])[N+](=O)[O-],1.5570246155449357,-0.1939559529500414,-0.3980598281718062,-0.3522829771322839,-1.0218600658491286,,-0.3911031427182883,mols/page_0026.png,18,7.706231117248535,249.66433715820312,5320.5361328125,1.6456844806671143
519,[C][C][=N][N][Branch1][=Branch1][N+1][=Branch1][C][=O][O-1],CC=NN[N+](=O)[O-],1.4878467081635287,-1.2857939176549409,-1.4211857986042125,-1.0532076275512066,-2.398485779211345,,-1.3378765580064054,mols/page_0026.png,19,7.043533802032471,200.7890625,4556.232421875,1.5116666555404663
520,[=N+1][Branch1][C][O-1][C][=N][C][=N][C][Branch1][=Branch1][N+1][=Branch1][C][=O][O-1],O=[N+]([O-])CN=CN=C[N+][O-],1.4996683620478215,-0.0636583570334291,-0.3556030502280378,-0.1077304009019165,-1.2333089760594584,,-0.2712384097820792,mols/page_0027.png,0,7.785315990447998,251.69252014160156,5587.20166015625,1.6250994205474854
521,[O][=N+1][Branch1][C][O-1][O][C][C][N][Branch2][Branch1][=N][C][=C][Branch1][=Branch1][N+1][=Branch1][C][=O][O-1][C][=C][Branch1][=Branch1][N+1][=Branch1][C][=O][O-1][C][Branch2][Ring1][=C][/C][=C][/C][=C][Branch1][=Branch1][N+1][=Branch1][C][=O][O-1][C][=C][Branch1][=Branch1][N+1][=Branch1][C][=O][O-1][C][=C][Ring1][N][N+1][=Branch1][C][=O][O-1][=C][Ring2][Ring1][=N][N+1][=Branch1][C][=O][O-1][N+1][=Branch1][C][=O][O-1],O=[N+]([O-])OCCN(c1c([N+](=O)[O-])cc([N+](=O)[O-])c(/C=C/c2c([N+](=O)[O-])cc([N+](=O)[O-])cc2[N+](=O)[O-])c1[N+](=O)[O-])[N+](=O)[O-],2.422240083696136,-0.485519538079962,-0.4608670735399113,-0.421382062499502,-0.1741505111402004,,-0.4225645290187892,mols/page_0027.png,1,7.5292649269104,246.66400146484375,5245.18896484375,1.7282110452651978
522,[O][=N+1][Branch1][C][O-1][C][=N][N][C][Branch1][=Branch1][N+1][=Branch1][C][=O][O-1][C][Branch1][C][N][=N][N][N][Branch1][N][C][=N][N][Branch1][C],NN=CNNN=C(N)C(NN=C[N+](=O)[O-])[N+](=O)[O-],2.179883310599152,-0.5306778174652177,-0.6426231859024703,-0.6057336094009893,-0.8434828035827449,,-0.6199669749605922,mols/page_0027.png,2,7.501855850219727,237.98141479492188,5044.16796875,1.6630499362945557
523,[N][=N+1][Branch1][C][O-1][C][N][C][Branch1][=Branch1][N+1][=Branch1][C][=O][O-1][N+1][=Branch1][C][C][=O][O-1],C[N+](O[O-])C(NC[N+](=N)[O-])[N+](=O)[O-],2.056437499842364,0.1207363137459954,-0.2229603958350384,0.0975132854251005,-1.3689188962016472,,-0.1234425959723852,mols/page_0027.png,3,7.89723539352417,258.0289306640625,5811.00390625,1.6118974685668945
524,[O][=N+1][Branch1][C][O-1][C][=N][C][Branch1][=Branch1][N+1][=Branch1][C][=O][O-1],O=[N+]([O-])C=NC[N+](=O)[O-],1.481790468830701,1.2140575308556785,1.0176933566378703,1.0609124534373016,0.0708047491401156,,0.9893831781623194,mols/page_0027.png,4,8.560832977294922,317.2956237792969,6861.515625,1.7520580291748047
525,[O][=N+1][Branch1][C][O-1][C][=N][N][=C][Branch1][=Branch1][N+1][=Branch1][C][=O][O-1][N+1][=Branch1][C][O-1][C][=Branch1][C][=O][N],NC(=O)[N+]([O-])C(=NN=C[N+](=O)[O-])[N+](=O)[O-],1.596601054988479,1.4401278232288302,1.526045867240867,1.174738700463891,0.7985389660879384,,1.2912927994117744,mols/page_0027.png,5,8.698047637939453,341.57989501953125,6985.63427734375,1.8229047060012817
526,[O][=N+1][Branch1][C][O-1][C][N][C][=N][C][N][Branch1][=Branch1][N+1][=Branch1][C][=O][O-1],O=[N+]([O-])CNC=NCN[N+](=O)[O-],1.5370246155449356,-0.2711306440154577,-0.5544202590501736,-0.1860562209412677,-1.5345477533012502,,-0.43426498947304,mols/page_0027.png,6,7.659389495849609,242.19491577148438,5501.79345703125,1.5957731008529663
527,[O][=N+1][Branch1][C][O-1][C][=N][N][=N][C][Branch1][=Branch1][N+1][=Branch1][C][=O][O-1][=C][Branch1][=Branch1][N+1][C][=O][O-1][N+1][=Branch1][C][O-1][Branch1][=Branch1][N+1][O-1][C][=N][O][N+1][Branch1][C][O-1],O=C[N+]C(C[O-])=C(N=NN=C[N+](=O)[O-])[N+](=O)[O-],1.678407953408093,0.4089720084168785,0.2878937998908945,0.1735240257141519,-0.2804247725963292,,0.2155835851029711,mols/page_0027.png,7,8.072181701660156,282.4327087402344,5893.8876953125,1.717864990234375
528,[O][=N+1][Branch1][C][O-1][C][C][C][N][N][N][Branch1][=Branch1][N+1][=Branch1][C][=O][O-1],O=[N+]([O-])CCCNNN[N+](=O)[O-],1.5370246155449356,-0.7485745091925178,-1.0339698518045295,-0.5190027512739924,-2.111606866285262,,-0.864397877387385,mols/page_0027.png,8,7.369602203369141,219.2865753173828,5138.7412109375,1.5395950078964233
529,[N][=N+1][S][=Branch1][C][=O][O-1][=N][N][N][N][Branch2][C][Branch2][Ring1][N][=N][N][N][C][N][=N][NH1][C][NH1],N=[N+]S(=O)[O-],1.9567229808842468,0.8106851538844504,0.7474640894334843,0.4655437970646418,0.3283492278931698,,0.6085897524446574,mols/page_0027.png,9,8.316003799438477,304.3866271972656,6212.3125,1.7771306037902832
530,[O][=N+1][Branch1][C][O-1][C][N][N][Branch1][=Branch1][N+1][=Branch1][C][=O][O-1],O=[N+]([O-])CNN[N+](=O)[O-],1.461790468830701,1.6905272260211222,1.4588319252491622,1.5976598873203574,-0.0578805498112033,,1.4206156877645937,mols/page_0027.png,10,8.850028991699219,338.3690490722656,7446.796875,1.7395302057266235
531,[O][=N+1][Branch1][C][O-1][N][C][N][C][N][Branch1][=Branch1][N+1][=Branch1][C][=O][O-1],O=[N+]([O-])NCNCN[N+](=O)[O-],1.498091503851731,0.5789882440732372,0.2072042332865181,0.614531045459373,-1.0859669965663017,,0.3337638378670579,mols/page_0027.png,11,8.175374031066895,278.578125,6374.771484375,1.6394435167312622
532,[=C][Branch1][=Branch1][N+1][=Branch1][C][=O][O-1][C][Branch1][=Branch1][N+1][=N][C][=O][O-1],O=CN=[N+]CC[N+](=O)[O-],1.501790468830701,-0.8827821407122062,-1.1145706200861052,-0.8808985254707663,-1.9655469519356663,,-1.048252295581451,mols/page_0027.png,12,7.288144111633301,215.4362335205078,4744.1220703125,1.5538142919540405
533,[O][=N+1][Branch1][C][O-1][C][=C][C][Branch1][=Branch1][N+1][=Branch1][C][=O][O-1][N][=N][N][Branch1][=Branch1][N+1][C][=O][O-1],O=C[N+]NN=NC(C=C[N+](=O)[O-])[N+](=O)[O-],2.116601054988479,0.0701234679166657,-0.0766079831221263,-0.1389181522459945,-0.6013561684042694,,-0.1173240065401899,mols/page_0027.png,13,7.866515636444092,265.020263671875,5553.19384765625,1.6866215467453003
534,[NH1][C][C][Branch1][=Branch1][N+1][=Branch1][C][=O][O-1],[NH]CC[N+](=O)[O-],1.4918943340952076,-0.831358534034499,-1.180688637453602,-0.7586054451910494,-2.286150178251272,,-1.0350689887735722,mols/page_0027.png,14,7.3193559646606445,212.27774047851562,4877.47314453125,1.5226027965545654
535,[O][=N+1][Branch1][C][O-1][C][=C][C][Branch1][=Branch1][N+1][=Branch1][C][=O][O-1][=C][Branch2][Ring2][=N][N][C][=N][N][Branch2][Ring1][N][C][=C][Branch1][=Branch1][N+1][=Branch1][C][=O][O-1][C][=C][Branch1][=Branch1][N+1][=Branch1][C][=O][O-1][C][=C][Ring1][N][N+1][=Branch1][C][=O][O-1][C][=C][Ring2][Ring1][Ring2][N+1][=Branch1][C][=O][O-1][C][Branch1][=Branch1][N+1][=Branch1][C][=O][O-1][=C][Ring2][Ring2][Ring2],O=[N+]([O-])c1cc([N+](=O)[O-])c(Nc2nn(-c3c([N+](=O)[O-])cc([N+](=O)[O-])cc3[N+](=O)[O-])cc2[N+](=O)[O-])c([N+](=O)[O-])c1,2.1193737172742675,-0.6396010234576002,-0.5141016680590274,-0.6358094955574475,0.2835883785543443,,-0.5143906332467014,mols/page_0027.png,15,7.435744285583496,244.12095642089844,5011.37255859375,1.772773027420044
536,[O][=N+1][Branch1][C][O-1][C][C][=N][C][Branch1][=Branch1][N+1][=Branch1][C][=O][O-1][N],NC(N=CC[N+](=O)[O-])[N+](=O)[O-],2.018091503851731,-0.2357179928512507,-0.5228323319335451,-0.2932412788427706,-1.2597009054187545,,-0.4329041832751826,mols/page_0027.png,16,7.680883407592773,243.70388793945312,5384.91650390625,1.6225301027297974
537,[O][=N+1][Branch1][C][O-1][C][=C][C][Branch1][=Branch1][N+1][=Branch1][C][=O][O-1][=C][Branch2][Ring1][#C][C][=C][Branch1][=Branch1][N+1][=Branch1][C][=O][O-1][C][=C][Branch1][=Branch1][N+1][=Branch1][C][=O][O-1][C][Branch1][C][O][=C][Ring1][=N][N+1][=Branch1][C][=O][O-1][C][Branch1][=Branch1][N+1][=Branch1][C][=O][O-1][=C][Ring2][Ring1][N][O],O=[N+]([O-])c1cc([N+](=O)[O-])c(-c2c([N+](=O)[O-])cc([N+](=O)[O-])c(O)c2[N+](=O)[O-])c([N+](=O)[O-])c1O,1.9535676759431464,-0.1427428926941996,0.0484360263028525,-0.3286942399782617,1.1173654239954178,,-0.0433178701895996,mols/page_0027.png,17,7.7373151779174805,270.9936828613281,5346.2578125,1.8539432287216187
538,[C][=N+1][Branch1][C][O-1][C][=C][N][Branch1][=Branch1][N+1][=Branch1][C][=O][O-1],C=[N+]([O-])C=CN[N+](=O)[O-],1.501790468830701,-0.727406737585268,-0.9384177457759662,-0.6669802308414652,-1.7720628724046033,,-0.8604545004173549,mols/page_0027.png,18,7.382450103759766,223.8511505126953,4977.38330078125,1.57265043258667
539,[O][=N+1][Branch1][C][O-1][C][=N][C][=N][N][=N][N][Branch1][Ring1],NN=NN=CN=C[N+](=O)[O-],1.4796683620478217,0.2810289185686646,0.0701781998151151,0.1707360786105994,-0.4945308760841457,,0.1066431234317701,mols/page_0027.png,19,7.994525909423828,272.0323181152344,5890.84765625,1.697021245956421
540,[O][=N+1][Branch1][C][O-1][C][C][=N][N][Branch2][Branch1][=Branch1][N+1][=Branch1][C][=O][O-1][N+1][=Branch1][C][O-1][C][N][=N][C][Branch1][=Branch1][N+1][S][C][O-1][=Branch1][N+1][=Branch1][O-1][=O][O-1][N+1][S][C][Branch1][O-1][C][C][Branch1][=Branch1][C],O=[N+]([O-])CC=NN[N+](=O)[O-],1.4796683620478217,0.9666796263413512,0.6625971686363394,0.8682946836749758,-0.5269621037128265,,0.7019408618431303,mols/page_0028.png,0,8.410685539245605,300.3324890136719,6651.48095703125,1.6938639879226685
541,[O][=N+1][Branch1][C][O-1][C][=N][C][Branch1][=Branch1][N+1][=Branch1][C][=O][O-1],O=[N+]([O-])C=NC[N+](=O)[O-],1.481790468830701,1.2140575308556785,1.0176933566378703,1.0609124534373016,0.0708047491401156,,0.9893831781623194,mols/page_0028.png,1,8.560832977294922,317.2956237792969,6861.515625,1.7520580291748047
542,[O][=N+1][Branch1][C][O-1][C][=C][C][Branch1][=Branch1][N+1][=Branch1][C][=O][O-1][=C][Branch2][Ring1][=Branch1][C][C][Branch1][=Branch1][N+1][=Branch1][C][=O][O-1][Branch1][=Branch1][N+1][=Branch1][C][=O][O-1][N+1][=Branch1][C][=O][O-1][C][Branch1][=Branch1][N+1][=Branch1][C][=O][O-1][=C][Ring2][Ring1][#Branch1],O=[N+]([O-])c1cc([N+](=O)[O-])c(CC([N+](=O)[O-])([N+](=O)[O-])[N+](=O)[O-])c([N+](=O)[O-])c1,1.8436858610047384,0.6876537663851278,0.6999595420824426,0.667903709002504,0.5857981946297982,,0.6726446301808741,mols/page_0028.png,2,8.241329193115234,302.1173095703125,6432.97021484375,1.8021938800811768
543,[C][N][Branch1][=Branch1][N+1][=Branch1][C][=O][O-1][C][Branch1][=Branch1][N+1][O][C][=N][O],CN(C[N+]OC=NO)[N+](=O)[O-],1.518091503851731,-0.842837242131052,-1.111894213083413,-0.6686473569363136,-2.039821014350061,,-0.960123908013148,mols/page_0028.png,3,7.312388896942139,215.5640869140625,4975.5654296875,1.5465835332870483
544,[O][=N+1][Branch1][C][O-1][C][=C][N][=N][N][=N][C][=C][Branch1][=Branch1][N+1][=Branch1][C][=O][O-1][N+1][=Branch1][C][O-1][C][Branch1][=Branch1][N+1][Ring1][C][=O][O-1],O=[N+]=C[N+]([O-])C(=CN=NN=NC=C[N+](=O)[O-])[N+](=O)[O-],1.721719749037849,0.887877128611363,0.7348291741215748,0.869380576981451,0.007606407092019,,0.7541894471850168,mols/page_0028.png,4,8.362855911254883,303.7830505371094,6652.6650390625,1.7459055185317993
545,[C][C][=C][Branch1][#Branch2][N][Branch1][C][C][N+1][=Branch1][C][=O][O-1][C][Branch1][=Branch1][N+1][=Branch1][C][=O][O-1][=C][Branch1][=Branch1][N+1][=Branch1][C][=O][O-1][C][Branch1][=Branch1][N+1][=Branch1][C][=O][O-1][=C][Ring2][Ring1][Ring2][N+1][=Branch1][C][=O][O-1],Cc1c(N(C)[N+](=O)[O-])c([N+](=O)[O-])c([N+](=O)[O-])c([N+](=O)[O-])c1[N+](=O)[O-],1.755885732905358,0.1431406527712163,0.0642925958729257,0.2503931814541366,-0.1270116574949789,,0.1393144189931922,mols/page_0028.png,5,7.910833835601807,271.75115966796875,5977.70751953125,1.7328001260757446
546,[O][=N+1][Branch1][C][O-1][N][C][N][Branch1][=Branch1][N+1][=Branch1][C][=O][O-1][C][C][Ring1][Branch2][C][C][Ring1][Ring2][N][Branch1][=Branch1][N+1][=Branch1][C][=O][O-1][C][N][Ring1][Branch2][N+1][=Branch1][C][=O][O-1],O=[N+]([O-])N1CN([N+](=O)[O-])C2C1C1C2N([N+](=O)[O-])CN1[N+](=O)[O-],1.6492669435287095,1.350611026613017,1.3559651372344843,1.5937775388802995,0.8864357359733199,,1.402798630111327,mols/page_0028.png,6,8.643714904785156,333.4550476074219,7442.5634765625,1.8314616680145264
547,[O][=N+1][Branch1][C][O-1][C][C][=N][N][=N][O][=N][N][=C][Branch1][=Branch1][N+1][=Branch1][C][=O][O-1],O=[N+]([O-])C=NNON=NN=CC[N+](=O)[O-],1.596601054988479,0.8255082504805604,0.6259081292350716,0.5868181526960159,-0.1602792275239008,,0.5815534332549243,mols/page_0028.png,7,8.325000762939453,298.579833984375,6344.552734375,1.729561448097229
548,[O][=N+1][Branch1][C][O-1][C][N][N][Branch1][=Branch1][N+1][=Branch1][C][=O][O-1],O=[N+]([O-])CNN[N+](=O)[O-],1.461790468830701,1.6905272260211222,1.4588319252491622,1.5976598873203574,-0.0578805498112033,,1.4206156877645937,mols/page_0028.png,8,8.850028991699219,338.3690490722656,7446.796875,1.7395302057266235
549,[O][=N+1][Branch1][C][O-1][C][=C][C][Branch1][=Branch1][N+1][=Branch1][C][=O][O-1],O=[N+]([O-])C=CC[N+](=O)[O-],1.501790468830701,-0.0644659753978981,-0.367497234206943,-0.1183609605290186,-1.277272667415038,,-0.2830624533543215,mols/page_0028.png,9,7.784825801849365,251.12432861328125,5575.60986328125,1.6208194494247437
550,[O][=N+1][Branch1][C][O-1][C][N][C][=N][O][N+1][Branch1][=Branch1][=O][C][=O][NH1][N+1][=Branch1][C][=O][O-1],O=CO[N+]([O-])(O)ON=CNC[N+](=O)[O-],2.07630396797254,0.2561797270626778,0.1490228055831685,-0.1272043860587423,-0.160918423326135,,0.0343270364053511,mols/page_0028.png,10,7.979443550109863,275.79876708984375,5565.966796875,1.7294992208480835
551,[N][/N+1][#Branch1][NH1][C][Branch1][=Branch1][N+1][=Branch1][C][=O][O-1][C][=C][Branch1][=Branch1][N+1][C][C][=O][O-1][N+1][=Branch1][C][O-1][C][Branch1][=Branch1][C][N+1][=Branch1][C][C][O-1][C][C],C[N+](N)[N+](=O)[O-],1.4718943340952075,-0.7028482258408117,-1.0943913609388232,-0.4007079973173757,-2.496846012947475,,-0.8592776969166066,mols/page_0028.png,11,7.397356033325195,216.40020751953125,5267.732421875,1.5020910501480103
552,[O][=N+1][Branch1][C][O-1][C][N][C][=C][Branch1][=Branch1][N+1][=Branch1][C][=O][O-1],O=[N+]([O-])C=CNC[N+](=O)[O-],1.4996683620478215,-0.3176496189330676,-0.5493890994011219,-0.3416761504310552,-1.292657449137777,,-0.4826958846697472,mols/page_0028.png,12,7.631154537200928,242.4352569580078,5332.10205078125,1.6193217039108276
553,[O][=N+1][Branch1][C][O-1][C][=C][N][Branch1][=Branch1][N+1][=Branch1][C][=O][O-1][C][=N][N][Branch1][=Branch1][N][C][=N][C][Branch1][=Branch1][N+1][C][O-1][C][N][=N][N][Branch1][=N][C][=N][O][N+1][=Branch1][C][Branch1][O-1][C],C[N+]ON=CNNN(N=CN(C=C[N+](=O)[O-])[N+](=O)[O-])NC=NC[N+]C[O-],2.0036858610047386,-1.1799699864172568,-1.3876503773360844,-0.8874497085939552,-2.079868713032184,,-1.204871845679136,mols/page_0028.png,13,7.10776424407959,202.3910675048828,4736.978515625,1.54268479347229
554,[O][=N+1][Branch1][C][O-1][N][Branch2][Branch1][C][C][C][Branch2][Ring1][P][C][C][N][Branch2][Ring1][=Branch1][C][C][Branch1][=Branch1][N+1][=Branch1][C][=O][O-1][Branch1][=Branch1][N+1][=Branch1][C][=O][O-1][N+1][=Branch1][C][=O][O-1][N+1][=Branch1][C][=O][O-1][Branch1][=Branch1][N+1][=Branch1][C][=O][O-1][N+1][=Branch1][C][=O][O-1][C][C][Branch2][Ring1][P][C][C][N][Branch2][Ring1][=Branch1][C][C][Branch1][=Branch1][N+1][=Branch1][C][=O][O-1][Branch1][=Branch1][N+1][=Branch1][C][=O][O-1][N+1][=Branch1][C][=O][O-1][N+1][=Branch1][C][=O][O-1][Branch1][=Branch1][N+1][=Branch1][C][=O][O-1][N+1][=Branch1][C][=O][O-1],O=[N+]([O-])N(CC(CCN(CC([N+](=O)[O-])([N+](=O)[O-])[N+](=O)[O-])[N+](=O)[O-])([N+](=O)[O-])[N+](=O)[O-])CC(CCN(CC([N+](=O)[O-])([N+](=O)[O-])[N+](=O)[O-])[N+](=O)[O-])([N+](=O)[O-])[N+](=O)[O-],3.330863522246628,1.3714472661679264,1.174304850400128,1.5028083384251425,0.0676675467544377,,1.2443281191875144,mols/page_0028.png,14,8.65636157989502,324.77703857421875,7343.36865234375,1.7517526149749756
555,[O][=N+1][Branch1][C][O-1][C][N][C][N][C][Branch1][=Branch1][N+1][=Branch1][C][=O][O-1],O=[N+]([O-])CNCNC[N+](=O)[O-],1.518091503851731,-0.3153281089457078,-0.6346358087083755,-0.128965100483922,-1.6053993017937211,,-0.4496169497864618,mols/page_0028.png,15,7.632563591003418,238.36297607421875,5564.046875,1.5888755321502686
556,[O][=N+1][Branch1][C][O-1][C][=N][N][=C][Branch1][=Branch1][N+1][=Branch1][C][=O][O-1][N][N][=N][C][Branch1][=Branch1][N+1][C][C][Branch1][=Branch1][C][=O][O],O=CCC[N+]CN=NNC(=NN=C[N+](=O)[O-])[N+](=O)[O-],1.741719749037849,-0.8090484695265313,-0.9589537953065882,-0.7441574668267508,-1.4417480332393446,,-0.8838383562629146,mols/page_0028.png,16,7.332897186279297,222.87013244628906,4893.2275390625,1.6048073768615723
557,[O][=N+1][Branch1][C][O-1][C][N][C][Branch1][=Branch1][N+1][=Branch1][C][=O][O-1][N][N][=C][Branch1][=Branch1][N+1][=N+1][C][O-1][C][C][Branch1][=Branch1],CC(=NNC(NC[N+](=O)[O-])[N+](=O)[O-])[N+]=[N+]C[O-],2.178407953408093,-0.2926762993126974,-0.5186380485641274,-0.2428182149737643,-1.2479308861638223,,-0.4247489615750942,mols/page_0028.png,17,7.646312236785889,243.9042510986328,5439.89892578125,1.6236759424209595
558,[O][=N+1][Branch1][C][O-1][C][N][C][=N][N][=C][Branch1][=Branch1][N+1][=Branch1][C][=O][O-1][=N][C][=N][N][Branch1][=Branch1][N+1][=Ring2][C][O-1][C][C][C][Branch1][=Branch1][N+1][C][O-1][C][=N][N][Ring1][Branch1][C][=N][N][=N],C[N+]N(CC(=NC=NN=N)[N+]C[O-])N=CNC(=NN=CNC[N+](=O)[O-])[N+](=O)[O-],2.09260284350746,-1.0900918041519732,-1.1740817867024762,-0.8743410732728183,-1.6627224303186003,,-1.0820520700546,mols/page_0028.png,18,7.16231632232666,212.59335327148438,4751.2724609375,1.5832949876785278
559,[O][=N+1][Branch1][C][O-1][C][N][C][=N][N][=C][Branch1][=Branch1][N+1][=Branch1][C][=O][O-1],O=[N+]([O-])C=NN=CNC[N+](=O)[O-],1.5370246155449356,0.092024223895559,-0.0960784527791381,0.0533185473291929,-0.7688928168063258,,-0.0565754199698501,mols/page_0028.png,19,7.87980842590332,264.09014892578125,5762.81298828125,1.670311450958252
560,[=N+1][Branch1][C][O-1][C][N][C][Branch1][=Branch1][N+1][=Branch1][C][=O][O-1][N][=N][Ring1][O][N+1][=Branch1][Ring1][O-1][C][C][=N][O][N][=C][Ring1][Branch1],O=[N+]([O-])C1N=N[N+]([O-])CN1,1.9196683620478217,1.7365866126671228,1.6361717584353013,1.5664904954095025,0.6645123412949616,,1.5362370250689033,mols/page_0029.png,0,8.877985000610352,346.8406677246094,7412.80908203125,1.80985689163208
561,[O][=N+1][Branch1][C][O-1][C][C][=N][N][N][=C][Branch1][=Branch1][N+1][=Branch1][C][=O][O-1][=C][C][Branch1][=Branch1][N+1][=N][C][=O][O-1],O=CN=[N+]CCC(=NNN=CC[N+](=O)[O-])[N+](=O)[O-],1.7198833105991516,-0.9604784841064236,-1.1142575900273108,-0.9824449984175736,-1.6002465509588528,,-1.0716866729963483,mols/page_0029.png,1,7.240985870361328,215.45118713378906,4633.3935546875,1.5893771648406982
562,[C@@H1][=N+1][S][N][O-1][/C][#N][=Ring1][#N+1][Cl][/N][#N],[CH]=[N+]SN[O-],1.4767229808842466,-0.406259808941296,-0.5807866531350551,-0.5165363181473674,-1.184518254335283,,-0.571827968211563,mols/page_0029.png,2,7.577372074127197,240.9353790283203,5141.4306640625,1.6298493146896362
563,[N][=N+1][Branch1][C][O-1][C][=C][N][N][N][C][N][Branch1][=Branch1][N+1][=Branch1][C][=O][O-1][N][=N],N=NN(CNNNC=C[N+](=N)[O-])[N+](=O)[O-],1.596601054988479,-0.677098712695057,-0.9117312944268888,-0.5538108932914116,-1.647382955578012,,-0.7834701546548523,mols/page_0029.png,3,7.412984848022461,225.1259765625,5100.78564453125,1.5847883224487305
564,[O][=N+1][Branch1][C][O-1][C][N][C][=N][N][=N][NH1][Branch1][=Branch1][N+1][=Branch1][C][=O][O-1][C][N][Branch1][=Branch1][N+1][C][O-1][C][=N][N][=C][Branch1][=Branch1][N+1][N+1][C][=O][O-1],O=[N+]([O-])CNC=NN=NN[N+](=O)[O-],1.536437499842364,0.7762246753445007,0.5060942771393778,0.7021230057836283,-0.4762991015640994,,0.553799030278011,mols/page_0029.png,4,8.295087814331055,292.85626220703125,6470.28369140625,1.6987961530685425
565,[O][=N+1][Branch1][C][O-1][C][N][N][N][C][=N][N][Branch1][=Branch1][N+1][=Branch1][C][=O][O-1],O=[N+]([O-])CNNNC=NN[N+](=O)[O-],1.536437499842364,0.102001610304855,-0.1948835160717447,0.1383088416284499,-1.069169126805673,,-0.0748138524709097,mols/page_0029.png,5,7.8858642578125,259.37017822265625,5855.48828125,1.6410788297653198
566,[O][=N+1][Branch1][C][O-1][C][=N][N][N][N][C][N][Branch1][=Branch1][N+1][=Branch1][C][=O][O-1],O=[N+]([O-])C=NNNNCN[N+](=O)[O-],1.536437499842364,0.6436322805537502,0.3516184149823236,0.5553756082420886,-0.7291267561213568,,0.3980502415687182,mols/page_0029.png,6,8.21461009979248,285.47686767578125,6310.26708984375,1.6741827726364136
567,[Ring1][N][/C][\N+1][=N+1][Branch1][Branch1][/N][=Branch1][=Branch2][O-1][/N+1][=N+1][C][N+1][=Branch1][C][=O][O-1][C][Branch1][=Branch1][N+1][=Branch1][C][O-1][=Branch1][C][=O][O][N+1][=Branch1][=Branch1][C][=O][=O][O-1],NC/[N+]=[N+](/[O-])N[O-],1.467846708163529,0.6772081498734742,0.3934769222116819,0.7589382869515766,-0.8932298699842092,,0.4819235958034988,mols/page_0029.png,7,8.234989166259766,287.4764709472656,6532.236328125,1.6582069396972656
568,[N][C][=C][Branch1][=Branch1][N+1][=Branch1][C][=O][O-1][C][=C][Branch1][=Branch1][N+1][=Branch1][C][=O][O-1][C][=C][Ring1][N][N+1][=Branch1][C][=O][O-1],Nc1c([N+](=O)[O-])cc([N+](=O)[O-])cc1[N+](=O)[O-],1.517308431519336,-0.7502738073660066,-0.655956669314975,-0.6827644177115462,-0.0124719330789259,,-0.6259105795627564,mols/page_0029.png,8,7.368570804595947,237.34446716308594,4960.171875,1.7439508438110352
569,[N][C][N][N][Branch1][=Branch1][N+1][=Branch1][C][=O][O-1][C][Branch1][=Branch1][N+1][C][O-1][C][Branch1][N+1][=Branch1][C][O-1],NCNN(C([N+][O-])[N+]C[O-])[N+](=O)[O-],2.056437499842364,0.5984590743699296,0.3123427251564465,0.6169343400473535,-0.7787819840454886,,0.3965959874959866,mols/page_0029.png,9,8.1871919631958,283.60064697265625,6377.39208984375,1.6693487167358398
570,[O][=N+1][Branch1][C][O-1][C][C][=N][N][Branch1][C][N][=C][N][=C][Branch1][=Branch1][N+1][=Branch1][C][=O][O-1][N][=N][O][=N+1][Branch1][=Branch1][N+1][C][O-1][C][=C][N][Branch2][Ring1][N][C][Branch1][=Branch1][N+1][Cl][C][O-1][C][N][Branch1][=Branch1][N+1],[N+]NC([N+]Cl)N[N+]([N+]C[O-])ON=NC(=NCN(N)N=CC[N+](=O)[O-])[N+](=O)[O-],2.5480084467297126,0.4974894951498079,0.3270768583728426,0.3473251675872419,-0.1439674894366192,,0.3306749064718974,mols/page_0029.png,10,8.125907897949219,284.30450439453125,6083.404296875,1.731149435043335
571,[C][N][N][Branch1][C][N][=N][C][=N][N][Branch1][=Branch1][N+1][=Branch1][C][=O][O-1],CNN(N)NC=NN[N+](=O)[O-],1.498091503851731,-1.4960905120496797,-1.6330381540277163,-1.1723531845108348,-2.5139720522004385,,-1.5026206455437268,mols/page_0029.png,11,6.915893077850342,190.66876220703125,4426.3134765625,1.500423789024353
572,[O][=N+1][Branch1][C][O-1][C][N][N][C][=N][N][Branch1][=Branch1][N+1][=Branch1][C][=O][O-1][=C][Branch1][=Branch1][N+1][O-1][C][N][=C][Branch1][=Branch1][=Branch2][N+1][=Branch1][C][=N][O-1][Branch1][=Branch1][N+1][N][C][=O][O-1][C][Branch1][=Branch1][N+1],N=[N+]C([O-])([N+][O-])N(N=CNNC[N+](=O)[O-])[N+](=O)[O-],2.159883310599152,1.2045656582102362,1.0072113215262408,1.0609330518257956,0.0087598983673151,,0.9781934555011692,mols/page_0029.png,12,8.555071830749512,316.7948913574219,6861.5380859375,1.7460178136825562
573,[C][O][N][C][Branch1][=Branch1][N+1][=Branch1][C][=O][O-1][N+1][=Branch1][C][=N][O-1],CONC([N+](=N)[O-])[N+](=O)[O-],1.979668362047822,-0.1715453289570037,-0.4438213091648468,-0.1925603860037639,-1.4349409652994602,,-0.3743599104619142,mols/page_0029.png,13,7.7198333740234375,247.47828674316406,5494.701171875,1.605470061302185
574,[N][N][O][=N+1][Branch1][C][O-1][C][C][N][Branch1][=Branch1][N+1][=Branch1][C][=O][O-1][N][C][=N][O][N+1][Branch1][C][O-1][N+1][=Branch1][C][N+1][=Branch1][C][N][O-1][N],[N+][N+](CN[O-])[N+]([O-])ON=CNN(CC[N+]([O-])ONN)[N+](=O)[O-],1.8292669435287097,0.5920798320357971,0.253579955915336,0.6309493044622246,-0.8699163663850983,,0.3768030321341633,mols/page_0029.png,14,8.183320045471191,280.79351806640625,6392.67431640625,1.660476565361023
575,[C][C][N][Branch1][=Branch1][N+1][=Branch1][C][=O][O-1][C][Branch1][C][O-1][C][=N][N][=N][N][Branch1][C],CCN(C([O-])C=NN=NN)[N+](=O)[O-],2.076437499842364,-1.2453454360274592,-1.4417997862311058,-0.9358268151362458,-2.418991474430144,,-1.2880161790621538,mols/page_0029.png,15,7.068084239959717,199.8043212890625,4684.22705078125,1.509670376777649
576,[O][=N+1][Branch1][C][O-1][C][N][N][N][C][N][Branch1][=Branch1][N+1][=Branch1][C][=O][O-1][C][=C][Branch1][=Branch1][N+1][S][C][O-1][C][Branch1][=Branch1][N+1],[N+]C(=CN(CNNNC[N+](=O)[O-])[N+](=O)[O-])[N+]SC[O-],1.721719749037849,-0.1776880993770262,-0.4615611697825239,-0.1576264147001099,-1.2105330336810003,,-0.3439161865380315,mols/page_0029.png,16,7.716104984283447,246.63084411621094,5532.7939453125,1.6273167133331299
577,[O][=N+1][Branch1][C][O-1][C][N][N][=N][N][=N][N][N][Branch1][C][N][C][Branch1][=Branch1][N+1][=Branch1][C][=O][O-1][C][C][Branch1][=Branch1][C][=O][N],NN(NN=NN=NNC[N+](=O)[O-])C(CCC=O)[N+](=O)[O-],2.243903847312421,-0.7386450456628255,-0.9035691953530384,-0.6792304507116688,-1.437328765710105,,-0.825978617109644,mols/page_0029.png,17,7.37562894821167,225.51588439941406,4964.025390625,1.605237603187561
578,[O][=N+1][Branch1][C][O-1][C][=N][C][Branch1][=Branch1][N+1][=Branch1][C][=O][O-1],O=[N+]([O-])C=NC[N+](=O)[O-],1.481790468830701,1.2140575308556785,1.0176933566378703,1.0609124534373016,0.0708047491401156,,0.9893831781623194,mols/page_0029.png,18,8.560832977294922,317.2956237792969,6861.515625,1.7520580291748047
579,[O][=N+1][Branch1][C][O-1][C][N][N][C][N][C][N][N][N][C][=N][N][Branch1][=Branch1][N+1][=Branch1][C][=O][O-1][N][=N][O],O=[N+]([O-])CNNCNCNNNC=NN(N=NO)[N+](=O)[O-],1.786423335035418,-0.9468840987185134,-1.13797760244167,-0.6893039582673254,-1.7263420048493954,,-0.9695712090819156,mols/page_0029.png,19,7.249237060546875,214.3180694580078,4953.041015625,1.577101469039917
580,[O][=N+1][Branch1][C][O-1][C][C][C][Branch1][=Branch1][N+1][=Branch1][C][=O][O-1][C][Branch1][=Branch1][C][=N][O][N+1][Branch1][C][O-1],O=[N+]([O-])CCC(CC=NO[N+][O-])[N+](=O)[O-],2.136601054988479,-0.719266133020455,-0.9960916175982704,-0.5663382958241753,-1.8519550006056849,,-0.84057025604492,mols/page_0030.png,0,7.387391090393066,221.09603881835938,5087.12548828125,1.5648727416992188
581,[C][O][C][=Branch1][C][=O][O][C][C][Branch1][=Branch1][N+1][=Branch1][C][=O][O-1][Branch1][=Branch1][N+1][=Branch1][C][=O][O-1][N+1][=Branch1][C][=O][O-1],COC(=O)OCC([N+](=O)[O-])([N+](=O)[O-])[N+](=O)[O-],1.637308431519336,0.087792869312845,-0.0479708434372761,-0.3347582264344629,-0.2783798358343924,,-0.1517857676883322,mols/page_0030.png,1,7.877240180969238,266.3882751464844,5339.6455078125,1.7180640697479248
582,[C][O][N][=C][Branch1][C][N][N][C][=N][N][Ring1][Branch1][N][N+1][=Branch1][C][=O][O-1],CON=C1NC=NN(N[N+](=O)[O-])N1,1.496437499842364,-0.7134132567409861,-0.7936196231304964,-0.5970988545025306,-1.116704722672971,,-0.72726823403618,mols/page_0030.png,2,7.39094352722168,230.7682342529297,5053.58349609375,1.6364511251449585
583,[O][=N+1][Branch1][C][O-1][C][=N][C][=N][N][Branch1][=Branch1][N+1][=Branch1][C][=O][O-1][=C][Ring1][=Branch1],CN(N=CN=C[N+](=O)[O-])[N+](=O)[O-],1.5370246155449356,-0.4010040046044306,-0.6488004188688222,-0.3547323941988487,-1.415961013317412,,-0.5459401648795938,mols/page_0030.png,3,7.580562114715576,237.6863250732422,5317.865234375,1.6073178052902222
584,[O][=N+1][Branch1][C][O-1][C][N][N][=N][C][Branch1][=Branch1][N+1][=Branch1][C][=O][O-1][N][=N][C],CN=NC(N=NNC[N+](=O)[O-])[N+](=O)[O-],2.07630396797254,0.0986430806277101,-0.1628196554983778,0.1136431669890367,-1.026079737754299,,-0.0731948506974821,mols/page_0030.png,4,7.883825778961182,260.9018859863281,5828.59228515625,1.6452736854553223
585,[O][=N+1][Branch1][C][O-1][C][N][=C][N][=C][Branch1][=Branch1][N+1][=Branch1][C][=O][O-1][N][=N][C][Branch1][=Branch1][N+1][Branch1][C][O-1],O=[N+]([O-])CN=CN=C(N=NC[N+][O-])[N+](=O)[O-],1.637308431519336,0.97754790693869,0.7431091385951141,0.898540282640982,-0.2967634499702951,,0.7599040294428142,mols/page_0030.png,5,8.417282104492188,304.1785888671875,6684.46142578125,1.716274380683899
586,[O][=N+1][Branch1][C][O-1][C][N][C][N][=N][N][=N][C][Branch1][=Branch1][N+1][=Branch1][C][=O][O-1][C][Branch1][=Branch1][N],NCC(N=NN=NCNC[N+](=O)[O-])[N+](=O)[O-],2.137308431519336,-0.1230748715322526,-0.379663562685943,0.0067858921392205,-1.2299868722060845,,-0.2459689389194691,mols/page_0030.png,6,7.749252796173096,250.5431365966797,5712.07275390625,1.6254228353500366
587,[O][=N+1][Branch1][C][O-1][C][=N][N][=C][Branch1][=Branch1][N+1][=Branch1][C][=O][O-1][N],NC(=NN=C[N+](=O)[O-])[N+](=O)[O-],1.498091503851731,1.26268275561292,1.239735798730414,1.13907124741343,0.4847881146943679,,1.1297119490206424,mols/page_0030.png,7,8.590346336364746,327.9027099609375,6946.74169921875,1.7923603057861328
588,[O][=N+1][Branch1][C][O-1][C][=C][Branch1][C][O][C][Branch1][=Branch1][N+1][=Branch1][C][=O][O-1][=C][Branch1][C][O][C][Branch1][=Branch1][N+1][=Branch1][C][=O][O-1][=C][Ring1][=C][O],O=[N+]([O-])c1c(O)c([N+](=O)[O-])c(O)c([N+](=O)[O-])c1O,1.5598833105991516,0.3032902745760514,0.6814224130701219,-0.2851568591499441,2.356876290700224,,0.3678030573215881,mols/page_0030.png,8,8.008037567138672,301.2317810058594,5393.73193359375,1.9746125936508179
589,[O][=N+1][Branch1][C][O-1][O][C][C][N][C][=C][Branch1][=Branch1][N+1][=Branch1][C][=O][O-1][C][=C][Branch1][=Branch1][N+1][=Branch1][C][=O][O-1][C][Branch2][Branch1][Ring1][C][=N][N][=C][Branch2][Ring2][Branch2][C][=C][Branch1][=Branch1][N+1][=Branch1][C][=O][O-1][C][=C][Branch1][=Branch1][N+1][=Branch1][C][=O][O-1][C][Branch1][#Branch2][N][C][C][O][N+1][=Branch1][C][=O][O-1][=C][Ring2][Ring1][Ring1][N+1][=Branch1][C][=O][O-1][O][Ring2][Ring1][O][=C][Ring2][Ring2][#Branch1][N+1][=Branch1][C][=O][O-1],O=[N+]([O-])OCCNc1c([N+](=O)[O-])cc([N+](=O)[O-])c(-c2nnc(-c3c([N+](=O)[O-])cc([N+](=O)[O-])c(NCCO[N+](=O)[O-])c3[N+](=O)[O-])o2)c1[N+](=O)[O-],2.602434876452602,-0.5170095837054591,-0.4875464976835872,-0.4848085307919043,0.0091860289021379,,-0.4441438297738095,mols/page_0030.png,9,7.5101518630981445,245.38951110839844,5176.02734375,1.7460592985153198
590,[O][=C][Branch2][Ring1][#Branch1][O][C][C][Branch1][=Branch1][N+1][=Branch1][C][=O][O-1][Branch1][=Branch1][N+1][=Branch1][C][=O][O-1][N+1][=Branch1][C][=O][O-1][N][Branch2][Ring2][S][C][C][N][Branch2][Ring2][Branch1][C][N][Branch2][Ring1][O][C][=Branch1][C][=O][O][C][C][Branch1][=Branch1][N+1][=Branch1][C][=O][O-1][Branch1][=Branch1][N+1][=Branch1][C][=O][O-1][N+1][=Branch1][C][=O][O-1][N+1][=Branch1][C][=O][O-1][N+1][=Branch1][C][=O][O-1][N+1][=Branch1][C][=O][O-1],O=C(OCC([N+](=O)[O-])([N+](=O)[O-])[N+](=O)[O-])N(CCN(CN(C(=O)OCC([N+](=O)[O-])([N+](=O)[O-])[N+](=O)[O-])[N+](=O)[O-])[N+](=O)[O-])[N+](=O)[O-],2.790265751340508,1.094622716189565,0.9902342321130548,0.8045552094356762,0.4389607145054544,,0.8869323923004708,mols/page_0030.png,10,8.488341331481934,315.98388671875,6581.97802734375,1.7878988981246948
591,[=N+1][Branch1][C][O-1][C][N][C][N][=N][N][=N][O][N][=C][Ring1][Branch2][N+1][=Branch1][C][=O][O-1][N+1][=Branch1][C][=N][C][N][=N],O=[N+]([O-])C1=NON=NN=NC1NC[N+][O-],2.0366010549884788,1.6564187056789177,1.5085928443709424,1.5041082758555333,0.5625618353516466,,1.449152381389843,mols/page_0030.png,11,8.829326629638672,340.74615478515625,7344.7861328125,1.7999317646026611
592,[=N+1][Branch1][C][N][C][N][N][N][C][N][Branch1][=Branch1][N+1][=Branch1][C][=O][O-1][N][N][N][Branch1][N][C][N][=N][N][C][Branch1][=Branch1][N+1][C][O-1][C][Branch1][=Branch1][O][N+1][=Branch1][C][O-1][C][C][Branch1][=Branch1][=Branch1][N+1][=Branch1][O][=O][O-1][C][Branch1][=Branch2][N+1][=Branch1][C][N][N][Branch1][=Branch1][=Branch1],N[N+]CNNNCN(NNN(CN=NNC[N+]C[O-])O[N+]([O-])CC[N+]=O)[N+](=O)[O-],2.137462216552583,-0.3474930029905423,-0.7531981794057463,-0.1231733709886845,-1.796010673753824,,-0.5040432113699284,mols/page_0030.png,12,7.613040924072266,232.69918823242188,5570.3623046875,1.5703190565109253
593,[O][=N+1][Branch1][C][O-1][C][N][C][=N][N][Branch1][=Branch1][N+1][=Branch1][C][=O][O-1][N+1][=Branch1][C][C][=O][O-1],C[N+](O[O-])N(N=CNC[N+](=O)[O-])[N+](=O)[O-],1.596601054988479,0.4620862714373263,0.1398778560083892,0.4361172079367977,-1.021485364861612,,0.2227893785499868,mols/page_0030.png,13,8.104419708251953,275.3619079589844,6180.22509765625,1.6457209587097168
594,[O][=N+1][Branch1][C][O-1][C][C][C][Branch1][=Branch1][N+1][=Branch1][C][=O][O-1],O=[N+]([O-])CCC[N+](=O)[O-],1.501790468830701,-0.1549341590169914,-0.5531163930297667,-0.0163720700206453,-1.7881248098335405,,-0.3623739470033017,mols/page_0030.png,14,7.729915618896484,242.2572021484375,5686.82080078125,1.5710867643356323
595,[O][=N+1][Branch1][C][O-1][C][C][N][C][Branch1][=Branch1][N+1][=Branch1][C][=O][O-1][C][Branch1][=Branch1][N][N+1][=Branch1][C][O-1][C][Branch1][C][N+1][=Branch1][C][Branch1][O-1][N][C][=N][N][Branch1][=Branch1][N+1][C][C][O-1][C][N][=N][C][Branch1][=Branch1],[N+]C([O-])C(N[N+][O-])C(NCC[N+](=O)[O-])[N+](=O)[O-],3.178407953408093,0.5954752858988661,0.2799415587238073,0.6691731966412081,-0.9116440969458892,,0.3953590801175627,mols/page_0030.png,15,8.185380935668945,282.0528259277344,6434.3544921875,1.656414270401001
596,[O][=N+1][Branch1][C][O-1][C][=N][N][=C][Branch1][=Branch1][N+1][=Branch1][C][=O][O-1][N][=C][Ring1][=Branch1][N+1][=Branch1][N+1][=Branch1][=O][O-1][C][Branch1][=Branch1][N+1],[N+]C[N+]([O-])C=NC(=NN=C[N+](=O)[O-])[N+](=O)[O-],1.637308431519336,1.3027164293644875,1.1364518502496288,1.2533134923293865,0.1823003341608543,,1.129347500251369,mols/page_0030.png,16,8.614645004272461,322.9687805175781,7071.31396484375,1.762912392616272
597,[/N][=N+1][#Branch1][=N+1][Branch1][C][O-1][C][N][Branch1][C][C][N][=N][N][Branch1][=Branch1][N+1][=Branch1][C][=O][O-1][N+1][=Branch1][C][C][=O][O-1],N=[N+]C[O-],1.482440063862291,-0.5884657396784924,-0.8781559458553432,-0.5965892682828321,-1.740225533596006,,-0.7793136820561923,mols/page_0030.png,17,7.466781139373779,226.72988891601562,5054.13916015625,1.5757498741149902
598,[O][=N+1][Branch1][C][O-1][C][N][N][Branch1][=Branch1][N+1][=Branch1][C][=O][O-1][N+1][=Branch1][C],[N+]N(NC[N+](=O)[O-])[N+](=O)[O-],1.4596683620478217,1.6930019320990184,1.5490420774988711,1.7089762654880627,0.2356988984210585,,1.5176713984368035,mols/page_0030.png,18,8.851531028747559,342.6784362792969,7568.1787109375,1.7681108713150024
599,[O][=C][Branch2][Ring1][Branch2][N][C][C][C][Branch1][=Branch1][N+1][=Branch1][C][=O][O-1][Branch1][=Branch1][N+1][=Branch1][C][=O][O-1][N+1][=Branch1][C][=O][O-1][N][Branch2][Ring1][#Branch1][C][C][C][Branch1][=Branch1][N+1][=Branch1][C][=O][O-1][Branch1][=Branch1][N+1][=Branch1][C][=O][O-1][N+1][=Branch1][C][=O][O-1][N+1][=Branch1][C][=O][O-1],O=C(NCCC([N+](=O)[O-])([N+](=O)[O-])[N+](=O)[O-])N(CCC([N+](=O)[O-])([N+](=O)[O-])[N+](=O)[O-])[N+](=O)[O-],2.227950530827869,1.0550949823472562,0.9145672008601918,0.9771088054317186,0.113688420002265,,0.8946279099747759,mols/page_0030.png,19,8.464349746704102,312.3692321777344,6770.13427734375,1.7562328577041626
600,[O][=N+1][Branch1][C][O-1][C][N][=N][C][=N][N][Branch2][Ring1][=N][C][=N][O][N+1][=Branch1][C][=O][O-1],O=[N+]([O-])CN=NC=NNC=NO[N+](=O)[O-],1.596601054988479,0.2253645298565181,0.0137669890360906,0.1689807376780703,-0.5789830908130432,,0.0694768657130759,mols/page_0031.png,0,7.960740089416504,269.3375244140625,5888.93359375,1.6887996196746826
601,[NH1][N][=N+1][Branch1][C][C][N][=N][N][N][C][=N][N][=C][Branch1][=Branch1][N+1][=Branch1][C][=O][O-1][C][N][=N][Ring1][Branch2][N][C][=N][O][N+1][=Branch1][C][O-1],C[N+](N=NNNC=NN=C(CN=N)[N+](=O)[O-])=N[NH],1.6798833105991515,-0.7963221953183277,-1.0009477359491392,-0.6632223683144794,-1.7209014934522189,,-0.8866965794878803,mols/page_0031.png,1,7.340621471405029,220.8640594482422,4981.48095703125,1.5776311159133911
602,[O][=N+1][Branch1][C][O-1][C][C][C][Branch1][=Branch1][N+1][=Branch1][C][=O][O-1][C][Branch1][=Branch1][Ring1][C][O][N+1][=Branch1][C][O-1][C][N][=N][N][Branch1][=Branch1][N+1][N][C][N][N][C][Branch1][=Branch1][C][=O][N][C][Branch1],O=[N+]([O-])CCC(CC[O-])[N+](=O)[O-],2.077024615544936,-1.083173625827543,-1.362665467949454,-0.7887068554375979,-2.474190072846065,,-1.174361522903895,mols/page_0031.png,2,7.166515350341797,203.58460998535156,4844.64990234375,1.5042966604232788
603,[O][=N+1][Branch1][C][O-1][C][C][C][Branch1][=Branch1][N+1][=Branch1][C][=O][O-1],O=[N+]([O-])CCC[N+](=O)[O-],1.501790468830701,-0.1549341590169914,-0.5531163930297667,-0.0163720700206453,-1.7881248098335405,,-0.3623739470033017,mols/page_0031.png,3,7.729915618896484,242.2572021484375,5686.82080078125,1.5710867643356323
604,[O][=N+1][Branch1][C][O-1][C][C][N][=N][N][N][Branch1][=Branch1][N+1][=Branch1][C][=O][O-1][N+1][=Branch1][C][O-1][C][=Branch1][N+1][=Branch1][=Branch1][C][=O][=Branch1][N+1][=Branch1][N][=O][O-1],O=CC(N=O)[N+]([O-])N(NN=NCC[N+](=O)[O-])[N+](=O)[O-],2.2017197490378493,0.733816855000107,0.4755406268904802,0.5372024560977621,-0.4400669854868846,,0.4732136543630632,mols/page_0031.png,4,8.26934814453125,291.3966979980469,6290.45068359375,1.7023234367370605
605,[C][C][=C][C][Branch1][=Branch1][N+1][=Branch1][C][=O][O-1][=C][Branch1][=Branch1][N+1][=Branch1][C][=O][O-1][C][Branch1][=Branch1][N+1][=Branch1][C][=O][O-1][=C][Ring1][#C][N+1][=Branch1][C][=O][O-1],Cc1cc([N+](=O)[O-])c([N+](=O)[O-])c([N+](=O)[O-])c1[N+](=O)[O-],1.601719749037849,-0.2958407806084961,-0.321171021434363,-0.1927914461877397,-0.1428042020570742,,-0.2456499491915181,mols/page_0031.png,5,7.6443915367126465,253.3373565673828,5494.44921875,1.7312626838684082
606,[O][=N+1][Branch1][C][O-1][C][=N][N][=N][O][N+1][Branch1][=Branch1][C][=O][O-1],O=C[N+]ON=NN=C[N+](=O)[O-],1.498091503851731,1.0239419681209394,0.8721388511564568,0.649022599201461,0.127993181231574,,0.7464285626230909,mols/page_0031.png,6,8.445441246032715,310.3424072265625,6412.3818359375,1.7576254606246948
607,[=N][O][N+1][Branch1][C][O-1][C][N][C][N][=N][O][C],CON=NCNC[N+]([O-])ON,1.518091503851731,-1.5303592990712145,-1.872456319730768,-1.285116375574714,-2.9161878475258205,,-1.6563692396829637,mols/page_0031.png,7,6.8950934410095215,179.23162841796875,4303.35400390625,1.461267113685608
608,[O][=N+1][Branch1][C][O-1][C][N][=N][C][Branch1][=Branch1][N+1][=Branch1][C][=O][O-1][N+1][=Branch1][C][O-1][C][Branch1][=Branch1],C[N+]([O-])C(N=NC[N+](=O)[O-])[N+](=O)[O-],2.056437499842364,0.6227489037402142,0.2976795028309202,0.7587376765592876,-1.0593093478792568,,0.4276712374785729,mols/page_0031.png,8,8.201934814453125,282.9001770019531,6532.017578125,1.6420387029647827
609,[O][=N+1][Branch1][C][O-1][C][C][N][C][Branch1][=Branch1][N+1][=Branch1][C][=O][O-1][N+1][=Branch1][C][=Branch1][=O][O-1],O=[N+]([O-])CCNC([N+][O-])[N+](=O)[O-],2.037024615544936,0.8520606682649217,0.5272921616514509,0.8144079560016041,-0.6662737267480303,,0.6039740172049317,mols/page_0031.png,9,8.341116905212402,293.868896484375,6592.7216796875,1.6803016662597656
610,[/N][O][=N+1][Branch1][C][O-1][C][N][=N][C][Branch1][=Branch1][N+1][=Branch1][C][=O][O-1],NO[N+]([O-])CN=NC[N+](=O)[O-],1.498091503851731,0.8316612339732853,0.490007726301619,0.8733027788253342,-0.7886638042064648,,0.6008719711782133,mols/page_0031.png,10,8.3287353515625,292.0877990722656,6656.94189453125,1.668386697769165
611,[O][O][=N+1][Branch1][C][O-1][C][N][C][N][N][Branch1][=Branch1][N+1][=Branch1][C][=O][O-1][C][Branch1][=Branch1][N+1][#C][C][O-1][N][N][=N],N=NC([N+]#CC[O-])N(NCNC[N+]([O-])OO)[N+](=O)[O-],2.221719749037849,-0.1871477615624067,-0.4656954024876013,-0.1215062448938361,-1.3706405615233737,,-0.3488773451223739,mols/page_0031.png,11,7.710363388061523,246.433349609375,5572.18017578125,1.6117298603057861
612,[O][=N+1][Branch1][C][O-1][C][C][N][Branch1][=Branch1][N+1][=Branch1][C][=O][O-1],O=[N+]([O-])CCN[N+](=O)[O-],1.481790468830701,1.0010866826548577,0.6086537846269532,1.023831324028679,-1.009227989420302,,0.711044847489894,mols/page_0031.png,12,8.43156909942627,297.7555847167969,6821.08154296875,1.6469142436981201
613,[O][=N+1][Branch1][C][O-1][C][N][N][C][Branch1][=Branch1][N+1][=Branch1][C][=O][O-1][N+1][=Branch1][C][=N][O][N][=C][Branch1][=Branch1][N+1],[N+]C=NO[N+](=N)C(NNC[N+](=O)[O-])[N+](=O)[O-],2.117308431519336,1.283965227882828,1.0388152195642364,1.1041260813334206,0.0471643005617011,,1.0270619744513043,mols/page_0031.png,13,8.603263854980469,318.30462646484375,6908.63671875,1.7497565746307373
614,[O][=N+1][Branch1][C][O-1][C][N][C][C][Branch1][=Branch1][N+1][=Branch1][C][=O][O-1][N][N][C][=N][O][N+1][Branch1][C][O-1],O=[N+]([O-])CNCC(NNC=NO[N+][O-])[N+](=O)[O-],2.1584079534080933,-0.3031282007921678,-0.5309628085830886,-0.2028371906980349,-1.2601466281620748,,-0.4156722914392356,mols/page_0031.png,14,7.639968395233154,243.31549072265625,5483.4951171875,1.6224867105484009
615,[N][C][=C][Branch1][=Branch1][N+1][=Branch1][C][=O][O-1][C][=C][Branch1][=Branch1][N+1][=Branch1][C][=O][O-1][C][Branch1][C][O][=C][Ring1][=N][N+1][=Branch1][C][=O][O-1],Nc1c([N+](=O)[O-])cc([N+](=O)[O-])c(O)c1[N+](=O)[O-],1.538407953408093,-0.4408569855312629,-0.243314376862076,-0.5576018923564093,0.7799949407449616,,-0.3160841034664023,mols/page_0031.png,15,7.556373119354248,257.0566101074219,5096.65185546875,1.8210994005203247
616,[C][N][N][=C][Branch1][=Branch1][N+1][=Branch1][C][=O][O-1][C][Branch2][Ring1][N][C][=C][Branch1][=Branch1][N+1][=Branch1][C][=O][O-1][C][=C][Branch1][=Branch1][N+1][=Branch1][C][=O][O-1][C][=C][Ring1][N][N+1][=Branch1][C][=O][O-1][=C][Ring2][Ring1][#Branch1][N+1][=Branch1][C][=O][O-1],Cn1nc([N+](=O)[O-])c(-c2c([N+](=O)[O-])cc([N+](=O)[O-])cc2[N+](=O)[O-])c1[N+](=O)[O-],1.7280084467297123,-0.4971695115495251,-0.4861116701079704,-0.3961844120876795,-0.0186814386596334,,-0.406162204115409,mols/page_0031.png,16,7.522193908691406,245.4580535888672,5272.6650390625,1.7433463335037231
617,[O][=N+1][Branch1][C][O-1][C][=N][N][N][Branch1][=Branch1][N+1][=Branch1][C][=O][O-1][=C][Branch1][=Branch1][N+1][C][O-1][C][C][N][Branch1][=Branch1][N],NNC([N+]C[O-])N(NN=C[N+](=O)[O-])[N+](=O)[O-],2.117308431519336,0.5466646545910265,0.3540562164197919,0.5130947291119028,-0.4957737568107121,,0.3808407337163945,mols/page_0031.png,17,8.155755043029785,285.59332275390625,6264.1630859375,1.6969002485275269
618,[O][=N+1][Branch1][C][O-1][C][C][C][N][Branch1][=Branch1][N+1][=Branch1][C][=O][O-1][C][=N][N][N][=N][N][Branch1][=Branch1],NN=NNN=CN(CCC[N+](=O)[O-])[N+](=O)[O-],1.637308431519336,-0.630994545653361,-0.8945654287231439,-0.475788227795765,-1.742185978958797,,-0.7459238826083119,mols/page_0031.png,18,7.440968036651611,225.9459991455078,5185.86328125,1.5755590200424194
619,[O][=N+1][Branch1][C][O-1][C][N][N][C][=N][C][Branch1][=Branch1][N+1][=Branch1][C][=O][O-1][C][Branch1][=Branch1],CC(N=CNNC[N+](=O)[O-])[N+](=O)[O-],2.076437499842364,-1.5453120231285475,-1.698367846716535,-1.1988306217556082,-2.6089122210407063,,-1.5513434382675846,mols/page_0031.png,19,6.886017799377441,187.5479278564453,4397.44189453125,1.4911811351776123
620,[O][=N+1][Branch1][C][O-1][C][N][C][N][N][Branch1][=Branch1][N+1][=Branch1][C][=O][O-1][C][Branch1][=Branch1][N+1][N][C][O-1][N][C][Branch1][=Branch1][=O],O=[N+]([O-])CNCNN(C(CO)[N+]NC[O-])[N+](=O)[O-],2.1998833105991515,-0.7925991375078038,-0.9980854274217345,-0.6986721949125909,-1.4854496788062688,,-0.8756849870780478,mols/page_0032.png,0,7.342881202697754,221.00079345703125,4942.82568359375,1.6005529165267944
621,[O][=N+1][Branch1][C][O-1][C][Branch1][=Branch1][N+1][=Branch1][C][=O][O-1][N][C][=N][N][Branch1][=Branch1][N+1][C][C][=O][O-1],O=CC[N+]NN=CNC([N+](=O)[O-])[N+](=O)[O-],1.616601054988479,-0.653957461193307,-0.8379951475673035,-0.6969862615934654,-1.293480321894676,,-0.7811306890170064,mols/page_0032.png,1,7.427030563354492,228.6483917236328,4944.6640625,1.6192415952682495
622,[=N+1][Branch1][C][O-1][C][N][=N][N][Branch1][=Branch1][N+1][=Branch1][C][=O][O-1][C][Branch1][=Branch1][N+1][C][N][O-1][=Branch1][=Branch1][=Branch1][C][=O][O],O=CC([N+]CN[O-])N(N=NC[N+][O-])[N+](=O)[O-],2.137308431519336,0.2643651120231861,-0.002720112509554,0.1219922311949053,-0.915709480209141,,0.022637194335456,mols/page_0032.png,2,7.984411716461182,268.5499267578125,5837.6962890625,1.6560184955596924
623,[O][=N+1][Branch1][C][O-1][O][C][C][N][C][=C][Branch1][=Branch1][N+1][=Branch1][C][=O][O-1][C][Branch2][=Branch1][Branch1][C][=N][N][=C][Branch2][Branch1][#Branch2][C][=C][Branch1][=Branch1][N+1][=Branch1][C][=O][O-1][C][Branch1][#Branch2][N][C][C][O][N+1][=Branch1][C][=O][O-1][=C][Branch1][=Branch1][N+1][=Branch1][C][=O][O-1][C][Branch1][P][N][Branch1][=Branch2][C][C][O][N+1][=Branch1][C][=O][O-1][N+1][=Branch1][C][=O][O-1][=C][Ring2][Ring1][=N][N+1][=Branch1][C][=O][O-1][O][Ring2][Ring2][Branch1][=C][Branch1][=Branch1][N+1][=Branch1][C][=O][O-1][C][Branch1][P][N][Branch1][=Branch2][C][C][O][N+1][=Branch1][C][=O][O-1][N+1][=Branch1][C][=O][O-1][=C][Ring2][Branch1][O][N+1][=Branch1][C][=O][O-1],O=[N+]([O-])OCCNc1c([N+](=O)[O-])c(-c2nnc(-c3c([N+](=O)[O-])c(NCCO[N+](=O)[O-])c([N+](=O)[O-])c(N(CCO[N+](=O)[O-])[N+](=O)[O-])c3[N+](=O)[O-])o2)c([N+](=O)[O-])c(N(CCO[N+](=O)[O-])[N+](=O)[O-])c1[N+](=O)[O-],3.620290765159798,0.1538816627702631,0.0838953047588567,0.1691817958614135,0.1717682975803641,,0.1442937899848818,mols/page_0032.png,3,7.91735315322876,272.6875915527344,5889.15283203125,1.7618870735168457
624,[C][C][Branch2][Ring1][=N][C][N][C][=Branch1][C][=O][C][C][C][Branch1][=Branch1][N+1][=Branch1][C][=O][O-1][Branch1][=Branch1][N+1][=Branch1][C][=O][O-1][N+1][=Branch1][C][=O][O-1][Branch1][=Branch1][N+1][=Branch1][C][=O][O-1][N+1][=Branch1][C][=O][O-1],CC(CNC(=O)CCC([N+](=O)[O-])([N+](=O)[O-])[N+](=O)[O-])([N+](=O)[O-])[N+](=O)[O-],1.9158857329053585,-0.3302525506478651,-0.4723121552099748,-0.3189023929957073,-0.9795274258509742,,-0.4261548762478403,mols/page_0032.png,4,7.623505115509033,246.1172637939453,5356.93505859375,1.6498056650161743
625,[O][=N+1][Branch1][C][O-1][C][=N][C][=N][N][=N][N][=C][Branch1][=Branch1][N+1][=Branch1][C][=O][O-1][N+1][=Branch1][C][=N][O-1][N][=N][C][Branch1][=Branch1][N+1][=O][C],N=[N+]([O-])C(=NN=NN=CN=C[N+](=O)[O-])[N+](=O)[O-],1.6384079534080929,1.4545769642398358,1.3661079499762778,1.2954067470078556,0.5612601779995875,,1.2794599451571294,mols/page_0032.png,5,8.706817626953125,333.9395751953125,7117.21337890625,1.7998050451278687
626,[C][C][=C][Branch1][=Branch1][N+1][=Branch1][C][=O][O-1][C][=C][Branch1][=Branch1][N+1][=Branch1][C][=O][O-1][C][Branch2][Ring1][N][C][=C][Branch1][=Branch1][N+1][=Branch1][C][=O][O-1][C][=C][Branch1][=Branch1][N+1][=Branch1][C][=O][O-1][C][=C][Ring1][N][N+1][=Branch1][C][=O][O-1][=C][Ring2][Ring1][O][N+1][=Branch1][C][=O][O-1],Cc1c([N+](=O)[O-])cc([N+](=O)[O-])c(-c2c([N+](=O)[O-])cc([N+](=O)[O-])cc2[N+](=O)[O-])c1[N+](=O)[O-],1.9135115308278687,-0.907473422401794,-0.7803532175877332,-0.866844155443124,-0.1000172677243817,,-0.7786960489470696,mols/page_0032.png,6,7.273157596588135,231.4019775390625,4759.447265625,1.7354280948638916
627,[O][=N+1][Branch1][C][O-1][C][=N][N][=N][N][Branch2][Ring1][=Branch1][C][N][C][Branch1][=Branch1][N+1][=Branch1][C][=O][O-1],O=[N+]([O-])C=NN=NNCNC[N+](=O)[O-],1.5763039679725397,0.3127538648663176,0.072588531267832,0.3214159771902692,-0.8074245683559462,,0.1441595330740505,mols/page_0032.png,7,8.013781547546387,272.1474609375,6055.15234375,1.6665602922439575
628,[Branch1][C][N][=N][N][C][Branch1][=Branch1][N+1][=Branch1][C][=O][O-1],CN=NNC[N+](=O)[O-],1.4844996950521223,-0.7399436771379881,-1.0116044929405243,-0.579616196163806,-2.0947881798031047,,-0.8792123389654609,mols/page_0032.png,8,7.37484073638916,220.35498046875,5072.64697265625,1.5412323474884033
629,[O][=N+1][Branch1][C][O-1][C][=N][C][=N][N][Branch1][=Branch1][N+1][=Branch1][C][=O][O-1][N][Branch1][=Branch1][C][=O][C][N][=N][C][Branch1][=Branch1][N+1][#C][C][=N][N][=C][Branch1][=Branch1][N+1][=N+1][C][O-1][N][C][=N][N][Branch2][Ring1][=N][N][C][=N][O][N+1][Branch1][C][O-1][N][=N][C][=N][C][Branch1][C][N+1][=Branch1][C],[N+]CN=CN=N[N+]([O-])ON=CNNN=CC([N+]=[N+]C[O-])=C([N+]#CC=NN)N(C=O)N(N=CN=C[N+](=O)[O-])[N+](=O)[O-],2.6467906006930217,-0.5750748301236537,-0.67007943566144,-0.4991812802590946,-0.8648909649054642,,-0.5974501750404577,mols/page_0032.png,9,7.474908828735352,236.66981506347656,5160.35498046875,1.6609658002853394
630,[Branch1][C][N][N][=N][O][N][=C][Branch2][Branch1][=Branch1][C][N][=N][N][=N][O][Branch1][=Branch1][N+1][=Branch1][C][=O][O-1][N+1][=Branch1][C][O-1][O-1][N][=C][Ring1][P][N+1][=Branch1][C][=C][=O][O-1][N][=N][Ring1][#Branch2][N][N+1][Branch1][C][C][O-1][=N][N][=C][Ring1][N][C][Branch1][=Branch1][N+1][N][N][=C][N][N][Ring1][O][N+1][=N][C][C][Branch2][Ring1][=Branch1][C][=N][O],CNN=NON=C(CN=NN=NO[N+](=O)[O-])O[N+]=NCCC=NO,1.9158857329053585,-0.6987347144046642,-0.878692249394849,-0.5753733759251037,-1.3751332998344792,,-0.7620194213033676,mols/page_0032.png,10,7.399852752685547,226.7042694091797,5077.2734375,1.6112924814224243
631,[O][=N+1][Branch1][C][O-1][C][N][C][=N][C][Branch1][=Branch1][N+1][=Branch1][C][=O][O-1][N][C][Branch1][=Branch1][C][=Branch1][C][=N][O][N][=C][Branch1][=Branch1][N+1][=N][C][=O][O-1][=C][Branch1][=Branch1][C][N][N][=N][N][=N][N][Branch1][=Branch1][N+1][N][C][=N][N][=C][Branch1][Branch2][N+1][=Branch1][C][=N][O-1][C][Branch1][=Branch1],N=C(O)C(N=C([N+]=NC=O)C(CNN=NN)=NN(C[N+](=N)[O-])[N+]NC=NN)NC(N=CNC[N+](=O)[O-])[N+](=O)[O-],3.5993737172742675,-0.7768937885543993,-0.838499189845648,-0.8182185248657431,-0.8182908969939267,,-0.8129647442457018,mols/page_0032.png,11,7.352413654327393,228.6243133544922,4812.4697265625,1.6655024290084839
632,[O][=N+1][Branch1][C][O-1][C][=C][C][Branch1][=Branch1][N+1][=Branch1][C][=O][O-1][=C][Branch2][Ring2][=Branch2][N][C][=N][NH1][C][Branch2][Ring1][=N][N][C][=C][Branch1][=Branch1][N+1][=Branch1][C][=O][O-1][C][=C][Branch1][=Branch1][N+1][=Branch1][C][=O][O-1][C][=C][Ring1][N][N+1][=Branch1][C][=O][O-1][=N][Ring2][Ring1][Branch1][C][Branch1][=Branch1][N+1][=Branch1][C][=O][O-1][=C][Ring2][Ring2][C],O=[N+]([O-])c1cc([N+](=O)[O-])c(Nc2n[nH]c(Nc3c([N+](=O)[O-])cc([N+](=O)[O-])cc3[N+](=O)[O-])n2)c([N+](=O)[O-])c1,2.025174135090663,-0.7530109108502576,-0.6249670129127567,-0.7516463244174693,0.1703796998030969,,-0.6281150407274315,mols/page_0032.png,12,7.366909503936768,238.82485961914062,4885.0615234375,1.7617518901824951
633,[O][=N+1][Branch1][C][O-1][C][Branch1][=Branch1][N+1][=Branch1][C][=O][O-1][C][Branch1][C][N][=N][C][Branch1][=Branch1],CN=C(N)C([N+](=O)[O-])[N+](=O)[O-],1.518091503851731,-0.2694910530362293,-0.4957504405714192,-0.3324968816106691,-1.0701303695350866,,-0.4313221629996884,mols/page_0032.png,13,7.660384654998779,244.9976043701172,5342.111328125,1.6409852504730225
634,[O][=N+1][Branch1][C][O-1][C][=C][C][Branch1][=Branch1][N+1][=Branch1][C][=O][O-1][=C][C][Branch1][=Branch1][N+1][=Branch1][C][=O][O-1][=C][Ring1][N],O=[N+]([O-])c1cc([N+](=O)[O-])cc([N+](=O)[O-])c1,1.496601054988479,-0.9103849337429634,-0.8082211976995458,-0.8683603759527014,-0.2654734684865995,,-0.8035430300903679,mols/page_0032.png,14,7.271390438079834,230.07070922851562,4757.7939453125,1.71932053565979
635,[C][C][=C][Branch1][=Branch1][N+1][=Branch1][C][=O][O-1][C][=C][Branch1][=Branch1][N+1][=Branch1][C][=O][O-1][C][Branch1][C][N][=C][Ring1][=N][N+1][=Branch1][C][=O][O-1],Cc1c([N+](=O)[O-])cc([N+](=O)[O-])c(N)c1[N+](=O)[O-],1.558407953408093,-1.338383385862679,-1.2364047937347322,-1.0878590426996495,-0.8200529712456794,,-1.1608459591037807,mols/page_0032.png,15,7.0116143226623535,209.61614990234375,4518.44775390625,1.6653308868408203
636,[O][=N+1][Branch1][C][O-1][C][=N][C][=N][N][Branch1][=Branch1][N+1][=Branch1][C][=O][O-1][=C][N][C][Branch1][=Branch1][N+1][C][N][Branch1][=Branch1][C][N+1][=Branch1][C][=N][O-1][C][Branch1][=Branch1][N][C][=N][N][C][Branch1][C][N+1][=Branch1][N][=N][C][C][N][Branch1][Ring1][C][=N][O][N+1][=Branch1][C][O-1][=N][N][Branch1][C][C],N=[N+]CNC[N+]C([O-])NCN(N=CN=C[N+](=O)[O-])[N+](=O)[O-],2.2864233350354186,-0.5408751777481045,-0.7950554089613953,-0.4634726304316458,-1.464013353683834,,-0.6657730342184166,mols/page_0032.png,16,7.49566650390625,230.69964599609375,5199.29248046875,1.6026397943496704
637,[O][=N+1][Branch1][C][O-1][C][C][Branch1][=Branch1][N+1][=Branch1][C][=O][O-1][C][N][N][Branch1][=Branch1][N+1][C][C][O-1][C][Branch1][=Branch1],O=[N+]([O-])CC(CNN[N+]CC[O-])[N+](=O)[O-],2.136601054988479,-0.7805092162910592,-1.1155866901034777,-0.4751899789473316,-2.208765852737883,,-0.8849765534513552,mols/page_0032.png,17,7.350219249725342,215.3876953125,5186.515625,1.5301363468170166
638,[C][=N][O][=N+1][Branch1][C][O-1][C][C][Branch1][=Branch1][N+1][=Branch1][C][=O][O-1][C][Branch1][=Branch1],C=NO[N+]([O-])CC(C)[N+](=O)[O-],2.038091503851731,-1.3972994597990835,-1.7008027733881572,-0.9957829027584694,-3.009919422004393,,-1.4738306616006374,mols/page_0032.png,18,6.975854873657227,187.43161010742188,4618.849609375,1.4521421194076538
639,[C][C][Branch1][=Branch1][N+1][=Branch1][C][=O][O-1][N+1][=Branch1][C],CC([N+])[N+](=O)[O-],1.991894334095208,-1.0282972149554377,-1.3990635171634138,-0.8487019008815383,-2.5844929821745124,,-1.2047702415997794,mols/page_0032.png,19,7.199822902679443,201.84585571289062,4779.22998046875,1.493558406829834
640,[O][=N+1][Branch1][C][O-1][C][C][N][=N][N][=N][N][N][=N][C][Branch1][=Branch1][N+1][=Branch1][C][=O][O-1][N+1][=Branch1][C][O-1][C][=O][Branch1][=Branch1][N+1][C][=O][O-1][N][=N][O],O=C[N+]([O-])C(N=NNN=NN=NCC[N+](=O)[O-])[N+](=O)[O-],2.243903847312421,0.9786037815319256,0.8014962717656714,0.7772981679655115,-0.1071316884350721,,0.7452311116670967,mols/page_0033.png,0,8.417922973632812,306.9677734375,6552.25634765625,1.7347354888916016
641,[F][N][=N+1][Branch1][C][O-1][C][C][N][=N][C][Branch1][=Branch1][N+1][=Branch1][C][=O][O-1][C][Branch1][=Branch1][N][N+1][=Branch1][C][O-1][N][=N][O][N+1][Branch1][O-1],[N+]ON=NC(N[N+][O-])C(N=NCC[N+]([O-])=NF)[N+](=O)[O-],2.743903847312421,1.237824136655208,1.0184478229632503,1.115851042297028,-0.1273459495524692,,0.9976738118681788,mols/page_0033.png,1,8.575258255004883,317.3316650390625,6921.421875,1.7327675819396973
642,[N][C][=N][O][N+1][Branch1][C][O-1][C][N][N][N][=N][N][=N][N][C][Branch1][=Branch1][N+1][=Branch1][C][=O][O-1],NC=NO[N+]([O-])CNNN=NN=NNC[N+](=O)[O-],1.6598833105991515,0.7007579242833213,0.3739623728116971,0.6469542523220345,-0.5842203330470574,,0.4690397418978627,mols/page_0033.png,2,8.249282836914062,286.54425048828125,6410.12646484375,1.688289761543274
643,[O][=N+1][Branch1][C][O-1][C][N][C][Branch1][=Branch1][N+1][=Branch1][C][=O][O-1][C][Branch1][=Branch1][N][C][=N][N][Branch1][=Branch1][N+1][Branch1][C][O-1][N][N][=N][C][=N][C][N][Branch1][=Branch1][N][=Branch1][C][=O][N][C][=N][O][N+1][Branch1][C],[N+]ON=CN(CN=CN=NC(NC=NN[N+](N)[O-])C(NC[N+](=O)[O-])[N+](=O)[O-])N(N)O,3.182580134081158,-0.7116243977761068,-0.8993669265229373,-0.5653594245796578,-1.3272046352841982,,-0.7616120644350439,mols/page_0033.png,3,7.392029285430908,225.7166290283203,5088.19287109375,1.6159584522247314
644,[O][=N+1][Branch1][C][O-1][C][N][N][C][=N][N][=C][Branch1][=Branch1][N+1][=Branch1][C][=O][O-1][C][Branch1][=Branch1][N+1][=N][N][=O][O-1],O=NN=[N+]CC(=NN=CNNC[N+](=O)[O-])[N+](=O)[O-],1.6798833105991515,0.2701276418902874,0.0292894469311648,0.1897792887732688,-0.6632197912484672,,0.0844440085898238,mols/page_0033.png,4,7.987909317016602,270.07904052734375,5911.61279296875,1.6805989742279053
645,[=N+1][Branch1][C][O-1][C][N][=C][N][N][Branch1][=Branch1][N+1][=Branch1][C][=O][O-1],O=[N+]([O-])NNC=NC[N+][O-],1.4796683620478217,0.3580213455673914,0.0697865928231947,0.3349468794755323,-1.058797501432257,,0.1350509862446338,mols/page_0033.png,5,8.04125690460205,272.01361083984375,6069.90673828125,1.642088532447815
646,[O][=N+1][Branch1][C][O-1][C][N][=N][N][=N][C][Branch1][=Branch1][N+1][=Branch1][C][=O][O-1][C][Branch1][=Branch1][Ring1][N][N+1][=Branch1][C][O-1][C][O-1][N][Branch1][=Branch1][N+1][=Ring2][C][=O][O-1][=C][Branch1][=Branch1][N+1][#C][C][=O][O-1][N][=N][Ring1][Branch1][N][=C][Ring2][Ring1][=Branch2],O=[N+]([O-])CN=NN=NC(C[O-])[N+](=O)[O-],2.07630396797254,0.9876934162370874,0.7913726241295186,0.8332505557719845,-0.0294069482990374,,0.7751260375705415,mols/page_0033.png,6,8.423439979553223,306.4841613769531,6613.26806640625,1.7423021793365479
647,[O][=N+1][Branch1][C][O-1][C][C][N][C][=N][N][=N][N][=N][C][=N][O][C][Branch1][=Branch1][N+1][=Branch1][C][=O][O-1],O=[N+]([O-])CCNC=NN=NN=NC=NOC[N+](=O)[O-],1.721719749037849,-0.4148191494869087,-0.6344109381355273,-0.3167247850990519,-1.2595049833337784,,-0.5149479342786076,mols/page_0033.png,7,7.572176933288574,238.37371826171875,5359.3095703125,1.6225491762161255
648,[O][=N+1][Branch1][C][O-1][C][C][N][Branch1][=Branch1][N+1][=Branch1][C][=O][O-1][N][Branch2][Branch1][=Branch1][N+1][=N][C][N][N][C][N][=N][C][Branch1][=Branch1][N+1][=Branch2][C][O-1][N][C][=N][C][=N][C][Branch1],CN=CN=CC(N=NCNNCN=[N+]NN(CC[N+](=O)[O-])[N+](=O)[O-])[N+]N,2.5036858610047386,-1.366228150154386,-1.5950187368765725,-1.0433835396127484,-2.340712029891021,,-1.391736340591941,mols/page_0033.png,8,6.99471378326416,192.48497009277344,4566.94482421875,1.5172910690307617
649,[/N][=N+1][Branch1][C][O-1][C][=N][N][=N][N][Branch1][=Branch1][N+1][=Branch1][C][=O][O-1][N+1][=Branch1][C][C@@H1][O-1][C],[CH][N+]([O-])N(N=NN=C[N+](=N)[O-])[N+](=O)[O-],1.5563039679725397,1.577240681121871,1.4249403524345488,1.46989121802968,0.3634731596772392,,1.374849061568701,mols/page_0033.png,9,8.781269073486328,336.7500305175781,7307.47509765625,1.7805500030517578
650,[O][=N+1][Branch1][C][O-1][C][N][C][=N][N][N][Branch1][=Branch1][N+1][=Branch1][C][=O][O-1][N+1][=Branch1][C][O-1],O=[N+]([O-])CNC=NNN([N+][O-])[N+](=O)[O-],1.5563039679725397,1.0156238132152997,0.8120613556684098,0.8794307994022885,-0.3217165765180487,,0.7765219543300379,mols/page_0033.png,10,8.44039249420166,307.47247314453125,6663.6240234375,1.713845133781433
651,[O][=N+1][Branch1][C][O-1][C][C][N][Branch1][=Branch1][N+1][=Branch1][C][=O][O-1],O=[N+]([O-])CCN[N+](=O)[O-],1.481790468830701,1.0010866826548577,0.6086537846269532,1.023831324028679,-1.009227989420302,,0.711044847489894,mols/page_0033.png,11,8.43156909942627,297.7555847167969,6821.08154296875,1.6469142436981201
652,[O][=N+1][Branch1][C][O-1][C][=N][N][=N][C][Branch1][=Branch1][N+1][=Branch1][C][=O][O-1][N+1][=Branch1][C][N+1][=Branch1][C][Cl][O-1][C][Branch1][=Branch1][N][O][C][N][=C][Branch1][=Branch1][N+1][=Branch2][C][=N][N][Branch1][=Branch1][N+1][=N][C][=O][O-1][C][Branch1][C],[N+][N+](CCl)C(N=NN=C[N+](=O)[O-])[N+](=O)[O-],2.0966010549884797,0.9133391044794956,0.8687082972468121,0.8059187331957657,0.3429613418932849,,0.8021754778992117,mols/page_0033.png,12,8.378310203552246,310.17852783203125,6583.46484375,1.7785531282424927
653,[O-1][N+1][O][N][=C][C][=Ring1][Branch1][C][=N][O][N+1][Branch1][C][O-1][=C][Ring1][=Branch1][C][=N][O][N+1][Branch1][C][O-1][=C][Ring1][=C][Ring1][=Branch1],[O-][n+]1onc2c1c1no[n+]([O-])c1c1no[n+]([O-])c21,1.1798833105991513,1.9072957660252925,2.387973495294396,2.416858693307403,3.08343497513819,,2.3489042901667023,mols/page_0033.png,13,8.981597900390625,382.754638671875,8340.0693359375,2.045344829559326
654,[O][=N+1][Branch1][C][O-1][C][=C][N][Branch1][=Branch1][N+1][=Branch1][C][=O][O-1][C][=N][Ring1][Branch2],O=[N+]([O-])c1cn([N+](=O)[O-])cn1,1.3580915038517312,-0.2177257012334792,-0.2275574658413333,-0.3358508366067514,0.0632201154254829,,-0.2393391148688554,mols/page_0033.png,14,7.691803932189941,257.809326171875,5338.4541015625,1.7513196468353271
655,[O][=N+1][Branch1][C][O-1][C][=N][C][Branch1][=Branch1][N+1][=Branch1][C][=O][O-1][N][C][=N][N][Branch1][=Branch1][N+1][=C][C][=O],O=CC=[N+]NN=CNC(N=C[N+](=O)[O-])[N+](=O)[O-],2.178407953408093,-0.8191264154208975,-0.9176018857029932,-0.9989371429443712,-0.9670508625770974,,-0.9304620187164307,mols/page_0033.png,15,7.326780319213867,224.8455352783203,4615.41015625,1.6510202884674072
656,[O][=N+1][Branch1][C][O-1][C][N][C][N][N][Branch1][=Branch1][N+1][=Branch1][C][=O][O-1][N][N][=N][N][Branch1][=Branch1][C][=O][N][N][=C][Branch1][=Branch1][N+1][#C][N][=C][N][Branch1][=Branch1][N][N+1][=Branch1][C][O-1][C][Branch1][=Branch1][N+1][Branch1][C][O-1][O][C][N][C][Branch1][=Branch1],CNCC(N(C=NC#[N+]N(C=O)N=NNN(NCNC[N+](=O)[O-])[N+](=O)[O-])N[N+][O-])[N+]([O-])O,2.773567675943147,-0.3318560030621464,-0.6418067524021861,-0.265537789691552,-1.327078510441995,,-0.4823386557869034,mols/page_0033.png,16,7.622531890869141,238.02041625976562,5415.125,1.6159707307815552
657,[O][=C][N][C][C][Branch2][Ring1][C][N][Branch1][=Branch1][N+1][=Branch1][C][=O][O-1][C][N][Ring1][Branch2][N+1][=Branch1][C][=O][O-1][N][Ring1][=C][N+1][=Branch1][C][=O][O-1],O=C1NC2C(N([N+](=O)[O-])CN2[N+](=O)[O-])N1[N+](=O)[O-],2.559883310599151,1.1573388387922503,1.2658942514190965,0.939737955211018,1.2295259195920438,,1.1046560465964483,mols/page_0033.png,17,8.526407241821289,329.1523132324219,6729.38427734375,1.864862322807312
658,[O][=N+1][Branch1][C][O-1][C][C][Branch1][=Branch1][N+1][=Branch1][C][=O][O-1],O=[N+]([O-])CC[N+](=O)[O-],1.4844996950521223,1.2052161523792833,0.9237830613258408,1.1773654427879254,-0.2995418700378607,,0.9732417935376652,mols/page_0033.png,18,8.555466651916504,312.8094787597656,6988.49853515625,1.7160038948059082
659,[N][O][=N+1][Branch1][C][C][N][C][N][C][=N][NH1][N][N][=N][C][Branch1][=Branch1][N+1][=Branch1][C][=O][O-1][C][Branch1][=Branch1][C][N+1][=Branch1][C][Cl][=O][O-1][N][=N][Ring2][Ring2][Ring1][Ring2][Ring1][#C][Ring2],C[N+](NCNC=NNNN=NC(C(=O)C[N+]Cl)[N+](=O)[O-])ON,2.3292669435287103,-1.5356645975296377,-1.6148498299380525,-1.4458966491732934,-1.953045898401168,,-1.5612918563763567,mols/page_0033.png,19,6.891873359680176,191.53762817382812,4128.03564453125,1.5550312995910645
660,[O][=N+1][Branch1][C][O-1][C][C][N][C][=N][N][Branch1][=Branch1][N+1][=Branch1][C][=O][O-1][C],CN(N=CNCC[N+](=O)[O-])[N+](=O)[O-],1.576437499842364,-1.379234105430441,-1.595066330222246,-1.1047730063995194,-2.645481078201474,,-1.4500324192931269,mols/page_0034.png,0,6.986819744110107,192.48269653320312,4500.00439453125,1.4876210689544678
661,[O][=N+1][Branch1][C][O-1][C][=C][C][Branch1][=Branch1][N+1][=Branch1][C][=O][O-1][=C][Branch2][Ring1][N][N][N][=N][C][=C][Branch1][=Branch1][N+1][=Branch1][C][=O][O-1][C][=C][Branch1][=Branch1][N+1][=Branch1][C][=O][O-1][C][=C][Ring1][N][Ring1][#C][C][Branch1][=Branch1][N+1][=Branch1][C][=O][O-1][=C][Ring2][Ring1][O],O=[N+]([O-])c1cc([N+](=O)[O-])c(-n2nnc3c([N+](=O)[O-])cc([N+](=O)[O-])cc32)c([N+](=O)[O-])c1,1.7025801340811582,-0.7253476250042629,-0.5621770161397279,-0.7004199233971984,0.3179849495979403,,-0.5702506346850831,mols/page_0034.png,1,7.383699893951416,241.82437133789062,4940.919921875,1.7761216163635254
662,[O][=N+1][Branch1][C][O-1][C][N][N][=N][C][=N][N][C][Branch1][=Branch1][N+1][=Branch1][C][=O][O-1][C][Branch1][=Branch1][C][C][N][Branch1][=Branch1][N+1][N+1][=Branch1][C],[N+][N+]NCCCC(NN=CN=NNC[N+](=O)[O-])[N+](=O)[O-],2.263903847312421,-0.9714268980434274,-1.2348453929724523,-0.6664491506511643,-2.0279640546699214,,-1.0209441384814275,mols/page_0034.png,2,7.234340667724609,209.69064331054688,4977.96240234375,1.5477378368377686
663,[O][=N+1][Branch1][C][O-1][C][N][=N][C][Branch1][=Branch1][N+1][=Branch1][C][=O][O-1][N+1][=Branch1][C][O-1][=Branch1][=Branch1][N+1][=Branch1][=O][O-1][C][=C][Branch1][=Branch1][N+1],[N+]C=C[N+]([O-])[N+]([O-])C(N=NC[N+](=O)[O-])[N+](=O)[O-],2.1584079534080933,1.3367919536256534,1.1557677213878077,1.3755420906972962,0.0528435919999424,,1.178641114232278,mols/page_0034.png,3,8.635327339172363,323.8915100097656,7204.5947265625,1.7503094673156738
664,[O][=N+1][Branch1][C][O-1][C][C][Branch1][=Branch1][N+1][=Branch1][C][=O][O-1][N+1][=Branch1][C],[N+]C(C[N+](=O)[O-])[N+](=O)[O-],1.981790468830701,1.3183267181796618,1.1573871728144274,1.2772819562973845,0.1515956699060245,,1.1450008222580783,mols/page_0034.png,4,8.624119758605957,323.9688720703125,7097.44970703125,1.7599232196807861
665,[O][=N+1][Branch1][C][O-1][C][N][C][Branch1][=Branch1][N+1][=Branch1][C][=O][O-1][C][Branch1][=Branch1][C][=N][N][Branch1][=Branch1][N+1],[N+]NN=CCC(NC[N+](=O)[O-])[N+](=O)[O-],2.09630396797254,-0.5063494926670546,-0.7946487893033899,-0.2781529592709422,-1.704970578917609,,-0.607007812092749,mols/page_0034.png,5,7.516622066497803,230.7190704345703,5401.369140625,1.5791820287704468
666,[N][O][=N+1][Branch1][C][O-1][C][N][N][N][=N][O][N+1][C][O],NO[N+]([O-])CNNN=NO[N+]CO,1.536437499842364,0.0429590513911358,-0.2132602970335401,-0.1590620328199283,-0.910402440732354,,-0.1972403686118078,mols/page_0034.png,6,7.850028038024902,258.4923095703125,5531.228515625,1.6565351486206055
667,[O][=N+1][Branch1][C][O-1][C][C][N][Branch1][=Branch1][N+1][=Branch1][C][=O][O-1][C][Branch1][=Branch1][N+1][Branch1][C][O-1][N][=N][N][Branch1][=Branch1][N][N][C][C][Branch1][=Branch1][C][N+1][=Branch1][C][=Branch1][O-1][N+1][=Branch1][C][O-1][C][=O][N][=N][N][=N][Ring1],[N+][N+]CCCNNN(C[O-])N=C(N(CC[N+](=O)[O-])[N+](=O)[O-])[N+](N)[O-],1.9158857329053585,-0.0269431462891739,-0.3704825188288741,0.2774675241741808,-1.6380619623852797,,-0.1521756028483676,mols/page_0034.png,7,7.807600498199463,250.98171997070312,6007.22998046875,1.585695743560791
668,[O][=N+1][Branch1][C][O-1][C][C][N][Branch1][=Branch1][N+1][=Branch1][C][=O][O-1][C][=N][C][Branch1][=Branch1][N+1][C][=O][O-1][N+1][=Branch1][C][O-1],O=C[N+]C([O-])N=CN(CC[N+](=O)[O-])[N+](=O)[O-],2.157308431519336,-0.5101157596313196,-0.7292782110558713,-0.5773570902952833,-1.4963686615045866,,-0.6904281949403697,mols/page_0034.png,8,7.514336109161377,233.84185791015625,5075.1103515625,1.5994899272918701
669,[O][=N+1][Branch1][C][O-1][C][C][N][N][=N][N][Branch1][=Branch1][N+1][=Branch1][C][=O][O-1][N][C][N][=C][Branch1][=Branch1][N+1][=N][C][O-1][C][Branch1][=Branch1][N+1][O-1][C][O-1][C][N][N][=C][Branch1][N+1][=Branch1][C][N][O-1][C][Branch1][C][N][=N][N][=C][Branch1][=N][N+1][=Branch1][C][Branch1][O-1][C][=C][Branch1][=Branch1],O=[N+]([O-])CCNN=NN(NCN=C([N+][O-])[N+]=NC[O-])[N+](=O)[O-],1.8292669435287097,0.9561161666831312,0.6493649408653018,0.894209247564599,-0.6348490488309138,,0.6955690710298565,mols/page_0034.png,9,8.404273986816406,299.70037841796875,6679.73876953125,1.6833609342575073
670,[O][=N+1][Branch1][C][O-1][C][C][N][=N][O][N+1][=Branch1][C][=O][O-1],O=[N+]([O-])CCN=NO[N+](=O)[O-],1.498091503851731,1.1022856632002953,0.7841416297713679,1.0515495902846863,-0.5258722871151476,,0.8396394306452757,mols/page_0034.png,10,8.492992401123047,306.13873291015625,6851.30615234375,1.6939700841903687
671,[C][C][=C][Branch1][#Branch2][N][Branch1][C][C][N+1][=Branch1][C][=O][O-1][C][Branch1][=Branch1][N+1][=Branch1][C][=O][O-1][=C][Branch1][=Branch1][N+1][=Branch1][C][=O][O-1][C][Branch1][=Branch1][N+1][=Branch1][C][=O][O-1][=C][Ring2][Ring1][Ring2][N+1][=Branch1][C][=O][O-1],Cc1c(N(C)[N+](=O)[O-])c([N+](=O)[O-])c([N+](=O)[O-])c([N+](=O)[O-])c1[N+](=O)[O-],1.755885732905358,0.1431406527712163,0.0642925958729257,0.2503931814541366,-0.1270116574949789,,0.1393144189931922,mols/page_0034.png,11,7.910833835601807,271.75115966796875,5977.70751953125,1.7328001260757446
672,[/N+1][O][=N+1][Branch1][C][O-1][C][N][=N][N][=C][Branch1][=Branch1][N+1][=Branch1][C][=O][O-1][C][Branch1][=Branch1][N+1][=O][C][O-1][C][Branch1][N][C][=N][N][=C][Ring1][Branch1][N+1][=Branch1][C][O-1][C][=N][O][N][Branch1][=Branch1][N+1][Ring1][C][O-1][C][=C][Branch1][=Branch1][=Branch1][N+1][=Branch1][N+1][=Branch1][O-1][C][=O][O-1],C[N+]C(=O)N([N+][O-])ONC(C=NN=C[N+](C)[O-])([N+]=O)C(=NN=NC[N+]([O-])O[N+])[N+](=O)[O-],2.727950530827869,0.241051809527449,-0.0621638818377561,0.1909462322605573,-0.8675420356177955,,0.0343462712648666,mols/page_0034.png,12,7.970261573791504,265.71026611328125,5912.88525390625,1.660707712173462
673,[N][=N][N][C][=N][N][Branch1][=Branch1][N+1][=Branch1][C][=O][O-1][N+1][=Branch1][C][O-1][C][C][Branch1][=Branch1][N+1][C][C][O-1],N=NNC=NN([N+]([O-])CC[N+]CC[O-])[N+](=O)[O-],1.678407953408093,-0.3361454935971666,-0.6527889967710321,-0.1967329030469542,-1.6824444371974954,,-0.4941712275305809,mols/page_0034.png,13,7.619928359985352,237.49578857421875,5490.1513671875,1.581375002861023
674,[O][=N+1][Branch1][C][O-1][N][C][C][N][Branch2][Ring1][Ring1][C][C][N][Branch1][=Branch2][C][C][N][N+1][=Branch1][C][=O][O-1][N+1][=Branch1][C][=O][O-1][N+1][=Branch1][C][=O][O-1],O=[N+]([O-])NCCN(CCN(CCN[N+](=O)[O-])[N+](=O)[O-])[N+](=O)[O-],1.8292669435287097,-0.6614585702827526,-0.9289013125701888,-0.3671272505795642,-1.8592824865837865,,-0.7303691196034398,mols/page_0034.png,14,7.422477722167969,224.30575561523438,5304.349609375,1.5641593933105469
675,[O][=N+1][Branch1][C][O-1][C][N][C][N][=N][N][Branch1][=Branch1][N+1][=Branch1][C][=O][O-1][N+1][=Branch1][C][O-1][=C][C][Branch1][=Branch1][N+1][=C][C][=O][N][N+1][=Branch1][C][=C][O-1][Branch1][=Branch1][N+1],C=[N+]([O-])C(C[N+]([O-])N(N=NCNC[N+](=O)[O-])[N+](=O)[O-])[N+]=CC=O,2.3724242818454764,-0.2247145854458491,-0.5263567948608282,-0.2044649111801123,-1.3111708616549762,,-0.4006708957142119,mols/page_0034.png,15,7.687561988830566,243.5355224609375,5481.72021484375,1.6175193786621094
676,[O][=N+1][Branch1][C][O-1][C][N][N][=N][N][Branch1][=Branch1][N+1][=Branch1][C][=O][O-1][C][Branch1][=Branch1][N+1][C][C][Branch1][=Branch1][=O][N+1][=Branch1][C][=C][Branch1][=Branch1][N+1][S][C][O-1][C][Branch1][O][N+1][=Branch1][C][O-1][C][C][=N][N][=N][Ring1][Branch1][N+1][=Branch1][C][C][=O][O-1][N+1][=Branch1][C][=N][O-1][N][Branch1][=Branch1][C][=Branch1][N+1][=Branch1][=O][O-1][C][=C][Branch1][Ring2][N+1][=Branch1][C][Branch1][=Branch1][C][=O][N][N+1][=Branch1][C][N+1][=Branch1][C][#N+1][=O][O-1][C][=Ring1][=Branch2],C=[N+]OCC[N+]C([N+]SC[O-])(O[N+]([O-])C1C=NN=N1)N(N=NNC[N+](=O)[O-])[N+](=O)[O-],3.122580134081158,0.5481447645119016,0.2793186927904919,0.5135837169431073,-0.4074924898335652,,0.3715501021194848,mols/page_0034.png,16,8.15665340423584,282.0230712890625,6264.6962890625,1.7054946422576904
677,[O][=N+1][Branch1][C][O-1][C][N][N][=N][N][N][=N][C][Branch1][=Branch1][N+1][=Branch1][C][=O][O-1][C][Branch1][=Branch1][N][N+1][=Branch1][C][O-1][N][=N][N][=N][N][=C][Branch1][=Branch1][N+1][=N+1][C][O-1][C][=N][N][N][=C][Branch1][Ring1][C][N+1][=Branch1][C][=N][O-1][Branch1][=Branch1][N+1][N][C][=O][O-1][N][=C][Ring2][Ring1],[N+]CC(C=N[O-])=NNNC(=NN=NN=NC(N[N+][O-])C(N=NNN=NNC[N+](=O)[O-])[N+](=O)[O-])[N+]=[N+]C[O-],3.505174135090663,0.6955618271407162,0.5813345653733129,0.6211852205250317,-0.0460762441914003,,0.56309056191938,mols/page_0034.png,17,8.246129035949707,296.4505310058594,6382.02734375,1.740679383277893
678,[O][=C][Branch2][Ring2][Branch2][C][C][N][Branch2][Ring1][=N][C][C][C][=Branch1][C][=O][O][C][C][Branch1][=Branch1][N+1][=Branch1][C][=O][O-1][Branch1][=Branch1][N+1][=Branch1][C][=O][O-1][N+1][=Branch1][C][=O][O-1][N+1][=Branch1][C][=O][O-1][O][C][C][Branch1][=Branch1][N+1][=Branch1][C][=O][O-1][Branch1][=Branch1][N+1][=Branch1][C][=O][O-1][N+1][=Branch1][C][=O][O-1],O=C(CCN(CCC(=O)OCC([N+](=O)[O-])([N+](=O)[O-])[N+](=O)[O-])[N+](=O)[O-])OCC([N+](=O)[O-])([N+](=O)[O-])[N+](=O)[O-],2.458399324999048,0.1104572488814892,-0.012811179466118,-0.0743104111525688,-0.3841116380177438,,-0.0437238109089591,mols/page_0034.png,18,7.89099645614624,268.06787109375,5623.6435546875,1.707770824432373
679,[N][C][=C][Branch1][=Branch1][N+1][=Branch1][C][=O][O-1][C][=C][Branch1][=Branch1][N+1][=Branch1][C][=O][O-1][C][Branch1][=Branch1][N+1][=Branch1][C][=O][O-1][=C][Ring1][#C][N+1][=Branch1][C][=O][O-1],Nc1c([N+](=O)[O-])cc([N+](=O)[O-])c([N+](=O)[O-])c1[N+](=O)[O-],1.581719749037849,0.5461131486650953,0.6336412493610026,0.5110299645609101,0.9944120705426774,,0.5987917923851562,mols/page_0034.png,19,8.155420303344727,298.9492492675781,6261.91162109375,1.8419734239578247
680,[/N+1][C][Branch1][C][N][N][Branch1][=Branch1][N+1][=Branch1][C][=O][O-1][C][Branch1][=Branch1][N+1][N][C][=O][O-1][N+1][=Branch1][C][=Ring2][=O][O-1],[N+]C(N)N(C([N+])[N+]NC=O)[N+](=O)[O-],2.556437499842364,0.5004104339427026,0.3434655790428662,0.4703185930757534,-0.5434244569029334,,0.3447539947864002,mols/page_0035.png,0,8.127680778503418,285.08740234375,6217.51904296875,1.6922613382339478
681,[\N+1][Branch1][N][=N][C][C][Branch1][=Branch1][N+1][=Branch1][C][=O][O-1],[N+]NCC[N+](=O)[O-],1.4878467081635287,0.0687769135618992,-0.3524085465361982,0.2255201795566212,-1.888289975777512,,-0.1695288339986774,mols/page_0035.png,1,7.865698337554932,251.84512329101562,5950.58544921875,1.5613354444503784
682,[O][=N+1][Branch1][C][O-1][C][N][C][=N][N][Branch1][=Branch1][N+1][=Branch1][C][=O][O-1],O=[N+]([O-])CNC=NN[N+](=O)[O-],1.498091503851731,0.6726279795769233,0.3943482956814688,0.5717790901401513,-0.666086376254272,,0.4288470672452312,mols/page_0035.png,2,8.232209205627441,287.5180969238281,6328.15380859375,1.680319905281067
683,[O][=N+1][Branch1][C][O-1][C][N][C][N][=C][Branch1][=Branch1][N+1][=Branch1][C][=O][O-1][C][N][=C][N][Branch1][=Branch1][N+1][#Branch2][C][=O][O-1],O=[N+]([O-])CNCN=C(CN=CN[N+][O-])[N+](=O)[O-],1.678407953408093,-0.4105202315001631,-0.6924566130072569,-0.4097453163735752,-1.4925432827954304,,-0.5888966659558281,mols/page_0035.png,3,7.574786186218262,235.60084533691406,5257.8779296875,1.5998623371124268
684,[=N+1][Branch1][C][O-1][C][C][N][N][=N][N][=N][N][Branch1][=Branch1][N+1][=Branch1][C][=O][O-1][C][=N][N][N+1][=Branch1][C][O-1][C],C[N+]([O-])NN=CN(N=NN=NNCC[N+][O-])[N+](=O)[O-],1.701719749037849,0.2051897831643352,-0.1661441624901453,0.3478665469717897,-1.4265640716537058,,0.0062516167918927,mols/page_0035.png,4,7.948494911193848,260.7430725097656,6083.99462890625,1.606285572052002
685,[O][=N+1][Branch1][C][O-1][C][N][N][=N][N][C][=C][Branch1][=Branch1][N+1][=Branch1][C][=O][O-1][C][=C][Branch1][C][O][N][=N][O],O=[N+]([O-])CNN=NNC=C(C=C(O)N=NO)[N+](=O)[O-],1.721719749037849,-0.4937229923229439,-0.4882936173851384,-0.6169982411608622,-0.2501964439105972,,-0.5173230932824252,mols/page_0035.png,5,7.524285793304443,245.35382080078125,5031.884765625,1.7208077907562256
686,[O][=N+1][Branch1][C][O-1][C][N][N][C][Branch1][=Branch1][N+1][=Branch1][C][=O][O-1][N][Branch2][Ring1][#C][C][N][=N][N][Branch1][=Branch1][N+1][=Branch2][C][O-1][C][=C][Branch1][=Branch1][N+1][N][C][=O][O-1],C[N+]N(C[N+]NC=O)N=NCNC(NNC[N+](=O)[O-])[N+](=O)[O-],2.3292669435287103,-1.0216752157393785,-1.2336073271480776,-0.8202013436538143,-1.975149583125552,,-1.089416131495945,mols/page_0035.png,6,7.2038421630859375,209.74978637695312,4810.3076171875,1.5528794527053833
687,[C][=N+1][Branch1][C][O-1][C][=N][N][=C][Branch1][=Branch1][N+1][=Branch1][C][=O][O-1],C=[N+]([O-])C=NN=C[N+](=O)[O-],1.4996683620478215,-0.0418110232809792,-0.2192129788454712,-0.0525567217387263,-0.921604285940856,,-0.1784391178211887,mols/page_0035.png,7,7.798576354980469,258.20794677734375,5647.3642578125,1.655444622039795
688,[Ring1][S][=Ring1][/C][F][Cl][N+1][/C][/C][#N][C@@H1][=Branch1][#N+1][C@@H1][F][\N+1][O][NH1][=N+1][=N+1][Branch2][Branch1],FS,1.4772360217868288,-0.8881817136878827,-0.8958526849853291,-1.2869550056433272,-0.5915833299030612,,-1.01994893491594,mols/page_0035.png,8,7.284866809844971,225.88450622558594,4301.34912109375,1.687572956085205
689,[O][=N+1][Branch1][C][O-1][C][C][N][N][=N][N][Branch1][=Branch1][N+1][=Branch1][C][=O][O-1][N][C][N][=C][Branch1][=Branch1][N+1][=N][C][O-1][C][Branch1][=Branch1][N+1][O-1][C][O-1][C][N][N][=C][Branch1][N+1][=Branch1][C][N][O-1][C][Branch1][C][N][=N][N][=C][Branch1][=N][N+1][=Branch1][C][Branch1][O-1][C][=C][Branch1][=Branch1],O=[N+]([O-])CCNN=NN(NCN=C([N+][O-])[N+]=NC[O-])[N+](=O)[O-],1.8292669435287097,0.9561161666831312,0.6493649408653018,0.894209247564599,-0.6348490488309138,,0.6955690710298565,mols/page_0035.png,9,8.404273986816406,299.70037841796875,6679.73876953125,1.6833609342575073
690,[O][=N+1][Branch1][C][O-1][C][C][N][N][N][N][=N][C][Branch1][=Branch1][N+1][=Branch1][C][=O][O-1][N+1][=Branch1][C][O-1],O=[N+]([O-])CCNNNN=NC([N+][O-])[N+](=O)[O-],2.117308431519336,0.5891054710164588,0.2611150366163155,0.5658682482244921,-0.8079180471074795,,0.3581106214872425,mols/page_0035.png,10,8.181514739990234,281.1534729003906,6321.70849609375,1.6665122509002686
691,[O][=N+1][Branch1][C][O-1][C][C][=N][N][N][Branch1][=Branch1][N+1][=Branch1][C][=O][O-1][N],NN(NN=CC[N+](=O)[O-])[N+](=O)[O-],1.5170246155449356,0.5913979130276656,0.2897291781743972,0.5815225756888504,-0.7840020830970674,,0.3744905947663491,mols/page_0035.png,11,8.182906150817871,282.5203857421875,6338.7783203125,1.6688405275344849
692,[O][=N+1][Branch1][C][O-1][C][N][=N][N][=N][N][C][=C][Branch1][=Branch1][N+1][=Branch1][C][=O][O-1][N][C][=N][N][=C][Ring1][P][N+1][=Branch1][C][=N][O],N=[N+](O)C=NN=CNC(=CNN=NN=NC[N+](=O)[O-])[N+](=O)[O-],1.8292669435287097,-0.2230969918539798,-0.3159226572547194,-0.3255073110454021,-0.5353340993064564,,-0.3184912466259813,mols/page_0035.png,12,7.688543796539307,253.58807373046875,5349.73291015625,1.6930489540100098
693,[O][=N+1][Branch1][C][O-1][C][N][C][Branch1][=Branch1][N+1][=Branch1][C][=O][O-1][C][N][Branch1][=Branch1][N+1][Branch1][C][O-1][N][=N][C][N][=C][Branch1][=Branch1][N+1][N][C][=O][O-1],N[N+]([O-])N(CC(NC[N+](=O)[O-])[N+](=O)[O-])NCN=C[N+]NC=O,2.3292669435287103,-0.7556490260913927,-1.0012598077526516,-0.6352994615466947,-1.690567856645812,,-0.8624037787442702,mols/page_0035.png,13,7.3653082847595215,220.84915161132812,5011.9287109375,1.580584168434143
694,[Ring1][S][=Ring1][/C][F][Cl][N+1][/C][/C][#N][C@@H1][=Branch1][#N+1][C@@H1][F][\N+1][O][NH1][=N+1][=N+1][Branch2][Branch1],FS,1.4772360217868288,-0.8881817136878827,-0.8958526849853291,-1.2869550056433272,-0.5915833299030612,,-1.01994893491594,mols/page_0035.png,14,7.284866809844971,225.88450622558594,4301.34912109375,1.687572956085205
695,[C][C][Branch2][Branch1][=Branch2][C][C][N][Branch2][Ring2][=C][C][C][Branch2][Ring1][=N][C][N][Branch2][Ring1][Ring1][C][C][C][Branch1][C][C][Branch1][=Branch1][N+1][=Branch1][C][=O][O-1][N+1][=Branch1][C][=O][O-1][N+1][=Branch1][C][=O][O-1][Branch1][=Branch1][N+1][=Branch1][C][=O][O-1][N+1][=Branch1][C][=O][O-1][N+1][=Branch1][C][=O][O-1][Branch1][=Branch1][N+1][=Branch1][C][=O][O-1][N+1][=Branch1][C][=O][O-1],CC(CCN(CC(CN(CCC(C)([N+](=O)[O-])[N+](=O)[O-])[N+](=O)[O-])([N+](=O)[O-])[N+](=O)[O-])[N+](=O)[O-])([N+](=O)[O-])[N+](=O)[O-],2.505174135090663,-0.252407724888974,-0.4662396914877907,-0.0296042956727459,-1.3019172166789543,,-0.321695294031185,mols/page_0035.png,15,7.670753479003906,246.4073486328125,5672.39208984375,1.6184202432632446
696,[C][N][=C][Branch1][=Branch1][N+1][=Branch1][C][=O][O-1],CN=C[N+](=O)[O-],1.4918943340952076,-1.0359947292891607,-1.2881566479141302,-0.8976356117042202,-2.346605611109705,,-1.1747526500934813,mols/page_0035.png,16,7.195150852203369,207.14393615722656,4725.87158203125,1.5167173147201538
697,[O][=N+1][Branch1][C][O-1][C][=N][C][=N][N][=C][Branch1][=Branch1][N+1][=Branch1][C][=O][O-1][=C][Ring1][Branch1][N+1][=Branch1][C][=N][O][N+1][Branch1][C][O-1][=C][Branch1][=Branch1],C=[N+]([O-])O[N+](=N)CC(=NN=CN=C[N+](=O)[O-])[N+](=O)[O-],1.721719749037849,0.5288357721364939,0.3250894369179255,0.3485973419722712,-0.4499022741526789,,0.3079300116372454,mols/page_0035.png,17,8.144933700561523,284.2095642089844,6084.79150390625,1.7013659477233887
698,[C][O][C][C][N][Branch2][Ring1][=Branch1][C][C][Branch1][=Branch1][N+1][=Branch1][C][=O][O-1][Branch1][=Branch1][N+1][=Branch1][C][=O][O-1][N+1][=Branch1][C][=O][O-1][N+1][=Branch1][C][=O][O-1],COCCN(CC([N+](=O)[O-])([N+](=O)[O-])[N+](=O)[O-])[N+](=O)[O-],1.721719749037849,0.1673479919389043,-0.1211106360930152,0.2596199161262696,-1.1705600302937753,,-0.0016486976173973,mols/page_0035.png,18,7.9255266189575195,262.89434814453125,5987.7685546875,1.6312081813812256
699,[O][=N+1][Branch1][C][O-1][C][N][C][N][N][=N][C][Branch1][=Branch1][N+1][=Branch1][C][=O][O-1][N][C][=N][N][Branch1][=Branch1][N+1][=O][C][O-1][C][=N][O][N+1][=Branch1][C][O-1][O-1][C][C][N][N][Branch1][=Branch1][=O][O][N+1][=Branch1][N+1][=Branch1][O-1][=O][O-1][C][Branch1][=Branch1][C],O=[N+]N(N=CNC(N=NNCNC[N+](=O)[O-])[N+](=O)[O-])NO[N+]([O-])[O-],2.4158857329053585,0.5738471403990298,0.3363406316025928,0.5480990036110689,-0.4794730393407103,,0.3988392405107622,mols/page_0035.png,19,8.172253608703613,284.7470397949219,6302.33251953125,1.6984871625900269
700,[O][=N+1][Branch1][C][O-1][C][C][C][Branch1][=Branch1][N+1][=Branch1][C][=O][O-1][C][N][=C][Branch1][=Branch1][N+1][N][C][=O][O-1][N][C][Branch1][=Branch1][=Branch1][N+1][=Branch1][=O][O-1],O=CN[N+]C(=NCC(CC[N+](=O)[O-])[N+](=O)[O-])NC[N+][O-],2.2839038473124216,-0.8392658091691104,-1.03231430609562,-0.7965987249771114,-1.6636469376570808,,-0.9528992125727352,mols/page_0036.png,0,7.31455659866333,219.36566162109375,4836.04443359375,1.583204984664917
701,[C][#N+1][C][=N][C][O][N][Branch1][=Branch1][N+1][=Branch1][C][=O][O-1][C][Branch1][=Branch1][N+1][N][=Branch1][C][=O][N][=N][N+1][C][O-1][N][C][Branch1][=Branch1][C][=Branch1][N+1][=Branch1][=Branch1][C][=O][Cl][N+1][=Branch1][C][O-1][Branch1][=Branch1][C][N+1][=Branch1][C][C][O-1],C#[N+]C=NCON(C(N=N[N+]C[O-])[N+]NO)[N+](=O)[O-],2.221719749037849,-0.215137080113902,-0.4288913724524906,-0.143198586933251,-1.2038839279221278,,-0.3386749407071114,mols/page_0036.png,1,7.693375110626221,248.19149780273438,5548.5263671875,1.6279640197753906
702,[=N+1][Branch2][=Branch1][/N+1][S][=Branch1][O][/C][N+1][NH1][=Branch1][C@@H1][P][/N][Cl][Ring1][/C][N][/C][#N+1][=N+1][#N][O][#N+1][#N][Ring1][/N+1][Cl][P][NH1],N#[N+][N+]#CN[SH]([N+])C[N+]N[CH]PNCl,2.57630396797254,-1.78227180786542,-1.808919203256188,-1.776440332709092,-1.9651428626354035,,-1.8048881721275791,mols/page_0036.png,2,6.742193698883057,182.26683044433594,3767.603515625,1.5538536310195923
703,[O][=N+1][Branch1][C][O-1][C][N][N][Branch1][=Branch1][N+1][=Branch1][C][=O][O-1],O=[N+]([O-])CNN[N+](=O)[O-],1.461790468830701,1.6905272260211222,1.4588319252491622,1.5976598873203574,-0.0578805498112033,,1.4206156877645937,mols/page_0036.png,3,8.850028991699219,338.3690490722656,7446.796875,1.7395302057266235
704,[N][C][=C][Branch1][=Branch1][N+1][=Branch1][C][=O][O-1][C][=C][Branch1][=Branch1][N+1][=Branch1][C][=O][O-1][C][Branch2][Ring1][#C][C][=C][Branch1][=Branch1][N+1][=Branch1][C][=O][O-1][C][=C][Branch1][=Branch1][N+1][=Branch1][C][=O][O-1][C][Branch1][C][N][=C][Ring1][=N][N+1][=Branch1][C][=O][O-1][=C][Ring2][Ring1][N][N+1][=Branch1][C][=O][O-1],Nc1c([N+](=O)[O-])cc([N+](=O)[O-])c(-c2c([N+](=O)[O-])cc([N+](=O)[O-])c(N)c2[N+](=O)[O-])c1[N+](=O)[O-],1.9535676759431464,-0.4540444192530301,-0.3002398513091199,-0.4204878237642315,0.5840691822298852,,-0.2983592789232415,mols/page_0036.png,4,7.54836893081665,254.33724975585938,5246.1640625,1.802025556564331
705,[O][=N+1][Branch1][C][O-1][C][C][N][C][N][C][=N][N][N][Branch1][=Branch1][N+1][=Branch1][C][=O][O-1],O=[N+]([O-])CCNCNC=NNN[N+](=O)[O-],1.616601054988479,-1.236483631405659,-1.4187358592665051,-0.9840382389884764,-2.1659152437275733,,-1.274011692636189,mols/page_0036.png,5,7.073462963104248,200.90609741210938,4631.65625,1.5343079566955566
706,[O][=N+1][Branch1][C][O-1][C][C][C][Branch1][=Branch1][N+1][=Branch1][C][=O][O-1][C][N][=C][Branch1][=Branch1][N+1][N][C][=O][O-1][N][C][Branch1][=Branch1][=Branch1][N+1][=Branch1][=O][O-1],O=CN[N+]C(=NCC(CC[N+](=O)[O-])[N+](=O)[O-])NC[N+][O-],2.2839038473124216,-0.8392658091691104,-1.03231430609562,-0.7965987249771114,-1.6636469376570808,,-0.9528992125727352,mols/page_0036.png,6,7.31455659866333,219.36566162109375,4836.04443359375,1.583204984664917
707,[O][=N+1][Branch1][C][O-1][C][N][N][C][Branch1][=Branch1][N+1][=Branch1][C][=O][O-1][N][=N][N][=C][Branch1][=Branch1][N+1][N+1][C][O-1][C][C][Branch1][=Branch1],CC(=NN=NC(NNC[N+](=O)[O-])[N+](=O)[O-])[N+][N+]C[O-],2.221719749037849,-0.0477652446664953,-0.2723792178211361,-0.0140775886588394,-1.1363630548742487,,-0.1993034565728685,mols/page_0036.png,7,7.794962406158447,255.6681671142578,5689.32275390625,1.6345373392105103
708,[O][=N+1][Branch1][C][O-1][C][N][=N][N][=C][N][Branch1][=Branch1][N+1][=Branch1][C][=O][O-1][N][=N][N][=N][NH1][C][Branch1][=Branch1][N+1][O][C][N][=C][Branch1][=Branch1][N+1][O-1][C][=C][Branch1][=Branch1],C=NCO[N+]C([N+][O-])NN=NN=NN(C=NN=NC[N+](=O)[O-])[N+](=O)[O-],2.45964236577066,0.5358670798816277,0.25295836765573,0.4486235642900132,-0.564847312382026,,0.3201710563621421,mols/page_0036.png,8,8.149201393127441,280.7638244628906,6193.8623046875,1.6901757717132568
709,[O][=C][Branch2][Ring2][Branch2][O][C][#C][O][C][=Branch1][C][=O][N][Branch2][Ring1][#Branch1][C][C][C][Branch1][=Branch1][N+1][=Branch1][C][=O][O-1][Branch1][=Branch1][N+1][=Branch1][C][=O][O-1][N+1][=Branch1][C][=O][O-1][N+1][=Branch1][C][=O][O-1][N][Branch2][Ring1][#Branch1][C][C][C][Branch1][=Branch1][N+1][=Branch1][C][=O][O-1][Branch1][=Branch1][N+1][=Branch1][C][=O][O-1][N+1][=Branch1][C][=O][O-1][N+1][=Branch1][C][=O][O-1],O=C(OC#COC(=O)N(CCC([N+](=O)[O-])([N+](=O)[O-])[N+](=O)[O-])[N+](=O)[O-])N(CCC([N+](=O)[O-])([N+](=O)[O-])[N+](=O)[O-])[N+](=O)[O-],2.6467906006930217,0.9522949062504684,0.8592062378702653,0.7792715831414442,0.3273132898688593,,0.7973152482736471,mols/page_0036.png,9,8.401954650878906,309.724609375,6554.408203125,1.7770297527313232
710,[O][=N+1][Branch1][C][O-1][C][N][N][N][N][Branch1][=Branch1][N+1][=Branch1][C][=O][O-1][N][Branch2][Ring2][#C][C][=N][N][=N][N][Branch1][=Branch1][N][N][C][=N][N][Branch1][=C][N][N][N][C][Branch1][=Branch1][N+1][C][C][=N][O][N+1][=Branch1][C][O-1][C][=N][O][N][=C][Branch1][=Branch1][N+1][N+1][=Branch1][C][=C][O-1][N],C=[N+][N+]C([O-])=NON=C[N+]([O-])C([N+]CC=NO)NNNCN(N=NN=CNN(NNNC[N+](=O)[O-])[N+](=O)[O-])NNC=NN,3.290265751340508,-0.3103889098626177,-0.5555720818991661,-0.1995208501505068,-1.1138209944847306,,-0.4076806874491217,mols/page_0036.png,10,7.635561466217041,242.139892578125,5487.111328125,1.6367318630218506
711,[O][Branch1][#Branch2][=N+1][C][C][N][C][Branch1][=Branch1][N+1][=Branch1][C][=O][O-1][N+1][=Branch1][C][N][=O][O-1][N][Ring2][Ring2][Ring1][=Branch2],N[N+](O[O-])O[N+]CCNC[N+](=O)[O-],1.556437499842364,-0.1530196006957745,-0.5415208652804255,0.059814204361659,-1.808738262199076,,-0.330583260969294,mols/page_0036.png,11,7.731077671051025,242.81112670898438,5769.89599609375,1.5690799951553345
712,[C][N][C][Branch1][=Branch1][N+1][=Branch1][C][=O][O-1],CNC[N+](=O)[O-],1.4918943340952076,-1.728390778771313,-1.9716536288521496,-1.3163435325315629,-3.39467243699326,,-1.7910157586178168,mols/page_0036.png,12,6.77489709854126,174.492919921875,4269.30322265625,1.4146854877471924
713,[O][=N+1][Branch1][C][O-1][C][N][C][Branch1][=Branch1][N+1][=Branch1][C][=O][O-1],O=[N+]([O-])CNC[N+](=O)[O-],1.481790468830701,1.0245578949669936,0.8042867111469243,0.9104157013988062,-0.2066613321159026,,0.8007112988764117,mols/page_0036.png,13,8.445815086364746,307.10107421875,6697.41064453125,1.7250460386276245
714,[O][=N+1][Branch1][C][O-1][C][N][C][=N][N][Branch1][=Branch1][N+1][=Branch1][C][=O][O-1],O=[N+]([O-])CNC=NN[N+](=O)[O-],1.498091503851731,0.6726279795769233,0.3943482956814688,0.5717790901401513,-0.666086376254272,,0.4288470672452312,mols/page_0036.png,14,8.232209205627441,287.5180969238281,6328.15380859375,1.680319905281067
715,[O][=N+1][Branch1][C][O-1][C][Branch1][=Branch1][N+1][=Branch1][C][=O][O-1][C][Branch1][C][N+1][=Branch1][C][Branch1][=Branch1][C][=O][O][N+1][=Branch1][C][O-1][O-1][N],[N+]C(C=O)C([N+](=O)[O-])[N+](=O)[O-],2.018091503851731,0.7810688142893604,0.6213736652405355,0.5940880404612224,0.0534460524112435,,0.5935904413080874,mols/page_0036.png,15,8.298027992248535,298.36322021484375,6352.47998046875,1.7503681182861328
716,[O][=N+1][Branch1][C][O-1][C][C][N][C][Branch1][=Branch1][N+1][=Branch1][C][=O][O-1][N+1][=Branch1][C][O-1][C][O-1][C][Branch1][=Branch1][C][N][N][Branch1][=Branch1][N+1][C][=O][O-1][C][Branch1][C][N+1][=Branch1][C][=N+1][O-1][C][N][N+1][=Branch1][C][=N][O][N+1][Branch1][C][O-1],O=[N+]([O-])CCNC([N+]([O-])C[O-])[N+](=O)[O-],2.09630396797254,0.719130456454014,0.3854333273743752,0.7380873443030348,-0.7683846438984194,,0.4945374192884692,mols/page_0036.png,16,8.2604341506958,287.09222412109375,6509.5,1.6703609228134155
717,[O][=N+1][Branch1][C][O-1][C][N][=N][N][N][=C][Branch1][=Branch1][N+1][=Branch1][C][=O][O-1],O=[N+]([O-])C=NNN=NC[N+](=O)[O-],1.5170246155449356,1.2383065079351532,1.1105565983450756,0.9925038618756854,0.2377756725218039,,1.0079948885725118,mols/page_0036.png,17,8.57555103302002,321.73175048828125,6786.92138671875,1.7683130502700806
718,[O][=N+1][Branch1][C][O-1][C][Branch1][=Branch1][N+1][=Branch1][C][=O][O-1][C][Branch1][=N][C],CCC([N+](=O)[O-])[N+](=O)[O-],1.501790468830701,-0.882173284454946,-1.1411519827725871,-0.5614569255421601,-2.206206620502884,,-0.9510347490740356,mols/page_0036.png,18,7.288513660430908,214.1664276123047,5092.4482421875,1.5303854942321777
719,[O][=N+1][Branch1][C][O-1][C][=N][N][Branch1][=Branch1][N+1][=Branch1][C][=O][O-1][N][Branch2][Ring1][#Branch1][N][C][=N][C][Branch1][=Branch1][N+1][O-1][C][=O][O-1][C][=C][Ring1][=Branch1][N+1][=Branch1],[N+]C=CC(N=CNNN(N=C[N+](=O)[O-])[N+](=O)[O-])[N+][O-],2.221719749037849,-0.2672182515494503,-0.4049892915345467,-0.1740348222997688,-1.0394134601499456,,-0.3416071607059013,mols/page_0036.png,19,7.661764144897461,249.33331298828125,5514.90185546875,1.6439756155014038
720,[N][C][=Branch1][C][=O][C][C][C][Branch1][=Branch1][N+1][=Branch1][C][=O][O-1][Branch1][=Branch1][N+1][=Branch1][C][=O][O-1][N+1][=Branch1][C][=O][O-1],NC(=O)CCC([N+](=O)[O-])([N+](=O)[O-])[N+](=O)[O-],1.616601054988479,0.0849206390205311,-0.062765666154867,-0.0646466324115203,-0.4605016589498796,,-0.06637007564318,mols/page_0037.png,0,7.875496864318848,265.6815185546875,5634.18115234375,1.700334072113037
721,[O][=N+1][Branch1][C][O-1][C][N][=N][N][Branch1][=Branch1][N+1][=Branch1][C][=O][O-1][=C][N][=N][N][=C][Branch1][=Branch1][N+1][C][O][C][N][=N][O][N][=N][O][Branch1],NCOC[N+]C(=NN=NCN(N=NC[N+](=O)[O-])[N+](=O)[O-])NON=NO,1.9596423657706596,0.4245414449412429,0.2180452947104793,0.3349921063720082,-0.5916408820155229,,0.2354794392601815,mols/page_0037.png,1,8.081631660461426,279.09600830078125,6069.9560546875,1.6875673532485962
722,[O][=N+1][Branch1][C][O-1][C][N][C][Branch1][=Branch1][N+1][=Branch1][C][=O][O-1][C][N][Branch1][=Branch1][N+1][Branch1][C][O-1][N][=N][C][N][=C][Branch1][=Branch1][N+1][N][C][=O][O-1],N[N+]([O-])N(CC(NC[N+](=O)[O-])[N+](=O)[O-])NCN=C[N+]NC=O,2.3292669435287103,-0.7556490260913927,-1.0012598077526516,-0.6352994615466947,-1.690567856645812,,-0.8624037787442702,mols/page_0037.png,2,7.3653082847595215,220.84915161132812,5011.9287109375,1.580584168434143
723,[O][=N+1][Branch1][C][O-1][C][C][N][N][Branch1][=Branch1][N+1][=Branch1][C][=O][O-1][C][=N][N][=N][O][N+1][Branch1][C][O-1],O=[N+]([O-])CCNN(C=NN=NO[N+][O-])[N+](=O)[O-],1.6384079534080929,0.6497774078367041,0.3871498820029069,0.5580426517610028,-0.5605615167731764,,0.4263927314869862,mols/page_0037.png,3,8.218339920043945,287.1742248535156,6313.17529296875,1.6905930042266846
724,[O][=N+1][Branch1][C][O-1][C][N][N][C][Branch1][=Branch1][N+1][=Branch1][C][=O][O-1][N+1][=Branch1][C],[N+]C(NNC[N+](=O)[O-])[N+](=O)[O-],1.9980915038517315,1.2229853276395557,1.044905890136779,1.0913295563770726,0.0103738065423047,,1.0045420076491431,mols/page_0037.png,4,8.566251754760742,318.5955810546875,6894.68310546875,1.746174931526184
725,[O][=N+1][Branch1][C][O-1][C][=C][C][Branch1][=Branch1][N+1][=Branch1][C][=O][O-1][=C][Branch2][Branch1][=Branch1][N][C][=N][C][Branch2][Ring1][=N][N][C][=C][Branch1][=Branch1][N+1][=Branch1][C][=O][O-1][C][=C][Branch1][=Branch1][N+1][=Branch1][C][=O][O-1][C][=C][Ring1][N][N+1][=Branch1][C][=O][O-1][=C][Branch1][=Branch1][N+1][=Branch1][C][=O][O-1][C][=C][Ring2][Ring1][=Branch2][N+1][=Branch1][C][=O][O-1][C][Branch1][=Branch1][N+1][=Branch1][C][=O][O-1][=C][Ring2][Ring2][=Branch2],O=[N+]([O-])c1cc([N+](=O)[O-])c(Nc2nc(Nc3c([N+](=O)[O-])cc([N+](=O)[O-])cc3[N+](=O)[O-])c([N+](=O)[O-])cc2[N+](=O)[O-])c([N+](=O)[O-])c1,2.400207645650445,-0.6318178764373722,-0.504739513953656,-0.648713042575753,0.3517264061698979,,-0.5084519240110684,mols/page_0037.png,5,7.4404683113098145,244.5681915283203,4997.30224609375,1.7794064283370972
726,[O][=N+1][Branch1][C][O-1][C][N][N][C][N][Branch1][=Branch1][N+1][=Branch1][C][=O][O-1][N+1][=Branch1][C][=Branch1][C][=O],O=[N+]([O-])CNNCN([N+]O)[N+](=O)[O-],1.536437499842364,0.8849938996253697,0.6384657452875645,0.8123382657490149,-0.4674789342010869,,0.6590523241077308,mols/page_0037.png,6,8.361105918884277,299.1797180175781,6590.46484375,1.6996548175811768
727,[O][=N+1][Branch1][C][O-1][C][N][=N][C][Branch1][=Branch1][N+1][=Branch1][C][=O][O-1][N+1][=Branch1][C][C][O-1][N][=C][Ring2][=Branch1][N+1][=Branch1][=O][O-1][N+1][#C][=Branch1][N][=O][O-1],C[N+]([O-])C(N=NC[N+](=O)[O-])[N+](=O)[O-],2.056437499842364,0.6227489037402142,0.2976795028309202,0.7587376765592876,-1.0593093478792568,,0.4276712374785729,mols/page_0037.png,7,8.201934814453125,282.9001770019531,6532.017578125,1.6420387029647827
728,[O][=N+1][Branch1][C][O-1][C][N][N][N][Branch1][=Branch1][N+1][=Branch1][C][=O][O-1][N+1][=Branch1][C][O-1][C][Branch1][=Branch1][N+1][#N][C][=N][O-1][N+1][=Branch1],N#[N+]C([N+])[N+]([O-])N(NNC[N+](=O)[O-])[N+](=O)[O-],2.097308431519336,1.4988294226384835,1.3008942061765838,1.443855302764364,0.0755215733359124,,1.285025185643104,mols/page_0037.png,8,8.73367691040039,330.82427978515625,7279.0849609375,1.7525172233581543
729,[O][=N+1][Branch1][C][O-1][C][=C][N][=C][Branch1][=Branch1][N+1][=Branch1][C][=O][O-1],O=[N+]([O-])C=CN=C[N+](=O)[O-],1.4996683620478215,0.1490878035679384,-0.0786771756944428,0.0409841427407966,-0.5570655320693862,,-0.021710239142246,mols/page_0037.png,9,7.914443492889404,264.9214172363281,5749.36328125,1.690933346748352
730,[O][=N+1][Branch1][C][O-1][C][C][N][N][=N][C][=N][C][N][Branch1][=Branch1][N+1][=Branch1][C][=O][O-1],O=[N+]([O-])CCNN=NC=NCN[N+](=O)[O-],1.616601054988479,-0.5406827006087125,-0.8641775566380364,-0.4369020526475952,-1.835911430872214,,-0.7095670284579467,mols/page_0037.png,10,7.49578332901001,227.39764404296875,5228.265625,1.566434621810913
731,[=N+1][Branch1][C][O-1][C][N][N][N][Branch1][=Branch1][N+1][=Branch1][C][=O][O-1],O=[N+]([O-])NNNC[N+][O-],1.461790468830701,1.46848559801859,1.1279425433452586,1.3608751425074854,-0.4527455934108929,,1.1481825330028672,mols/page_0037.png,11,8.715259552001953,322.5622863769531,7188.6015625,1.7010891437530518
732,[N][=C][C][Branch2][Ring2][#Branch1][N][C][=N][O][N+1][=Branch1][C][=O][O-1],N=CCNC=NO[N+](=O)[O-],1.4996683620478215,-1.667984381841331,-1.6923573501692553,-1.478468970457009,-2.209978120638672,,-1.6524708332493174,mols/page_0037.png,12,6.811561107635498,187.83505249023438,4092.51806640625,1.5300183296203613
733,[O][=N+1][Branch1][C][O-1][C][N][N][Branch1][=Branch1][N+1][=Branch1][C][=O][O-1],O=[N+]([O-])CNN[N+](=O)[O-],1.461790468830701,1.6905272260211222,1.4588319252491622,1.5976598873203574,-0.0578805498112033,,1.4206156877645937,mols/page_0037.png,13,8.850028991699219,338.3690490722656,7446.796875,1.7395302057266235
734,[O][=N+1][Branch1][C][O-1][C][N][C][N][Branch1][=Branch1][N+1][=Branch1][C][=O][O-1],O=[N+]([O-])CNCN[N+](=O)[O-],1.4796683620478217,0.9652120863561098,0.6098899339407637,0.9633902786947388,-0.9171642016900876,,0.6874151963831052,mols/page_0037.png,14,8.409794807434082,297.81463623046875,6755.17529296875,1.655876874923706
735,[N][C][=C][Branch1][=Branch1][N+1][=Branch1][C][=O][O-1][C][=C][Branch1][=Branch1][N+1][=Branch1][C][=O][O-1][C][Branch2][Ring1][#C][C][=C][Branch1][=Branch1][N+1][=Branch1][C][=O][O-1][C][=C][Branch1][=Branch1][N+1][=Branch1][C][=O][O-1][C][Branch1][C][N][=C][Ring1][=N][N+1][=Branch1][C][=O][O-1][=C][Ring2][Ring1][N][N+1][=Branch1][C][=O][O-1],Nc1c([N+](=O)[O-])cc([N+](=O)[O-])c(-c2c([N+](=O)[O-])cc([N+](=O)[O-])c(N)c2[N+](=O)[O-])c1[N+](=O)[O-],1.9535676759431464,-0.4540444192530301,-0.3002398513091199,-0.4204878237642315,0.5840691822298852,,-0.2983592789232415,mols/page_0037.png,15,7.54836893081665,254.33724975585938,5246.1640625,1.802025556564331
736,[O][=N+1][Branch1][C][O-1][C][N][C][N][N][N][N][=N][C][=N][N][Branch1][=Branch1][N+1][=Branch1][C][=O][O-1][N+1][=Branch1][C][=N][O],N=[N+](O)N(N=CN=NNNNCNC[N+](=O)[O-])[N+](=O)[O-],1.743903847312421,0.084727376260162,-0.1441835067735813,0.1085598429415699,-0.8256796086235835,,-0.0540080563140851,mols/page_0037.png,16,7.87537956237793,261.7921447753906,5823.04931640625,1.6647831201553345
737,[O][=N+1][Branch1][C][O-1][C][=C][N][Branch1][=Branch1][N+1][=Branch1][C][=O][O-1],O=[N+]([O-])C=CN[N+](=O)[O-],1.481790468830701,1.104442978403439,0.87647783107346,1.0175215002837128,-0.2154288454185779,,0.8806959179408521,mols/page_0037.png,17,8.494301795959473,310.5496826171875,6814.201171875,1.724192500114441
738,[O][=N+1][Branch1][C][O-1][C][N][N][C][Branch1][=Branch1][N+1][=Branch1][C][=O][O-1][N+1][=Branch1][C][=N][N][N][Branch1][=Branch1][N+1][C][O-1][C][Branch1][=Branch1],N=[N+](NN[N+]C[O-])C(NNC[N+](=O)[O-])[N+](=O)[O-],2.138407953408093,0.744209049285317,0.5043553632209322,0.6648448483111504,-0.4006229717290948,,0.538016745278113,mols/page_0037.png,18,8.275655746459961,292.773193359375,6429.634765625,1.7061634063720703
739,[O][=N+1][Branch1][C][O-1][C][N][N][C][=N][N][Branch1][=Branch1][N+1][=Branch1][C][=O][O-1][C][Branch1][=Branch1][N+1],[N+]CN(N=CNNC[N+](=O)[O-])[N+](=O)[O-],1.5763039679725397,0.2195493633839504,-0.0547776501239176,0.2610358314397026,-0.96192137748982,,0.0494151231419072,mols/page_0037.png,19,7.957210540771484,266.0631103515625,5989.3125,1.6515196561813354
740,[=N+1][Branch1][C][O-1][C][C][N][=N][N][=C][Branch1][=Branch1][N+1][=Branch1][C][=O][O-1][C][N][N][Branch1][=Branch1][N+1][C][O-1][C][=N][N][Branch1][=Branch1],NN([N+]C[O-])NCC(=NN=NCC[N+][O-])[N+](=O)[O-],1.6998833105991515,0.1338153317729215,-0.2617837891678004,0.2481519872277825,-1.5613621396562756,,-0.0888675334232343,mols/page_0038.png,0,7.9051737785339355,256.17431640625,5975.263671875,1.5931626558303833
741,[O][=N+1][Branch1][C][O-1][C][N][C][Branch1][=Branch1][N+1][=Branch1][C][=O][O-1][C][Branch1][=Branch1],CC(NC[N+](=O)[O-])[N+](=O)[O-],1.9996683620478215,-0.8394520013406854,-1.1194752900379297,-0.6135596536555329,-2.2588594563271487,,-0.961041629939582,mols/page_0038.png,1,7.314443588256836,215.20193481445312,5035.63427734375,1.5252596139907837
742,[C][N][=N][N][Branch1][=Branch1][N+1][=Branch1][C][=O][O-1][N][C][Branch1][=Branch1][N+1][Branch1][C][O-1][C][=N][N][Branch1][Branch1][C][N][N][C][Branch1][C][O][N+1][=Branch1][C][O-1][=Branch1][C][=O][N][N+1][=Branch1][C][=Branch1][O-1][C][Branch1][=Branch1][C][=O][O][N+1][=Branch1][O-1][=O][O-1],CN=NN(NC(=NN(CNNC)CO[N+]([O-])C=O)[N+](C)[O-])[N+](=O)[O-],1.9158857329053585,-1.1166670049446703,-1.3222108047082604,-0.879243937525436,-2.266283678834707,,-1.188045395306878,mols/page_0038.png,2,7.146186351776123,205.51715087890625,4745.92626953125,1.5245368480682373
743,[N][O][=N+1][Branch1][C][O-1][C][N][N][C][Branch1][=Branch1][N+1][=Branch1][C][=O][O-1],NO[N+]([O-])CNNC[N+](=O)[O-],1.498091503851731,0.4136150283915981,-0.0250864296288413,0.5096113625011519,-1.33380843406092,,0.1675958512850579,mols/page_0038.png,3,8.074999809265137,267.4814758300781,6260.36474609375,1.615315556526184
744,[C][C][Branch2][Ring2][C][C][O][C][=Branch1][C][=O][C][=C][Branch1][=Branch1][N+1][=Branch1][C][=O][O-1][C][=C][Branch1][=Branch1][N+1][=Branch1][C][=O][O-1][C][=C][Ring1][N][N+1][=Branch1][C][=O][O-1][Branch1][=Branch1][N+1][=Branch1][C][=O][O-1][N+1][=Branch1][C][=O][O-1],CC(COC(=O)c1c([N+](=O)[O-])cc([N+](=O)[O-])cc1[N+](=O)[O-])([N+](=O)[O-])[N+](=O)[O-],1.888008446729712,-0.8196787069678058,-0.7872216720308517,-0.8898919610036525,-0.465752370827236,,-0.804257116233849,mols/page_0038.png,4,7.32644510269165,231.07386779785156,4734.3154296875,1.6998229026794434
745,[N][C][N][=N][N][Branch1][=Branch1][N+1][=Branch1][C][=O][O-1],NCN=NN[N+](=O)[O-],1.4644996950521223,0.2818703186351494,-0.022200164719386,0.3210801338996068,-1.1060355406329976,,0.0827460379754838,mols/page_0038.png,5,7.995036602020264,267.6193542480469,6054.7861328125,1.6374897956848145
746,[O][=N+1][Branch1][C][O-1][C][N][=N][N][Branch1][=Branch1][N+1][=Branch1][C][=O][O-1][C][Branch1][=Branch1][N+1][O][C][=O][O-1][N][=C][Ring2][Ring2][=Branch1][N+1][=Branch1],[N+]C=NC([N+]OC=O)N(N=NC[N+](=O)[O-])[N+](=O)[O-],2.179883310599152,1.0569521903371442,0.866682545580614,0.7702284428015398,0.0739652172733845,,0.7963965828273939,mols/page_0038.png,6,8.465476989746094,310.0817565917969,6544.54736328125,1.7523657083511353
747,[O][=C][N][Branch1][=Branch1][N+1][=Branch1][C][=O][O-1][C][C][Branch2][Ring1][=Branch2][C][C][Ring1][Ring2][N][Branch1][=Branch1][N+1][=Branch1][C][=O][O-1][C][=Branch1][C][=O][N][Ring1][=Branch2][N+1][=Branch1][C][=O][O-1][N][Ring2][Ring1][Ring2][N+1][=Branch1][C][=O][O-1],O=C1N([N+](=O)[O-])C2C(C3C2N([N+](=O)[O-])C(=O)N3[N+](=O)[O-])N1[N+](=O)[O-],1.735885732905358,1.3783104510239588,1.6476650722878934,1.2836070049381938,1.7216381145825936,,1.4421004942615,mols/page_0038.png,7,8.660527229309082,347.38970947265625,7104.3466796875,1.9127706289291382
748,[O][=N+1][Branch1][C][O-1][C][N][N][C][=N][O][N+1][=Branch1][C][=O][O-1],O=[N+]([O-])CNNC=NO[N+](=O)[O-],1.5170246155449356,0.7282059499815878,0.3709144821780071,0.6354724419008666,-0.5671885812974891,,0.4722502266704964,mols/page_0038.png,8,8.265942573547363,286.3986511230469,6397.6064453125,1.6899478435516357
749,[O][=N+1][Branch1][C][O-1][C][=C][C][Branch1][#C][N][C][=C][Branch1][=Branch1][N+1][=Branch1][C][=O][O-1][N][=N][Ring1][Branch2][=C][C][Branch1][=Branch1][N+1][=Branch1][C][=O][O-1][=C][Ring1][P],O=[N+]([O-])c1cc(-n2cc([N+](=O)[O-])nn2)cc([N+](=O)[O-])c1,1.4839038473124213,-1.1118370071773986,-0.9750199033649972,-0.9561050330264448,-0.2998345286522936,,-0.9341396937114064,mols/page_0038.png,9,7.149117946624756,222.10264587402344,4662.115234375,1.7159754037857056
750,[O][=N+1][Branch1][C][O-1][C][=C][C][Branch1][=Branch1][N+1][=Branch1][C][=O][O-1][=C][Branch2][Branch1][=Branch1][C][=C][C][Branch1][=Branch1][N+1][=Branch1][C][=O][O-1][=C][Branch2][Ring1][N][C][=C][Branch1][=Branch1][N+1][=Branch1][C][=O][O-1][C][=C][Branch1][=Branch1][N+1][=Branch1][C][=O][O-1][C][=C][Ring1][N][N+1][=Branch1][C][=O][O-1][C][Branch1][=Branch1][N+1][=Branch1][C][=O][O-1][=C][Ring2][Ring1][O][C][Branch1][=Branch1][N+1][=Branch1][C][=O][O-1][=C][Ring2][Ring2][#Branch1],O=[N+]([O-])c1cc([N+](=O)[O-])c(-c2cc([N+](=O)[O-])c(-c3c([N+](=O)[O-])cc([N+](=O)[O-])cc3[N+](=O)[O-])c([N+](=O)[O-])c2)c([N+](=O)[O-])c1,2.326550083696136,-0.9375234247762486,-0.7552763156940283,-0.986898728242812,0.2102620892260204,,-0.796933217492092,mols/page_0038.png,10,7.254918575286865,232.59991455078125,4628.537109375,1.765634536743164
751,[O][=N+1][Branch1][C][O-1][C][=N][C][Branch1][=Branch1][N+1][=Branch1][C][=O][O-1],O=[N+]([O-])C=NC[N+](=O)[O-],1.481790468830701,1.2140575308556785,1.0176933566378703,1.0609124534373016,0.0708047491401156,,0.9893831781623194,mols/page_0038.png,11,8.560832977294922,317.2956237792969,6861.515625,1.7520580291748047
752,[C][C][Branch2][Ring1][=N][C][O][C][=Branch1][C][=O][O][C][C][Branch1][=Branch1][N+1][=Branch1][C][=O][O-1][Branch1][=Branch1][N+1][=Branch1][C][=O][O-1][N+1][=Branch1][C][=O][O-1][Branch1][=Branch1][N+1][=Branch1][C][=O][O-1][N+1][=Branch1][C][=O][O-1],CC(COC(=O)OCC([N+](=O)[O-])([N+](=O)[O-])[N+](=O)[O-])([N+](=O)[O-])[N+](=O)[O-],1.9158857329053585,0.2167140572775607,0.1066736716494142,-0.060916532929896,-0.1492206503400377,,0.0415582540257815,mols/page_0038.png,12,7.955489635467529,273.7757263183594,5638.24853515625,1.730638027191162
753,[O][=N+1][Branch1][C][O-1][C][C][N][N][=N][N][C][Branch1][=Branch1][N+1][=Branch1][C][=O][O-1],O=[N+]([O-])CCNN=NNC[N+](=O)[O-],1.556437499842364,0.2389518446556342,-0.0754957681581242,0.3082012153892831,-1.043623335950867,,0.059782171685004,mols/page_0038.png,13,7.968986988067627,265.0733947753906,6040.74267578125,1.6435657739639282
754,[O][=N+1][Branch1][C][O-1][C][N][C][N][N][Branch1][=Branch1][N+1][=Branch1][C][=O][O-1][N+1][=Branch1][C][O-1][N][C][=N][N][Branch1][=Branch1][C][N][N][=N][N][Branch1][N+1][=Branch1][C][=N][O][N+1][=Ring2][Ring2],[N+]O[N+](=N)N(CNN=NN)N=CN[N+]([O-])N(NCNC[N+](=O)[O-])[N+](=O)[O-],2.0036858610047386,0.5968579788185796,0.3458088326258414,0.6357352952496917,-0.5746630088393229,,0.4324945200770497,mols/page_0038.png,14,8.186220169067383,285.1993408203125,6397.89306640625,1.6892201900482178
755,[O][=N+1][Branch1][C][O-1][C][=N][C][N][Branch1][=Branch1][N+1][=Branch1][C][=O][O-1],O=[N+]([O-])C=NCN[N+](=O)[O-],1.4796683620478217,1.162519223515313,0.9155286503264888,1.047176015058153,-0.2556504249511162,,0.9128173319886,mols/page_0038.png,15,8.52955150604248,312.4151611328125,6846.537109375,1.7202768325805664
756,[O][=N+1][Branch1][C][O-1][C][C][N][Branch1][=Branch1][N+1][=Branch1][C][=O][O-1][N+1][=Branch1][C][=Ring1][O-1],[N+]N(CC[N+](=O)[O-])[N+](=O)[O-],1.4796683620478217,1.2695757940660826,0.9977986993093496,1.3660274263773018,-0.4238605555202775,,1.070868538342751,mols/page_0038.png,16,8.59453010559082,316.3452453613281,7194.2197265625,1.7039011716842651
757,[\N+1][N][C][=C][Branch1][=Branch1][N+1][=Branch1][C][=O][O-1][C][Branch1][=Branch1][N+1][N][C][=O][O-1][N+1][=Branch1][C][NH1][N][=N][O-1][C][Branch1][N+1][=Branch1][C][C][=O][O-1],[N+]NC=C(C([N+]NC=O)[N+]([NH])N=N[O-])[N+](=O)[O-],2.1584079534080933,0.3404737154226642,0.2099761463989853,0.2188977976558118,-0.3863182104997859,,0.1865397634677585,mols/page_0038.png,17,8.030606269836426,278.7105407714844,5943.3642578125,1.7075560092926025
758,[O][=N+1][Branch1][C][O-1][C][C][N][C][N][Branch1][=Branch1][N+1][=Branch1][C][=O][O-1],O=[N+]([O-])CCNCN[N+](=O)[O-],1.518091503851731,-0.2539224021328419,-0.6071214247956297,-0.0972364175463504,-1.7951559636581162,,-0.4336711201164697,mols/page_0038.png,18,7.669834136962891,239.67735290527344,5598.64453125,1.5704022645950317
759,[O][=N+1][Branch1][C][O-1][C][=C][C][Branch1][=Branch1][N+1][=Branch1][C][=O][O-1][=C][Branch2][Ring1][N][N][N][=N][C][=C][C][Branch1][=Branch1][N+1][=Branch1][C][=O][O-1][=C][C][Branch1][=Branch1][N+1][=Branch1][C][=O][O-1][=C][Ring1][N][Ring1][#C][C][Branch1][=Branch1][N+1][=Branch1][C][=O][O-1][=C][Ring2][Ring1][O],O=[N+]([O-])c1cc([N+](=O)[O-])c(-n2nnc3cc([N+](=O)[O-])cc([N+](=O)[O-])c32)c([N+](=O)[O-])c1,1.7025801340811582,-0.7356628284337162,-0.571032572619336,-0.7141697955079733,0.3193882415315808,,-0.5804029443132943,mols/page_0038.png,19,7.377439022064209,241.40133666992188,4925.9267578125,1.7762582302093506
760,[N][C][Branch1][=Branch1][N+1][=Branch1][C][=O][O-1][C][N][N][Branch1][=Branch1][N+1][N+1][=Branch1][C][O-1][C][N][C][Branch1],CNCN([N+][N+][O-])NCC(N)[N+](=O)[O-],2.09630396797254,-1.6015012066534036,-1.8164571587230136,-1.1371124763350424,-2.857903476271528,,-1.595124929505274,mols/page_0039.png,0,6.8519134521484375,181.90673828125,4464.74072265625,1.466941237449646
761,[O][=N+1][Branch1][C][O-1][C][N][C][Branch1][=Branch1][N+1][=Branch1][C][=O][O-1][C][N][Branch1][=Branch1][N+1][=Branch2][C][=O][N][Branch1][=Branch1][C][=O][N][C][Branch1][=Branch2][N][C][=N][N][Branch1][=Branch1],N[N+]N(C=O)CC(NC[N+](=O)[O-])[N+](=O)[O-],2.116601054988479,-0.5474791076816905,-0.7664882219121327,-0.5217230819283584,-1.4354613833376777,,-0.680727203503567,mols/page_0039.png,1,7.4916582107543945,232.06431579589844,5135.77490234375,1.605419397354126
762,[N][C][Branch1][=Branch1][N+1][=Branch1][C][=O][O-1][N+1][=Branch1][C][O-1][C],C[N+]([O-])C(N)[N+](=O)[O-],1.9844996950521223,-0.4819591038116999,-0.8313355927756663,-0.205125850776136,-2.168904280036488,,-0.6272644424609448,mols/page_0039.png,2,7.531425952911377,228.96652221679688,5480.99951171875,1.5340169668197632
763,[O][=N+1][Branch1][C][O-1][C][N][N][N][=N][N][Branch1][=Branch1][N+1][=Branch1][C][=O][O-1],O=[N+]([O-])CNNN=NN[N+](=O)[O-],1.4970246155449356,1.302091075066708,1.0542501568102192,1.117748780784798,0.0563738630686034,,1.0418222065900111,mols/page_0039.png,3,8.614265441894531,319.0419616699219,6923.4912109375,1.7506531476974487
764,[O][=N+1][Branch1][C][O-1][C][N][N][Branch1][=Branch1][N+1][=Branch1][C][=O][O-1],O=[N+]([O-])CNN[N+](=O)[O-],1.461790468830701,1.6905272260211222,1.4588319252491622,1.5976598873203574,-0.0578805498112033,,1.4206156877645937,mols/page_0039.png,4,8.850028991699219,338.3690490722656,7446.796875,1.7395302057266235
765,[O][=N+1][Branch1][C][O-1][O][C][C][N][Branch2][Branch1][=N][C][=C][Branch1][=Branch1][N+1][=Branch1][C][=O][O-1][C][=C][Branch1][=Branch1][N+1][=Branch1][C][=O][O-1][C][Branch2][Ring1][=C][/C][=C][/C][=C][Branch1][=Branch1][N+1][=Branch1][C][=O][O-1][C][=C][Branch1][=Branch1][N+1][=Branch1][C][=O][O-1][C][=C][Ring1][N][N+1][=Branch1][C][=O][O-1][=C][Ring2][Ring1][=N][N+1][=Branch1][C][=O][O-1][N+1][=Branch1][C][=O][O-1],O=[N+]([O-])OCCN(c1c([N+](=O)[O-])cc([N+](=O)[O-])c(/C=C/c2c([N+](=O)[O-])cc([N+](=O)[O-])cc2[N+](=O)[O-])c1[N+](=O)[O-])[N+](=O)[O-],2.422240083696136,-0.485519538079962,-0.4608670735399113,-0.421382062499502,-0.1741505111402004,,-0.4225645290187892,mols/page_0039.png,5,7.5292649269104,246.66400146484375,5245.18896484375,1.7282110452651978
766,[O][=N+1][Branch1][C][O-1][C][N][N][C][C][N][Branch1][=Branch1][N+1][=Branch1][C][=O][O-1][C][Branch1][=Branch1][N+1],[N+]CN(CCNNC[N+](=O)[O-])[N+](=O)[O-],1.5963039679725397,-0.6904204876039098,-1.0025055396192823,-0.3503126964937308,-2.0696415801964374,,-0.7703207434229341,mols/page_0039.png,6,7.4048991203308105,220.78964233398438,5322.6845703125,1.5436804294586182
767,[O][=N+1][Branch1][C][O-1][C][C][N][Branch1][=Branch1][N+1][=Branch1][C][=O][O-1][C][N][Branch1][P][N][C][=N][C][Branch2][Ring1][Branch1][C][=N][N][=N][N][N][Ring1][Branch1][N][=N][N][N+1][=Branch1][C][O-1][O-1][C][N][C][N][=N][N][Branch1][=Branch1][N][=N][O][N+1][=Branch1][C][=Ring1][O-1][C][N],[N+]ON=NN(CN)NN(CN(CC[N+](=O)[O-])[N+](=O)[O-])NC=NCC=NN=NNNN=NN[N+]([O-])[O-],2.4118467354148354,-0.5154595535176213,-0.761225803321686,-0.3366304408321425,-1.3111231056467634,,-0.5849358261073602,mols/page_0039.png,7,7.511092662811279,232.31570434570312,5337.60400390625,1.6175240278244019
768,[=N+1][N][=N+1][Branch1][C][O-1][C][=N][N][C][Branch1][=Branch1][N+1][=Branch1][C][=O][O-1][N+1][=Branch1][C][O-1][O-1][=N][O],[N+]N=[N+]([O-])C=NNC([N+]([O-])[O-])[N+](=O)[O-],2.05630396797254,1.874210124195285,1.7769056010112814,1.808796503920865,0.5947420378089519,,1.695771736650883,mols/page_0039.png,8,8.961516380310059,353.5635986328125,7677.02490234375,1.8030645847320557
769,[O][=N+1][Branch1][C][C][C][C][N][Branch1][=Branch1][N+1][=Branch1][C][=O][O-1][N+1][=Branch1][C][O-1][C][N],C[N+](=O)CCN([N+]([O-])CN)[N+](=O)[O-],1.576437499842364,-0.880064677752383,-1.2964350152955328,-0.4769712917610053,-2.723901341739173,,-1.0073035741402985,mols/page_0039.png,9,7.289793491363525,206.74847412109375,5184.5732421875,1.4799866676330566
770,[O][=N+1][Branch1][C][O-1][C][Branch1][=Branch1][N+1][=Branch1][C][=O][O-1][C][Branch1][N][N][=N][N][C][Branch1][=Branch1][O][N+1][=Branch1][C][O-1][N][N+1][=Branch1][C][C][O-1][Branch1][=Branch1][N+1][C][C][O-1][N][N][N][Branch1][=Branch1][N+1],C[N+]([O-])NC(N=NNCO[N+][O-])C([N+](=O)[O-])[N+](=O)[O-],2.2017197490378493,1.0159176354607389,0.6910337135488194,1.0404246693337291,-0.7417147500810637,,0.7687362299777749,mols/page_0039.png,10,8.440570831298828,301.69091796875,6839.17529296875,1.6729573011398315
771,[O][=N+1][Branch1][C][O-1][C][=N][C][N][Branch1][=Branch1][N+1][=Branch1][C][=O][O-1][N+1][=Branch1][C][=N][O-1][Branch1][=Branch1][N+1][=Ring2][C][=O][O-1],N=[N+]([O-])N(CN=C[N+](=O)[O-])[N+](=O)[O-],1.536437499842364,1.391655008941148,1.2405183738774002,1.2149077969823912,0.2930746810062752,,1.1733139325982211,mols/page_0039.png,11,8.66862678527832,327.9400939941406,7029.435546875,1.7736965417861938
772,[O][=N+1][Branch1][C][O-1][C][N][N][N][Branch1][N][C][=N][N][N][=N][N][Branch1][=Branch1][N+1][=Branch1][C][=O][O-1],O=[N+]([O-])CNNNC=NNN=NN[N+](=O)[O-],1.597308431519336,0.0632547837137936,-0.2129555718538565,0.102651687772236,-0.925051290123402,,-0.0888696509384615,mols/page_0039.png,12,7.862346649169922,258.5068664550781,5816.60693359375,1.6551090478897095
773,[C][C][=C][Branch1][=Branch1][N+1][=Branch1][C][=O][O-1][C][=C][Branch1][=Branch1][N+1][=Branch1][C][=O][O-1][C][Branch1][C][N][=C][Ring1][=N][N+1][=Branch1][C][=O][O-1],Cc1c([N+](=O)[O-])cc([N+](=O)[O-])c(N)c1[N+](=O)[O-],1.558407953408093,-1.338383385862679,-1.2364047937347322,-1.0878590426996495,-0.8200529712456794,,-1.1608459591037807,mols/page_0039.png,13,7.0116143226623535,209.61614990234375,4518.44775390625,1.6653308868408203
774,[O][=N+1][Branch1][C][O-1][C][N][C][Branch1][=Branch1][N+1][=Branch1][C][=O][O-1][N+1][=Branch1][C][O-1][N][N][N][Branch1][=Branch1][N+1],[N+]NNN[N+]([O-])C(NC[N+](=O)[O-])[N+](=O)[O-],2.076601054988479,1.8827309693130196,1.6995079607190835,1.9301635523004617,0.1425783559450049,,1.6818829890227112,mols/page_0039.png,14,8.96668815612793,349.86627197265625,7809.3662109375,1.7590453624725342
775,[O][=N+1][Branch1][C][O-1][C][C][Branch1][=Branch1][N+1][=Branch1][C][=O][O-1][C][=N][N][Branch1][=Branch1][N+1][Branch1][C][O-1][=C][Branch1][=Branch1][N+1][N+1][C][O-1][C][=C][N][Branch1][=Branch1][=Branch1][N+1][=Branch1][N+1][=Branch1],C=[N+]([O-])N(N=CC(C[N+](=O)[O-])[N+](=O)[O-])[N+][N+]C[O-],2.1998833105991515,0.8137710730825382,0.5283283550297458,0.8505567844353478,-0.6616401694383484,,0.6095835538583754,mols/page_0039.png,15,8.317876815795898,293.91839599609375,6632.13916015625,1.6807527542114258
776,[N][=N+1][Branch1][C][O-1][C][N][=N][N][N][=C][Branch1][=Branch1][N+1][=Branch1][C][=O][O-1],N=[N+]([O-])CN=NNN=C[N+](=O)[O-],1.5170246155449356,1.2863393744756542,1.0853455407118875,1.0146430993872084,0.1716091108863212,,1.015939379640401,mols/page_0039.png,16,8.604704856872559,320.52740478515625,6811.0625,1.761871576309204
777,[O][=N+1][Branch1][C][O-1][C][N][N][N][=N][N][Branch1][=Branch1][N+1][=Branch1][C][=O][O-1],O=[N+]([O-])CNNN=NN[N+](=O)[O-],1.4970246155449356,1.302091075066708,1.0542501568102192,1.117748780784798,0.0563738630686034,,1.0418222065900111,mols/page_0039.png,17,8.614265441894531,319.0419616699219,6923.4912109375,1.7506531476974487
778,[N][Branch1][=N][O][=N+1][Branch1][C][O-1][C][N][C][N][N][N][Branch1][=Branch1][N+1][=Branch1][C][=O][O-1],NO[N+]([O-])CNCNNN[N+](=O)[O-],1.536437499842364,-0.113643491702048,-0.5187064041075785,0.0087687109272916,-1.748986924333526,,-0.3294786820148426,mols/page_0039.png,18,7.754977226257324,243.90098571777344,5714.23486328125,1.5748969316482544
779,[O][=N+1][Branch1][C][O-1][C][N][N][N][C][Branch1][=Branch1][N+1][=Branch1][C][=O][O-1],O=[N+]([O-])CNNNC[N+](=O)[O-],1.498091503851731,0.5829791986369557,0.2510143871069312,0.5597679906928993,-0.8098552267226795,,0.3514200700408635,mols/page_0039.png,19,8.177796363830566,280.67095947265625,6315.056640625,1.6663236618041992
780,[C][N][C][Branch1][=Branch1][N+1][=Branch1][C][=O][O-1][N+1][=Branch1][C][O-1][C][=N][N][Branch1][=Branch1][N+1][#Branch1][C][=O][O-1][C][Branch1][=Branch1][C][Branch1][=Branch1],CCN(N=C[N+]([O-])C(NC)[N+](=O)[O-])[N+](=O)[O-],2.157308431519336,-0.8684351304282247,-1.1104127504174044,-0.5182267293770351,-2.269475984306785,,-0.9289502603928996,mols/page_0040.png,0,7.296852111816406,215.63485717773438,5139.58740234375,1.5242260694503784
781,[O][=N+1][Branch1][C][O-1][C][C][N][Branch1][=Branch1][N+1][=Branch1][C][=O][O-1],O=[N+]([O-])CCN[N+](=O)[O-],1.481790468830701,1.0010866826548577,0.6086537846269532,1.023831324028679,-1.009227989420302,,0.711044847489894,mols/page_0040.png,1,8.43156909942627,297.7555847167969,6821.08154296875,1.6469142436981201
782,[O][=N+1][Branch1][C][O-1][C][N][N][C][=N][N][=N][O][N+1][Branch1][C][O-1],O=[N+]([O-])CNNC=NN=NO[N+][O-],1.536437499842364,0.3899301271736881,0.1529177938861674,0.2981353202815481,-0.6265823613579583,,0.1923078722417873,mols/page_0040.png,2,8.060624122619629,275.9848327636719,6029.7666015625,1.6841657161712646
783,[O][=N+1][Branch1][C][O-1][C][N][N][N][N][=N][N][=N][N][N][Branch1][=Branch1][N+1][=Branch1][C][=O][O-1][C][Branch1][=Branch1][N+1][C][O-1][C][=C][N][Branch1][=Branch1][N][N][=N][C][=N][N][Branch1][=Branch1],N=CN=NNN(N)C([N+]C[O-])N(NN=NN=NNNNC[N+](=O)[O-])[N+](=O)[O-],2.5480084467297126,0.4883448669762484,0.2660800766509075,0.4870391110402013,-0.4359379275460158,,0.339828087568268,mols/page_0040.png,3,8.120357513427734,281.3906555175781,6235.75146484375,1.7027254104614258
784,[O][=N+1][Branch1][C][O-1][C][=N][N][C][Branch1][=Branch1][N+1][=Branch1][C][=O][O-1][N+1][=Branch1][C][O-1][=C][C][Branch1][=Branch1][N][N+1][=Branch1][C][NH1][C],CC(C[N+]([O-])C(NN=C[N+](=O)[O-])[N+](=O)[O-])N[N+][NH],2.6998833105991515,-0.5374435853200883,-0.8285614437342078,-0.2503997653127056,-1.883039263900156,,-0.6299650897786719,mols/page_0040.png,4,7.497749328613281,229.0990447998047,5431.6318359375,1.5618466138839722
785,[C][=N+1][Branch1][C][O-1][C][C][Branch1][=Branch1][N+1][=Branch1][C][=O][O-1],C=[N+]([O-])CC[N+](=O)[O-],1.5044996950521223,-0.5124451258284505,-0.9549495659014384,-0.322995203231247,-2.411303981620899,,-0.7371771523870609,mols/page_0040.png,5,7.512922286987305,223.06141662597656,5352.47216796875,1.5104187726974487
786,[O][=N+1][Branch1][C][O-1][C][C][N][C][Branch1][=Branch1][N+1][=Branch1][C][=O][O-1][N][N][=N][C][Branch1][=Branch1][C][=N][O][C][Branch1][=Branch1],CON=CCN=NNC(NCC[N+](=O)[O-])[N+](=O)[O-],2.219883310599152,-1.3721148081358707,-1.5474525417690537,-1.126363252078573,-2.284921991681079,,-1.4089293374757683,mols/page_0040.png,6,6.991140842437744,194.75723266601562,4476.4619140625,1.5227223634719849
787,[O][=C][Branch2][Ring2][Ring2][C][=Branch1][C][=O][N][Branch2][Ring1][#Branch1][C][C][C][Branch1][=Branch1][N+1][=Branch1][C][=O][O-1][Branch1][=Branch1][N+1][=Branch1][C][=O][O-1][N+1][=Branch1][C][=O][O-1][N+1][=Branch1][C][=O][O-1][N][Branch2][Ring1][#Branch1][C][C][C][Branch1][=Branch1][N+1][=Branch1][C][=O][O-1][Branch1][=Branch1][N+1][=Branch1][C][=O][O-1][N+1][=Branch1][C][=O][O-1][N+1][=Branch1][C][=O][O-1],O=C(C(=O)N(CCC([N+](=O)[O-])([N+](=O)[O-])[N+](=O)[O-])[N+](=O)[O-])N(CCC([N+](=O)[O-])([N+](=O)[O-])[N+](=O)[O-])[N+](=O)[O-],2.458399324999048,1.1855834841613062,1.0870244039659929,1.0371477343989723,0.4161639554054677,,1.0246274613319606,mols/page_0040.png,7,8.543550491333008,320.60760498046875,6835.60205078125,1.785679578781128
788,[C][=N+1][Branch1][C][O-1][C][N][N][Branch1][=Branch1][N+1][=Branch1][C][=O][O-1][N+1][=Branch1][C],C=[N+]([O-])CNN([N+])[N+](=O)[O-],1.4796683620478217,0.7066013731110649,0.3556041181186875,0.8071761304760059,-1.154925447912692,,0.4729292802065712,mols/page_0040.png,8,8.252829551696777,285.6672668457031,6584.8359375,1.63273024559021
789,[O][=N+1][Branch1][C][O-1][C][=C][N][=N][N][Branch1][=Branch1][N+1][=Branch1][C][=O][O-1][N+1][=Branch1][C][O-1][N][N][=N][C][=C][N][Branch1][=Branch1][N],NNC=CN=NN[N+]([O-])N(N=NC=C[N+](=O)[O-])[N+](=O)[O-],1.743903847312421,-0.1320388068810769,-0.2562808485015657,-0.0026723505079425,-0.8060702569435497,,-0.1787558797431926,mols/page_0040.png,9,7.743812084197998,256.43719482421875,5701.75927734375,1.6666921377182007
790,[O][=N+1][Branch1][C][O-1][C][C][Branch1][=Branch1][N+1][=Branch1][C][=O][O-1],O=[N+]([O-])CC[N+](=O)[O-],1.4844996950521223,1.2052161523792833,0.9237830613258408,1.1773654427879254,-0.2995418700378607,,0.9732417935376652,mols/page_0040.png,10,8.555466651916504,312.8094787597656,6988.49853515625,1.7160038948059082
791,[O][=N+1][Branch1][C][O-1][C][N][N][C][Branch1][=Branch1][N+1][=Branch1][C][=O][O-1][N+1][=Branch1][C][N+1][=Branch1][C][O-1][=O],[N+][N+](C[O-])C(NNC[N+](=O)[O-])[N+](=O)[O-],2.07630396797254,1.285296069818052,1.094503905860615,1.2688388559701302,-0.0719759193121942,,1.0952879443764991,mols/page_0040.png,11,8.604071617126465,320.96490478515625,7088.2431640625,1.7381579875946045
792,[O][=N+1][Branch1][C][O-1][C][C][N][C][N][Branch1][=Branch1][N+1][=Branch1][C][=O][O-1][N+1][=Branch1][C][O-1][C][N][=N][N][Branch1][=Branch1][Branch1][=Branch1][N+1][O-1][C][Branch1][=Branch1][N+1][C][C][O-1][C][Branch1][Ring1][O][N+1][=Branch1][C][C][=O][O-1],O=[N+]([O-])CCNCN([N+]([O-])CN=NN([N+][O-])[N+]CC[O-])[N+](=O)[O-],1.872424281845476,0.7043812082297523,0.2996139008268987,0.8117109104820575,-1.0840947161417496,,0.4672736698428107,mols/page_0040.png,12,8.251482009887695,282.9925842285156,6589.78076171875,1.6396257877349854
793,[O][=N+1][Branch1][C][O-1][C][C][N][N][=N][C][=N][N][=C][Branch1][=Branch1][N+1][=Branch1][C][=O][O-1][C][N][N][C][=N][N][Branch1][=Branch1][N+1],[N+]NN=CNNCC(=NN=CN=NNCC[N+](=O)[O-])[N+](=O)[O-],1.8292669435287097,-0.7755880864904425,-0.9910879279339702,-0.5589206370110773,-1.766752159388723,,-0.8419124743494064,mols/page_0040.png,13,7.353206157684326,221.33506774902344,5095.2138671875,1.5731674432754517
794,[O][=N+1][Branch1][C][O-1][C][N][C][N][=N][N][=N][N][Branch1][=Branch1][N+1][=Branch1][C][=O][O-1][C][Branch1][=Branch1][N+1][S][C][=O],O=CS[N+]CN(N=NN=NCNC[N+](=O)[O-])[N+](=O)[O-],1.701719749037849,0.2725614956773739,0.0343822543366933,0.189767198414805,-0.7230225586613238,,0.0803405610033064,mols/page_0040.png,14,7.989386558532715,270.32232666015625,5911.599609375,1.6747770309448242
795,[O][=N+1][Branch1][C][O-1][C][C][N][N][=N][O],O=[N+]([O-])CCNN=NO,1.481790468830701,-0.2000767259827048,-0.5322644386745041,-0.2391257299406942,-1.517895600591323,,-0.4305251431997121,mols/page_0040.png,15,7.702516078948975,243.25331115722656,5443.92529296875,1.5973942279815674
796,[O][=N+1][Branch1][C][O-1][C][C][=N][O][N+1][Branch1][C][O-1][Branch1][=Branch1][N+1][=Branch1][C][=O][O-1],O=[N+]([O-])CC=NO[N+]([O-])[N+](=O)[O-],1.5170246155449356,1.189327753738212,0.9631379669216984,1.0831090082037644,0.0842327590391571,,0.9797833093503991,mols/page_0040.png,16,8.545823097229004,314.6894836425781,6885.71923828125,1.7533652782440186
797,[O][=N+1][Branch1][C][O-1][C][=C][C][Branch1][=Branch1][N+1][=Branch1][C][=O][O-1][=C][Branch2][Branch1][O][C][=C][Branch1][=Branch1][N+1][=Branch1][C][=O][O-1][C][=C][Branch1][=Branch1][N+1][=Branch1][C][=O][O-1][C][Branch2][Ring1][N][C][=C][Branch1][=Branch1][N+1][=Branch1][C][=O][O-1][C][=C][Branch1][=Branch1][N+1][=Branch1][C][=O][O-1][C][=C][Ring1][N][N+1][=Branch1][C][=O][O-1][=C][Ring2][Ring1][O][N+1][=Branch1][C][=O][O-1][C][Branch1][=Branch1][N+1][=Branch1][C][=O][O-1][=C][Ring2][Ring2][#Branch2],O=[N+]([O-])c1cc([N+](=O)[O-])c(-c2c([N+](=O)[O-])cc([N+](=O)[O-])c(-c3c([N+](=O)[O-])cc([N+](=O)[O-])cc3[N+](=O)[O-])c2[N+](=O)[O-])c([N+](=O)[O-])c1,2.4666226336239,-0.6009571132145402,-0.4223860967612592,-0.6698241518267948,0.5034313255928639,,-0.4734223306653813,mols/page_0040.png,17,7.45919942855835,248.50225830078125,4974.2822265625,1.7941752672195435
798,[O][=N+1][Branch1][C][O-1][C][=C][C][Branch1][=Branch1][N+1][=Branch1][C][=O][O-1][=C][Branch1][Branch2][N][N][=C][C][=N][Ring1][Branch1][C][Branch1][=Branch1][N+1][=Branch1][C][=O][O-1][=C][Ring1][P],O=[N+]([O-])c1cc([N+](=O)[O-])c(-n2nccn2)c([N+](=O)[O-])c1,1.4839038473124213,-1.158087299720837,-0.9948608983977248,-1.004609760019187,-0.2884673741845933,,-0.9689276909557748,mols/page_0040.png,18,7.12104606628418,221.1548309326172,4609.224609375,1.7170820236206055
799,[O][=N+1][Branch1][C][O-1][C][=C][Branch1][=Branch1][N+1][=Branch1][C][=O][O-1][C][Branch1][=Branch1][N+1][=N][C][O-1][C][=N][N][Branch1][=Branch1][N+1],[N+]NN=C([N+]=NC[O-])C(=C[N+](=O)[O-])[N+](=O)[O-],1.637308431519336,1.0266445042821974,0.918562486549376,0.9918550126381256,0.1788019004310019,,0.9009239428062438,mols/page_0040.png,19,8.447081565856934,312.5600891113281,6786.2138671875,1.7625718116760254
800,[=N+1][C][C][N][N][N][=N][N][Branch1][=Branch1][N+1][=Branch1][C][=O][O-1][N+1][=Branch1][C][N][O-1][C][Branch1][=Branch1][N+1][O-1][C][C][N][Branch1][=Branch1][N][N+1][=Branch1][C][O-1][C][C][=Branch1][N+1][=Branch1][N+1][=O][O-1],[N+]CCNNN=NN([N+](N)[O-])[N+](=O)[O-],1.5563039679725397,0.3984509722914224,0.0997544296763485,0.5326730495843611,-0.99355054908313,,0.2382655154173741,mols/page_0041.png,0,8.0657958984375,273.4451904296875,6285.51171875,1.6484404802322388
801,[O][=N+1][Branch1][C][O-1][C][N][N][=N][C][N][Branch1][=Branch1][N+1][=Branch1][C][=O][O-1],O=[N+]([O-])CNN=NCN[N+](=O)[O-],1.5170246155449356,1.2207321666772042,0.9565483647656492,1.0771215940178342,-0.3831050883061797,,0.9368582616372292,mols/page_0041.png,1,8.564884185791016,314.37469482421875,6879.1904296875,1.7078688144683838
802,[O][=N+1][Branch1][C][O-1][C][=N][N][=N][C][=N][N][Branch1][=Branch1][N+1][=Branch1][C][=O][O-1][C][Branch1][=Branch1][N+1],[N+]CN(N=CN=NN=C[N+](=O)[O-])[N+](=O)[O-],1.596601054988479,1.0023295350406454,0.8290122527705539,0.959781082797753,0.0058737211530126,,0.8423352521872023,mols/page_0041.png,2,8.432323455810547,308.2822265625,6751.23974609375,1.745736837387085
803,[O][=N+1][Branch1][C][O-1][C][N][N][N][Branch1][=Branch1][N+1][=Branch1][C][=O][O-1][C][Branch1][=Branch1][N+1][Ring1][O],[N+]CN(NNC[N+](=O)[O-])[N+](=O)[O-],1.5170246155449356,1.145259130648208,0.9073822027555782,1.0902638136680372,-0.403725887749902,,0.9088932700431712,mols/page_0041.png,3,8.519075393676758,312.0260009765625,6893.52099609375,1.7058613300323486
804,[O][=N+1][Branch1][C][O-1][C][N][N][=N][N][N][N][Branch1][=Branch1][N+1][=Branch1][C][=O][O-1][C][Branch1][=Branch1][N+1][C][O-1][C][Branch1][N][N+1][=Branch1][C][=N][O-1][N+1][=Branch1][C][Branch1][O-1][C][=N][O],N=[N+]([O-])NC([N+]C[O-])N(NNN=NNC[N+](=O)[O-])[N+](=O)[O-],2.2864233350354186,1.1914897826672186,1.0856515435652805,1.0571317535665508,0.1238518781603942,,1.0045232208007846,mols/page_0041.png,4,8.547135353088379,320.5420227050781,6857.39306640625,1.757222294807434
805,[O][=N+1][Branch1][C][O-1][C][N][N][C][Branch1][=Branch1][N+1][=Branch1][C][=O][O-1][N+1][=Branch1][C][O-1][C][=C][C][Branch1][=Branch1][O][N+1][=Branch1][C][\N+1][O-1],[N+][N+]OC([O-])C=C[N+]([O-])C(NNC[N+](=O)[O-])[N+](=O)[O-],2.721719749037849,0.7612884493276868,0.510240328326267,0.7373090834508063,-0.5799480070815499,,0.5548110270856559,mols/page_0041.png,5,8.286022186279297,293.0543212890625,6508.6513671875,1.6887056827545166
806,[O][=N+1][Branch1][C][O-1][C][=N][N][Branch1][=Branch1][N+1][=Branch1][C][=O][O-1][N+1][=Branch1][C][Branch1][O-1][C][=N][C][Branch1][=Branch1][N+1][C][=O][O-1],C[N+](NC[N+]C=O)N(N=C[N+](=O)[O-])[N+](=O)[O-],1.637308431519336,-0.4742733737926335,-0.7654124206488475,-0.3384932516176836,-1.7274085556994834,,-0.6180596048273921,mols/page_0041.png,6,7.536090850830078,232.11570739746094,5335.57275390625,1.5769976377487183
807,[O][=N+1][Branch1][C][O-1][C][N][N][N][Branch1][=Branch1][N+1][=Branch1][C][=O][O-1][C][N][Branch1][=Branch1][N][=N][N][=N][N][N][Branch1][N],NN=NN=NN(N)CN(NNC[N+](=O)[O-])[N+](=O)[O-],1.6598833105991515,0.945874811625526,0.6666097029205998,0.9518914522135108,-0.459133877894141,,0.7379643217325217,mols/page_0041.png,7,8.39805793762207,300.524169921875,6742.63671875,1.7004672288894653
808,[O][=N+1][Branch1][C][O-1][C][C][Branch1][=Branch1][N+1][=Branch1][C][=O][O-1][N][C][Branch1][=Branch1][C][N+1][=Branch1][C][=Ring1][=Branch1][N+1][=Branch1][=O][O-1][C],C[N+]([O-])C(C[N+])NC(C[N+](=O)[O-])[N+](=O)[O-],2.636601054988479,-0.1451940301427826,-0.5558653080154653,0.1111619567576226,-1.8118803626368785,,-0.3119880881002008,mols/page_0041.png,8,7.735827445983887,242.12588500976562,5825.88671875,1.5687741041183472
809,[O][=N+1][Branch1][C][O-1][C][C][N][N][Branch1][=Branch1][N+1][=Branch1][C][=O][O-1][N],NN(NCC[N+](=O)[O-])[N+](=O)[O-],1.498091503851731,0.2292242857170591,-0.1098613579189119,0.3423206547653171,-1.3118957733693877,,0.0355794165187249,mols/page_0041.png,9,7.963082790374756,263.4317321777344,6077.947265625,1.6174488067626953
810,[N+1][=Branch1][=Branch1][#N+1][C][N][O-1][O][=N+1][Branch1][C][O-1][C][N][N][N][=N][O][N][=C][Branch1][=Branch1][N+1][=Branch1][C][=O][O-1][C][=N][O][N][Branch1][N],NON=CC(=NON=NNNC[N+]([O-])=[N+]=[N+]CN[O-])[N+](=O)[O-],1.8292669435287097,1.0575602609734271,0.7477694534500225,0.8970442127288443,-0.2084172838024999,,0.7893083853171501,mols/page_0041.png,10,8.465846061706543,304.4012145996094,6682.830078125,1.7248750925064087
811,[O][=N+1][Branch1][C][O-1][C][=N][N][C][=N][N][Branch1][=Branch1][N+1][=Branch1][C][=O][O-1],O=[N+]([O-])C=NNC=NN[N+](=O)[O-],1.5170246155449356,0.8075646673633697,0.6541268307801048,0.6771689537052997,-0.0582564753117509,,0.6304648084868134,mols/page_0041.png,11,8.314109802246094,299.9278564453125,6443.0732421875,1.7394936084747314
812,[O][=N+1][Branch1][C][O-1][C][=N][N][Branch1][=Branch1][N+1][=Branch1][C][=O][O-1][N+1][=Branch1][C][O-1][C][=C][Branch1][=Branch1][N+1][#Branch2][C][=O][O-1],O=[N+]([O-])C=NN([N+]([O-])C=C[N+][O-])[N+](=O)[O-],1.596601054988479,1.6592280862930628,1.5131158093020942,1.6673245327890511,0.341638867819697,,1.4941796737963795,mols/page_0041.png,12,8.831031799316406,340.96221923828125,7522.7607421875,1.7784243822097778
813,[O][=N+1][Branch1][C][O-1][C][N][C][Branch1][=Branch1][N+1][=Branch1][C][=O][O-1][N+1][=Branch1][C],[N+]C(NC[N+](=O)[O-])[N+](=O)[O-],1.979668362047822,1.4009583325520836,1.246499803347792,1.3368726464193672,0.0721345702918901,,1.203827049571905,mols/page_0041.png,13,8.674273490905762,328.225830078125,7162.4287109375,1.7521874904632568
814,[O][=N+1][Branch1][C][O-1][C][N][C][N][Branch1][=Branch1][N+1][=Branch1][C][=O][O-1][N+1][=Branch1][C],[N+]N(CNC[N+](=O)[O-])[N+](=O)[O-],1.498091503851731,1.2635013726710689,1.0572463016586795,1.2763254746055777,-0.2430612064783781,,1.0664109877768302,mols/page_0041.png,14,8.590843200683594,319.1850891113281,7096.40673828125,1.721502423286438
815,[C][=N+1][Branch1][C][O-1][C][N][=N][N][Branch1][=Branch1][N+1][=Branch1][C][=O][O-1],C=[N+]([O-])CN=NN[N+](=O)[O-],1.4796683620478217,0.5791909342853316,0.2369721142041563,0.6491099184570331,-1.0546170139440818,,0.358223028110777,mols/page_0041.png,15,8.175497055053711,280.0001525878906,6412.47705078125,1.6424955129623413
816,[O][=N+1][Branch1][C][O-1][C][N][N][Branch1][=Branch1][N+1][=Branch1][C][=O][O-1],O=[N+]([O-])CNN[N+](=O)[O-],1.461790468830701,1.6905272260211222,1.4588319252491622,1.5976598873203574,-0.0578805498112033,,1.4206156877645937,mols/page_0041.png,16,8.850028991699219,338.3690490722656,7446.796875,1.7395302057266235
817,[O][=N+1][Branch1][C][O-1][C][N][N][N][N][=N][C][=N][N][Branch1][=Branch1][N+1][=Branch1][C][=O][O-1][C][Branch1][=Branch1][N+1][C][N][=O][O-1][C][N][Branch1][=Branch1],NCC([N+]CN=O)N(N=CN=NNNNC[N+](=O)[O-])[N+](=O)[O-],2.3292669435287103,-0.3070343082903584,-0.5687282880844964,-0.1753043099384729,-1.2445181683461468,,-0.4135141899037176,mols/page_0041.png,17,7.637597560882568,241.51141357421875,5513.517578125,1.6240081787109375
818,[O][=N+1][Branch1][C][O-1][C][N][N][=N][N][Branch1][=Branch1][N+1][=Branch1][C][=O][O-1][C][Branch1][=Branch1][N+1][=Branch2][C][=O][O-1][N][=N][N][=C][Branch1][=Branch1][N+1][=O][O-1][C][N][Branch1][=Branch1][N][N][C][C][N][Branch1],NCCNNC(=NN=NC([N+][O-])N(N=NNC[N+](=O)[O-])[N+](=O)[O-])[N+]=O,2.45964236577066,0.5101584190266826,0.2749944061211464,0.5468751906598949,-0.6793625465374571,,0.3471020278971695,mols/page_0041.png,18,8.133597373962402,281.8164978027344,6300.998046875,1.6790274381637573
819,[=N+1][#N+1][O][=N+1][Branch1][C][O-1][C][N][N][N][C][Branch1][=Branch1][N+1][=Branch1][C][=O][O-1][N+1][=Branch1][C][O-1],[N+]#[N+]O[N+]([O-])CNNNC([N+][O-])[N+](=O)[O-],2.076601054988479,1.1807409164584006,0.8845514512429369,1.080334047040784,-0.1590767557273607,,0.932549035168912,mols/page_0041.png,19,8.540611267089844,310.93536376953125,6882.693359375,1.7296785116195679
820,[O][=N+1][Branch1][C][O-1][C][N][N][Branch1][=Branch1][N+1][=Branch1][C][=O][O-1][N+1][=Branch1][C][C][O-1][C][Branch1][=Branch1][N+1][Branch1][C][O-1][O],C[N+]([O-])N(NC[N+](=O)[O-])[N+](=O)[O-],1.5170246155449356,1.175775791883066,0.7914684496577209,1.2643958731301932,-0.8891571396427709,,0.9086536956729968,mols/page_0042.png,0,8.53759765625,306.4887390136719,7083.3984375,1.6586034297943115
821,[N][O][=N+1][Branch1][C][O-1][C][N][C][N][N][N][Branch1][=Branch1][N+1][=Branch1][C][=O][O-1][N][Branch1][=Branch1][N][=N][N][C][Branch1][=Branch1][N+1][C][=O][O-1],NO[N+]([O-])CNCNNN(NN=NNC[N+]C=O)[N+](=O)[O-],1.786423335035418,-0.3538290361709339,-0.6504770461939363,-0.3324628494905486,-1.5127012163133968,,-0.5353317820187766,mols/page_0042.png,1,7.609195232391357,237.60623168945312,5342.1484375,1.5978999137878418
822,[O][=N+1][Branch1][C][O-1][C][C][N][N][Branch1][=Branch1][N+1][=Branch1][C][=O][O-1][N+1][=Branch1][C][=N][O-1][N][=N][Ring1][N][Branch1][C][C][N][Branch1][=Branch1][C][=Branch1][N+1][=Branch1][N][C][=O][O-1][C][Branch1][=Branch1][N+1][C][O-1][N][C][Branch1][=Branch1][C][N+1][=Branch1][C][N+1][O-1][C][=O][O-1][N],N=[N+]([O-])N(NCC[N+](=O)[O-])[N+](=O)[O-],1.536437499842364,1.1834811624265602,0.8861990114911629,1.1707681371861522,-0.4967717349310585,,0.9360501248607858,mols/page_0042.png,2,8.542274475097656,311.0140686035156,6981.3046875,1.696803092956543
823,[O][=N+1][Branch1][C][O-1][C][N][N][Branch1][=Branch1][N+1][=Branch1][C][=O][O-1][C][Branch1][=Branch1][N+1][N+1][=Branch1][C][O-1][C][=N][N][Branch1][=Branch1][N][C][N][=C][Branch1][=Branch1][N+1],[N+]C=NCNNN=CC([N+][N+][O-])N(NC[N+](=O)[O-])[N+](=O)[O-],2.2864233350354186,-0.0357240319503315,-0.2866262379358368,0.0500720621861226,-1.092518141282686,,-0.1698105567253616,mols/page_0042.png,3,7.802270889282227,254.98757934570312,5759.27294921875,1.6388057470321655
824,[C][=N][O][C][Branch1][=Branch1][N+1][=Branch1][C][=O][O-1][N][N][Branch1][=Branch1][N+1][C][C][=O][N][C][N],C=NOC(NN(CN)[N+]CC=O)[N+](=O)[O-],2.136601054988479,-1.7148474587469151,-1.849981719764612,-1.4874288216608291,-2.4677381136852,,-1.7329526346607331,mols/page_0042.png,4,6.783117294311523,180.3052520751953,4082.748046875,1.5049247741699219
825,[O][=N+1][Branch1][C][O-1][C][N][=C][Branch2][Ring1][=Branch1][C][=N][C][Branch1][=Branch1][N+1][=Branch1][C][=O][O-1][=C][Branch1][=Branch1][N+1][=Branch1][C][=O][O-1][NH1][Ring1][O][NH1][C][=Ring1][S][N+1][=Branch1][C][=O][O-1],O=[N+]([O-])c1nc(-c2nc([N+](=O)[O-])c([N+](=O)[O-])[nH]2)[nH]c1[N+](=O)[O-],1.5092669435287096,0.8639376861968695,1.0368367418252848,0.662460360947447,1.566609866793223,,0.8968387380638396,mols/page_0042.png,5,8.348325729370117,318.2101135253906,6427.03466796875,1.897678256034851
826,[O][=N+1][Branch1][C][O-1][C][C][C][N][N][N][N][Branch1][=Branch1][N+1][=Branch1][C][=O][O-1][C][=N][N][Branch1][=Branch1][C][N+1][=Branch1][C][NH1][O-1][N+1][=Branch1][C][=N][O-1][N+1][=Branch1],[NH][N+]CN([O-])N=CN(NNNCCC[N+](=O)[O-])[N+](=O)[O-],1.743903847312421,-0.2747099331871705,-0.6165059381909149,-0.1111412253618844,-1.673761415293966,,-0.4346365995186717,mols/page_0042.png,6,7.657217025756836,239.2290496826172,5583.482421875,1.5822203159332275
827,[O][=N+1][Branch1][C][O-1][C][=N][N][Branch1][=Branch1][N+1][=Branch1][C][=O][O-1][C][N][Branch1][=Branch1],NCN(N=C[N+](=O)[O-])[N+](=O)[O-],1.498091503851731,0.975390591735546,0.7549193155276285,0.9538147147913708,-0.242079147027436,,0.7898954480295983,mols/page_0042.png,7,8.415972709655762,304.7427673339844,6744.73388671875,1.7215980291366577
828,[O][=N+1][Branch1][C][O-1][C][C][N][Branch1][=Branch1][N+1][=Branch1][C][=O][O-1],O=[N+]([O-])CCN[N+](=O)[O-],1.481790468830701,1.0010866826548577,0.6086537846269532,1.023831324028679,-1.009227989420302,,0.711044847489894,mols/page_0042.png,8,8.43156909942627,297.7555847167969,6821.08154296875,1.6469142436981201
829,[O][=N+1][Branch1][C][O-1][C][=N][C][N][Branch1][=Branch1][N+1][=Branch1][C][=O][O-1],O=[N+]([O-])C=NCN[N+](=O)[O-],1.4796683620478217,1.162519223515313,0.9155286503264888,1.047176015058153,-0.2556504249511162,,0.9128173319886,mols/page_0042.png,9,8.52955150604248,312.4151611328125,6846.537109375,1.7202768325805664
830,[O][=N+1][Branch1][C][O-1][C][C][N][N][Branch1][=Branch1][N+1][=Branch1][C][=O][O-1],O=[N+]([O-])CCNN[N+](=O)[O-],1.4796683620478217,0.4124790204586972,0.0386752380001594,0.4328004195982154,-1.198039327224688,,0.1661047997315315,mols/page_0042.png,10,8.074310302734375,270.52740478515625,6176.6083984375,1.6285330057144165
831,[O][=N+1][Branch1][C][O-1][C][=N][C][Branch1][=Branch1][N+1][=Branch1][C][=O][O-1][C][=N][N][Branch1][=Branch1][N+1][C][N][O-1][N][C][=C][Branch1][=Branch1][N+1][Branch1][C][O-1][N+1][=Branch1][C][=N][O-1][N][C][=N][N][=N][Branch1][=Branch1][N+1][=O][O-1],[N+][N+]([O-])C(C=N[O-])=CN(N=CC(N=C[N+](=O)[O-])[N+](=O)[O-])[N+]CN[O-],2.4158857329053585,0.7060467247012253,0.4422323121241919,0.6923795202349293,-0.5318711764545059,,0.5108344496548755,mols/page_0042.png,11,8.252492904663086,289.8055419921875,6459.6591796875,1.6933860778808594
832,[O][=N+1][Branch1][C][O-1][C][C][=N][N][Branch1][=Branch1][N+1][=Branch1][C][=O][O-1][N+1][=Branch1][C][O-1][C][N][N][N][N][Branch1][=Branch1],NNNNC[N+]([O-])N(N=CC[N+](=O)[O-])[N+](=O)[O-],1.6384079534080929,0.7521941008966623,0.4337255605672404,0.8044262456120618,-0.7418310788190182,,0.5440673057288986,mols/page_0042.png,12,8.280502319335938,289.399169921875,6581.83740234375,1.6729459762573242
833,[O][=N+1][Branch1][C][O-1][C][C][N][N][Branch1][=Branch1][N+1][=Branch1][C][=O][O-1][C][Branch1][=Branch1][N+1][C][O-1][C][=N][C][Branch1][=Branch1][C][=N][N][Branch1][=Branch1][C][=O][N][C][=N][N][=C][Branch1][=Branch1][N+1][#N][O-1][=N][C][=N][N][=N][N][Branch1][=C][C][Branch1][=Branch1][O-1][N+1][=Branch1][C][O-1][C][Branch1][#C],CC([O-])NN=NNC(=NC(C=NNC=O)C([N+]C[O-])N(NCC[N+](=O)[O-])[N+](=O)[O-])[N+]#N,3.7279505308278695,-1.4120683485477732,-1.4851937378406932,-1.266897548742857,-1.796675584329711,,-1.4107420995272308,mols/page_0042.png,13,6.966890811920166,197.7313690185547,4323.22021484375,1.5702543258666992
834,[N][C][O][=N+1][Branch1][C][O-1][C][N][N][Branch1][=Branch1][N+1][=Branch1][C][=O][O-1],NCO[N+]([O-])CNN[N+](=O)[O-],1.498091503851731,0.237292613151978,-0.1058564896769077,0.2726891458346354,-1.396790037302512,,0.0022556854723705,mols/page_0042.png,14,7.967979907989502,263.623046875,6002.01953125,1.6091841459274292
835,[O][=N+1][Branch1][C][O-1][C][=N][N][N][=N][C][Branch1][=Branch1][N+1][=Branch1][C][=O][O-1][C][=C][Branch1][=Branch1][N+1][#Branch1][C][=N][O-1][N+1][=Branch1][C][O-1][C],C[N+]([O-])C(=CC(N=NNN=C[N+](=O)[O-])[N+](=O)[O-])[N+](=N)[O-],2.243903847312421,0.5982720965773775,0.375849496880429,0.5672344587309069,-0.5947095116714591,,0.4109532306896685,mols/page_0042.png,15,8.187078475952148,286.6343994140625,6323.1982421875,1.687268614768982
836,[O][=N+1][Branch1][C][O-1][C][N][N][N][C][N][Branch1][=Branch1][N+1][=Branch1][C][=O][O-1][N][Branch1][=Branch1][C][=N][N][Branch1][=Branch1],NN=CNN(CNNNC[N+](=O)[O-])[N+](=O)[O-],1.617308431519336,-0.4481506906827514,-0.7193120367043977,-0.2767106242853105,-1.6021188313834045,,-0.5627618146992519,mols/page_0042.png,16,7.55194616317749,234.3179473876953,5402.94189453125,1.589194893836975
837,[O][=N+1][Branch1][C][O-1][C][=N][N][Branch1][=Branch1][N+1][=Branch1][C][=O][O-1][N][=C][Branch1][=Branch1][N+1][#C][C][=N][C][N][Branch1][=Branch1],CN=CC#[N+]C(N)=NN(N=C[N+](=O)[O-])[N+](=O)[O-],1.678407953408093,-0.5431652628963799,-0.631025741642565,-0.3799103418042856,-1.152216825087899,,-0.5607335703652404,mols/page_0042.png,17,7.494276523590088,238.53543090820312,5290.41064453125,1.6329939365386963
838,[O][=N+1][Branch1][C][O-1][C][C][N][N][Branch1][=Branch1][N+1][=Branch1][C][=O][O-1][C][Branch1][=Branch1][N+1][C][N][=N][N][N][=N][C][Branch1][=Branch1][O-1][N+1][=Branch1][C][O-1][C][=N][N][Branch1][=Branch1],NN=CC([O-])N=NC([N+]CN=NN)N(NCC[N+](=O)[O-])[N+](=O)[O-],2.872424281845476,-0.3179835078483394,-0.5657893191345298,-0.1916862978659331,-1.29232683061938,,-0.4268504089540286,mols/page_0042.png,18,7.630951881408691,241.6518096923828,5495.654296875,1.6193538904190063
839,[O][=N+1][Branch1][C][O-1][C][N][C][=N][N][N][=C][Branch1][=Branch1][N+1][=Branch1][C][=O][O-1][N+1][=Branch1][C][Cl][C][N],NC[N+](Cl)C(=NNN=CNC[N+](=O)[O-])[N+](=O)[O-],1.6584079534080929,-0.1487458225802966,-0.2765495448085032,-0.2908657473001516,-0.5692078032857728,,-0.2795909210958379,mols/page_0042.png,19,7.73367166519165,255.4689483642578,5387.5068359375,1.6897512674331665
840,[N][C][Branch1][=Branch1][N+1][=Branch1][C][=O][O-1][N+1][=Branch1][C][O-1][C][Branch1][=Branch1][N],NC[N+]([O-])C(N)[N+](=O)[O-],1.981790468830701,0.186406371222614,-0.1143261886962876,0.3678532528856936,-1.3367484898485908,,0.0314864978009999,mols/page_0043.png,0,7.937094211578369,263.21844482421875,6105.78857421875,1.6150293350219727
841,[O][=C][Branch2][Ring1][=N][/C][=C][/C][=Branch1][C][=O][O][C][C][Branch1][=Branch1][N+1][=Branch1][C][=O][O-1][Branch1][=Branch1][N+1][=Branch1][C][=O][O-1][N+1][=Branch1][C][=O][O-1][O][C][C][Branch1][=Branch1][N+1][=Branch1][C][=O][O-1][Branch1][=Branch1][N+1][=Branch1][C][=O][O-1][N+1][=Branch1][C][=O][O-1],O=C(/C=C/C(=O)OCC([N+](=O)[O-])([N+](=O)[O-])[N+](=O)[O-])OCC([N+](=O)[O-])([N+](=O)[O-])[N+](=O)[O-],2.1825801340811584,0.4320127004335584,0.3624696977959598,0.100046887209858,0.1514634224986657,,0.2537856966911893,mols/page_0043.png,1,8.086166381835938,285.9952392578125,5813.7666015625,1.7599103450775146
842,[O][=N+1][Branch1][C][O-1][C][N][C][N][N][N][N][C][N][C][Branch1][=Branch1][N+1][=Branch1][C][=O][O-1][N+1][=Branch1][C][O-1][C][C][Branch1][=Branch1],CC[N+]([O-])C(NCNNNNCNC[N+](=O)[O-])[N+](=O)[O-],2.263903847312421,-1.477995304083907,-1.760015922611819,-0.9145016617612886,-2.763797200805439,,-1.451683191458991,mols/page_0043.png,2,6.926876068115234,184.60296630859375,4707.48046875,1.4761027097702026
843,[C][C][Branch2][Ring2][#C][C][N][Branch2][Ring2][Branch1][C][N][Branch2][Ring1][O][C][=Branch1][C][=O][O][C][C][Branch1][=Branch1][N+1][=Branch1][C][=O][O-1][Branch1][=Branch1][N+1][=Branch1][C][=O][O-1][N+1][=Branch1][C][=O][O-1][N+1][=Branch1][C][=O][O-1][N+1][=Branch1][C][=O][O-1][Branch1][=Branch1][N+1][=Branch1][C][=O][O-1][N+1][=Branch1][C][=O][O-1],CC(CN(CN(C(=O)OCC([N+](=O)[O-])([N+](=O)[O-])[N+](=O)[O-])[N+](=O)[O-])[N+](=O)[O-])([N+](=O)[O-])[N+](=O)[O-],2.2735676759431467,0.921660401869044,0.7709464545379019,0.7059713221035658,0.1604942061030274,,0.7215896635534655,mols/page_0043.png,3,8.383360862731934,305.5083923339844,6474.47998046875,1.7607895135879517
844,[O][=N+1][Branch1][C][O-1][C][C][N][N][Branch1][=Branch1][N+1][=Branch1][C][=O][O-1][N+1][=Branch1][C][C][O-1][N+1][=Branch1][=O][O-1],C[N+]([O-])N(NCC[N+](=O)[O-])[N+](=O)[O-],1.556437499842364,0.1978025891165706,-0.2485055651432256,0.3806506734241499,-1.814577964844392,,-0.0418732711214429,mols/page_0043.png,4,7.944011211395264,256.8086242675781,6119.7431640625,1.5685114860534668
845,[N][C][N][N][C][Branch1][=Branch1][N+1][=Branch1][C][=O][O-1][N+1][=Branch1][C][=N][N],N=[N+](N)C(NNCN)[N+](=O)[O-],1.9980915038517315,-0.6038340572327167,-0.8368018003227568,-0.4535939119845733,-1.5648066948127597,,-0.6980771986639736,mols/page_0043.png,5,7.45745325088501,228.7053985595703,5210.064453125,1.592827320098877
846,[=N+1][N][C][=N][N][Branch1][=Branch1][N+1][=Branch1][C][=O][O-1],[N+]NC=NN[N+](=O)[O-],1.4644996950521223,1.1072335041141337,0.9895423717994336,1.1138006070597704,-0.0191112427335495,,0.967803087528945,mols/page_0043.png,6,8.49599552154541,315.9508361816406,6919.18603515625,1.7433044910430908
847,[O][=N+1][Branch1][C][O-1][C][C][Branch1][=Branch1][N+1][=Branch1][C][=O][O-1][N][=N][N][=C][Branch1][=Branch1][N+1][C][O-1][N][C][N][C][=N][O][N+1][Branch1][C][O-1][N][=N][C][Branch1][=Branch1][C][=N][O][C][Branch1][=Branch1],CON=CCN=N[N+]([O-])ON=CNC(=NN=NC(C[N+](=O)[O-])[N+](=O)[O-])[N+]C[O-],2.59260284350746,-0.1986366827316623,-0.3894594870156437,-0.085579968614038,-1.030628803664835,,-0.2843189102489252,mols/page_0043.png,7,7.703390121459961,250.07518005371094,5611.35498046875,1.6448308229446411
848,[O][=N+1][Branch1][C][O-1][C][N][N][N][N][Branch1][=Branch1][N+1][=Branch1][C][=O][O-1][C][N][Branch1][=Branch1][=Branch1][N+1][=Branch1][O-1][=O][O-1][C][=N][N][=C][Branch1][=Branch1][N+1][O-1][C][=N][O][N+1][=Branch1][C][O-1],O=[N+]N([O-])CN(NNNC[N+](=O)[O-])[N+](=O)[O-],1.597308431519336,1.5401735121798703,1.3014947128199854,1.480418337923258,-0.0679913539089951,,1.2957852560283676,mols/page_0043.png,8,8.758770942687988,330.85296630859375,7318.9541015625,1.7385458946228027
849,[O][=N+1][Branch1][C][O-1][C][=N][N][N][N][Branch1][=Branch1][N+1][=Branch1][C][=O][O-1][C][=C][Branch1][=Branch1][N+1],[N+]C=CN(NNN=C[N+](=O)[O-])[N+](=O)[O-],1.5763039679725397,0.6201862081128817,0.4927732510455394,0.5373976929974005,-0.3029803026291892,,0.4629009117256465,mols/page_0043.png,9,8.200379371643066,292.21990966796875,6290.66357421875,1.7156691551208496
850,[C][N][N][=C][Branch1][=Branch1][N+1][=Branch1][C][=O][O-1][C][Branch2][Ring1][N][C][=C][Branch1][=Branch1][N+1][=Branch1][C][=O][O-1][C][=C][Branch1][=Branch1][N+1][=Branch1][C][=O][O-1][C][=C][Ring1][N][N+1][=Branch1][C][=O][O-1][=C][Ring2][Ring1][#Branch1][N+1][=Branch1][C][=O][O-1],Cn1nc([N+](=O)[O-])c(-c2c([N+](=O)[O-])cc([N+](=O)[O-])cc2[N+](=O)[O-])c1[N+](=O)[O-],1.7280084467297123,-0.4971695115495251,-0.4861116701079704,-0.3961844120876795,-0.0186814386596334,,-0.406162204115409,mols/page_0043.png,10,7.522193908691406,245.4580535888672,5272.6650390625,1.7433463335037231
851,[=C][O][=N+1][Branch1][C][O-1][N][C][N][N][N][N][Branch1][=Branch1][N+1][=Branch1][C][=O][O-1][C][Branch1][=Branch1][N+1][#N][C][O-1][N+1][=Branch1][C][N][O-1],CO[N+]([O-])NCNNNN([N+](=O)[O-])C(N)([O-])[N+]#N,2.159883310599152,-0.5452267323403164,-0.8384544712658202,-0.4052351648755056,-1.6357170199307234,,-0.6715860688448088,mols/page_0043.png,11,7.493025302886963,228.62644958496094,5262.7958984375,1.5859240293502808
852,[O][=N+1][Branch1][C][O-1][C][=N][C][Branch1][=Branch1][N+1][=Branch1][C][=O][O-1][N+1][=Branch1][C][O-1][C][N][Branch1][=Branch1][N+1][C][C][O-1][C][N+1][=Branch1][C],[N+]N(C[N+]([O-])C(N=C[N+](=O)[O-])[N+](=O)[O-])[N+]CC[O-],2.1998833105991515,1.0924009800662982,0.8014515531858436,1.175984007385667,-0.5534275038539884,,0.8885139858819034,mols/page_0043.png,12,8.486992835998535,306.96563720703125,6986.9921875,1.6912875175476074
853,[O][=C][Branch2][Ring2][=Branch1][C][N][Branch2][Ring1][N][C][C][=Branch1][C][=O][O][C][C][Branch1][=Branch1][N+1][=Branch1][C][=O][O-1][Branch1][=Branch1][N+1][=Branch1][C][=O][O-1][N+1][=Branch1][C][=O][O-1][N+1][=Branch1][C][=O][O-1][O][C][C][Branch1][=Branch1][N+1][=Branch1][C][=O][O-1][Branch1][=Branch1][N+1][=Branch1][C][=O][O-1][N+1][=Branch1][C][=O][O-1],O=C(CN(CC(=O)OCC([N+](=O)[O-])([N+](=O)[O-])[N+](=O)[O-])[N+](=O)[O-])OCC([N+](=O)[O-])([N+](=O)[O-])[N+](=O)[O-],2.3655207929383306,0.749955081111899,0.6796579456774889,0.4047176514240754,0.3123093316987923,,0.5505212504368564,mols/page_0043.png,13,8.279143333435059,301.1474914550781,6145.986328125,1.7755690813064575
854,[O][=N+1][Branch1][C][O-1][C][N][N][Branch1][=Branch1][N+1][=Branch1][C][=O][O-1],O=[N+]([O-])CNN[N+](=O)[O-],1.461790468830701,1.6905272260211222,1.4588319252491622,1.5976598873203574,-0.0578805498112033,,1.4206156877645937,mols/page_0043.png,14,8.850028991699219,338.3690490722656,7446.796875,1.7395302057266235
855,[O][=N+1][Branch1][C][O-1][C][N][C][N][Branch1][=Branch1][N+1][=Branch1][C][=O][O-1][N+1][=Branch1][C][O-1][C][Branch1][=Branch1][N+1][Branch1][C][O-1][N+1][=Branch1][O-1][C][=N][O][N+1][=Branch1][C][=Ring1][O-1],CC(NO[N+])([N+]([N+])[O-])[N+]([O-])N(CNC[N+](=O)[O-])[N+](=O)[O-],2.243903847312421,1.290655576123896,1.0138271159933323,1.379645200127083,-0.4011152259675969,,1.0878672304833803,mols/page_0043.png,15,8.607324600219727,317.1109313964844,7209.06884765625,1.706115484237671
856,[O][=C][Branch2][Ring2][#C][C][C][C][Branch2][Ring1][=N][C][C][C][=Branch1][C][=O][O][C][C][Branch1][=Branch1][N+1][=Branch1][C][=O][O-1][Branch1][=Branch1][N+1][=Branch1][C][=O][O-1][N+1][=Branch1][C][=O][O-1][Branch1][=Branch1][N+1][=Branch1][C][=O][O-1][N+1][=Branch1][C][=O][O-1][O][C][C][Branch1][=Branch1][N+1][=Branch1][C][=O][O-1][Branch1][=Branch1][N+1][=Branch1][C][=O][O-1][N+1][=Branch1][C][=O][O-1],O=C(CCC(CCC(=O)OCC([N+](=O)[O-])([N+](=O)[O-])[N+](=O)[O-])([N+](=O)[O-])[N+](=O)[O-])OCC([N+](=O)[O-])([N+](=O)[O-])[N+](=O)[O-],2.5993737172742675,0.129638185037628,0.0247204857464759,-0.060647858297366,-0.2759320342852236,,-0.0132626790514428,mols/page_0043.png,16,7.9026384353637695,269.86077880859375,5638.54150390625,1.7183023691177368
857,[O][=N+1][Branch1][C][O-1][C][N][N][C][C][N][Branch1][=Branch1][N+1][=Branch1][C][=O][O-1][N+1][=Branch1][C],[N+]N(CCNNC[N+](=O)[O-])[N+](=O)[O-],1.556437499842364,-0.0930091567382558,-0.4844494166120867,0.1461904119737163,-1.663403259563892,,-0.2522288045044883,mols/page_0043.png,17,7.767501354217529,245.53746032714844,5864.08251953125,1.5832287073135376
858,[O][=N+1][Branch1][C][O-1][C][N][N][N][N][C][N][Branch1][=Branch1][N+1][=Branch1][C][=O][O-1],O=[N+]([O-])CNNNNCN[N+](=O)[O-],1.536437499842364,0.1659668702611451,-0.1933273094937382,0.2896931155364025,-1.32905487447419,,-0.0238683510410062,mols/page_0043.png,18,7.924688339233398,259.44451904296875,6020.56103515625,1.6157783269882202
859,[N][/N+1][O][=N+1][Branch1][/N+1][O][C][Cl][=O][C][Cl][O-1][O][=Ring1][#Branch1][#C][/C][#N+1][#C][Cl][/C][#N][=N][#Branch1][#N+1][\N+1][C@@H1][=Branch2][#N+1][#Branch1][C@@H1][#N][#Branch1][=Branch1][P][\N+1][C@@H1][Cl][NH1][#C][S][O-1][/N][C@@H1][Branch2][=Branch2][C@@H1][Ring1][#N][Ring2][\N+1][#N+1][/N][#C][C@@H1][#N][P][NH1][#N][#C][F][#N][/N+1][Ring1][/N][F][#N+1][#C][=Branch2][C@@H1][/C][P][#N+1][P][F][Cl][#C][=O][#N][=Ring2][C@@H1][/N][=Branch2][/N][/N+1],N[N+]O[N+](O)CCl,1.467846708163529,-0.7074606065974242,-0.8709335757947307,-0.9563656474199989,-1.1614153669775211,,-0.8932863412637905,mols/page_0043.png,19,7.394556522369385,227.0749053955078,4661.8310546875,1.6320984363555908
860,[=N][P][=N+1][Branch1][C][O-1][C][N][C][=N][O][N+1][=Branch1][C][=O][O-1],NP=[N+]([O-])CNC=NO[N+](=O)[O-],1.5170246155449356,0.4131483695311949,0.2023548227226236,0.2653865693224711,-0.481210623331841,,0.2119093634592589,mols/page_0044.png,0,8.074716567993164,278.3464660644531,5994.056640625,1.6983180046081543
861,[=C][N+1][#Branch2][=N+1][Branch1][C][O-1][C][Branch1][=Branch1][N+1][=Branch1][C][=O][O-1],C[N+](C[O-])[N+](=O)[O-],1.4878467081635287,-0.7104585362460756,-1.086337864130269,-0.4622103074498092,-2.4742488494715578,,-0.8815081080211656,mols/page_0044.png,1,7.392736911773682,216.78492736816406,5200.6689453125,1.5042909383773804
862,[O][=N+1][Branch1][C][O-1][C][N][N][C][=N][N][Branch1][=Branch1][N+1][=Branch1][C][=O][O-1][C][N][=C][Branch1][=Branch1][N+1][C][=O][O-1],O=C[N+]C=NCN(N=CNNC[N+](=O)[O-])[N+](=O)[O-],1.6998833105991515,-0.9933637925872678,-1.1805254146372308,-0.9456334392235894,-1.6869653393083162,,-1.0904222114263922,mols/page_0044.png,2,7.2210259437561035,212.28553771972656,4673.53369140625,1.5809348821640015
863,[O][=N+1][Branch1][C][O-1][C][=N][C][N][Branch1][=Branch1][N+1][=Branch1][C][=O][O-1][N+1][=Branch1][C][O-1][C][C][Branch1][=Branch1][N+1][O-1][C][=N][O][N+1][=Branch1][C][C][O-1],C[N+]([O-])C(C[N+]([O-])N(CN=C[N+](=O)[O-])[N+](=O)[O-])[N+][O-],2.221719749037849,0.960853461175104,0.5688421106799976,1.157226487915588,-1.076731719285746,,0.7376413162014359,mols/page_0044.png,3,8.407149314880371,295.853759765625,6966.53857421875,1.6403425931930542
864,[Ring1][O][O][=N+1][Branch1][C][C][C][N][N][N][Branch1][=Branch1][N+1][=Branch1][C][=O][O-1][N+1][=Branch1][C][C@@H1][O-1][N+1][=Branch1][=Branch1][O-1][=O][O-1][C][N+1][=Branch1][=O],[CH][N+]([O-])N(NNC[N+](C)OO)[N+](=O)[O-],1.5763039679725397,-0.5196154884865328,-0.8337829767659548,-0.350286276821532,-1.915955398689152,,-0.6700596669106499,mols/page_0044.png,4,7.508570194244385,228.849609375,5322.71337890625,1.5586421489715576
865,[/N][=N][NH1][N][=N+1][Branch1][C][O-1][C][C][N][Branch1][=Branch1][N+1][=Branch1][C][=O][O-1][N+1][=Branch1][C][Branch1][O-1][N+1][=Branch1][N+1][=Branch1][=Branch1][C][=O][C][N+1][=Branch1][C][O-1][C][N][N][=N][N][Branch1][=Branch1],[N+][N+](N(CC[N+]([O-])=NNN=N)[N+](=O)[O-])[N+](C=O)C[O-],1.701719749037849,0.8760221080667743,0.6460436280578077,0.7883792053931556,-0.5113667057487382,,0.6447314456135339,mols/page_0044.png,5,8.355660438537598,299.5417175292969,6564.33935546875,1.6953822374343872
866,[O][=N+1][Branch1][C][O-1][C][N][C][N][N][N][=N][N][Branch1][=Branch1][N+1][=Branch1][C][=O][O-1],O=[N+]([O-])CNCNNN=NN[N+](=O)[O-],1.5563039679725397,0.2132769655027047,-0.0973778469415622,0.3348716505784239,-1.1251832509003066,,0.0504051147816245,mols/page_0044.png,6,7.953403472900391,264.028076171875,6069.82470703125,1.6356257200241089
867,[O][=N+1][Branch1][C][O-1][C][C][N][Branch1][=Branch1][N+1][=Branch1][C][=O][O-1],O=[N+]([O-])CCN[N+](=O)[O-],1.481790468830701,1.0010866826548577,0.6086537846269532,1.023831324028679,-1.009227989420302,,0.711044847489894,mols/page_0044.png,7,8.43156909942627,297.7555847167969,6821.08154296875,1.6469142436981201
868,[O][=C][Branch2][Ring1][#Branch1][C][C][C][Branch1][=Branch1][N+1][=Branch1][C][=O][O-1][Branch1][=Branch1][N+1][=Branch1][C][=O][O-1][N+1][=Branch1][C][=O][O-1][O][C][C][Branch1][=Branch1][N+1][=Branch1][C][=O][O-1][Branch1][=Branch1][N+1][=Branch1][C][=O][O-1][N+1][=Branch1][C][=O][O-1],O=C(CCC([N+](=O)[O-])([N+](=O)[O-])[N+](=O)[O-])OCC([N+](=O)[O-])([N+](=O)[O-])[N+](=O)[O-],2.0036858610047386,0.83120871629047,0.7786751028058502,0.491609266539536,0.4568679930722593,,0.6448014606971204,mols/page_0044.png,8,8.328460693359375,305.8775939941406,6240.73486328125,1.7896422147750854
869,[N][#C][C][N][Branch2][Ring1][=Branch1][C][C][Branch1][=Branch1][N+1][=Branch1][C][=O][O-1][Branch1][=Branch1][N+1][=Branch1][C][=O][O-1][N+1][=Branch1][C][=O][O-1][N+1][=Branch1][C][=O][O-1],N#CCN(CC([N+](=O)[O-])([N+](=O)[O-])[N+](=O)[O-])[N+](=O)[O-],1.6798833105991515,1.1238635289575964,0.9337418890534857,1.2295120544246114,-0.0781609346322797,,0.9983900828093872,mols/page_0044.png,9,8.506089210510254,313.28521728515625,7045.3603515625,1.7375558614730835
870,[/C][N][=N+1][Branch1][C][O-1][C][N][N][=N][N][Branch1][=Branch1][N+1][=Branch1][C][=O][O-1][N][C][=C][Branch1][=Branch1][N+1][N][C][=N][N][Branch1][=C][O][N+1][=Branch1][C][N+1][=Branch1][C][O-1][N][=C][Branch1][=Branch1][C][=N][O][N+1][Branch1][C][O-1],CN=[N+]([O-])CNN=NN(NC=C(CO[N+]([N+])C[O-])[N+]NC=NN)[N+](=O)[O-],2.0036858610047386,-0.65323626113632,-0.935555117830134,-0.4523924885861102,-1.6625399778769665,,-0.7444088379637543,mols/page_0044.png,10,7.427468299865723,223.98789978027344,5211.37451171875,1.583312749862671
871,[C][N][N][C][N][N][Branch1][=Branch1][N+1][=Branch1][C][=O][O-1][N+1][=Branch1][C][O-1],CNNCNN([N+][O-])[N+](=O)[O-],1.498091503851731,-0.8435576565670619,-1.1435249422693052,-0.5118542148844786,-2.278430848103218,,-0.929355420473205,mols/page_0044.png,11,7.311951637268066,214.05307006835938,5146.5361328125,1.5233542919158936
872,[O][=N+1][Branch1][C][O-1][C][N][=N][C][Branch1][=Branch1][N+1][=Branch1][C][=O][O-1][C][Branch1][=Branch1],CC(N=NC[N+](=O)[O-])[N+](=O)[O-],2.018091503851731,-0.5397407410571577,-0.8214074292170463,-0.3437297202056926,-1.9630979258734669,,-0.6740887232381748,mols/page_0044.png,12,7.496355056762695,229.4407958984375,5329.86279296875,1.554052710533142
873,[O][=N+1][Branch1][C][O-1][C][N][C][N][Branch1][=Branch1][N+1][=Branch1][C][=O][O-1][C][Branch1][=Branch1][N+1][C][=O][O-1][N+1][=Branch1][C][O-1][C][O-1][C][Branch1][Ring1][N+1][=Branch1][C][Cl][O-1][N+1][=Branch1][Ring2][Ring1][O-1],O=C[N+]C([O-])(C[O-])N(CNC[N+](=O)[O-])[N+](=O)[O-],2.178407953408093,0.3322765461474992,0.1071355506953496,0.2235597503212609,-0.8273522934240659,,0.11654169499681,mols/page_0044.png,13,8.025630950927734,273.79779052734375,5948.44775390625,1.664620280265808
874,[O][=N+1][Branch1][C][O-1][C][C][N][N][Branch1][=Branch1][N+1][=Branch1][C][=O][O-1][N+1][=Branch1][C][N][O-1],N[N+]([O-])N(NCC[N+](=O)[O-])[N+](=O)[O-],1.536437499842364,1.1135169006890586,0.790961213195103,1.262516494075646,-0.6479586853418692,,0.916330257567112,mols/page_0044.png,14,8.499809265136719,306.4645080566406,7081.34912109375,1.6820846796035767
875,[O][=N+1][Branch1][C][O-1][C][C][N][N][N][N][Branch1][=Branch1][N+1][=Branch1][C][=O][O-1][C][Branch1][=Branch1][N+1][=C][C][N+1][=Branch1][C][O-1][O-1][C][Branch1][C][O-1][N][C][Branch1][=Branch1][=Branch1][N+1][=Branch1][N][=O][O-1][C][=N][O][N+1][Branch1][C][O-1],O=[N+]([O-])CCNNNN(C([O-])[N+]=CC[N+][O-])[N+](=O)[O-],2.221719749037849,0.2202807765136397,-0.1296908538882552,0.2556775636849467,-1.247892926259858,,0.000129213504339,mols/page_0044.png,15,7.9576544761657715,262.4844665527344,5983.4697265625,1.6236796379089355
876,[O][=N+1][Branch1][C][O-1][C][N][N][N][=N][C][=N][C][Branch1][=Branch1][N+1][=Branch1][C][=O][O-1][N+1][=Branch1][C],[N+]C(N=CN=NNNC[N+](=O)[O-])[N+](=O)[O-],2.0966010549884797,0.8227271522215913,0.5876679939506347,0.6510434802291405,-0.2317809924358859,,0.5898380793911242,mols/page_0044.png,16,8.323312759399414,296.7530822753906,6414.58544921875,1.7226005792617798
877,[C][C][O][C][=Branch1][C][=O][C][N][Branch1][=Branch1][N+1][=Branch1][C][=O][O-1][C][=Branch1][C][=O][N][Branch1][=Branch1][N+1][=Branch1][C][=O][O-1][C][Ring1][N][Branch1][Branch2][C][=Branch1][C][=O][O][C][C][N][Branch1][=Branch1][N+1][=Branch1][C][=O][O-1][C][=Branch1][C][=O][N][Ring2][Ring1][Branch2][N+1][=Branch1][C][=O][O-1],CCOC(=O)C12N([N+](=O)[O-])C(=O)N([N+](=O)[O-])C1(C(=O)OCC)N([N+](=O)[O-])C(=O)N2[N+](=O)[O-],2.1535676759431466,-0.4574233750755798,-0.4311790472291085,-0.7312167531509453,-0.1534476693233945,,-0.5299820737688896,mols/page_0044.png,17,7.546318054199219,248.08221435546875,4907.33837890625,1.7302265167236328
878,[=N+1][Branch1][C][O-1][C][N][C][N][N][N][Branch1][=Branch1][N+1][=Branch1][C][=O][O-1][N+1][=Branch1][C],[N+]N(NNCNC[N+][O-])[N+](=O)[O-],1.5170246155449356,0.3162325945529604,-0.0709140302363416,0.417852706417411,-1.4082294380390472,,0.0876477798422143,mols/page_0044.png,18,8.01589298248291,265.2922668457031,6160.30908203125,1.6080704927444458
879,[O][=C][Branch2][Ring1][S][C][N][Branch2][Ring1][=Branch1][C][C][Branch1][=Branch1][N+1][=Branch1][C][=O][O-1][Branch1][=Branch1][N+1][=Branch1][C][=O][O-1][N+1][=Branch1][C][=O][O-1][N+1][=Branch1][C][=O][O-1][N][C][N][Branch2][Ring2][Ring2][C][=Branch1][C][=O][C][N][Branch2][Ring1][=Branch1][C][C][Branch1][=Branch1][N+1][=Branch1][C][=O][O-1][Branch1][=Branch1][N+1][=Branch1][C][=O][O-1][N+1][=Branch1][C][=O][O-1][N+1][=Branch1][C][=O][O-1][C][N][Branch2][Ring2][Ring2][C][=Branch1][C][=O][C][N][Branch2][Ring1][=Branch1][C][C][Branch1][=Branch1][N+1][=Branch1][C][=O][O-1][Branch1][=Branch1][N+1][=Branch1][C][=O][O-1][N+1][=Branch1][C][=O][O-1][N+1][=Branch1][C][=O][O-1][C][Ring2][Ring2][#Branch2],O=C(CN(CC([N+](=O)[O-])([N+](=O)[O-])[N+](=O)[O-])[N+](=O)[O-])N1CN(C(=O)CN(CC([N+](=O)[O-])([N+](=O)[O-])[N+](=O)[O-])[N+](=O)[O-])CN(C(=O)CN(CC([N+](=O)[O-])([N+](=O)[O-])[N+](=O)[O-])[N+](=O)[O-])C1,3.5744805547995004,0.722910864595867,0.5805896816007532,0.6489469225132983,0.0651083145194389,,0.5919647370064182,mols/page_0044.png,19,8.262728691101074,296.4149475097656,6412.29931640625,1.7515034675598145
880,[C][O][=N+1][Branch1][C][O-1][C][N][N][Branch1][=Branch1][N+1][=Branch1][C][=O][O-1][N+1][=Branch1][C][O-1][C][=N][C][Branch1][=Branch1][N+1][N+1][=Branch1][C][Branch1][O-1][C][C][=N][N][Branch1][=Branch1][N][N+1][=Branch1][C][=Ring1][O-1][N][N][Branch1],C[N+][N+]C(C=NN(N=[N+])NN)N=C[N+]([O-])N(NC[N+]([O-])OC)[N+](=O)[O-],2.45964236577066,-0.35712471616991,-0.7065426462345775,-0.1667515008029358,-1.6716858657062517,,-0.4997860274929214,mols/page_0045.png,0,7.607194900512695,234.92794799804688,5522.84375,1.5824223756790161
881,[O][=N+1][Branch1][C][O-1][C][C][N][N][Branch1][=Branch1][N+1][=Branch1][C][=O][O-1][N+1][=Branch1][C][O-1][C][Branch1][=Branch1][N+1][=N][C][=O][N][Branch1][=Branch1][C][N+1][=Branch1][C][N+1][C][O-1][C][=N][O][N+1][Branch1][O-1][C],[N+][N+]CC(C[O-])([N+]=NC=O)[N+]([O-])N(NCC[N+](=O)[O-])[N+](=O)[O-],2.3292669435287103,0.9019177467142716,0.6137005957789445,0.8667914491059706,-0.6911325657923892,,0.6565079086864534,mols/page_0045.png,1,8.371377944946289,297.9966735839844,6649.841796875,1.6778815984725952
882,[O][=N+1][Branch1][C][O-1][C][N][C][N][Branch1][=Branch1][N+1][=Branch1][C][=O][O-1][N+1][=Branch1][C][=Ring1][O-1],[N+]N(CNC[N+](=O)[O-])[N+](=O)[O-],1.498091503851731,1.2635013726710689,1.0572463016586795,1.2763254746055777,-0.2430612064783781,,1.0664109877768302,mols/page_0045.png,2,8.590843200683594,319.1850891113281,7096.40673828125,1.721502423286438
883,[O][=N+1][Branch1][C][O-1][C][N][N][C][N][N][Branch1][=Branch1][N+1][=Branch1][C][=O][O-1][N+1][=Branch1][C][C][=O][O-1],C[N+](O[O-])N(NCNNC[N+](=O)[O-])[N+](=O)[O-],1.617308431519336,0.0587649598296104,-0.3821374584057008,0.1926142539375141,-1.7124584761027848,,-0.1750432706792954,mols/page_0045.png,3,7.859621524810791,250.42495727539062,5914.7041015625,1.5784530639648438
884,[O][=N+1][Branch1][C][O-1][C][=N][N][Branch1][=Branch1][N+1][=Branch1][C][=O][O-1][C][=C][Branch1][=Branch1][N+1],[N+]C=CN(N=C[N+](=O)[O-])[N+](=O)[O-],1.5370246155449356,0.6658669254479154,0.5171378498462733,0.6735418461661452,-0.2277180581986964,,0.5423961264701357,mols/page_0045.png,4,8.228105545043945,293.3838195800781,6439.1181640625,1.7229961156845093
885,[O][=N+1][Branch1][C][O-1][C][N][N][Branch1][=Branch1][N+1][=Branch1][C][=O][O-1],O=[N+]([O-])CNN[N+](=O)[O-],1.461790468830701,1.6905272260211222,1.4588319252491622,1.5976598873203574,-0.0578805498112033,,1.4206156877645937,mols/page_0045.png,5,8.850028991699219,338.3690490722656,7446.796875,1.7395302057266235
886,[O][=N+1][Branch1][C][O-1][C][C][N][N][N][N][=N][N][N][C][N][Branch1][=Branch1][N+1][=Branch1][C][=O][O-1][N+1][=Branch1][C][O-1][N+1][=Branch1][N+1][=Branch1][N+1][=O][O-1],O=[N+]([O-])CCNNNN=NNNCN([N+]([O-])[N+]([O-])O)[N+](=O)[O-],1.8292669435287097,0.52357682531572,0.2163364061242037,0.5189585529668692,-0.5992806188165551,,0.3326336671650731,mols/page_0045.png,6,8.141741752624512,279.0143737792969,6270.55712890625,1.6868236064910889
887,[O][=N+1][Branch1][C][O-1][C][N][C][Branch1][=Branch1][N+1][=Branch1][C][=O][O-1][N+1][=Branch1][C][O-1][C][=N][N][Branch1][=Branch1][N+1][O-1][C][C][N][Branch1][=Branch1][C][N][Branch1],NCN(N=C[N+]([O-])C(NC[N+](=O)[O-])[N+](=O)[O-])[N+][O-],2.179883310599152,1.2267877331687675,0.9834574507585832,1.2115847395690498,-0.3816038353300512,,0.9990348082764526,mols/page_0045.png,7,8.568559646606445,315.66015625,7025.81201171875,1.708014965057373
888,[O][=N+1][Branch1][C][O-1][C][=C][C][Branch1][=Branch1][N+1][=Branch1][C][=O][O-1][=C][Branch2][Ring1][#Branch1][C][C][C][Branch1][=Branch1][N+1][=Branch1][C][=O][O-1][Branch1][=Branch1][N+1][=Branch1][C][=O][O-1][N+1][=Branch1][C][=O][O-1][C][Branch1][=Branch1][N+1][=Branch1][C][=O][O-1][=C][Ring2][Ring1][Branch2],O=[N+]([O-])c1cc([N+](=O)[O-])c(CCC([N+](=O)[O-])([N+](=O)[O-])[N+](=O)[O-])c([N+](=O)[O-])c1,1.888008446729712,0.2016324913799815,0.1590218800326583,0.2432603177515203,0.0629213342458945,,0.1937598533783575,mols/page_0045.png,8,7.946335792541504,276.27642822265625,5969.9296875,1.7512905597686768
889,[/N+1][=Branch1][=N+1][Branch1][C][O-1][C][C][N][C][Branch1][=Branch1][N+1][=Branch1][C][=O][O-1][N+1][=Branch1][C][N][O-1],N[N+]([O-])C(NCC[N+][O-])[N+](=O)[O-],2.037024615544936,0.5113132818630342,0.1128767775083808,0.7481935406056492,-1.3989108938723769,,0.3154338416978758,mols/page_0045.png,9,8.134298324584961,274.0720520019531,6520.52001953125,1.6089776754379272
890,[O][=N+1][Branch1][C][O-1][C][N][N][N][Branch1][=Branch1][N+1][=Branch1][C][=O][O-1][N][N][Branch1][#C][N][N+1][=Branch1][C][O-1][C][=N][N][=C][Branch1][=Branch1][N+1][N+1][=Branch1][C][=N+1][O-1][C][N],[N+]=[N+][N+]C=NN=C[N+]([O-])NN([O-])NN(NNC[N+](=O)[O-])[N+](=O)[O-],1.872424281845476,1.5204465694446403,1.374676029871279,1.4667266786495312,0.1255515022475608,,1.3230264715135482,mols/page_0045.png,10,8.746797561645508,334.348876953125,7304.0244140625,1.7573877573013306
891,[O][=N+1][Branch1][C][O-1][C][N][N][C][N][N][Branch1][=Branch1][N+1][=Branch1][C][=O][O-1][N+1][=Branch1][C][O-1],O=[N+]([O-])CNNCNN([N+][O-])[N+](=O)[O-],1.5563039679725397,0.8049784031067239,0.4861363749622434,0.8052483899876035,-0.7293643116493902,,0.5719416193473443,mols/page_0045.png,11,8.312540054321289,291.9028625488281,6582.73388671875,1.6741596460342407
892,[O][=N+1][Branch1][C][O-1][C][N][N][N][C][Branch1][=Branch1][N+1][=Branch1][C][=O][O-1][C][Branch1][=Branch1],CC(NNNC[N+](=O)[O-])[N+](=O)[O-],2.037024615544936,-1.03969736095428,-1.2843031840066856,-0.6815226931182036,-2.401462570389949,,-1.0937554705265178,mols/page_0045.png,12,7.192903518676758,207.32801818847656,4961.52587890625,1.5113768577575684
893,[O][=N+1][Branch1][C][O-1][C][N][N][N][Branch1][=Branch1][N+1][=Branch1][C][=O][O-1][C][Branch1][=Branch1][N+1][=C][N+1][=Branch1][C][O-1][=C][C][Branch1][=Branch1],CC=C([N+]=C[N+][O-])N(NNC[N+](=O)[O-])[N+](=O)[O-],1.678407953408093,-0.3296209113822687,-0.558527341188927,-0.1764873739037132,-1.3979116912389995,,-0.4324231818281842,mols/page_0045.png,13,7.6238884925842285,241.99871826171875,5512.2275390625,1.6090749502182007
894,[O][=N+1][Branch1][C][O-1][C][N][N][C][=N][N][Branch1][=Branch1][N+1][=Branch1][C][=O][O-1],O=[N+]([O-])CNNC=NN[N+](=O)[O-],1.5170246155449356,0.332381819358432,0.0110282954400669,0.3022890301004613,-0.9358919039877296,,0.1131789503410363,mols/page_0045.png,14,8.025694847106934,269.2066955566406,6034.2958984375,1.6540536880493164
895,[O][=N+1][Branch1][C][O-1][C][N][N][Branch1][=Branch1][N+1][=Branch1][C][=O][O-1][N+1][=Branch1][C][N+1][=Branch1][C][C][O-1][C][N+1][=Branch1][O-1][C][N][Branch1][=Branch1][O][N+1][=Branch1][C][O-1][C][Branch1][=Branch1][N+1][=Branch2][C][=O][O-1],[N+][N+](CC[O-])N(NC[N+](=O)[O-])[N+](=O)[O-],1.5763039679725397,1.0942550455722777,0.8230538214269306,1.1836443689501506,-0.5823700938570655,,0.8945479549441557,mols/page_0045.png,15,8.488118171691895,307.9975891113281,6995.34521484375,1.6884698867797852
896,[O][=N+1][Branch1][C][O-1][C][=N][N][N][Branch1][=Branch1][N+1][=Branch1][C][=O][O-1][N+1][=Branch1][C][O-1][C][N+1][=Branch1][C][=N][O][N+1][Branch1][C][O-1][N][=C][Ring1][Branch1][N+1][=Branch1][C][Cl][O-1][N],N=[N+](C[N+]([O-])N(NN=C[N+](=O)[O-])[N+](=O)[O-])O[N+]([O-])N=C[N+]([O-])Cl,1.872424281845476,1.5634216081345076,1.5728183075564426,1.3862004133697596,0.8383099248250319,,1.4223711367531446,mols/page_0045.png,16,8.772881507873535,343.8142395019531,7216.216796875,1.8267765045166016
897,[O][=N+1][Branch1][C][O-1][C][N][C][N][N][Branch1][=Branch1][N+1][=Branch1][C][=O][O-1][N+1][=Branch1][C][O-1],O=[N+]([O-])CNCNN([N+][O-])[N+](=O)[O-],1.536437499842364,1.067822042176437,0.7943055241293657,1.0448622786810158,-0.5519691088339485,,0.8282798921654622,mols/page_0045.png,17,8.472074508666992,306.624267578125,6844.01416015625,1.6914294958114624
898,[C][C][Branch1][=Branch1][N+1][=Branch1][C][=O][O-1][N+1][=Branch1][C][C][=O][O-1],CC([N+](C)O[O-])[N+](=O)[O-],2.001790468830701,-1.6642440403693106,-1.9322412279393704,-1.2548336099512076,-3.318860386211804,,-1.7329407996788335,mols/page_0045.png,18,6.813831329345703,176.37567138671875,4336.375,1.4220659732818604
899,[O][=N+1][Branch1][C][O-1][C][C][N][N][N][=N][C][N][N][=C][Branch1][=Branch1][N+1][=Branch1][C][=O][O-1][N+1][=Branch1][C][=N][O-1][N+1][=Branch1][N][=O][O-1][C][Branch1][=Branch1][N+1][C][O-1][C][N][C][N][Branch1][=Branch1][N+1][=N+1][O-1][C][O-1][C][Branch1][C][N+1][=Branch1][C][Cl][O-1][N+1][=Branch1][=O][O-1][C],N=[N+]([O-])C(=NNCN=NNNCC[N+](=O)[O-])[N+](=O)[O-],1.701719749037849,0.5999831790655229,0.3131636305147135,0.6123153753231092,-0.7588456873861512,,0.3973282837856876,mols/page_0045.png,19,8.188117027282715,283.6398620605469,6372.35546875,1.6712895631790161
900,[NH1][N][C][N][=N][N][N][Branch1][=Branch1][N+1][=Branch1][C][=O][O-1][C][Branch1][=Branch1][N+1][C][N][C][N][N][Branch1][Ring1][N+1][=Branch1][C][N][O-1][C][Branch1][N][N+1][=Branch1][C][=N][O-1][N+1][=Branch1][C][O-1][Branch1][=Branch1][N+1],[NH]NCN=NNN(C([N+]CNCN)N([O-])[N+]N)[N+](=O)[O-],2.243903847312421,-0.1252235449046483,-0.4582120675718511,0.0478317635418769,-1.467177495356196,,-0.2734439472379937,mols/page_0046.png,0,7.74794864654541,246.79083251953125,5756.830078125,1.6023317575454712
901,[C][C][=C][C][Branch1][=Branch1][N+1][=Branch1][C][=O][O-1][=C][Branch1][=Branch1][N+1][=Branch1][C][=O][O-1][C][Branch1][=Branch1][N+1][=Branch1][C][=O][O-1][=C][Ring1][#C][N+1][=Branch1][C][=O][O-1],Cc1cc([N+](=O)[O-])c([N+](=O)[O-])c([N+](=O)[O-])c1[N+](=O)[O-],1.601719749037849,-0.2958407806084961,-0.321171021434363,-0.1927914461877397,-0.1428042020570742,,-0.2456499491915181,mols/page_0046.png,1,7.6443915367126465,253.3373565673828,5494.44921875,1.7312626838684082
902,[O][=C][Branch2][Ring1][#Branch1][O][C][C][Branch1][=Branch1][N+1][=Branch1][C][=O][O-1][Branch1][=Branch1][N+1][=Branch1][C][=O][O-1][N+1][=Branch1][C][=O][O-1][C][=Branch1][C][=O][O][C][C][Branch1][=Branch1][N+1][=Branch1][C][=O][O-1][Branch1][=Branch1][N+1][=Branch1][C][=O][O-1][N+1][=Branch1][C][=O][O-1],O=C(OCC([N+](=O)[O-])([N+](=O)[O-])[N+](=O)[O-])C(=O)OCC([N+](=O)[O-])([N+](=O)[O-])[N+](=O)[O-],2.09260284350746,0.7227568828843534,0.8044368378077746,0.0240751047425235,0.9970986521329106,,0.4911383372833324,mols/page_0046.png,2,8.262635231018066,307.1082458496094,5730.92529296875,1.8422349691390991
903,[O][=N+1][Branch1][C][O-1][C][N][C][N][N][Branch1][=Branch1][N+1][=Branch1][C][=O][O-1][C][Branch1][=Branch1][N+1][Branch1][C][O-1],O=[N+]([O-])CNCNN(C[N+][O-])[N+](=O)[O-],1.5763039679725397,0.6825896535666772,0.3045156960128772,0.764570602831513,-1.078397057008042,,0.4447648728266896,mols/page_0046.png,3,8.238255500793457,283.22674560546875,6538.3779296875,1.6401804685592651
904,[O][=N+1][Branch1][C][O-1][C][=C][C][=C][Branch2][Ring1][Branch1][C][N][C][Branch1][=Branch1][N+1][=Branch1][C][=O][O-1][=N][N][=C][Ring1][Branch2][N+1][=Branch1][C][=O][O-1][C][Branch1][=Branch1][N+1][=Branch1][C][=O][O-1][=C][Ring2][Ring1][Branch1],O=[N+]([O-])c1ccc(Cn2c([N+](=O)[O-])nnc2[N+](=O)[O-])c([N+](=O)[O-])c1,1.5958857329053582,-0.617001064809079,-0.5899660998999872,-0.5093770347725524,-0.2061543837210273,,-0.5261080434583902,mols/page_0046.png,4,7.449461460113525,240.4968719482422,5149.2373046875,1.7250953912734985
905,[O][=N+1][Branch1][C][O-1][C][N][N][C][N][N][Branch1][=Branch1][N+1][=Branch1][C][=O][O-1][N+1][=Branch1][C][O-1],O=[N+]([O-])CNNCNN([N+][O-])[N+](=O)[O-],1.5563039679725397,0.8049784031067239,0.4861363749622434,0.8052483899876035,-0.7293643116493902,,0.5719416193473443,mols/page_0046.png,5,8.312540054321289,291.9028625488281,6582.73388671875,1.6741596460342407
906,[O][=N+1][Branch1][C][O-1][O][C][C][O][C][O][C][C][Branch1][Branch2][C][O][N+1][=Branch1][C][=O][O-1][O][C][Branch2][Ring1][Branch2][O][C][Ring1][#C][C][Branch1][#Branch1][O][N+1][=Branch1][C][=O][O-1][C][Ring2][Ring1][Ring1][O][N+1][=Branch1][C][=O][O-1][C][Branch1][#Branch1][O][N+1][=Branch1][C][=O][O-1][C][Ring2][Ring1][O][O][N+1][=Branch1][C][=O][O-1],O=[N+]([O-])OCC1OC2OC3C(CO[N+](=O)[O-])OC(OC1C(O[N+](=O)[O-])C2O[N+](=O)[O-])C(O[N+](=O)[O-])C3O[N+](=O)[O-],9.18679060069302,0.3680144443962297,0.349489171745667,0.2768562893851751,0.183853016684289,,0.3085037214579731,mols/page_0046.png,6,8.047322273254395,285.3751525878906,6006.5634765625,1.7630635499954224
907,[O][=C][Branch2][Ring2][Branch2][C][C][N][Branch2][Ring1][=N][C][C][C][=Branch1][C][=O][O][C][C][Branch1][=Branch1][N+1][=Branch1][C][=O][O-1][Branch1][=Branch1][N+1][=Branch1][C][=O][O-1][N+1][=Branch1][C][=O][O-1][N+1][=Branch1][C][=O][O-1][O][C][C][Branch1][=Branch1][N+1][=Branch1][C][=O][O-1][Branch1][=Branch1][N+1][=Branch1][C][=O][O-1][N+1][=Branch1][C][=O][O-1],O=C(CCN(CCC(=O)OCC([N+](=O)[O-])([N+](=O)[O-])[N+](=O)[O-])[N+](=O)[O-])OCC([N+](=O)[O-])([N+](=O)[O-])[N+](=O)[O-],2.458399324999048,0.1104572488814892,-0.012811179466118,-0.0743104111525688,-0.3841116380177438,,-0.0437238109089591,mols/page_0046.png,7,7.89099645614624,268.06787109375,5623.6435546875,1.707770824432373
908,[O][=N+1][Branch1][C][O-1][C][N][N][C][N][Branch1][=Branch1][N+1][=Branch1][C][=O][O-1][C][Branch1][=Branch1][N+1][#Branch1][C][=N][C][=N][N][Branch1][=Branch1][C][N+1][=Branch1][C][O-1][C][=N][N][=C][Branch1][=Branch1][N+1][C][N],C[N+](=N)C(=NN(C=NN=C[N+]CN)C[N+][O-])N(CNNC[N+](=O)[O-])[N+](=O)[O-],2.0480084467297126,-0.7197249356710872,-0.9348386622976076,-0.4017007500845739,-1.8247989751149825,,-0.7568010970375016,mols/page_0046.png,8,7.387112617492676,224.02212524414062,5266.64990234375,1.5675164461135864
909,[C][C][N][N][Branch1][=Branch1][N+1][=Branch1][C][=O][O-1][N][N][Branch1][N][C],CCNN(NNC)[N+](=O)[O-],1.4996683620478215,-2.638421908195388,-2.7665822835155742,-1.9191956730022903,-4.2974667104062165,,-2.548675988169278,mols/page_0046.png,9,6.222548484802246,136.5187530517578,3611.93994140625,1.326796293258667
910,[O][=N+1][Branch1][C][O-1][C][N][N][N][N][=N][N][N][N][C][=N][N][Branch1][=Branch1][N+1][=Branch1][C][=O][O-1],O=[N+]([O-])CNNNN=NNNNC=NN[N+](=O)[O-],1.6598833105991515,0.293503008443216,0.0378319733519785,0.302943700621726,-0.7377277356518025,,0.1302384521323088,mols/page_0046.png,10,8.002097129821777,270.48712158203125,6035.009765625,1.6733454465866089
911,[O][=N+1][Branch1][C][O-1][C][C][C][Branch1][=Branch1][N+1][=Branch1][C][=O][O-1][N+1][=Branch1][C][N][O-1][N+1][=Branch1][=O][O-1][N+1][=N][C][O-1],N[N+]([O-])C(CC[N+](=O)[O-])[N+](=O)[O-],2.037024615544936,1.1932919971887088,0.8808410867909412,1.3773646002879576,-0.646008036083327,,1.0048783075017629,mols/page_0046.png,11,8.548229217529297,310.75811767578125,7206.58203125,1.682274580001831
912,[O][=N+1][Branch1][C][O-1][C][N][N][Branch1][=Branch1][N+1][=Branch1][C][=O][O-1][C][Branch1][=Branch1][N+1][N][C][Branch1][=Branch1][=O][O-1][C][=N][N][Branch1][=Branch1][C],CC([N+]NCO[O-])N(NC[N+](=O)[O-])[N+](=O)[O-],2.137308431519336,-0.6190884597452601,-0.9323088683530651,-0.4019846496129473,-2.0115506820010585,,-0.749798260069866,mols/page_0046.png,12,7.44819450378418,224.14297485351562,5266.34033203125,1.5493357181549072
913,[N][=N+1][Branch1][C][O-1][C][C][N][N][N][Branch1][=Branch1][N+1][=Branch1][C][=O][O-1][N+1][=Branch1][C][O-1][N+1][=Branch1][=O][O-1][N+1][#N][Ring1][O-1],N#[N+][N+]([O-])[N+]([O-])N(NNCC[N+](=N)[O-])[N+](=O)[O-],1.6184079534080928,0.861332567036773,0.5924139129440706,0.9273471289497902,-0.6145956032965215,,0.6729159112454749,mols/page_0046.png,13,8.346744537353516,296.97979736328125,6715.873046875,1.6853326559066772
914,[O][=N+1][Branch1][C][O-1][C][=C][C][Branch1][=Branch1][N+1][=Branch1][C][=O][O-1][=C][Branch2][Ring2][#C][C][=N][C][=C][Branch1][=Branch1][N+1][=Branch1][C][=O][O-1][C][Branch2][Ring1][N][C][=C][Branch1][=Branch1][N+1][=Branch1][C][=O][O-1][C][=C][Branch1][=Branch1][N+1][=Branch1][C][=O][O-1][C][=C][Ring1][N][N+1][=Branch1][C][=O][O-1][=N][Ring2][Ring1][Branch2][C][Branch1][=Branch1][N+1][=Branch1][C][=O][O-1][=C][Ring2][Ring2][Ring2],O=[N+]([O-])c1cc([N+](=O)[O-])c(-c2ncc([N+](=O)[O-])c(-c3c([N+](=O)[O-])cc([N+](=O)[O-])cc3[N+](=O)[O-])n2)c([N+](=O)[O-])c1,2.1277737172742675,-0.8125232711082886,-0.6751121924026283,-0.8509596633768984,0.2810536365799675,,-0.6841873675704918,mols/page_0046.png,14,7.3307881355285645,236.4293975830078,4776.76806640625,1.7725262641906738
915,[C][C][Branch2][Ring1][#C][N][C][=Branch1][C][=O][N][C][Branch1][C][C][C][Branch1][=Branch1][N+1][=Branch1][C][=O][O-1][Branch1][=Branch1][N+1][=Branch1][C][=O][O-1][N+1][=Branch1][C][=O][O-1][C][Branch1][=Branch1][N+1][=Branch1][C][=O][O-1][Branch1][=Branch1][N+1][=Branch1][C][=O][O-1][N+1][=Branch1][C][=O][O-1],CC(NC(=O)NC(C)C([N+](=O)[O-])([N+](=O)[O-])[N+](=O)[O-])C([N+](=O)[O-])([N+](=O)[O-])[N+](=O)[O-],3.09260284350746,0.408231953456441,0.2403426174494609,0.3972825287598629,-0.4398906556104062,,0.2770675886693799,mols/page_0046.png,15,8.071732521057129,280.1611633300781,6137.87890625,1.7023406028747559
916,[O][=N+1][Branch1][C][O-1][C][N][N][N][Branch1][=Branch1][N+1][=Branch1][C][=O][O-1][C][=N][N][=N][Ring1][Branch1][C],N=NN=CN(NNC[N+](=O)[O-])[N+](=O)[O-],1.5563039679725397,0.8292399501218325,0.5957856938630847,0.6539053128566388,-0.3244129542125307,,0.5853772407176318,mols/page_0046.png,16,8.327265739440918,297.140869140625,6417.7060546875,1.7135826349258423
917,[N][/N][=N+1][Branch1][C][O-1][C][=N][O][=N+1][Branch1][C][C][N][N][C][N][N][Branch1][=Branch1][N+1][=Branch1][C][=O][O-1][C][Branch1][=Branch1][N+1],C[N+](NNCNN(C[N+])[N+](=O)[O-])ON=C[N+]([O-])=NN,1.701719749037849,-0.2413171135551131,-0.6256294867310623,0.0741985963962589,-1.8001960592941233,,-0.3670768174424527,mols/page_0046.png,17,7.67748498916626,238.793212890625,5785.5810546875,1.5699115991592407
918,[O][=N+1][Branch1][C][O-1][C][N][N][C][Branch1][=Branch1][N+1][=Branch1][C][=O][O-1][C][Branch1][=Branch1],CC(NNC[N+](=O)[O-])[N+](=O)[O-],2.018091503851731,-0.9314144360582418,-1.170981192028275,-0.6270529414922418,-2.2657681588486143,,-1.002996899503387,mols/page_0046.png,18,7.258626461029053,212.74147033691406,5020.9208984375,1.5245870351791382
919,[N][/C][=N+1][=Branch1][C][=O][O-1][N+1][=Branch1][C][=O][C][N+1][=Branch1][C][O-1][C][N][=N][Ring1][Branch1][N][=N][O],NC=[N+]([O-])O,1.4767229808842466,0.0320263498736741,-0.1631320467203175,-0.1352686551541291,-0.495490894300528,,-0.1364329757033653,mols/page_0046.png,19,7.843392372131348,260.886962890625,5557.17333984375,1.696927785873413
920,[N][C][N][Branch1][=Branch1][N+1][=Branch1][C][=O][O-1][C][Branch1][=Branch1][N+1][=Branch2][O-1][C][N][Branch1][#C][N][C][=N][O][N+1][=Ring2][C][O-1][C][Branch1][Ring1][C][O-1][C][N+1][=Branch1][C][=Branch1][C][=O][N][N+1][=Branch1][C][O-1][=C][Branch1][=Branch1][N+1],CC(C[O-])[N+]ON=CNC([N+]N)(N(CN)[N+](=O)[O-])[N+](O)N[N+]([O-])C[N+],2.959642365770659,-0.4460004460684015,-0.8005462117273909,-0.2108419035832109,-1.801955684519814,,-0.5761689943342139,mols/page_0047.png,0,7.553251266479492,230.43734741210938,5474.7666015625,1.5697402954101562
921,[O][=N+1][Branch1][C][O-1][C][N][C][N][C][Branch1][=Branch1][N+1][=Branch1][C][=O][O-1][N+1][=Branch1][C][O-1],O=[N+]([O-])CNCNC([N+][O-])[N+](=O)[O-],2.056437499842364,0.7801574939559129,0.4643002924323425,0.7696731818943112,-0.7416412792991977,,0.5448195914248687,mols/page_0047.png,1,8.29747486114502,290.8597412109375,6543.94189453125,1.6729644536972046
922,[C][C][Branch1][C][C][Branch2][Ring1][=N][C][O][C][=Branch1][C][=O][C][C][C][Branch1][=Branch1][N+1][=Branch1][C][=O][O-1][Branch1][=Branch1][N+1][=Branch1][C][=O][O-1][N+1][=Branch1][C][=O][O-1][N+1][=Branch1][C][=O][O-1],CC(C)(COC(=O)CCC([N+](=O)[O-])([N+](=O)[O-])[N+](=O)[O-])[N+](=O)[O-],1.8492669435287097,-1.3193265778209236,-1.410617839935628,-1.174681250201707,-2.0246713391292936,,-1.3548257384327502,mols/page_0047.png,2,7.023180961608887,201.2938995361328,4423.77490234375,1.5480583906173706
923,[=N+1][=N+1][Branch1][C][O-1][C][N][C][N][N][N][N][C][N][Branch1][=Branch1][N+1][=Branch1][C][=O][O-1][N+1][=Branch1][C][Cl][O-1][C][N][=C][Branch1][=Branch1][N+1],[N+]=[N+]([O-])CNCNNNNCN([N+]([O-])Cl)[N+](=O)[O-],1.6598833105991515,0.1833196664035491,-0.1247679770860723,0.1358356916360116,-0.9374972405715014,,-0.0247775250733762,mols/page_0047.png,3,7.935220718383789,262.7196350097656,5852.79150390625,1.6538974046707153
924,[O][=N+1][Branch1][C][O-1][C][N][C][N][N][Branch1][=Branch1][N+1][=Branch1][C][=O][O-1][N+1][=Branch1][C][=N][O-1][N][Branch1][=Branch1][N][N+1][=Branch1][C][O-1][C],N=[N+]([O-])N(NCNC[N+](=O)[O-])[N+](=O)[O-],1.5563039679725397,1.1048106490207266,0.8228251178329543,1.0309189608348193,-0.4282247199631175,,0.8514540540510362,mols/page_0047.png,4,8.494524955749512,307.9866638183594,6828.81005859375,1.7034763097763062
925,[O][=N+1][Branch1][C][O-1][C][N][N][Branch1][=Branch1][N+1][=Branch1][C][=O][O-1][N+1][=Branch1][C],[N+]N(NC[N+](=O)[O-])[N+](=O)[O-],1.4596683620478217,1.6930019320990184,1.5490420774988711,1.7089762654880627,0.2356988984210585,,1.5176713984368035,mols/page_0047.png,5,8.851531028747559,342.6784362792969,7568.1787109375,1.7681108713150024
926,[O][=N+1][Branch1][C][O-1][C][=C][C][Branch1][=Branch1][N+1][=Branch1][C][=O][O-1][=C][Branch2][Ring1][N][N][N][=N][C][=C][C][Branch1][=Branch1][N+1][=Branch1][C][=O][O-1][=C][C][Branch1][=Branch1][N+1][=Branch1][C][=O][O-1][=C][Ring1][N][Ring1][#C][C][Branch1][=Branch1][N+1][=Branch1][C][=O][O-1][=C][Ring2][Ring1][O],O=[N+]([O-])c1cc([N+](=O)[O-])c(-n2nnc3cc([N+](=O)[O-])cc([N+](=O)[O-])c32)c([N+](=O)[O-])c1,1.7025801340811582,-0.7356628284337162,-0.571032572619336,-0.7141697955079733,0.3193882415315808,,-0.5804029443132943,mols/page_0047.png,6,7.377439022064209,241.40133666992188,4925.9267578125,1.7762582302093506
927,[O][=N+1][Branch1][C][O-1][C][N][C][N][Branch1][=Branch1][N+1][=Branch1][C][=O][O-1],O=[N+]([O-])CNCN[N+](=O)[O-],1.4796683620478217,0.9652120863561098,0.6098899339407637,0.9633902786947388,-0.9171642016900876,,0.6874151963831052,mols/page_0047.png,7,8.409794807434082,297.81463623046875,6755.17529296875,1.655876874923706
928,[O][=N+1][Branch1][C][O-1][C][N][C][N][N][N][C][N][Branch1][=Branch1][N+1][=Branch1][C][=O][O-1][N+1][=Branch1][C][C][=O][N+1][=Branch1][C][C@@H1][O-1][N+1][=Branch1][N+1][=Branch1][=O][O-1],[CH][N+]([O-])O[N+](C)N(CNNNCNC[N+](=O)[O-])[N+](=O)[O-],1.743903847312421,-0.6662202190250158,-1.0117293855456149,-0.3776261596367267,-2.1106615422252526,,-0.7816040192198737,mols/page_0047.png,8,7.4195876121521,220.34901428222656,5292.9013671875,1.5396870374679565
929,[O][=N+1][Branch1][C][O-1][C][=N][N][N][Branch1][=Branch1][N+1][=Branch1][C][=O][O-1][C][=N][C][Branch1][=Branch1][N+1][N+1][=Branch1][C][O-1][O-1][C][N][Branch1][=Branch1][=Branch1][N+1][=Branch1][N][C][=O][O-1][N+1][=Branch1][C][C][O-1][N][Branch1][=Branch1],O=[N+]([O-])C=NNN(C=NC([O-])[N+][N+][O-])[N+](=O)[O-],2.138407953408093,1.1367634254017414,1.0540961971282403,0.8917992361108052,0.2495665084982648,,0.929391250926644,mols/page_0047.png,9,8.51391887664795,319.03460693359375,6677.11083984375,1.769460916519165
930,[O][=N+1][Branch1][C][O-1][C][=N][C][N][Branch1][=Branch1][N+1][=Branch1][C][=O][O-1][N+1][=Branch1][C][O-1][N+1][=Branch1][O-1],[N+][N+]([O-])N(CN=C[N+](=O)[O-])[N+](=O)[O-],1.536437499842364,1.5860537772430905,1.4677111186923937,1.5849927739786782,0.3564028214356684,,1.4330786157189093,mols/page_0047.png,10,8.78661823272705,338.793212890625,7432.984375,1.7798616886138916
931,[O][=N+1][Branch1][C][O-1][C][C][N][C][Branch1][=Branch1][N+1][=Branch1][C][=O][O-1],O=[N+]([O-])CCNC[N+](=O)[O-],1.4996683620478215,-0.1367006817592472,-0.5361776338278615,0.0024673952123555,-1.7633222983886123,,-0.3435648506506962,mols/page_0047.png,11,7.740982532501221,243.06637573242188,5707.36376953125,1.5735013484954834
932,[O][=N+1][Branch1][C][O-1][C][N][N][C][Branch1][=Branch1][N+1][=Branch1][C][=O][O-1][N+1][=Branch1][C][O-1][N+1][=Branch1][O-1][=O][O-1],O=[N+]([O-])CNNC([N+]([O-])[N+](=O)[O-])[N+](=O)[O-],2.076601054988479,1.8070945241207843,1.6480892599594024,1.6947400922924083,0.3133979237834401,,1.5730317753153542,mols/page_0047.png,12,8.920780181884766,347.40997314453125,7552.6552734375,1.7756750583648682
933,[O][=N+1][Branch1][C][O-1][C][C][C][N][N][Branch1][=Branch1][N+1][=Branch1][C][=O][O-1][N+1][=Branch1][C][O-1][N+1][=Branch1][O-1][C][O-1],C[N+]([O-])[N+]([O-])N(NCCC[N+](=O)[O-])[N+](=O)[O-],1.637308431519336,0.0692027201314928,-0.3632013757776309,0.332959582776919,-1.8477243080832344,,-0.1250882616090903,mols/page_0047.png,13,7.865956783294678,251.3295440673828,6067.73974609375,1.5652846097946167
934,[O][=N+1][Branch1][C][O-1][C][N][N][N][N][C][Branch1][=Branch1][N+1][=Branch1][C][=O][O-1][N][C][Branch1][#C][N][N][N][=N][N][Branch1][=Branch1][N+1][C],C[N+]NN=NNNCNC(NNNNC[N+](=O)[O-])[N+](=O)[O-],2.2864233350354186,-0.7380440456153364,-0.9862241435408452,-0.4237043069066693,-1.8459928466572595,,-0.7851480547174391,mols/page_0047.png,14,7.375993728637695,221.56741333007812,5242.65673828125,1.5654531717300415
935,[O][=N+1][Branch1][C][O-1][C][N][N][Branch1][=Branch1][N+1][=Branch1][C][=O][O-1],O=[N+]([O-])CNN[N+](=O)[O-],1.461790468830701,1.6905272260211222,1.4588319252491622,1.5976598873203574,-0.0578805498112033,,1.4206156877645937,mols/page_0047.png,15,8.850028991699219,338.3690490722656,7446.796875,1.7395302057266235
936,[N][C][N][Branch1][=N][C][N+1][=Branch1][C][=O][O-1][N+1][=Branch1][C][O-1][C][C][N][N][N][N][=N][O][N+1][Branch1][C][O-1][C][N][N][Branch1][=Branch1][N+1][=Branch1][C][N][O-1][N][N+1][=Branch1][C][=N][O-1][N+1][=Branch1][Branch1][C][O-1][N][C][=N][N][N][Branch1][Branch1][N][N][C][=N][O][N+1][=Branch1][C],N=[N+]([O-])NN(NC[N+]([O-])ON=NNNNN(CN)C[N+](=O)[O-])[N+](N)[O-],1.9596423657706596,0.8973831424343932,0.5589228908373431,0.9719569693529566,-0.635111094619569,,0.6893481865971598,mols/page_0047.png,16,8.36862564086914,295.3799133300781,6764.5166015625,1.6833354234695435
937,[=Branch2][C][Branch1][=Branch1][N+1][=Branch1][C][=O][O-1][C][Branch1][=Branch1][=Branch1][N+1][=Branch1][N+1][=Branch1][O-1][=O][O-1][C][C][Branch1][=Branch1],O=[N+]([O-])CC([O-])[N+]O,1.9844996950521223,1.2645792446516633,1.0108233051026154,1.118695411073412,-0.1828506762261652,,0.998043734245318,mols/page_0047.png,17,8.591497421264648,316.9674377441406,6924.5234375,1.7273640632629395
938,[O][=N+1][Branch1][C][O-1][C][N][C][N][N][Branch1][=Branch1][N+1][=Branch1][C][=O][O-1][N+1][=Branch1][C][=C][O-1][N][C][Branch1][=Branch1][N+1][=N][C][N][O-1][N][N][=N][N][N][N][Branch1][N][N][C][N][Branch1][=Branch1][C][N+1][=Branch1][C][C][O-1][C][Branch1][=Branch1][C][=O][O][N+1][=Branch1][C][O-1],C=[N+]([O-])N(NCNC[N+](=O)[O-])[N+](=O)[O-],1.5763039679725397,0.5758017653900794,0.2327455695735772,0.5997821515066407,-1.028472436217068,,0.3392024507218636,mols/page_0047.png,18,8.173439979553223,279.7982482910156,6358.68896484375,1.64504075050354
939,[O][=N+1][Branch1][C][O-1][C][N][N][Branch1][=Branch1][N+1][=Branch1][C][=O][O-1][N+1][=Branch1][C][O-1][C][Branch1][=Branch1][N+1][N+1][=Branch1][C][=Branch1][O-1][C][=N][O][N+1][Branch1][C][O-1],C[N+][N+]C(=NO[N+][O-])[N+]([O-])N(NC[N+](=O)[O-])[N+](=O)[O-],1.701719749037849,1.6529431184761834,1.3912372364920669,1.723925769833084,-0.2237469624388395,,1.4282407004314122,mols/page_0047.png,19,8.827217102050781,335.1400146484375,7584.47998046875,1.7233827114105225
940,[O][=N+1][Branch1][C][O-1][C][C][N][Branch1][=Branch1][N+1][=Branch1][C][=O][O-1][N+1][=Branch1][C][O-1],O=[N+]([O-])CCN([N+][O-])[N+](=O)[O-],1.498091503851731,1.4396894467236028,1.2111753194681258,1.423220643195009,-0.14581650411358,,1.2174227984145778,mols/page_0048.png,0,8.697781562805176,326.5383605957031,7256.58447265625,1.7309694290161133
941,[O][=N+1][Branch1][C][O-1][N][Branch2][Branch1][C][C][C][Branch2][Ring1][P][C][C][N][Branch2][Ring1][=Branch1][C][C][Branch1][=Branch1][N+1][=Branch1][C][=O][O-1][Branch1][=Branch1][N+1][=Branch1][C][=O][O-1][N+1][=Branch1][C][=O][O-1][N+1][=Branch1][C][=O][O-1][Branch1][=Branch1][N+1][=Branch1][C][=O][O-1][N+1][=Branch1][C][=O][O-1][C][C][Branch2][Ring1][P][C][C][N][Branch2][Ring1][=Branch1][C][C][Branch1][=Branch1][N+1][=Branch1][C][=O][O-1][Branch1][=Branch1][N+1][=Branch1][C][=O][O-1][N+1][=Branch1][C][=O][O-1][N+1][=Branch1][C][=O][O-1][Branch1][=Branch1][N+1][=Branch1][C][=O][O-1][N+1][=Branch1][C][=O][O-1],O=[N+]([O-])N(CC(CCN(CC([N+](=O)[O-])([N+](=O)[O-])[N+](=O)[O-])[N+](=O)[O-])([N+](=O)[O-])[N+](=O)[O-])CC(CCN(CC([N+](=O)[O-])([N+](=O)[O-])[N+](=O)[O-])[N+](=O)[O-])([N+](=O)[O-])[N+](=O)[O-],3.330863522246628,1.3714472661679264,1.174304850400128,1.5028083384251425,0.0676675467544377,,1.2443281191875144,mols/page_0048.png,1,8.65636157989502,324.77703857421875,7343.36865234375,1.7517526149749756
942,[O][=N+1][Branch1][C][O-1][C][N][N][C][N][N][Branch1][=Branch1][N+1][=Branch1][C][=O][O-1][N+1][=Branch1][C],[N+]N(NCNNC[N+](=O)[O-])[N+](=O)[O-],1.536437499842364,0.5299356415044478,0.2179015564181757,0.6262645144530106,-0.9267827515493772,,0.3447868301069223,mols/page_0048.png,2,8.145601272583008,279.0891418457031,6387.56591796875,1.6549404859542847
943,[O][=N+1][Branch1][C][O-1][C][N][N][C][=N][O][N][Branch1][=Branch1][N+1][=Branch1][C][=O][O-1],O=[N+]([O-])CNNC=NON[N+](=O)[O-],1.536437499842364,0.4415957051123452,0.0733461917774854,0.4082135561843444,-0.8030150969309555,,0.2117193870030999,mols/page_0048.png,3,8.0919828414917,272.18365478515625,6149.79833984375,1.6669895648956299
944,[O][=N+1][Branch1][C][O-1][C][=N][N][C][Branch1][=Branch1][N+1][=Branch1][C][=O][O-1][N+1][=Branch1][C][O-1][=C][Branch1][=Branch1][N+1][Branch1][C][O-1][N][N][N][C][Branch1][=Branch2][N+1][=Branch1][C][C][=O],C[N+](O)CNNC([N+](N)[O-])[N+]([O-])C(NN=C[N+](=O)[O-])[N+](=O)[O-],2.82926694352871,0.2926058292873565,-0.0098092850859652,0.4333041845342091,-1.036392586502222,,0.1403815512138092,mols/page_0048.png,4,8.00155258178711,268.2112731933594,6177.15771484375,1.6442697048187256
945,[O][=N+1][Branch1][C][O-1][C][N][N][N][N][C][Branch1][=Branch1][N+1][=Branch1][C][=O][O-1][N+1][=Branch1][C][=N][O-1][Branch1][=Branch1][N+1][O-1][C][N][C][=N][N][Branch1][=Branch1][N+1][=Branch2][C][N][O-1][N][N][C][N][N][=N][N][N][Branch1][=Branch1],N=[N+]([O-])C(NNNNC[N+](=O)[O-])[N+](=O)[O-],2.076601054988479,1.376347969823138,1.1008948297548582,1.2133485885316089,-0.0608034624164387,,1.0985697890654988,mols/page_0048.png,5,8.65933609008789,321.27020263671875,7027.7353515625,1.7392456531524658
946,[O][=N+1][Branch1][C][O-1][C][=C][C][Branch1][=Branch1][N+1][=Branch1][C][=O][O-1][=C][Branch2][Ring1][#C][C][=C][Branch1][=Branch1][N+1][=Branch1][C][=O][O-1][C][=C][Branch1][=Branch1][N+1][=Branch1][C][=O][O-1][C][Branch1][C][O][=C][Ring1][=N][N+1][=Branch1][C][=O][O-1][C][Branch1][=Branch1][N+1][=Branch1][C][=O][O-1][=C][Ring2][Ring1][N],O=[N+]([O-])c1cc([N+](=O)[O-])c(-c2c([N+](=O)[O-])cc([N+](=O)[O-])c(O)c2[N+](=O)[O-])c([N+](=O)[O-])c1,1.907950530827869,-0.3597078379426474,-0.1768676779328449,-0.4699364942992625,0.7576488024404197,,-0.246353596444536,mols/page_0048.png,6,7.605627059936523,260.2308044433594,5192.244140625,1.8189239501953125
947,[P][O][=N+1][Branch1][C][O-1][C][N][N][C][Branch1][=Branch1][N+1][=Branch1][C][=O][O-1][N+1][=Branch1][C][O-1][C][=N][N][Branch1][=Branch1][N+1][N+1][=Branch1][C][C][O-1][C][Branch1][=Branch1],C[N+][N+]N([O-])N=C[N+]([O-])C(NNC[N+]([O-])OP)[N+](=O)[O-],2.743903847312421,0.6026872864687353,0.322682299649482,0.594595835516704,-0.8403284580146315,,0.3851478849347728,mols/page_0048.png,7,8.18975830078125,284.0945739746094,6353.03369140625,1.6633570194244385
948,[=Branch2][#Branch1][=N+1][Branch1][C][O-1][C][N][N][Branch1][=Branch1][N+1][=Branch1][C][=O][O-1][N+1][=Branch1][C][NH1][C][O-1][Branch1][=Branch1][N+1][#N][Ring1][=Branch1][N+1][=Branch1][=O][O-1][N][C][=N][Ring1][=Branch1][N][Ring2][Ring1][O][Ring1][=N],[NH][N+](C[O-])N(NC[N+][O-])[N+](=O)[O-],1.5170246155449356,1.4183299835979382,1.1677861591349483,1.4709381535144384,-0.3688015515899018,,1.1980241419300068,mols/page_0048.png,8,8.68481731414795,324.46563720703125,7308.61669921875,1.7092612981796265
949,[O][=N+1][Branch1][C][O-1][C][C][N][N][Branch1][=Branch1][N+1][=Branch1][C][=O][O-1][N+1][=Branch1][C][O-1][C][Branch1][=Branch1][N+1][S][C][=O][O-1][N][Ring1][N],NC([N+]SC=O)[N+]([O-])N(NCC[N+](=O)[O-])[N+](=O)[O-],2.179883310599152,0.3852713947794263,0.1919577529126667,0.2945812026842309,-0.676946582327097,,0.1944451097640059,mols/page_0048.png,9,8.057796478271484,277.84979248046875,6025.89111328125,1.679262638092041
950,[O][=N+1][Branch1][C][O-1][C][N][C][Branch1][=Branch1][N+1][=Branch1][C][=O][O-1][N+1][=Branch1][C][O-1][N][C][=N][N][Branch1][=Branch1][N+1][Branch1][C][O-1][O-1][N][N+1][=Branch1][C][=N][O-1][N+1][=Branch1],N=[N+]([O-])NN(N=CN[N+]([O-])C(NC[N+](=O)[O-])[N+](=O)[O-])[N+]([O-])[O-],2.3292669435287103,1.7552749644706136,1.5802856715508258,1.6518555908211383,0.2782850126166507,,1.5224608965954802,mols/page_0048.png,10,8.889328002929688,344.17095947265625,7505.89306640625,1.7722567319869995
951,[O][=N+1][Branch1][C][O-1][C][N][N][N][C][N][N][Branch1][=Branch1][N+1][=Branch1][C][=O][O-1][N+1][=Branch1][C][O-1],O=[N+]([O-])CNNNCNN([N+][O-])[N+](=O)[O-],1.576601054988479,0.574155103822057,0.2255318238105029,0.6040178070884755,-0.9181511591931542,,0.3497137388242148,mols/page_0048.png,11,8.172440528869629,279.4536437988281,6363.3076171875,1.6557807922363281
952,[O][=N+1][Branch1][C][O-1][C][N][N][C][N][Branch1][=Branch1][N+1][=Branch1][C][=O][O-1],O=[N+]([O-])CNNCN[N+](=O)[O-],1.498091503851731,0.6467669082524189,0.2561429693763219,0.6802573686062316,-1.1011178963001005,,0.3877186272196678,mols/page_0048.png,12,8.216512680053711,280.91595458984375,6446.44091796875,1.6379685401916504
953,[O][=N+1][Branch1][C][O-1][C][N][C][=N][N][=N][N][Branch1][=Branch1][N+1][=Branch1][C][=O][O-1],O=[N+]([O-])CNC=NN=NN[N+](=O)[O-],1.536437499842364,0.7762246753445007,0.5060942771393778,0.7021230057836283,-0.4762991015640994,,0.553799030278011,mols/page_0048.png,13,8.295087814331055,292.85626220703125,6470.28369140625,1.6987961530685425
954,[O][=N+1][Branch1][C][O-1][C][C][N][N][Branch1][=Branch1][N+1][=Branch1][C][=O][O-1],O=[N+]([O-])CCNN[N+](=O)[O-],1.4796683620478217,0.4124790204586972,0.0386752380001594,0.4328004195982154,-1.198039327224688,,0.1661047997315315,mols/page_0048.png,14,8.074310302734375,270.52740478515625,6176.6083984375,1.6285330057144165
955,[O][=N+1][Branch1][C][O-1][C][N][N][C][N][N][Branch1][=Branch1][N+1][=Branch1][C][=O][O-1][N+1][=Branch1][C][C][=O][O-1],C[N+](O[O-])N(NCNNC[N+](=O)[O-])[N+](=O)[O-],1.617308431519336,0.0587649598296104,-0.3821374584057008,0.1926142539375141,-1.7124584761027848,,-0.1750432706792954,mols/page_0048.png,15,7.859621524810791,250.42495727539062,5914.7041015625,1.5784530639648438
956,[#Branch2][=C][Branch1][C][N][N][N][Branch1][=Branch1][N+1][=Branch1][C][=O][O-1],NCNN[N+](=O)[O-],1.467846708163529,-0.276235609124718,-0.5481008848836547,-0.1366196407647006,-1.5739391129987026,,-0.4181258911078437,mols/page_0048.png,16,7.6562910079956055,242.49679565429688,5555.7001953125,1.5919382572174072
957,[O][=N+1][Branch1][C][O-1][C][N][N][N][N][Branch1][=Branch1][N+1][=Branch1][C][=O][O-1][N][C][N][Branch1][=Branch1],NCNN(NNNC[N+](=O)[O-])[N+](=O)[O-],1.5563039679725397,0.162400151025066,-0.1598701457403089,0.2654232881889168,-1.153124189243944,,-0.0085106023276383,mols/page_0048.png,17,7.922523498535156,261.04278564453125,5994.0966796875,1.6329056024551392
958,[O][=N+1][Branch1][C][O-1][C][N][N][C][Branch1][=Branch1][N+1][=Branch1][C][=O][O-1][N+1][=Branch1][C][C][O-1][Branch1][=Branch1][N+1][Branch1][C][O-1][N][N][C][C][N][Branch1][=Branch1][N+1][=N][C][N][N+1][=Branch1][C][Branch1][O-1][N+1][=Branch1],C[N+]([O-])C(NNC[N+](=O)[O-])[N+](=O)[O-],2.056437499842364,0.3892764905207327,0.0337204193552423,0.5284364984204178,-1.2344489976914124,,0.1936789270680196,mols/page_0048.png,18,8.060227394104004,270.29071044921875,6280.89208984375,1.6249884366989136
959,[C][C][=C][Branch1][=Branch1][N+1][=Branch1][C][=O][O-1][C][Branch1][C][N][=C][Branch1][=Branch1][N+1][=Branch1][C][=O][O-1][C][Branch1][C][N][=C][Ring1][=C][N+1][=Branch1][C][=O][O-1],Cc1c([N+](=O)[O-])c(N)c([N+](=O)[O-])c(N)c1[N+](=O)[O-],1.5798833105991517,-1.2132488910076331,-1.0791158134880838,-0.9961747199309088,-0.5398047963830022,,-1.025541543734593,mols/page_0048.png,19,7.0875654220581055,217.1299285888672,4618.42236328125,1.6926137208938599
960,[O][=N+1][Branch1][C][O-1][C][N][N][Branch1][=Branch1][N+1][=Branch1][C][=O][O-1],O=[N+]([O-])CNN[N+](=O)[O-],1.461790468830701,1.6905272260211222,1.4588319252491622,1.5976598873203574,-0.0578805498112033,,1.4206156877645937,mols/page_0049.png,0,8.850028991699219,338.3690490722656,7446.796875,1.7395302057266235
961,[O][=N+1][Branch1][C][O-1][C][N][C][N][N][N][N][Branch1][=Branch1][N+1][=Branch1][C][=O][O-1][N+1][=Branch1][C][Cl][O-1][C][C][N][Branch1][=Branch1][=Branch1][N+1][=Branch1][O-1][N][C][O-1][=Branch1][N+1][=Branch1][=O][O-1][C][Branch1][=Branch1][N+1][O][C][=O],O=[N+]([O-])CNCNNNN([N+]([O-])Cl)[N+](=O)[O-],1.597308431519336,0.4776117131869726,0.2385966763256138,0.3511027329206131,-0.4515504686925394,,0.2743381436771379,mols/page_0049.png,1,8.113842964172363,280.0777587890625,6087.5234375,1.7012054920196533
962,[=N+1][Branch1][C][O-1][C][N][N][N][N][Branch1][=Branch1][N+1][=Branch1][C][=O][O-1][N+1][=Branch1][C][N+1][=Branch1][C][O-1][O-1][N][C][Branch1][=Branch1][N+1][=C][C][=N][N][Branch1][=Branch1][C][N+1][C][N][=N][C][N][Branch1][=Branch1][N][N][N][=Branch1][N+1][=Branch1][=O][O-1][N+1][C][N][Branch1][C][N+1][=Branch1][O-1][C][O-1][N][=Branch1][=Branch1][N+1][=Branch1][O-1][=Branch1][C][=O][N+1][=Branch1][C],[N+][N+](C[O-])N(NNNC[N+][O-])[N+](=O)[O-],1.5563039679725397,1.474338474298059,1.228437968955355,1.4323645365221118,-0.2268168166078069,,1.2259582437614176,mols/page_0049.png,2,8.718811988830566,327.3630065917969,7266.55517578125,1.7230838537216187
963,[O][=N+1][Branch1][C][O-1][C][N][N][C][N][N][N][Branch1][=Branch1][N+1][=Branch1][C][=O][O-1][N+1][=Branch1][C][O-1],O=[N+]([O-])CNNCNNN([N+][O-])[N+](=O)[O-],1.576601054988479,0.5070913547320454,0.1681751344865484,0.5319100136279761,-0.906381139938222,,0.2909425137620167,mols/page_0049.png,3,8.131735801696777,276.71368408203125,6284.6796875,1.6569266319274902
964,[N][=N+1][Branch1][C][O-1][C][N][N][Branch1][=Branch1][N+1][=Branch1][C][=O][O-1],N=[N+]([O-])CNN[N+](=O)[O-],1.461790468830701,1.6385599696272548,1.3368479443581125,1.527702386502206,-0.2653044856883077,,1.3284024845283935,mols/page_0049.png,4,8.818487167358398,332.54180908203125,7370.513671875,1.719336986541748
965,[C][C][N][N][Branch1][=Branch1][N+1][=Branch1][C][=O][O-1][N][N][Branch1][N][C],CCNN(NNC)[N+](=O)[O-],1.4996683620478215,-2.638421908195388,-2.7665822835155742,-1.9191956730022903,-4.2974667104062165,,-2.548675988169278,mols/page_0049.png,5,6.222548484802246,136.5187530517578,3611.93994140625,1.326796293258667
966,[O][=C][Branch2][Ring1][#Branch1][O][C][C][Branch1][=Branch1][N+1][=Branch1][C][=O][O-1][Branch1][=Branch1][N+1][=Branch1][C][=O][O-1][N+1][=Branch1][C][=O][O-1][N][Branch2][Ring1][#Branch1][C][C][C][Branch1][=Branch1][N+1][=Branch1][C][=O][O-1][Branch1][=Branch1][N+1][=Branch1][C][=O][O-1][N+1][=Branch1][C][=O][O-1][N+1][=Branch1][C][=O][O-1],O=C(OCC([N+](=O)[O-])([N+](=O)[O-])[N+](=O)[O-])N(CCC([N+](=O)[O-])([N+](=O)[O-])[N+](=O)[O-])[N+](=O)[O-],2.1825801340811584,1.2069429472869708,1.1685003787384831,0.8140309159339537,0.7394574368503996,,0.993418941564985,mols/page_0049.png,6,8.556514739990234,324.499755859375,6592.310546875,1.817152976989746
967,[O][=N+1][Branch1][C][O-1][C][=N][N][C][Branch1][=Branch1][N+1][=Branch1][C][=O][O-1],O=[N+]([O-])C=NNC[N+](=O)[O-],1.4796683620478217,1.0525228592681983,0.905745502733882,0.7870828502911985,0.1319079493920004,,0.8175910255561996,mols/page_0049.png,7,8.462788581848145,311.94781494140625,6562.92578125,1.7580065727233887
968,[O][=N+1][Branch1][C][O-1][C][C][N][N][Branch1][=Branch1][N+1][=Branch1][C][=O][O-1][N+1][=Branch1][C][O-1][C][N][=N][N][Branch1][=Branch1][O-1][N+1][=Branch1][N+1][=Branch1][N+1][=O][O-1][N+1][=Ring2][C][O-1],O=[N+]N([O-])N=NC[N+]([O-])N(NCC[N+](=O)[O-])[N+](=O)[O-],1.701719749037849,1.5057947382215404,1.258203933362429,1.4768467564748264,-0.2412109672883862,,1.2576172737570843,mols/page_0049.png,8,8.73790454864502,328.7849426269531,7315.0595703125,1.7216825485229492
969,[O][=N+1][Branch1][C][O-1][O][C][C][N][C][=C][Branch1][=Branch1][N+1][=Branch1][C][=O][O-1][C][Branch1][#Branch2][N][C][C][O][N+1][=Branch1][C][=O][O-1][=C][Branch1][=Branch1][N+1][=Branch1][C][=O][O-1][C][Branch1][#Branch2][N][C][C][O][N+1][=Branch1][C][=O][O-1][=C][Ring2][Ring1][#Branch2][N+1][=Branch1][C][=O][O-1],O=[N+]([O-])OCCNc1c([N+](=O)[O-])c(NCCO[N+](=O)[O-])c([N+](=O)[O-])c(NCCO[N+](=O)[O-])c1[N+](=O)[O-],2.2983993249990475,-0.473769790746306,-0.552049535482447,-0.3159402551720644,-0.7136036044261034,,-0.4541912940686243,mols/page_0049.png,9,7.536396503448486,242.30816650390625,5360.1650390625,1.6756939888000488
970,[O][=N+1][Branch1][C][O-1][C][N][N][C][Branch1][=Branch1][N+1][=Branch1][C][=O][O-1][C][Branch1][=Branch1],CC(NNC[N+](=O)[O-])[N+](=O)[O-],2.018091503851731,-0.9314144360582418,-1.170981192028275,-0.6270529414922418,-2.2657681588486143,,-1.002996899503387,mols/page_0049.png,10,7.258626461029053,212.74147033691406,5020.9208984375,1.5245870351791382
971,[C][C][Branch2][Ring1][=N][C][O][C][=Branch1][C][=O][C][=Branch1][C][=O][O][C][C][Branch1][C][C][Branch1][=Branch1][N+1][=Branch1][C][=O][O-1][N+1][=Branch1][C][=O][O-1][Branch1][=Branch1][N+1][=Branch1][C][=O][O-1][N+1][=Branch1][C][=O][O-1],CC(COC(=O)C(=O)OCC(C)([N+](=O)[O-])[N+](=O)[O-])([N+](=O)[O-])[N+](=O)[O-],1.9158857329053585,-1.1900039375369047,-1.205962939935404,-1.3439807486067574,-1.2807478353972994,,-1.26465880235051,mols/page_0049.png,11,7.1016740798950195,211.07037353515625,4239.1669921875,1.6204811334609985
972,[O][=N+1][Branch1][C][O-1][C][N][N][N][Branch1][=Branch1][N+1][=Branch1][C][=O][O-1][N+1][=Branch1][C][O-1][C][=N][N][=C][Branch1][=Branch1][N+1][O-1][C][N][Branch1][=Branch1][N][N][C][=N][N][Branch1][=Branch1],NN=CNNC(=NN=C[N+]([O-])N(NNC[N+](=O)[O-])[N+](=O)[O-])[N+][O-],1.872424281845476,0.992485704197458,0.8926602074394212,0.9912867657903248,-0.1175082118606126,,0.8560503630392884,mols/page_0049.png,12,8.426348686218262,311.3227233886719,6785.59423828125,1.7337253093719482
973,[O][=N+1][Branch1][C][O-1][C][N][C][Branch1][=Branch1][N+1][=Branch1][C][=O][O-1][C][Branch1][=Branch1],CC(NC[N+](=O)[O-])[N+](=O)[O-],1.9996683620478215,-0.8394520013406854,-1.1194752900379297,-0.6135596536555329,-2.2588594563271487,,-0.961041629939582,mols/page_0049.png,13,7.314443588256836,215.20193481445312,5035.63427734375,1.5252596139907837
974,[O][=N+1][Branch1][C][O-1][C][N][Branch1][=Branch1][N+1][=Branch1][C][=O][O-1][C][N][N][N][Branch1][=Branch1][=Branch1][N+1][=Branch1][N][=O][O-1][N+1][=Branch1][C][O-1],O=[N+]NNNCN(C[N+](=O)[O-])[N+](=O)[O-],1.5563039679725397,1.13052245235958,0.8327424211650447,1.0692113650450978,-0.5067331484390561,,0.8678274495552898,mols/page_0049.png,14,8.510130882263184,308.4604187011719,6870.56494140625,1.6958333253860474
975,[O][=N+1][Branch1][C][O-1][C][=N][N][N][Branch1][=Branch1][N+1][=Branch1][C][=O][O-1][N+1][=Branch1][C][O-1][C][N][Branch1][=Branch1][N][N][=N][N][=N][N][Branch1][=Branch1][C][N+1][=Branch1][C],[N+]CNN(C[N+]([O-])N(NN=C[N+](=O)[O-])[N+](=O)[O-])NN=NN=N,1.8292669435287097,1.2312830563997903,1.0100822543511838,1.1090047648691104,-0.0223598758050575,,1.001707246054882,mols/page_0049.png,15,8.571288108825684,316.9320373535156,6913.95654296875,1.7429882287979126
976,[O][=N+1][Branch1][C][O-1][C][=C][C][Branch1][=Branch1][N+1][=Branch1][C][=O][O-1][=C][Branch2][Ring2][=Branch2][N][C][=N][NH1][C][Branch2][Ring1][=N][N][C][=C][Branch1][=Branch1][N+1][=Branch1][C][=O][O-1][C][=C][Branch1][=Branch1][N+1][=Branch1][C][=O][O-1][C][=C][Ring1][N][N+1][=Branch1][C][=O][O-1][=N][Ring2][Ring1][Branch1][C][Branch1][=Branch1][N+1][=Branch1][C][=O][O-1][=C][Ring2][Ring2][C],O=[N+]([O-])c1cc([N+](=O)[O-])c(Nc2n[nH]c(Nc3c([N+](=O)[O-])cc([N+](=O)[O-])cc3[N+](=O)[O-])n2)c([N+](=O)[O-])c1,2.025174135090663,-0.7530109108502576,-0.6249670129127567,-0.7516463244174693,0.1703796998030969,,-0.6281150407274315,mols/page_0049.png,16,7.366909503936768,238.82485961914062,4885.0615234375,1.7617518901824951
977,[O][=N+1][Branch1][C][O-1][C][N][C][N][Branch1][=Branch1][N+1][=Branch1][C][=O][O-1][C][Branch1][=Branch1][N+1],[N+]CN(CNC[N+](=O)[O-])[N+](=O)[O-],1.5370246155449356,0.4572405612505122,0.1204763807316832,0.6194867490563881,-1.20862891591764,,0.2713610435263401,mols/page_0049.png,17,8.101478576660156,274.4350891113281,6380.17529296875,1.6275020837783813
978,[O][=N+1][Branch1][C][O-1][C][N][N][Branch1][=Branch1][N+1][=Branch1][C][=O][O-1][C][Branch1][=Branch1][N+1][N+1][=Branch1][C][O-1][N][N][N][=Branch1][N+1][=Branch1][N+1][=Branch1][O-1][C][=O][O-1][N+1][=Branch1][C][Cl][=O][O-1],C[N+](NNNC([N+][N+][O-])N(NC[N+](=O)[O-])[N+](=O)[O-])O[O-],2.243903847312421,0.8182255440227514,0.5556731277575735,0.7626088302229901,-0.7075385913830656,,0.5777643408959707,mols/page_0049.png,18,8.32058048248291,295.22467041015625,6536.23876953125,1.6762844324111938
979,[C][C][N][Branch2][Ring1][O][C][=Branch1][C][=O][O][C][C][Branch1][=Branch1][N+1][=Branch1][C][=O][O-1][Branch1][=Branch1][N+1][=Branch1][C][=O][O-1][N+1][=Branch1][C][=O][O-1][N+1][=Branch1][C][=O][O-1],CCN(C(=O)OCC([N+](=O)[O-])([N+](=O)[O-])[N+](=O)[O-])[N+](=O)[O-],1.743903847312421,0.3028927503616339,0.1493894979377563,0.1259296579346319,-0.4703271515114252,,0.1164097100975578,mols/page_0049.png,19,8.007796287536621,275.8162841796875,5841.98974609375,1.6993775367736816
980,[O][=N+1][Branch1][C][O-1][C][N][C][Branch1][=Branch1][N+1][=Branch1][C][=O][O-1][N+1][=Branch1][C][=N][O][N+1][Branch1][C][O-1],N=[N+](O[N+][O-])C(NC[N+](=O)[O-])[N+](=O)[O-],2.05630396797254,1.7592234955015682,1.6151508317319754,1.5040634967501116,0.4052351766029011,,1.4857424981687206,mols/page_0050.png,0,8.891724586486816,345.83648681640625,7344.7373046875,1.7846156358718872
981,[N][C][=N][NH1][C][Branch2][Ring1][=N][N][C][=C][Branch1][=Branch1][N+1][=Branch1][C][=O][O-1][C][=C][Branch1][=Branch1][N+1][=Branch1][C][=O][O-1][C][=C][Ring1][N][N+1][=Branch1][C][=O][O-1][=N][Ring2][Ring1][Branch1],Nc1n[nH]c(Nc2c([N+](=O)[O-])cc([N+](=O)[O-])cc2[N+](=O)[O-])n1,1.5292669435287096,-0.989069588326385,-0.8216469930375523,-0.9184381929189068,0.0347146765745084,,-0.8165829548510961,mols/page_0050.png,1,7.223632335662842,229.42935180664062,4703.18798828125,1.7485445737838745
982,[C][N][Branch1][=Branch1][N+1][=Branch1][C][=O][O-1][N+1][=Branch1][C][N+1][=Branch1][C][O-1][O-1][N+1][=Branch1][N][C][O-1][=N][O][N][=N][NH1][Ring1][Branch1],CN([N+]([N+])C[O-])[N+](=O)[O-],1.481790468830701,0.3944741589052919,0.012150731793744,0.5955030601925468,-1.4772809523758013,,0.1921293515141976,mols/page_0050.png,2,8.063382148742676,269.26031494140625,6354.02294921875,1.6013481616973877
983,[O][=N+1][Branch1][C][O-1][C][N][N][N][=N][N][Branch1][=Branch1][N+1][=Branch1][C][=O][O-1],O=[N+]([O-])CNNN=NN[N+](=O)[O-],1.4970246155449356,1.302091075066708,1.0542501568102192,1.117748780784798,0.0563738630686034,,1.0418222065900111,mols/page_0050.png,3,8.614265441894531,319.0419616699219,6923.4912109375,1.7506531476974487
984,[O][=N+1][Branch1][C][O-1][C][N][N][C][Branch1][=Branch1][N+1][=Branch1][C][=O][O-1][N+1][=Branch1][C][O-1],O=[N+]([O-])CNNC([N+][O-])[N+](=O)[O-],2.017024615544936,1.6472190840369605,1.456200556244725,1.508041672475772,0.1970214298207372,,1.3987737220428038,mols/page_0050.png,4,8.823742866516113,338.24334716796875,7349.0751953125,1.7643455266952515
985,[C][C][=C][Branch1][=Branch1][N+1][=Branch1][C][=O][O-1][C][=C][Branch1][=Branch1][N+1][=Branch1][C][=O][O-1][C][Branch1][C][O][=C][Ring1][=N][N+1][=Branch1][C][=O][O-1],Cc1c([N+](=O)[O-])cc([N+](=O)[O-])c(O)c1[N+](=O)[O-],1.558407953408093,-1.1699399634024945,-1.012325739749461,-1.0701086053105038,-0.3839891867146339,,-1.0120087865836538,mols/page_0050.png,5,7.113852024078369,220.32052612304688,4537.80322265625,1.7077827453613281
986,[O][=N+1][Branch1][C][O-1][C][N][N][N][C][Branch1][=Branch1][N+1][=Branch1][C][=O][O-1][C][N][Branch1][=Branch1][N+1][=Branch2][C][=N][O],O=[N+]([O-])CNNNC(CN[N+]O)[N+](=O)[O-],2.0966010549884797,-0.1266706587444848,-0.4325266735740611,-0.0181283065352828,-1.3427008476927675,,-0.2813207404630263,mols/page_0050.png,6,7.7470703125,248.01783752441406,5684.90576171875,1.6144498586654663
987,[O][=N+1][Branch1][C][O-1][C][N][N][N][Branch1][=Branch1][N+1][=Branch1][C][=O][O-1],O=[N+]([O-])CNNN[N+](=O)[O-],1.4596683620478217,1.4947457647994664,1.198105995095032,1.3348329581674103,-0.2092303604551502,,1.186223087195074,mols/page_0050.png,7,8.73119831085205,325.9140319824219,7160.20458984375,1.724795937538147
988,[N][C][Branch1][=Branch1][N+1][=Branch1][C][=O][O-1][N+1][=Branch1][C][O-1][C][N+1][=Branch1][C][C@@H1][O-1][N+1][=Branch1][N][=O][O-1][N+1][S][C][=O][O-1],[CH][N+]([O-])C[N+]([O-])C(N)[N+](=O)[O-],2.018091503851731,0.8994603242978718,0.5924579926870437,1.0251469341459674,-0.8297388693216796,,0.7000644659724479,mols/page_0050.png,8,8.36988639831543,296.9819030761719,6822.51611328125,1.6643879413604736
989,[O][=N+1][Branch1][C][O-1][C][N][C][N][N][N][N][=N][N][Branch1][=Branch1][N+1][=Branch1][C][=O][O-1],O=[N+]([O-])CNCNNNN=NN[N+](=O)[O-],1.576601054988479,0.047405666121578,-0.2666402269370964,0.1396934115680876,-1.1182708748397476,,-0.1107583630606193,mols/page_0050.png,9,7.852726936340332,255.94232177734375,5856.998046875,1.636298656463623
990,[O][=N+1][Branch1][C][O-1][C][C][N][C][Branch1][=Branch1][N+1][=Branch1][C][=O][O-1][N+1][=Branch1][C][O-1][O-1][N+1][=Branch1][N+1][=Branch1][O-1][C][O-1][C][Branch1][=Branch1][C],O=[N+]([O-])CCNC([N+]([O-])[O-])[N+](=O)[O-],2.056437499842364,1.213576730817687,0.9336326479513348,1.210844988747484,-0.2882579824562752,,0.9923145419456214,mols/page_0050.png,10,8.560541152954102,313.2799987792969,7025.00537109375,1.7171024084091187
991,[O][=N+1][Branch1][C][O-1][C][=C][C][=C][Branch2][Ring1][#Branch1][C][C][C][Branch1][=Branch1][N+1][=Branch1][C][=O][O-1][Branch1][=Branch1][N+1][=Branch1][C][=O][O-1][N+1][=Branch1][C][=O][O-1][C][Branch1][=Branch1][N+1][=Branch1][C][=O][O-1][=C][Ring2][Ring1][Branch1],O=[N+]([O-])c1ccc(CCC([N+](=O)[O-])([N+](=O)[O-])[N+](=O)[O-])c([N+](=O)[O-])c1,1.755885732905358,-0.5795740814595622,-0.6092899564988493,-0.3960151470691857,-0.6076195525583453,,-0.5163840235731118,mols/page_0050.png,11,7.472177982330322,239.57376098632812,5272.849609375,1.686011791229248
992,[O][=N+1][Branch1][C][O-1][C][N][C][N][N][N][N][Branch1][=Branch1][N+1][=Branch1][C][=O][O-1][N+1][=Branch1][C][O-1][N][N][C][N][Branch1][=Branch1],NCNN[N+]([O-])N(NNNCNC[N+](=O)[O-])[N+](=O)[O-],1.701719749037849,0.0068943348159276,-0.3209691489882834,0.1534114905140132,-1.1804945045150887,,-0.1352035577889925,mols/page_0050.png,12,7.82813835144043,253.3470001220703,5871.95654296875,1.6302410364151
993,[C][C][Branch2][Branch1][=Branch2][C][N][Branch2][Ring2][#C][C][C][C][Branch2][Ring1][=N][C][C][N][Branch2][Ring1][C][C][C][Branch1][C][C][Branch1][=Branch1][N+1][=Branch1][C][=O][O-1][N+1][=Branch1][C][=O][O-1][N+1][=Branch1][C][=O][O-1][Branch1][=Branch1][N+1][=Branch1][C][=O][O-1][N+1][=Branch1][C][=O][O-1][N+1][=Branch1][C][=O][O-1][Branch1][=Branch1][N+1][=Branch1][C][=O][O-1][N+1][=Branch1][C][=O][O-1],CC(CN(CCC(CCN(CC(C)([N+](=O)[O-])[N+](=O)[O-])[N+](=O)[O-])([N+](=O)[O-])[N+](=O)[O-])[N+](=O)[O-])([N+](=O)[O-])[N+](=O)[O-],2.505174135090663,-0.3388307460969283,-0.5538255019384642,-0.1164032180399837,-1.3676319330059612,,-0.4064885425254377,mols/page_0050.png,13,7.618298530578613,242.22332763671875,5577.74462890625,1.6120227575302124
994,[C][=N][N][=N][C][Branch2][Branch1][Branch2][C][O][N+1][Branch1][C][O-1][N+1][=Branch1][C][=O][O-1][N][Branch1][=Branch1][N+1][=Branch1][C][O-1][C][C][N][Branch1][=Branch1][=Branch2][=Branch1][N+1][=Branch1][O-1][=O][C][N+1][=Branch1][C],C=NN=NCCO[N+]([O-])[N+](=O)[O-],1.5370246155449356,-0.8284627351128718,-1.0403761077832854,-0.6279735998997111,-1.9461935234791328,,-0.9130185030318372,mols/page_0050.png,14,7.321113586425781,218.9805450439453,5019.9169921875,1.5556983947753906
995,[O][=N+1][Branch1][C][O-1][C][=N][N][N][N][N][Branch1][=Branch1][N+1][=Branch1][C][=O][O-1][C][Branch1][=Branch1][N+1][=N][C][=O][O-1][N+1][=Branch1][C][O-1][=C][Branch1][=Branch1][N+1][N][C],CN[N+]C[N+]([O-])C([N+]=NC=O)N(NNNN=C[N+](=O)[O-])[N+](=O)[O-],2.3724242818454764,0.4142655225606452,0.1149306379961848,0.3923899637014923,-0.9606797212762846,,0.1931870534921759,mols/page_0050.png,15,8.075394630432129,274.170166015625,6132.5439453125,1.65164053440094
996,[Cl][=N+1][Branch2][Ring1][=Branch1][C][N][N][=N][N][C][Branch1][=Branch1][N+1][=Branch1][C][=O][O-1][N+1][=Branch1][C][O-1][N][N][=Branch1][N+1][=Branch1],NN[N+]([O-])C(NN=NNC[N+]Cl)[N+](=O)[O-],2.076601054988479,0.8452461919094701,0.6875552468750734,0.6995867172525455,-0.0981829472037941,,0.6532167518767746,mols/page_0050.png,16,8.336980819702148,301.5247497558594,6467.51806640625,1.7356066703796387
997,[O][=N+1][Branch1][C][O-1][C][N][N][N][N][C][Branch1][=Branch1][N+1][=Branch1][C][=O][O-1][N+1][=Branch1][C],[N+]C(NNNNC[N+](=O)[O-])[N+](=O)[O-],2.036437499842364,0.8519931048608902,0.6072528154046346,0.8312820662976483,-0.4481708127267037,,0.6525072253127702,mols/page_0050.png,17,8.341075897216797,297.68865966796875,6611.12158203125,1.7015345096588135
998,[O][=N+1][Branch1][C][O-1][C][N][N][Branch1][=Branch1][N+1][=Branch1][C][=O][O-1][N+1][=Branch1][C][O-1][N][=N][O][N+1][=Branch1][C][C][O-1][N+1][=Branch1][N+1][=Branch1][O-1][=O][O-1][N+1][O-1][C][=C],C[N+]([O-])ON=N[N+]([O-])N(NC[N+](=O)[O-])[N+](=O)[O-],1.6184079534080928,1.5782022811978536,1.266404043229133,1.5827009793631976,-0.3348347846202219,,1.3107484943900036,mols/page_0050.png,18,8.781852722167969,329.1766662597656,7430.4853515625,1.7125680446624756
999,[O][=N+1][Branch1][C][O-1][C][N][N][C][Branch1][=Branch1][N+1][=Branch1][C][=O][O-1][N+1][=Branch1][C][O-1],O=[N+]([O-])CNNC([N+][O-])[N+](=O)[O-],2.017024615544936,1.6472190840369605,1.456200556244725,1.508041672475772,0.1970214298207372,,1.3987737220428038,mols/page_0050.png,19,8.823742866516113,338.24334716796875,7349.0751953125,1.7643455266952515
1000,[O][=N+1][Branch1][C][O-1][C][N][N][N][N][C][Branch1][=Branch1][N+1][=Branch1][C][=O][O-1][N][C][Branch1],CNC(NNNNC[N+](=O)[O-])[N+](=O)[O-],2.07630396797254,-0.9082653283467208,-1.1760315167829671,-0.5674098598169156,-2.152159064336197,,-0.963254061642808,mols/page_0051.png,0,7.272676944732666,212.50021362304688,5085.95703125,1.5356471538543701
1001,[O][=N+1][Branch1][C][O-1][C][N][C][N][N][N][Branch1][=Branch1][N+1][=Branch1][C][=O][O-1][N+1][=Branch1][C][O-1][=Branch1][N+1][=Branch1],[N+][N+]([O-])N(NNCNC[N+](=O)[O-])[N+](=O)[O-],1.576601054988479,1.072702319686244,0.8150555840063064,1.1104462042726335,-0.4718430986439269,,0.8689336477677984,mols/page_0051.png,1,8.47503662109375,307.6155090332031,6915.5283203125,1.6992299556732178
1002,[N][NH1][C][=N+1][Branch1][C][O-1][C][N][N][N][Branch1][=Branch1][N+1][=Branch1][C][=O][O-1][C][N+1][=Branch1][C][O-1][C][N+1][Branch1][=Branch1][O-1][N+1][=Branch1][C][Cl][=O][O-1][N+1][Branch1][=Branch1][N+1],NNC=[N+]([O-])CNNN(C[N+]([O-])C[N+](=O)[O-])[N+](=O)[O-],1.701719749037849,0.6017225439088443,0.3158096927668082,0.7241596991437358,-0.8101748246237966,,0.4380294563640278,mols/page_0051.png,2,8.189172744750977,283.7662658691406,6494.31298828125,1.6662925481796265
1003,[O][=N+1][Branch1][C][O-1][C][N][N][N][Branch1][=Branch1][N+1][=Branch1][C][=O][O-1][N+1][=Branch1][C][O-1][C][Branch1][=Branch1][N+1][C][O-1][C][=N][N][N][Branch1][Ring2][=Branch1][N+1][=Branch1],[N+]NNC([N+]C[O-])[N+]([O-])N(NNC[N+](=O)[O-])[N+](=O)[O-],2.2017197490378493,1.6805372696761924,1.497845053127765,1.7070077760137266,-0.0027701163335214,,1.477121679473128,mols/page_0051.png,3,8.843965530395508,340.23272705078125,7566.0322265625,1.744895339012146
1004,[O][=N+1][Branch1][C][O-1][C][C][N][N][Branch1][=Branch1][N+1][=Branch1][C][=O][O-1][N+1][=Branch1][C][O-1][N+1][=Branch1][O-1][C][O-1][C][N][N][N][Branch1][N+1][=Branch1][C],C[N+]([O-])[N+]([O-])N(NCC[N+](=O)[O-])[N+](=O)[O-],1.596601054988479,0.931050143787462,0.4914681073514231,1.0603464455447718,-1.234788187801027,,0.6562893222225273,mols/page_0051.png,4,8.389060020446777,292.1575622558594,6860.8984375,1.624955415725708
1005,[O][=N+1][Branch1][C][O-1][C][N][N][N][Branch1][=Branch1][N+1][=Branch1][C][=O][O-1][N+1][=Branch1][C][O-1][C][Branch1][=Branch1][N+1][=Branch2][C][O-1][C][=N][O][N+1][Branch1][=Branch1][N+1][S][O-1][C][=O][O-1],C[N+]C(=NO[N+]([O-])[N+]S[O-])[N+]([O-])N(NNC[N+](=O)[O-])[N+](=O)[O-],1.8292669435287097,1.5428320535664106,1.373890899376874,1.4992725802610485,0.1528618163801818,,1.3441759519782586,mols/page_0051.png,5,8.760384559631348,334.3113708496094,7339.51318359375,1.7600464820861816
1006,[O][=N+1][Branch1][C][O-1][C][N][N][N][Branch1][=Branch1][N+1][=Branch1][C][=O][O-1][N+1][=Branch1][C][Branch1][=Branch1][N+1][C][O-1][N][C][Branch1][=Branch1][C][N+1][=Branch1][C][O-1][C][=N][N][Branch1][=Branch1][C][Branch1],CNN=C[N+]([O-])C[N+]([N+]C[O-])N(NNC[N+](=O)[O-])[N+](=O)[O-],1.786423335035418,0.4528803648275522,0.1212685384314894,0.5490053327048032,-1.0998762400865651,,0.2531517348880251,mols/page_0051.png,6,8.098832130432129,274.4729309082031,6303.32080078125,1.6380894184112549
1007,[O][=N+1][Branch1][C][O-1][C][=N][C][N][Branch1][=Branch1][N+1][=Branch1][C][=O][O-1][C][Branch1][=Branch1][N+1],[N+]CN(CN=C[N+](=O)[O-])[N+](=O)[O-],1.5370246155449356,0.7301275788915987,0.4242151963115828,0.7960458360323981,-0.8002219827070166,,0.5269818299430529,mols/page_0051.png,7,8.267108917236328,288.9448547363281,6572.69921875,1.6672614812850952
1008,[NH1][C][/N][=Branch1][C][N][N][Branch1][=Branch1][N+1][=Branch1][C][=O][O-1][N][=N][N][NH1][=N][Ring1],[NH]CN(N)N(N=NNNN)[N+](=O)[O-],1.516437499842364,0.2232409963553899,-0.0360999770035668,0.2517925284985635,-0.8773148741190038,,0.0597707788254808,mols/page_0051.png,8,7.959451198577881,266.9553527832031,5979.2333984375,1.6597563028335571
1009,[O][=N+1][Branch1][C][O-1][C][=C][NH1][C][Branch1][=Branch1][N+1][=Branch1][C][=O][O-1][=N][Ring1][Branch2],O=[N+]([O-])c1c[nH]c([N+](=O)[O-])n1,1.3580915038517312,0.3838085685200476,0.5039656727395759,0.0765575596698719,1.0070392489193796,,0.3532705090747927,mols/page_0051.png,9,8.05690860748291,292.75457763671875,5788.1533203125,1.8432027101516724
1010,[O][=N+1][Branch1][C][O-1][C][N][N][N][N][C][N][C][N][Branch1][=Branch1][N+1][=Branch1][C][=O][O-1][N+1][=Branch1][C][O-1][N][C][N][N][=N][N][Branch1][=Branch1],NN=NNCN[N+]([O-])N(CNCNNNNC[N+](=O)[O-])[N+](=O)[O-],1.872424281845476,-0.058140155290209,-0.4071961534490472,0.135743446678843,-1.3140558143562475,,-0.1934422799489016,mols/page_0051.png,10,7.788665294647217,249.22789001464844,5852.69091796875,1.6172385215759277
1011,[O][=N+1][Branch1][C][O-1][C][N][N][N][Branch1][=Branch1][N+1][=Branch1][C][=O][O-1],O=[N+]([O-])CNNN[N+](=O)[O-],1.4596683620478217,1.4947457647994664,1.198105995095032,1.3348329581674103,-0.2092303604551502,,1.186223087195074,mols/page_0051.png,11,8.73119831085205,325.9140319824219,7160.20458984375,1.724795937538147
1012,[O][=N+1][Branch1][C][O-1][C][N][N][N][Branch1][=Branch1][N+1][=Branch1][C][=O][O-1][N+1][=Branch1][C][O-1][C][Branch1][=Branch1][N+1][=O][O-1],O=[N+]C[N+]([O-])N(NNC[N+](=O)[O-])[N+](=O)[O-],1.576601054988479,1.826933025034764,1.6244261040251098,1.7464098064563538,0.2270073049263115,,1.5841044353401412,mols/page_0051.png,12,8.932821273803711,346.2795715332031,7608.9970703125,1.767264723777771
1013,[O][=N+1][Branch1][C][O-1][C][N][Branch1][=Branch1][N+1][=Branch1][C][=O][O-1][N+1][=Branch1][C][C@@H1][=O][N+1][=Branch1][C][=N][O-1],[CH][N+](O[N+](=N)[O-])N(C[N+](=O)[O-])[N+](=O)[O-],1.5563039679725397,1.8329241706062045,1.694262471305286,1.6752401352544382,0.4710919364415156,,1.5990019082237996,mols/page_0051.png,13,8.936457633972168,349.6156921386719,7531.39208984375,1.7910269498825073
1014,[N][C][=Ring1][S][N][Branch1][S][Cl][N+1][=Branch1][C][=O][O-1][N+1][=Branch1][C][O-1][C],N#CNCl,1.482440063862291,-1.9208302083563435,-1.7692480734172624,-2.2629800902202195,-1.3027731512876932,,-1.9579889216602584,mols/page_0051.png,14,6.658094882965088,184.1619415283203,3237.06982421875,1.6183369159698486
1015,[O][=N+1][Branch1][C][O-1][C][N][C][Branch1][=Branch1][N+1][=Branch1][C][=O][O-1][C][Branch1][=Branch1],CC(NC[N+](=O)[O-])[N+](=O)[O-],1.9996683620478215,-0.8394520013406854,-1.1194752900379297,-0.6135596536555329,-2.2588594563271487,,-0.961041629939582,mols/page_0051.png,15,7.314443588256836,215.20193481445312,5035.63427734375,1.5252596139907837
1016,[N][O][=N+1][Branch1][C][O-1][C][N][N][N][Branch1][=Branch1][N+1][=Branch1][C][=O][O-1][N+1][=Branch1][C][=N][O],N=[N+](O)N(NNC[N+]([O-])ON)[N+](=O)[O-],1.5363039679725397,1.2600147867746547,1.0565927715563397,1.1136559705492584,-0.1332407552841841,,1.011290202274033,mols/page_0051.png,16,8.588726997375488,319.15386962890625,6919.0283203125,1.7321937084197998
1017,[O][=N+1][Branch1][C][O-1][C][N][C][N][Branch1][=Branch1][N+1][=Branch1][C][=O][O-1][C][Branch1][=Branch1][N+1][#C][O-1][C][N][=N][N][N][Branch1][=Branch1],NNN=C([N+]#C[O-])N(CNC[N+](=O)[O-])[N+](=O)[O-],1.6584079534080929,0.6968125357362752,0.5476499756996166,0.8258311057946696,-0.4772909571192903,,0.5937189744649117,mols/page_0051.png,17,8.246888160705566,294.8414001464844,6605.177734375,1.6986995935440063
1018,[O][=N+1][Branch1][C][O-1][C][N][N][N][N][C][N][N][=N][N][Branch1][=Branch1][N+1][=Branch1][C][=O][O-1][N+1][=Branch1][C][O-1][O-1][N+1][=Branch1][N+1][=Branch1][O-1][=O][O-1][N+1],O=[N+]([O-])CNNNNCNN=NN([N+]([O-])[O-])[N+](=O)[O-],1.701719749037849,0.5712655898682467,0.2851857704638956,0.609619225385671,-0.5798145351611601,,0.399979076721188,mols/page_0051.png,18,8.170686721801758,282.3033447265625,6369.41552734375,1.6887186765670776
1019,[O][=C][Branch2][Ring1][Branch2][N][C][C][C][Branch1][=Branch1][N+1][=Branch1][C][=O][O-1][Branch1][=Branch1][N+1][=Branch1][C][=O][O-1][N+1][=Branch1][C][=O][O-1][N][Branch2][Ring1][#Branch1][C][C][C][Branch1][=Branch1][N+1][=Branch1][C][=O][O-1][Branch1][=Branch1][N+1][=Branch1][C][=O][O-1][N+1][=Branch1][C][=O][O-1][N+1][=Branch1][C][=O][O-1],O=C(NCCC([N+](=O)[O-])([N+](=O)[O-])[N+](=O)[O-])N(CCC([N+](=O)[O-])([N+](=O)[O-])[N+](=O)[O-])[N+](=O)[O-],2.227950530827869,1.0550949823472562,0.9145672008601918,0.9771088054317186,0.113688420002265,,0.8946279099747759,mols/page_0051.png,19,8.464349746704102,312.3692321777344,6770.13427734375,1.7562328577041626
1020,[O][=N+1][Branch1][C][O-1][C][N][C][N][N][Branch1][=Branch1][N+1][=Branch1][C][=O][O-1][N+1][=Branch1][C][O-1][C][Branch1][=Branch1][N+1][O-1][C][=N][N][Branch1][=Branch1][C][C][N][Branch1][=Branch1][O][N+1][=Branch1][C][Cl][O-1][N+1][=Branch1][N+1][=Branch1][O-1][=O][O-1][N+1][#C][C][O-1][C][=N][O][N+1][=Branch1][Ring1][=O][O-1],O=[N+]([O-])CNCNN([N+]([O-])C([O-])(CCNO[N+]Cl)[N+][O-])[N+](=O)[O-],2.3724242818454764,0.5706182381831081,0.3016249592454391,0.4025104893178418,-0.5038396241465671,,0.3286810326696168,mols/page_0052.png,0,8.170293807983398,283.0886535644531,6143.57958984375,1.6961150169372559
1021,[C][O][=N+1][Branch1][C][O-1][C][N][N][N][N][=N][N][Branch1][=Branch1][N+1][=Branch1][C][=O][O-1][N+1][=Branch1][C][O-1],CO[N+]([O-])CNNNN=NN([N+][O-])[N+](=O)[O-],1.597308431519336,0.1805770635724584,-0.1292321690265932,0.2727616879854185,-1.190008970766735,,0.0029400017539602,mols/page_0052.png,1,7.933556079864502,262.5063781738281,6002.0986328125,1.6293147802352905
1022,[O][N][/C][=N][N][N][NH1][C][N][=N][N],NN=NCNNNN=CNO,1.498091503851731,-1.8000826210374792,-1.92702736094988,-1.568298766574712,-2.4982701216026446,,-1.808924014286989,mols/page_0052.png,2,6.731383323669434,176.6247406005859,3994.565673828125,1.5019524097442627
1023,[N][O][=N+1][Branch1][C][O-1][C][N][C][Branch1][=Branch1][N+1][=Branch1][C][=O][O-1][N][N][N][Branch1][=Branch1][N+1][N][C][O-1][C][Branch1][=Branch1][N][N+1][=Branch1][C][C][O-1][C][C][Branch1][=Branch1],C[N+]([O-])NN([N+]NC[O-])NNC(NC[N+]([O-])ON)[N+](=O)[O-],2.2864233350354186,0.2660086311073,-0.0760458066900058,0.352146533867992,-1.304682167103178,,0.0578811029412025,mols/page_0052.png,3,7.985409259796143,265.047119140625,6088.66162109375,1.618151068687439
1024,[O][=N+1][Branch1][C][O-1][C][N][C][Branch1][=Branch1][N+1][=Branch1][C][=O][O-1][N+1][=Branch1][C][=C][N][N][N][=C][Branch1][=Branch1][N+1][N+1][=Branch1][C][O-1][O-1][N+1][=Branch1][N][=O][O-1],C=[N+](NNN=C([O-])[N+][N+][O-])C(NC[N+](=O)[O-])[N+](=O)[O-],2.2017197490378493,0.6096070360351195,0.4211839154361145,0.5145455721275646,-0.4591755113371984,,0.4175984155851144,mols/page_0052.png,4,8.193958282470703,288.800048828125,6265.7451171875,1.7004631757736206
1025,[C][C][Branch2][Ring1][=Branch2][C][O][C][=Branch1][C][=O][O][C][C][Branch1][C][C][Branch1][=Branch1][N+1][=Branch1][C][=O][O-1][N+1][=Branch1][C][=O][O-1][Branch1][=Branch1][N+1][=Branch1][C][=O][O-1][N+1][=Branch1][C][=O][O-1],CC(COC(=O)OCC(C)([N+](=O)[O-])[N+](=O)[O-])([N+](=O)[O-])[N+](=O)[O-],1.8292669435287097,-1.041543570250488,-1.09906509136768,-1.100782292524341,-1.4265310098018662,,-1.1181181833944651,mols/page_0052.png,5,7.1917829513549805,216.17694091796875,4504.35595703125,1.6062887907028198
1026,[N][C][N][N][N][Branch1][=Branch1][N+1][=Branch1][C][=O][O-1][N],NCNNN(N)[N+](=O)[O-],1.461790468830701,-0.6213235514251378,-0.8867300947004637,-0.4642356663880309,-1.7842394299858606,,-0.7411316210851988,mols/page_0052.png,6,7.446837902069092,226.32029724121094,5198.46044921875,1.571465015411377
1027,[O][=N+1][Branch1][C][O-1][O][C][C][N][C][=C][Branch1][=Branch1][N+1][=Branch1][C][=O][O-1][C][Branch1][#Branch2][N][C][C][O][N+1][=Branch1][C][=O][O-1][=C][Branch1][=Branch1][N+1][=Branch1][C][=O][O-1][C][Branch1][#Branch2][N][C][C][O][N+1][=Branch1][C][=O][O-1][=C][Ring2][Ring1][#Branch2][N+1][=Branch1][C][=O][O-1],O=[N+]([O-])OCCNc1c([N+](=O)[O-])c(NCCO[N+](=O)[O-])c([N+](=O)[O-])c(NCCO[N+](=O)[O-])c1[N+](=O)[O-],2.2983993249990475,-0.473769790746306,-0.552049535482447,-0.3159402551720644,-0.7136036044261034,,-0.4541912940686243,mols/page_0052.png,7,7.536396503448486,242.30816650390625,5360.1650390625,1.6756939888000488
1028,[N][=C][Branch1][=Branch1][N+1][=Branch1][C][=O][O-1][N+1][=Branch1][C][C][O-1][N+1][=Branch1][N+1][=Branch1][=O][O-1][N+1][=C],C[N+]([O-])C(=N)[N+](=O)[O-],1.4844996950521223,-0.0229584766932723,-0.3097118853534966,0.1097764912358764,-1.5455365332423403,,-0.1938106473415757,mols/page_0052.png,8,7.810019016265869,253.884765625,5824.3759765625,1.5947033166885376
1029,[C][C][Branch1][C][C][N][C][=Branch1][C][=O][C][Branch1][=Branch1][N+1][=Branch1][C][=O][O-1][Branch1][=Branch1][N+1][=Branch1][C][=O][O-1][N+1][=Branch1][C][=O][O-1],CC(C)NC(=O)C([N+](=O)[O-])([N+](=O)[O-])[N+](=O)[O-],1.657308431519336,-0.7680461251101873,-0.9389131637567724,-0.6710063202099266,-1.5856221918284268,,-0.8537045694835532,mols/page_0052.png,9,7.357783794403076,223.82748413085938,4972.9931640625,1.5908008813858032
1030,[O][=N+1][Branch1][C][O-1][C][N][N][C][Branch1][=Branch1][N+1][=Branch1][C][=O][O-1][C][=Branch1][C],CC(NNC[N+](=O)[O-])[N+](=O)[O-],2.018091503851731,-0.9314144360582418,-1.170981192028275,-0.6270529414922418,-2.2657681588486143,,-1.002996899503387,mols/page_0052.png,10,7.258626461029053,212.74147033691406,5020.9208984375,1.5245870351791382
1031,[O][=N+1][Branch1][C][O-1][C][C][N][N][=N][N][Branch1][=Branch1][N+1][=Branch1][C][=O][O-1][N+1][=Branch1][C][O-1][=Branch1][N+1][=Branch1][N+1][=O][O-1][N+1][Branch1][C][O-1],O=[N+]([O-])CCNN=NN([N+]([O-])[N+](=O)[O-])[N+](=O)[O-],1.6184079534080928,1.154634731389038,0.9529842939533756,1.1190581218273274,0.0497590436746018,,0.9795039094339946,mols/page_0052.png,11,8.524765968322754,314.2044372558594,6924.9189453125,1.7500091791152954
1032,[O][=C][Branch2][Ring1][#Branch1][C][C][C][Branch1][=Branch1][N+1][=Branch1][C][=O][O-1][Branch1][=Branch1][N+1][=Branch1][C][=O][O-1][N+1][=Branch1][C][=O][O-1][N][C][N][C][=Branch1][C][=O][C][C][C][Branch1][=Branch1][N+1][=Branch1][C][=O][O-1][Branch1][=Branch1][N+1][=Branch1][C][=O][O-1][N+1][=Branch1][C][=O][O-1],O=C(CCC([N+](=O)[O-])([N+](=O)[O-])[N+](=O)[O-])NCNC(=O)CCC([N+](=O)[O-])([N+](=O)[O-])[N+](=O)[O-],2.227950530827869,-0.3235826285522018,-0.4022493202648137,-0.3705936011302549,-0.6461611002122145,,-0.3943115376775773,mols/page_0052.png,12,7.627553462982178,249.46420288085938,5300.56982421875,1.6822596788406372
1033,[NH1][=Branch2][\N+1][S][C][Branch2][Cl][/C][=N+1][/N+1][/N+1][P][#C][P][N][/N][#N][/N+1][O][/N][Cl][=Branch1],[N+]C([N+][N+][PH]#CPN/N=N/[N+]O)NNCl,3.076601054988479,-0.0713543001251979,-0.1928941781062635,-0.2935807044618668,-0.3466574579354914,,-0.2181601471361612,mols/page_0052.png,13,7.78064489364624,259.4652099609375,5384.54638671875,1.7114170789718628
1034,[O][=N+1][Branch1][C][O-1][C][N][N][N][N][Branch1][=Branch1][N+1][=Branch1][C][=O][O-1][N+1][=Branch1][C][O-1][N][N][N][C][N][Branch1][=Branch1][=Branch1][N+1][=Branch1][N+1][=Branch1][O-1][=O][O-1][N+1][=Ring2][C][O-1][C][C][Branch1][=Branch1][N+1][=C][C][Branch1][=Branch1][=Branch1][=Branch1][N+1],O=[N+]([O-])CNNNN([N+]([O-])NNNCN([O-])[N+]O)[N+](=O)[O-],1.786423335035418,1.4396533081586558,1.2196903759041882,1.3800759751212393,-0.1101660317261377,,1.205849707891593,mols/page_0052.png,14,8.697759628295898,326.94512939453125,7209.53857421875,1.7344400882720947
1035,[O][=N+1][Branch1][C][O-1][C][N][Branch1][C][C][N][=N][N][N][Branch1][Branch1][N][N+1][=Branch1][C][=O][O-1][N+1][=Branch1][C][C][=O][O-1],CN(C[N+](=O)[O-])N=NNN([O-])N[N+]=O,1.5563039679725397,0.4847137268200463,0.1937324416949746,0.5468407107487202,-1.0805485264036845,,0.2802929737878749,mols/page_0052.png,15,8.11815357208252,277.9345703125,6300.96044921875,1.6399710178375244
1036,[N][C][=C][Branch1][=Branch1][N+1][=Branch1][C][=O][O-1][C][Branch1][=Branch1][N+1][=Branch1][C][=O][O-1][=C][Branch2][Ring2][=Branch1][C][=C][Branch1][=Branch1][N+1][=Branch1][C][=O][O-1][C][Branch1][=Branch1][N+1][=Branch1][C][=O][O-1][=C][Branch1][C][N][C][Branch1][=Branch1][N+1][=Branch1][C][=O][O-1][=C][Ring1][S][N+1][=Branch1][C][=O][O-1][C][Branch1][=Branch1][N+1][=Branch1][C][=O][O-1][=C][Ring2][Ring2][C][N+1][=Branch1][C][=O][O-1],Nc1c([N+](=O)[O-])c([N+](=O)[O-])c(-c2c([N+](=O)[O-])c([N+](=O)[O-])c(N)c([N+](=O)[O-])c2[N+](=O)[O-])c([N+](=O)[O-])c1[N+](=O)[O-],2.232166943381353,0.8675405439978956,1.0734976724049468,0.9042155864621232,1.5614056864110482,,1.0030863573266646,mols/page_0052.png,16,8.350512504577637,319.96142578125,6690.64990234375,1.8971716165542603
1037,[C][C][Branch2][Ring1][=Branch2][C][O][C][=Branch1][C][=O][O][C][C][Branch1][C][C][Branch1][=Branch1][N+1][=Branch1][C][=O][O-1][N+1][=Branch1][C][=O][O-1][Branch1][=Branch1][N+1][=Branch1][C][=O][O-1][N+1][=Branch1][C][=O][O-1],CC(COC(=O)OCC(C)([N+](=O)[O-])[N+](=O)[O-])([N+](=O)[O-])[N+](=O)[O-],1.8292669435287097,-1.041543570250488,-1.09906509136768,-1.100782292524341,-1.4265310098018662,,-1.1181181833944651,mols/page_0052.png,17,7.1917829513549805,216.17694091796875,4504.35595703125,1.6062887907028198
1038,[O][=N+1][Branch1][C][O-1][C][N][N][N][C][N][N][Branch1][=Branch1][N+1][=Branch1][C][=O][O-1][N+1][=Branch1][C][O-1][N][N+1][=Branch1][C],[N+]N[N+]([O-])N(NCNNNC[N+](=O)[O-])[N+](=O)[O-],1.6184079534080928,0.7345553387185902,0.4422974734833695,0.8218878577712382,-0.7055744724811814,,0.552410898910867,mols/page_0052.png,18,8.269796371459961,289.80865478515625,6600.8779296875,1.6764756441116333
1039,[O][=N+1][Branch1][C][O-1][C][N][N][N][N][Branch1][=Branch1][N+1][=Branch1][C][=O][O-1][N+1][=Branch1][C][N+1][=Branch1][C][O-1][C][N+1][=Branch1][N][C][O-1][C][Branch1][=Branch1][N+1][N+1][C][O-1][C][O-1][C][=N][N][N+1][=Branch1][C][=N][O-1][N+1][=Branch1],[N+][N+](C[O-])N(NNNC[N+](=O)[O-])[N+](=O)[O-],1.576601054988479,1.3736014388871618,1.2149157092522915,1.3055245858778797,0.0654450556029914,,1.1758836269463142,mols/page_0052.png,19,8.657669067382812,326.717041015625,7128.24609375,1.751536250114441
1040,[O][=N+1][Branch1][C][O-1][C][N][N][N][N][=N][N][N][Branch1][=Branch1][N+1][=Branch1][C][=O][O-1][C][N][Branch1][=Branch1][N][N][=N][O][N+1][=Branch1][C][O-1][N][=N][C][=N][N][=N][C][Branch1][=Branch1][N+1][N][C][N][C][N][N],[N+]ON=NNN(C[O-])CN(NN=NNNNC[N+](=O)[O-])[N+](=O)[O-],1.872424281845476,0.8369846017141822,0.5925129326565464,0.794416772177158,-0.3525730803887349,,0.6398837844246719,mols/page_0053.png,0,8.331966400146484,296.9845275878906,6570.9228515625,1.710841178894043
1041,[O][=N+1][Branch1][C][O-1][C][N][C][Branch1][=Branch1][N+1][=Branch1][C][=O][O-1][N+1][=Branch1][C][C][O-1][N+1][=Branch1][=O][O-1][N+1][Branch1][C][O-1],C[N+]([O-])C(NC[N+](=O)[O-])[N+](=O)[O-],2.037024615544936,0.5600217824438495,0.220218617690109,0.6885361296165882,-1.1857378693142586,,0.351900764948699,mols/page_0053.png,1,8.163862228393555,279.1998291015625,6455.46826171875,1.6297305822372437
1042,[O][=N+1][Branch1][C][O-1][C][N][C][Branch1][=Branch1][N+1][=Branch1][C][=O][O-1][N+1][=Branch1][C][O-1][C][N+1][=Branch1][C][=N][O-1][N+1][=Branch1][N+1][=Branch1],N=[N+]([O-])C[N+]([O-])C(NC[N+](=O)[O-])[N+](=O)[O-],2.0966010549884797,1.670228351214556,1.4901790108715756,1.5498192344610182,0.2085881799125069,,1.430888352297191,mols/page_0053.png,2,8.837708473205566,339.86651611328125,7394.63037109375,1.7654715776443481
1043,[O][=N+1][Branch1][C][O-1][C][=N][C][Branch1][=Branch1][N+1][=Branch1][C][=O][O-1][=C][Branch1][=Branch1][N+1][=Branch1][C][=O][O-1][NH1][Ring1][O],O=[N+]([O-])c1nc([N+](=O)[O-])c([N+](=O)[O-])[nH]1,1.4163039679725398,1.4827289063335929,1.6851354091624378,1.3450224436061091,1.6240346298996833,,1.49237851930642,mols/page_0053.png,3,8.723904609680176,349.1796875,7171.3154296875,1.9032686948776245
1044,[/C][O][=N+1][=N+1][Branch1][C][O-1][C][C][N][C][Branch1][=Branch1][N+1][=Branch1][C][=O][O-1][N+1][=Branch1][C][O-1],CO[N+]=[N+]([O-])CCNC([N+][O-])[N+](=O)[O-],2.09630396797254,-0.048935034301412,-0.4073798190447684,0.0662413493628299,-1.635699876748288,,-0.2511521612662419,mols/page_0053.png,4,7.794252395629883,249.2191162109375,5776.904296875,1.5859256982803345
1045,[O][=N+1][Branch1][C][O-1][C][N][N][N][Branch1][=Branch1][N+1][=Branch1][C][=O][O-1][N+1][=Branch1][C][=N][N][C][Branch1][=Branch1][N+1][O][C][=O][N][C][N][N][Branch1][C][N+1][=Branch1][C][Cl][O-1][N+1][=Branch1][N+1][=Branch1][=O][O-1][C][=N][O][N+1][Branch1][C][O-1],[N+]N(CCl)NCC([N+]OC=O)N[N+](=N)N(NNC[N+](=O)[O-])[N+](=O)[O-],2.4158857329053585,-0.244388891575613,-0.393050708394241,-0.4079044473496907,-0.8182798763766468,,-0.4043496665700045,mols/page_0053.png,5,7.6756205558776855,249.90362548828125,5259.88525390625,1.6655035018920898
1046,[O][=N+1][Branch1][C][O-1][C][N][C][N][N][N][Branch1][=Branch1][N+1][=Branch1][C][=O][O-1][N+1][=Branch1][C][N][O-1][=Branch1][N+1][=Branch1],N[N+]([O-])N(NNCNC[N+](=O)[O-])[N+](=O)[O-],1.576601054988479,0.8504564302296631,0.5099036613038493,0.9875548751444836,-0.8692661499655842,,0.6481853579446131,mols/page_0053.png,6,8.340143203735352,293.0382385253906,6781.52490234375,1.6605398654937744
1047,[O][=N+1][Branch1][C][O-1][C][N][N][N][N][Branch1][=Branch1][N+1][=Branch1][C][=O][O-1][N+1][=Branch1][C][O-1][N+1][=Branch1][O-1][C][O-1][N][N][Branch1][N+1][=Branch1][C][N][O-1][N+1][=Branch1][N+1][=Branch1][N][=O][O-1][N+1][Ring2][C][=O][O-1],C[N+]([O-])[N+]([O-])N(NNNC[N+](=O)[O-])[N+](=O)[O-],1.597308431519336,1.251148268426992,0.9346330664657676,1.2310672327559058,-0.5433558841731918,,0.9845366384082328,mols/page_0053.png,7,8.583345413208008,313.3277893066406,7047.05615234375,1.6922680139541626
1048,[=N+1][Branch1][C][O-1][C][N][N][=N][N][Branch1][=Branch1][N+1][=Branch1][C][=O][O-1][N+1][=Branch1][C][O-1][C],C[N+]([O-])N(N=NNC[N+][O-])[N+](=O)[O-],1.536437499842364,1.0914912309748048,0.7313315423421883,1.1198807139939233,-0.8241942743168593,,0.8212385514951316,mols/page_0053.png,8,8.486440658569336,303.615966796875,6925.81591796875,1.6649277210235596
1049,[O][=N+1][Branch1][C][O-1][C][=C][C][Branch1][=Branch1][N+1][=Branch1][C][=O][O-1][=C][Branch1][=Branch2][N][C][=N][N][=N][NH1][Ring1][Branch1][C][Branch1][=Branch1][N+1][=Branch1][C][=O][O-1][=C][Ring2][Ring1][C],O=[N+]([O-])c1cc([N+](=O)[O-])c(Nc2nnn[nH]2)c([N+](=O)[O-])c1,1.486423335035418,-0.3483485442346151,-0.2514799895386271,-0.3582018792869189,0.4745340425719374,,-0.2457844809008844,mols/page_0053.png,9,7.612521648406982,256.6665344238281,5314.08203125,1.7913620471954346
1050,[Branch1][O][=N+1][Branch1][C][O-1][C][N][C][N][Branch1][=Branch1][N+1][=Branch1][C][=O][O-1][N+1][=Branch1][C][C][O-1][C][Branch1][=Branch1][N+1][C][O-1][C][=C][Branch1][=Branch1][N+1][N][C][N][O-1][N][N][=C][Branch1][=Branch1][C][N+1][=Branch1][C][O-1][C][N+1][=Branch1][N+1][=Branch1][O-1][=O][O-1][N+1][N][C][O-1][N][=C][Branch1][#C][N+1][=Branch1][C][N+1][N][C][=O][O-1],C[N+]([O-])N(CNC[N+](=O)[O-])[N+](=O)[O-],1.556437499842364,0.4208490263488263,-0.0047139223330179,0.596874196400558,-1.5905471832395104,,0.1837287362402242,mols/page_0053.png,10,8.079390525817871,268.4546813964844,6355.51806640625,1.59032142162323
1051,[C][Branch1][=Branch1][N+1][=Branch1][C][=O][O-1][N+1][=Branch1][C][O-1][C][Branch1][=Branch1][O][N+1][=Branch1][C][C][O-1][N][=N][N][=C][Branch1][=Branch1][N+1],C[N+]OC([O-])[N+]([O-])C[N+](=O)[O-],2.018091503851731,0.4199439909831957,0.0451562378909128,0.4210553080371681,-1.3101055353179194,,0.1536866269016024,mols/page_0053.png,11,8.078841209411621,270.8370056152344,6163.80126953125,1.6176230907440186
1052,[O][=N+1][Branch1][C][O-1][C][N][N][Branch1][=Branch1][N+1][=Branch1][C][=O][O-1][N+1][=Branch1][C][O-1][C][C][N][N][N][N][Branch1][C][O][N+1][=Branch1][C][=N][O-1][Branch1][=Branch1][N+1][N][C][O-1][N][N+1][=Branch1][C][=C][N][Branch1][=Branch1][C][=N][O][N+1][=Branch1][N+1][=Branch1][=O][O-1][N+1],N=[N+]([O-])N(O)NNNCC[N+]([O-])N(NC[N+](=O)[O-])[N+](=O)[O-],1.786423335035418,0.6420594673575761,0.3363367985814647,0.630123129967195,-0.7377277356518025,,0.4228755449064579,mols/page_0053.png,12,8.213655471801758,284.7468566894531,6391.7734375,1.6733454465866089
1053,[C][C][N][Branch1][=Branch1][N+1][=Branch1][C][=O][O-1][C][=Branch1][C][=O][N][Branch1][=Branch1][N+1][=Branch1][C][=O][O-1][C][Ring1][N][Branch1][C][C][N][Branch1][=Branch1][N+1][=Branch1][C][=O][O-1][C][=Branch1][C][=O][N][Ring2][Ring1][Ring2][N+1][=Branch1][C][=O][O-1],CC12N([N+](=O)[O-])C(=O)N([N+](=O)[O-])C1(C)N([N+](=O)[O-])C(=O)N2[N+](=O)[O-],1.795885732905358,0.9018109022613848,0.926070097265604,0.8588319631172705,0.6509386143452193,,0.8655968965631773,mols/page_0053.png,13,8.371313095092773,312.9187316894531,6641.16259765625,1.8085354566574097
1054,[O][=N+1][Branch1][C][O-1][C][N][N][N][Branch1][=Branch1][N+1][=Branch1][C][=O][O-1][N][N+1][=Branch1][C][O-1][N+1][=Branch1][C][C][O-1][C][N+1][=Branch1][C][Branch1][=Branch1][N+1],C[N+]([O-])[N+]([O-])NN(NNC[N+](=O)[O-])[N+](=O)[O-],1.597308431519336,1.2840406474966304,0.9372982938235028,1.3620514896069125,-0.6474933703900513,,1.0354059941337932,mols/page_0053.png,14,8.603309631347656,313.4551086425781,7189.88427734375,1.682129979133606
1055,[O][=N+1][Branch1][C][O-1][C][N][N][N][N][Branch1][=Branch1][N+1][=Branch1][C][=O][O-1][N+1][=Branch1][C][O-1][N][C][Branch1][=Branch1][N+1][=C][C][Branch1][=Branch1][Cl][N+1][=Branch1][C][N][O-1][C][N][C][Branch1],O=[N+]([O-])CNNNN([N+]([O-])NC([O-])[N+]=CCCl)[N+](=O)[O-],2.243903847312421,0.316694539687501,0.1245387442906089,0.1583224150056067,-0.4463132264585251,,0.1290059643509176,mols/page_0053.png,15,8.016173362731934,274.629150390625,5877.3115234375,1.701715350151062
1056,[O][=N+1][Branch1][C][O-1][C][N][N][N][N][Branch1][=Branch1][N+1][=Branch1][C][=O][O-1][N+1][=Branch1][C][O-1][C][=N][N][Branch1][=Branch1],NN=C[N+]([O-])N(NNNC[N+](=O)[O-])[N+](=O)[O-],1.597308431519336,1.624968726723253,1.4067111427861851,1.5358839768537975,-0.0563548065744528,,1.3666380774614333,mols/page_0053.png,16,8.810237884521484,335.87921142578125,7379.43505859375,1.7396787405014038
1057,[O][=N+1][Branch1][C][O-1][C][N][N][N][Branch1][=Branch1][N+1][=Branch1][C][=O][O-1][N+1][=Branch1][C],[N+]N(NNC[N+](=O)[O-])[N+](=O)[O-],1.478091503851731,1.6067957422807464,1.4461350427623485,1.5835365574703657,0.1340349285270209,,1.410050812101622,mols/page_0053.png,17,8.79920768737793,337.76251220703125,7431.396484375,1.7582136392593384
1058,[O][=N+1][Branch1][C][O-1][C][N][N][N][=N][N][Branch1][=Branch1][N+1][=Branch1][C][=O][O-1],O=[N+]([O-])CNNN=NN[N+](=O)[O-],1.4970246155449356,1.302091075066708,1.0542501568102192,1.117748780784798,0.0563738630686034,,1.0418222065900111,mols/page_0053.png,18,8.614265441894531,319.0419616699219,6923.4912109375,1.7506531476974487
1059,[O][=N+1][Branch1][C][O-1][C][N][N][N][N][Branch1][=Branch1][N+1][=Branch1][C][=O][O-1][N+1][=Branch1][C][O-1][C][C][N][Branch1][=Branch1],NCC[N+]([O-])N(NNNC[N+](=O)[O-])[N+](=O)[O-],1.617308431519336,0.4838621136808591,0.1260004030141224,0.5721140378487053,-1.116387573797916,,0.2696724869334359,mols/page_0053.png,19,8.117636680603027,274.698974609375,6328.51904296875,1.6364820003509521
1060,[O][=N+1][Branch1][C][O-1][C][N][N][N][Branch1][=Branch1][N+1][=Branch1][C][=O][O-1][N+1][=Branch1][C][Branch1][=Branch1][N+1][N+1][=Branch1][C][O-1][C][O-1][N+1][=Branch1][N+1][=Branch1][O-1][=O][O-1][N+1][=O][O-1][N+1][Branch1][=Branch1],O=[N+]([O-])CNNN([N+](C[O-])[N+][N+][O-])[N+](=O)[O-],1.597308431519336,1.489383116009714,1.3909101520224694,1.3311113667158163,0.3085108922763204,,1.2833689529220045,mols/page_0054.png,0,8.727943420410156,335.1243896484375,7156.146484375,1.775199294090271
1061,[O][=N+1][=N+1][Branch1][C][O-1][C][C][N][Branch1][=Branch1][N+1][=Branch1][C][=O][O-1][N+1][=Branch1][C][O-1],O=[N+]=[N+]([O-])CCN([N+][O-])[N+](=O)[O-],1.5170246155449356,1.5969959062122772,1.3644201430062068,1.5833932643330164,-0.1602926971672429,,1.3576820483211034,mols/page_0054.png,1,8.793259620666504,333.85894775390625,7431.240234375,1.729560136795044
1062,[O][=N+1][Branch1][C][O-1][C][C][C][N][Branch1][=Branch1][N+1][=Branch1][C][=O][O-1][N+1][=Branch1][C][O-1][N+1][=Branch1][O-1][C][O-1][N+1][Branch1][C][O-1][N][N][C][=N][O][N+1][Branch1][C],C[N+]([O-])[N+]([O-])N(CCC[N+](=O)[O-])[N+](=O)[O-],1.616601054988479,0.2942917719042344,-0.12410869745204,0.5263341194208709,-1.6892980366325614,,0.0841496127181408,mols/page_0054.png,2,8.002575874328613,262.7511291503906,6278.599609375,1.5807077884674072
1063,[O][=N+1][Branch1][C][O-1][C][C][N][N][Branch1][=Branch1][N+1][=Branch1][C][=O][O-1][N+1][=Branch1][C][N][O-1][Branch1][=Branch1][N+1][N][C][O],N[N+]([O-])N(NCC[N+](=O)[O-])[N+](=O)[O-],1.536437499842364,1.1135169006890586,0.790961213195103,1.262516494075646,-0.6479586853418692,,0.916330257567112,mols/page_0054.png,3,8.499809265136719,306.4645080566406,7081.34912109375,1.6820846796035767
1064,[O][=N+1][Branch1][C][O-1][C][N][N][C][N][Branch1][=Branch1][N+1][=Branch1][C][=O][O-1][N+1][=Branch1][C][=N][O-1][N+1][=Branch1][N][=O][O-1][N+1],N=[N+]([O-])N(CNNC[N+](=O)[O-])[N+](=O)[O-],1.5563039679725397,1.2149955623023476,0.9668464148631302,1.0705336920281996,-0.128901081101966,,0.9607838629924528,mols/page_0054.png,4,8.561402320861816,314.86663818359375,6872.0068359375,1.7326161861419678
1065,[O][=N+1][Branch1][C][O-1][C][C][Branch1][=Branch1][N+1][=Branch1][C][=O][O-1][N+1][=Branch1][C][O-1][C][N][N][Branch1][=Branch1][N+1][Branch1][C][O-1][O][N+1][=Branch1][C][=C][Branch1][=Branch1][N+1][N][C][O-1][C][Branch1][=Branch1],C=[N+]([N+]NC[O-])N(NC[N+]([O-])C(C[N+](=O)[O-])[N+](=O)[O-])[N+]([O-])O,2.3292669435287103,1.0294617411061135,0.7686626127824121,0.995552423372792,-0.4478401942083068,,0.8029680384004176,mols/page_0054.png,5,8.44879150390625,305.3992919921875,6790.24560546875,1.7015666961669922
1066,[C][C][=Branch1][C][=O][O][N][Branch2][Ring2][=C][C@@H1][Branch2][Ring1][=Branch1][C][C][Branch1][=Branch1][N+1][=Branch1][C][=O][O-1][Branch1][=Branch1][N+1][=Branch1][C][=O][O-1][N+1][=Branch1][C][=O][O-1][C][Branch1][=Branch1][N+1][=Branch1][C][=O][O-1][Branch1][=Branch1][N+1][=Branch1][C][=O][O-1][N+1][=Branch1][C][=O][O-1][N+1][=Branch1][C][=O][O-1],CC(=O)ON([C@@H](CC([N+](=O)[O-])([N+](=O)[O-])[N+](=O)[O-])C([N+](=O)[O-])([N+](=O)[O-])[N+](=O)[O-])[N+](=O)[O-],2.6825801340811584,1.4184462555025503,1.3525748300466849,1.2555564777199577,0.6428421341835868,,1.2592620758936506,mols/page_0054.png,6,8.684887886047363,333.2930908203125,7073.759765625,1.8077472448349
1067,[O][=N+1][Branch1][C][O-1][C][N][N][=N][N][C][Branch1][=Branch1][N+1][=Branch1][C][=O][O-1][N+1][=Branch1][C][=N][O][N+1][=Branch1][C][O-1][C][N+1][=Branch1][C][O][C][=O][N][N+1][=Branch1][C][=C][Ring1][=Branch1][N+1][=Branch1][O-1],N=[N+](O[N+]([O-])C[N+](O)C=O)C(NN=NNC[N+](=O)[O-])[N+](=O)[O-],2.3292669435287103,1.0683908317638646,0.8963756825862543,0.7642186390628988,-0.0220108895911941,,0.7946779952535699,mols/page_0054.png,7,8.472419738769531,311.5002136230469,6537.994140625,1.7430222034454346
1068,[O][=C][Branch2][Ring1][=N][C][C][C][=Branch1][C][=O][O][C][C][Branch1][=Branch1][N+1][=Branch1][C][=O][O-1][Branch1][=Branch1][N+1][=Branch1][C][=O][O-1][N+1][=Branch1][C][=O][O-1][O][C][C][Branch1][=Branch1][N+1][=Branch1][C][=O][O-1][Branch1][=Branch1][N+1][=Branch1][C][=O][O-1][N+1][=Branch1][C][=O][O-1],O=C(CCC(=O)OCC([N+](=O)[O-])([N+](=O)[O-])[N+](=O)[O-])OCC([N+](=O)[O-])([N+](=O)[O-])[N+](=O)[O-],2.1825801340811584,0.3055088682154099,0.229066508127461,-0.0023785995763764,0.0307141925019051,,0.1357638235053576,mols/page_0054.png,8,8.009384155273438,279.62249755859375,5702.07958984375,1.748155117034912
1069,[O][=N+1][Branch1][C][O-1][C][C][N][Branch1][=Branch1][N+1][=Branch1][C][=O][O-1][N+1][=Branch1][C][O-1][C][N+1][=Branch1][C],[N+]C[N+]([O-])N(CC[N+](=O)[O-])[N+](=O)[O-],1.556437499842364,1.3848829561184604,1.0970458377053964,1.452806645938154,-0.3231027252692538,,1.1692945843043006,mols/page_0054.png,9,8.66451644897461,321.0863342285156,7288.845703125,1.7137101888656616
1070,[O][=N+1][Branch1][C][O-1][C][N][N][N][N][Branch1][N][C][=N][N][C][Branch1][=Branch1][N+1][=Branch1][C][=O][O-1][N+1][=Branch1][C],[N+]N(C=NNC[N+](=O)[O-])NNNC[N+](=O)[O-],1.617308431519336,0.5254041797084777,0.2875692707687158,0.5492574390683272,-0.7173812271270466,,0.3512082155339247,mols/page_0054.png,10,8.142850875854492,282.4172058105469,6303.595703125,1.6753262281417847
1071,[#Branch1][O][=N+1][Branch1][C][O-1][C][N][N][Branch1][=Branch1][N+1][=Branch1][C][=O][O-1][N+1][=Branch1][C][O-1][C][C][N][Branch1][=Branch1][N][=Branch1][N+1][=Branch1][O-1][C][=O][O-1][C][Branch1][=Branch1][N+1][N+1][=Branch1][C][C][O-1][C][Branch1][N+1][=Branch1][C][N+1][=Branch1][C],O=CN(CC[N+]([O-])N(NC[N+](=O)[O-])[N+](=O)[O-])N[O-],1.6798833105991515,0.3363979137934179,0.0485324906679096,0.2809056638884559,-1.041012674168562,,0.104493599253858,mols/page_0054.png,11,8.028132438659668,270.998291015625,6010.97900390625,1.6438199281692505
1072,[O][=C][Branch2][Ring1][S][C][N][Branch2][Ring1][=Branch1][C][C][Branch1][=Branch1][N+1][=Branch1][C][=O][O-1][Branch1][=Branch1][N+1][=Branch1][C][=O][O-1][N+1][=Branch1][C][=O][O-1][N+1][=Branch1][C][=O][O-1][N][Branch2][Ring2][=C][C][N][Branch2][Ring2][Ring2][C][=Branch1][C][=O][C][N][Branch2][Ring1][=Branch1][C][C][Branch1][=Branch1][N+1][=Branch1][C][=O][O-1][Branch1][=Branch1][N+1][=Branch1][C][=O][O-1][N+1][=Branch1][C][=O][O-1][N+1][=Branch1][C][=O][O-1][N+1][=Branch1][C][=O][O-1][N+1][=Branch1][C][=O][O-1],O=C(CN(CC([N+](=O)[O-])([N+](=O)[O-])[N+](=O)[O-])[N+](=O)[O-])N(CN(C(=O)CN(CC([N+](=O)[O-])([N+](=O)[O-])[N+](=O)[O-])[N+](=O)[O-])[N+](=O)[O-])[N+](=O)[O-],2.8869026336239,1.4312660186070305,1.3260030499130229,1.24565492192912,0.5695280899855739,,1.2445320449002186,mols/page_0054.png,12,8.692668914794922,332.02374267578125,7062.962890625,1.8006099462509155
1073,[O][=N+1][Branch1][C][O-1][C][N][N][Branch1][=Branch1][N+1][=Branch1][C][=O][O-1][N+1][=Branch1][C][N][O-1][N][N+1][=Branch1][C][O-1][N+1][=Branch1][=O][O-1][N+1],N[N+]([O-])N(NC[N+](=O)[O-])[N+](=O)[O-],1.4970246155449356,1.7496043522578342,1.6236748318840033,1.8134414405262536,0.2463350186091922,,1.59332987410688,mols/page_0054.png,13,8.885886192321777,346.2436828613281,7682.08984375,1.7691463232040405
1074,[O][=N+1][Branch1][C][O-1][C][C][N][Branch1][=Branch1][N+1][=Branch1][C][=O][O-1][N+1][=Branch1][C][Branch1][=Branch1][N+1][=N+1][C][O-1][C][N][Branch1][N+1][=Branch1][C][O-1][N+1][=Branch1][N][=Branch1][N+1][=Branch1][=O][O-1][N+1][Ring1][C][O-1][C][N+1][=Branch1][C][F][O-1][N+1][=Branch1][=O][=O][O-1],O=[N+]([O-])CCN([N+]([N+]=[N+]C[O-])NC[O-])[N+](=O)[O-],1.6584079534080929,1.013062688829921,0.755370973183889,0.9469751542292666,-0.3743669633162509,,0.783461780863534,mols/page_0054.png,14,8.438838005065918,304.76434326171875,6737.27587890625,1.7087194919586182
1075,[O][=N+1][Branch1][C][O-1][C][N][N][N][C][=N][N][Branch1][=Branch1][N+1][=Branch1][C][=O][O-1][N+1][=Branch1][C][O-1][C][O-1][N][=N][N][Branch1],O=[N+]([O-])CNNNC=NN([N+]([O-])C[O-])[N+](=O)[O-],1.6384079534080929,0.917543747948988,0.6390189780037195,0.8699747957103965,-0.3862667809524797,,0.6985039216770875,mols/page_0054.png,15,8.38086223602295,299.2061462402344,6653.31298828125,1.7075610160827637
1076,[O][=C][Branch2][Ring1][#Branch1][N][C][C][Branch1][=Branch1][N+1][=Branch1][C][=O][O-1][Branch1][=Branch1][N+1][=Branch1][C][=O][O-1][N+1][=Branch1][C][=O][O-1][N][C][=Branch1][C][=O][N][C][C][Branch1][=Branch1][N+1][=Branch1][C][=O][O-1][Branch1][=Branch1][N+1][=Branch1][C][=O][O-1][N+1][=Branch1][C][=O][O-1],O=C(NCC([N+](=O)[O-])([N+](=O)[O-])[N+](=O)[O-])NC(=O)NCC([N+](=O)[O-])([N+](=O)[O-])[N+](=O)[O-],2.137462216552583,1.139777067469935,1.116343821411644,0.8000920759982992,0.6697324403465404,,0.9510402966543684,mols/page_0054.png,16,8.515748023986816,322.0082092285156,6577.111328125,1.810365080833435
1077,[O][=N+1][Branch1][C][O-1][C][N][N][C][Branch1][=Branch1][N+1][=Branch1][C][=O][O-1][N+1][=Branch1][C][O-1],O=[N+]([O-])CNNC([N+][O-])[N+](=O)[O-],2.017024615544936,1.6472190840369605,1.456200556244725,1.508041672475772,0.1970214298207372,,1.3987737220428038,mols/page_0054.png,17,8.823742866516113,338.24334716796875,7349.0751953125,1.7643455266952515
1078,[=N+1][#Branch1][Branch1][C][O-1][N][N][C][=N][N][Branch1][=Branch1][N+1][=Branch1][C][=O][O-1][N+1][=Branch1][C][O-1][N+1][=Branch1][NH1][=O][O-1],O=[N+]([O-])N(N=C[N+]C[O-])[N+]([O-])[N+](=O)[O-],1.5563039679725397,1.262976577858359,1.082970345286178,1.2115099584629956,0.1508279002355248,,1.086173504194885,mols/page_0054.png,18,8.590524673461914,320.4139404296875,7025.73046875,1.7598484754562378
1079,[O][=N+1][Branch1][C][O-1][C][N][N][N][N][Branch1][=Branch1][N+1][=Branch1][C][=O][O-1][N+1][=Branch1][C][Branch1][=Branch1][N+1],[N+][N+]N(NNNC[N+](=O)[O-])[N+](=O)[O-],1.516437499842364,1.5895372206555956,1.43691790462299,1.4571363376413744,0.2191067468496549,,1.3613789910611618,mols/page_0054.png,19,8.788732528686523,337.32220458984375,7293.56689453125,1.7664955854415894
1080,[O][=N+1][Branch1][C][O-1][C][N][N][N][N][Branch1][=Branch1][N+1][=Branch1][C][=O][O-1][C][Branch1][=Branch1][N+1][Branch1][C][O-1],O=[N+]([O-])CNNNN(C[N+][O-])[N+](=O)[O-],1.5563039679725397,1.39078454089851,1.135475068698819,1.3093366311224257,-0.1786616171467724,,1.1374333931336256,mols/page_0055.png,0,8.668098449707031,322.922119140625,7132.40283203125,1.7277718782424927
1081,[O][=N+1][Branch1][C][O-1][C][C][N][N][Branch1][=Branch1][N+1][=Branch1][C][=O][O-1][N+1][=Branch1][C][O-1][C][N+1][=Branch1][C][Branch1][=Branch1][N+1][#Branch1][C][O-1][C][N][C][Branch1][=Branch1][N][N][=N][O][N+1][=Branch1][C],C[N+]([O-])[N+](C[N+]([O-])N(NCC[N+](=O)[O-])[N+](=O)[O-])NCNN=NO[N+],1.9158857329053585,0.5234794083145584,0.1176373897494744,0.6746599804285242,-1.2272709023031048,,0.3074161014571074,mols/page_0055.png,1,8.141682624816895,274.2994689941406,6440.33740234375,1.6256872415542603
1082,[O][=N+1][Branch1][C][O-1][C][C][N][N][Branch1][=Branch1][N+1][=Branch1][C][=O][O-1],O=[N+]([O-])CCNN[N+](=O)[O-],1.4796683620478217,0.4124790204586972,0.0386752380001594,0.4328004195982154,-1.198039327224688,,0.1661047997315315,mols/page_0055.png,2,8.074310302734375,270.52740478515625,6176.6083984375,1.6285330057144165
1083,[C][C][Branch2][Ring2][=Branch1][C][N][Branch2][Ring1][N][C][C][=Branch1][C][=O][O][C][C][Branch1][=Branch1][N+1][=Branch1][C][=O][O-1][Branch1][=Branch1][N+1][=Branch1][C][=O][O-1][N+1][=Branch1][C][=O][O-1][N+1][=Branch1][C][=O][O-1][Branch1][=Branch1][N+1][=Branch1][C][=O][O-1][N+1][=Branch1][C][=O][O-1],CC(CN(CC(=O)OCC([N+](=O)[O-])([N+](=O)[O-])[N+](=O)[O-])[N+](=O)[O-])([N+](=O)[O-])[N+](=O)[O-],2.09260284350746,0.5173908457419565,0.3771035336261707,0.3689315337442472,-0.2449898145023604,,0.3466972268894946,mols/page_0055.png,3,8.13798713684082,286.6943054199219,6106.96435546875,1.7213146686553955
1084,[#N][O][#N+1][=N+1][Branch1][O-1][C][C][C][N][Branch1][=Branch1][N+1][=Branch1][C][=O][O-1][N+1][=Branch1][C][C][=O][O-1][N][Branch1],C[N+](O[O-])N(CC[N+](C)=[N+]ON)[N+](=O)[O-],1.616601054988479,-1.0586001872845217,-1.4391415860787722,-0.692201614179161,-2.848478399471152,,-1.186163928959603,mols/page_0055.png,4,7.181430339813232,199.93130493164062,4949.88134765625,1.4678587913513184
1085,[O][=N+1][Branch1][C][O-1][C][C][N][N][Branch1][=Branch1][N+1][=Branch1][C][=O][O-1][N+1][=Branch1][C][O-1],O=[N+]([O-])CCNN([N+][O-])[N+](=O)[O-],1.5170246155449356,1.159295035025254,0.8697355469091415,1.1530414327228795,-0.5550095746901695,,0.9129732611037336,mols/page_0055.png,5,8.527594566345215,310.22760009765625,6961.97509765625,1.6911334991455078
1086,[O][=N+1][Branch1][C][O-1][C][N][N][N][Branch1][=Branch1][N+1][=Branch1][C][=O][O-1][N+1][=Branch1][C][N+1][=Branch1][C][O-1][N+1][=Branch1][O-1][N+1][=Branch1][N][=O][O-1],[N+][N+](C[O-])N(NNC[N+](=O)[O-])[N+](=O)[O-],1.5563039679725397,1.5318396448546885,1.396827697807393,1.4933402443747867,0.1621166858692348,,1.3457146020023587,mols/page_0055.png,6,8.75371265411377,335.4070739746094,7333.04443359375,1.7609474658966064
1087,[O][=C][C][=C][Branch1][=Branch1][N+1][=Branch1][C][=O][O-1][C][=C][Branch1][=Branch1][N+1][=Branch1][C][=O][O-1][C][=C][Ring1][N][N+1][=Branch1][C][=O][O-1],O=Cc1c([N+](=O)[O-])cc([N+](=O)[O-])cc1[N+](=O)[O-],1.558407953408093,-1.0710004287872248,-0.9336823675906324,-1.118472725912222,-0.3108477988540061,,-0.9796445693447536,mols/page_0055.png,7,7.173903942108154,224.07736206054688,4485.06591796875,1.7149032354354858
1088,[N][O][=N+1][Branch1][C][O-1][C][N][N][N][N][=N][O][N+1][=N+1][C][C][Branch1][=Branch1][N+1][=Branch1][C][=O][O-1][N+1][=Branch1][C],[N+]C(C[N+]=[N+]ON=NNNNC[N+]([O-])ON)[N+](=O)[O-],2.2017197490378493,1.036354779559276,0.7369283920260613,0.9524019340153176,-0.3599446488359563,,0.7882871016188658,mols/page_0055.png,8,8.452975273132324,303.8833312988281,6743.193359375,1.7101235389709473
1089,[O][=N+1][Branch1][C][O-1][O][C][C][C][Branch2][Ring2][Branch1][C][C][N][Branch2][Ring1][#Branch2][C][C][C][Branch1][=Branch2][C][C][O][N+1][=Branch1][C][=O][O-1][Branch1][=Branch1][N+1][=Branch1][C][=O][O-1][N+1][=Branch1][C][=O][O-1][N+1][=Branch1][C][=O][O-1][Branch1][=Branch1][N+1][=Branch1][C][=O][O-1][N+1][=Branch1][C][=O][O-1],O=[N+]([O-])OCCC(CCN(CCC(CCO[N+](=O)[O-])([N+](=O)[O-])[N+](=O)[O-])[N+](=O)[O-])([N+](=O)[O-])[N+](=O)[O-],2.3655207929383306,-0.1171120083159883,-0.351358937583955,0.0403836549370921,-1.1266502175115642,,-0.2136292962513054,mols/page_0055.png,9,7.752871990203857,251.895263671875,5748.70849609375,1.635482907295227
1090,[O][=N+1][Branch1][C][O-1][C][N][N][N][N][C][Branch1][=Branch1][N+1][=Branch1][C][=O][O-1][N+1][=Branch1][C][O-1][C][=N][N][Branch1][=Branch1][N+1][Branch1][C][O-1][N][C][=N][N][C][Branch1][N][N+1][=Branch1][C][N+1][=Branch1][C][NH1][O-1][N+1][=Branch1][N+1][=Branch1][O-1][=O][O-1][N+1],[N+][N+](CN[O-])C([O-])(O)NN=CN(N=C[N+]([O-])C(NNNNC[N+](=O)[O-])[N+](=O)[O-])[N+](N)[O-],3.227950530827869,0.98269372433876,0.7718702126297726,0.981806581381505,-0.2455934994266927,,0.8068042668520659,mols/page_0055.png,10,8.420405387878418,305.5525207519531,6775.2568359375,1.721255898475647
1091,[O][=N+1][Branch1][C][O-1][C][N][N][N][C][N][N][Branch1][=Branch1][N+1][=Branch1][C][=O][O-1][N+1][=Branch1][C][O-1][C][O-1][N][N][N][Branch1][C][O-1][=N][C][Branch1][=Branch1][N+1][Branch1][C][O-1],O=[N+]([O-])CNNNCNN([N+]([O-])C[O-])[N+](=O)[O-],1.6384079534080929,0.7672890223508524,0.382081989234711,0.7643816350066337,-0.8523886868579343,,0.5078565382132509,mols/page_0055.png,11,8.289664268493652,286.93212890625,6538.171875,1.6621829271316528
1092,[O][=N+1][Branch1][C][O-1][C][N][N][Branch1][=Branch1][N+1][=Branch1][C][=O][O-1][N+1][=Branch1][C][O-1][C][Branch1][=Branch1][N+1][C][O-1][N+1][=Branch1][Ring1][O-1][C][N][=N][O][N],NON=NCC([N+]C[O-])[N+]([O-])N(NC[N+](=O)[O-])[N+](=O)[O-],2.243903847312421,1.163461968687845,0.8977747352980089,1.14215204986644,-0.4500553382815664,,0.9271644621148828,mols/page_0055.png,12,8.530123710632324,311.5670471191406,6950.10107421875,1.7013510465621948
1093,[O][=N+1][Branch1][C][O-1][C][C][N][Branch1][=Branch1][N+1][=Branch1][C][=O][O-1][N+1][=Branch1][C][O-1][N+1][=Branch1][O-1][N+1][=Branch1][=Branch1][C][=O][C@@H1][N+1][=Branch1][N][=O][O-1],[N+][N+](C=O)[N+]([O-])N(CC[N+](=O)[O-])[N+](=O)[O-],1.596601054988479,1.294885359464656,1.127513244978912,1.1897822409302976,0.082613952812043,,1.0897739427642152,mols/page_0055.png,13,8.609891891479492,322.5417785644531,7002.0380859375,1.7532076835632324
1094,[O][=N+1][Branch1][C][O-1][C][N][N][N][Branch1][=Branch1][N+1][=Branch1][C][=O][O-1][N+1][=Branch1][C],[N+]N(NNC[N+](=O)[O-])[N+](=O)[O-],1.478091503851731,1.6067957422807464,1.4461350427623485,1.5835365574703657,0.1340349285270209,,1.410050812101622,mols/page_0055.png,14,8.79920768737793,337.76251220703125,7431.396484375,1.7582136392593384
1095,[O][=N+1][Branch1][C][O-1][C][C][N][N][N][N][Branch1][=Branch1][N+1][=Branch1][C][=O][O-1][N+1][=Branch1][C][O-1][C][=N][N][N][Branch1][N+1][=Branch1][C][C][O-1][N+1][=Branch1][N+1][=Branch1][N][O-1][C][O-1][N+1][C][O-1][N][N][N][C][N+1][=Branch1][C][=N][O-1][N+1][=Branch1][O-1][=O][O-1][N+1][=Ring2][O-1][=N],O=[N+]([O-])CCNNNN([N+]([O-])C=NNNCC[O-])[N+](=O)[O-],1.786423335035418,-0.0331951180250146,-0.3789253867003574,0.1112192740125623,-1.4126499300813178,,-0.1998074095844498,mols/page_0055.png,15,7.803805828094482,250.57839965820312,5825.94921875,1.6076401472091675
1096,[#N][O][=N+1][Branch1][C][O-1][C][N][N][N][Branch1][=Branch1][N+1][=Branch1][C][=O][O-1][N+1][=Branch1][C][N+1][=Branch1][C][O-1],[N+][N+](C[O-])N(NNC[N+]([O-])ON)[N+](=O)[O-],1.576601054988479,1.3972627714757584,1.1892676872105006,1.372500693857057,-0.2320050783205771,,1.17243238438233,mols/page_0055.png,16,8.672030448913574,325.4918212890625,7201.2783203125,1.722578763961792
1097,[C][=N+1][Branch1][C][O-1][C][N][N][Branch1][=Branch1][N+1][=Branch1][C][=O][O-1][N+1][=Branch1][C][N+1][=Branch1][C][O-1][O-1][N+1][=Branch1][O-1][C][Branch1][=Branch1][N+1][=Branch2][C][O-1][C][Branch1][N+1][=Branch1][C],C=[N+]([O-])CNN([N+]([N+])C[O-])[N+](=O)[O-],1.556437499842364,0.9453563017806336,0.6350933255316958,1.027792483694279,-0.7968239590457145,,0.7265470044012224,mols/page_0055.png,17,8.397743225097656,299.01861572265625,6825.40087890625,1.6675922870635986
1098,[O][=N+1][Branch1][C][O-1][C][N][C][N][N][Branch1][=Branch1][N+1][=Branch1][C][=O][O-1][N+1][=Branch1][C][O-1],O=[N+]([O-])CNCNN([N+][O-])[N+](=O)[O-],1.536437499842364,1.067822042176437,0.7943055241293657,1.0448622786810158,-0.5519691088339485,,0.8282798921654622,mols/page_0055.png,18,8.472074508666992,306.624267578125,6844.01416015625,1.6914294958114624
1099,[O][=C][Branch2][Ring1][#Branch1][N][C][C][Branch1][=Branch1][N+1][=Branch1][C][=O][O-1][Branch1][=Branch1][N+1][=Branch1][C][=O][O-1][N+1][=Branch1][C][=O][O-1][N][C][=Branch1][C][=O][N][C][C][Branch1][=Branch1][N+1][=Branch1][C][=O][O-1][Branch1][=Branch1][N+1][=Branch1][C][=O][O-1][N+1][=Branch1][C][=O][O-1],O=C(NCC([N+](=O)[O-])([N+](=O)[O-])[N+](=O)[O-])NC(=O)NCC([N+](=O)[O-])([N+](=O)[O-])[N+](=O)[O-],2.137462216552583,1.139777067469935,1.116343821411644,0.8000920759982992,0.6697324403465404,,0.9510402966543684,mols/page_0055.png,19,8.515748023986816,322.0082092285156,6577.111328125,1.810365080833435
1100,[C][N][C][Branch1][=Branch1][N+1][=Branch1][C][=O][O-1][N+1][=Branch1][C][N][O-1][N+1][=Branch1][Ring1][=O][O-1][N+1][C][=O][O-1],CNC([N+](N)[O-])[N+](=O)[O-],1.981790468830701,-0.290079036362372,-0.6311384963474165,0.0557845326647638,-1.952117717523594,,-0.403202341863901,mols/page_0056.png,0,7.647888660430908,238.53004455566406,5765.501953125,1.555121660232544
1101,[O][=N+1][Branch1][C][O-1][C][N][C][N][N][Branch1][=Branch1][N+1][=Branch1][C][=O][O-1][N+1][=Branch1][C][O-1][C][Branch1][=Branch1][N+1][N][C][=O][O-1][N][N][C][Branch1][=Branch1][C][=Branch1][N+1][=Branch1][N+1][=Branch1][=O][O-1][N+1],CC(=O)NNC([N+]NC=O)[N+]([O-])N(NCNC[N+](=O)[O-])[N+](=O)[O-],2.3724242818454764,-0.4865801263990604,-0.7001539582693257,-0.5005989867367443,-1.4533160078441454,,-0.6422547166462088,mols/page_0056.png,1,7.528621196746826,235.23313903808594,5158.80908203125,1.603681206703186
1102,[O][=N+1][Branch1][C][O-1][C][N][N][C][N][N][N][N][Branch1][=Branch1][N+1][=Branch1][C][=O][O-1][N+1][=Branch1][C][O-1][C][=N][N][N][Branch1][N][N+1][=Branch1][C][=N][O][N+1][=Branch1][C][N][O-1][N+1][=Branch1],N=[N+](NNN=C[N+]([O-])N(NNNCNNC[N+](=O)[O-])[N+](=O)[O-])O[N+](N)[O-],2.0036858610047386,0.8073839745386344,0.5676851771361676,0.8073485300318793,-0.4827253459513116,,0.6184341653363211,mols/page_0056.png,2,8.314000129699707,295.7984924316406,6585.02392578125,1.69817054271698
1103,[O][=N+1][Branch1][C][O-1][C][N][N][N][N][Branch1][=Branch1][N+1][=Branch1][C][=O][O-1][N+1][=Branch1][C][O-1][C][N+1][=Branch1][C],[N+]C[N+]([O-])N(NNNC[N+](=O)[O-])[N+](=O)[O-],1.576601054988479,1.5898498978044853,1.391287065766732,1.4868633945665977,0.0829017133743515,,1.3483197700568783,mols/page_0056.png,3,8.788922309875488,335.14239501953125,7325.98193359375,1.7532356977462769
1104,[O][=N+1][Branch1][C][O-1][C][N][N][N][Branch1][=Branch1][N+1][=Branch1][C][=O][O-1][N+1][=Branch1][C][N][O-1][N][Branch1][=Branch1][O][N+1][=Branch1][C][O-1][C][O-1][C][N+1][=Branch1][C][=Branch1][N+1][=Branch1][N+1][=Branch1][=O][O-1][N+1],N[N+]([O-])N(NNC[N+](=O)[O-])[N+](=O)[O-],1.516437499842364,1.6718828689923495,1.5153843189730716,1.691309565026055,0.1189121925929372,,1.485231842261071,mols/page_0056.png,4,8.838712692260742,341.0705871582031,7548.91455078125,1.7567414045333862
1105,[N][N][C][=N][N][Branch1][=Branch1][N+1][=Branch1][C][=O][O-1][N+1][=Branch1][C][O-1][N+1][=Branch1],[N+][N+]([O-])N(N=CNN)[N+](=O)[O-],1.478091503851731,1.2814025322554954,1.1802262292061798,1.318855325561908,0.0632617488685403,,1.149275495477036,mols/page_0056.png,5,8.60170841217041,325.0599060058594,7142.7822265625,1.7513236999511719
1106,[O][=C][Branch2][Ring1][=N][/C][=C][/C][=Branch1][C][=O][O][C][C][Branch1][=Branch1][N+1][=Branch1][C][=O][O-1][Branch1][=Branch1][N+1][=Branch1][C][=O][O-1][N+1][=Branch1][C][=O][O-1][O][C][C][Branch1][=Branch1][N+1][=Branch1][C][=O][O-1][Branch1][=Branch1][N+1][=Branch1][C][=O][O-1][N+1][=Branch1][C][=O][O-1],O=C(/C=C/C(=O)OCC([N+](=O)[O-])([N+](=O)[O-])[N+](=O)[O-])OCC([N+](=O)[O-])([N+](=O)[O-])[N+](=O)[O-],2.1825801340811584,0.4320127004335584,0.3624696977959598,0.100046887209858,0.1514634224986657,,0.2537856966911893,mols/page_0056.png,6,8.086166381835938,285.9952392578125,5813.7666015625,1.7599103450775146
1107,[N][Branch1][=N][N][C][N][Branch1][=Branch1][N+1][=Branch1][C][=O][O-1][N+1][=Branch1][C][O-1][C][Branch1][=Branch1][N+1][N+1][=Branch1][C],[N+][N+]CNNCN([N+][O-])[N+](=O)[O-],1.5170246155449356,1.0318971661351544,0.7013662608364534,1.119710553393321,-0.7450588951689975,,0.8066941885833306,mols/page_0056.png,7,8.45026969909668,302.18450927734375,6925.63037109375,1.6726317405700684
1108,[O][=N+1][Branch1][C][O-1][C][N][Branch1][=Branch1][N+1][=Branch1][C][=O][O-1][N+1][=Branch1][C][O-1][N][C][Branch1][=Branch1][N+1][=Ring2][C][=O][O-1],O=[N+]([O-])CN([N+]([O-])NC#[N+][O-])[N+](=O)[O-],1.5563039679725397,1.5949485779459287,1.531288801307246,1.5342575997448828,0.591151765601767,,1.4543775612714234,mols/page_0056.png,8,8.792016983032227,341.8303527832031,7377.66162109375,1.8027150630950928
1109,[C][C][Branch2][Ring1][C][C][N][Branch1][=Branch2][C][C][O][N+1][=Branch1][C][=O][O-1][N+1][=Branch1][C][=O][O-1][Branch1][=Branch1][N+1][=Branch1][C][=O][O-1][N+1][=Branch1][C][=O][O-1],CC(CN(CCO[N+](=O)[O-])[N+](=O)[O-])([N+](=O)[O-])[N+](=O)[O-],1.721719749037849,0.1336849186907212,-0.1895064262658825,0.2773219920815604,-1.2959734304259956,,-0.0326239231037657,mols/page_0056.png,9,7.905094623565674,259.6270446777344,6007.0712890625,1.6189988851547241
1110,[O][=N+1][Branch1][C][O-1][C][N][C][N][Branch1][=Branch1][N+1][=Branch1][C][=O][O-1][N+1][=Branch1][C][O-1],O=[N+]([O-])CNCN([N+][O-])[N+](=O)[O-],1.5170246155449356,1.4289500079665105,1.2343906507672862,1.350132187325775,-0.049333448854126,,1.2009546947283467,mols/page_0056.png,10,8.691263198852539,327.6473693847656,7176.88720703125,1.740362286567688
1111,[S][/N+1][=N+1][=Branch1][N][=N+1][/N+1][Branch1][O-1][C][O][O][N][=C][Branch1][S][C][N][N][N][=N][N][=N+1][Branch1][C][O-1][C][N][N][Branch1][=Branch1][N+1][=Branch1][C][=O][O-1][N+1][=Branch1][C][O-1][C][O-1][Branch1][=Branch1][N+1][C][O-1][O][N+1][=Branch1][C][O][O-1][=Branch1][N+1][=Branch1][O-1][=N+1][O-1][C][=O][N][N][Branch1][O][N+1][=Branch1][N+1][N][O-1][=O][O-1][N][N+1][Branch1][=Branch1][C][O-1][=C][Branch1][=Branch1][C][N][N][=N][O][N+1][=N+1][Branch1][C][N][N][C][N][Branch1][=Branch1][N][N][C][Branch1],C[N+]([N+][N+](=[N+]S)[N+]([O-])C[O-])OON=CCNNN=NN=[N+]([O-])CNN[N+](=O)[O-],2.09260284350746,0.2784575811105839,-0.0573528014851425,0.2422769685964606,-0.7570505512825588,,0.0764819272166887,mols/page_0056.png,11,7.992965221405029,265.9400939941406,5968.857421875,1.6714643239974976
1112,[N][=N+1][Branch1][C][O-1][C][N][N][Branch1][=Branch1][N+1][=Branch1][C][=O][O-1][N+1][=Branch1][C][O-1][N+1][=Branch1][N+1][=Branch1][O-1][C][=O][O-1][C][N+1][=Branch1][N+1][O-1][C][=O],C[N+](O[O-])[N+]([O-])N(NC[N+](=N)[O-])[N+](=O)[O-],1.576601054988479,1.3608083868959038,1.0667438891772438,1.3153110593677837,-0.5723425566453885,,1.0757782371008615,mols/page_0056.png,12,8.649904251098633,319.6387939453125,7138.91748046875,1.6894460916519165
1113,[O][=N+1][Branch1][C][O-1][C][N][C][N][Branch1][=Branch1][N+1][=Branch1][C][=O][O-1][N+1][=Branch1][C][O-1][=Branch1][N+1][=Branch1][O][=O][O-1],O=[N+][N+]([O-])N(CNC[N+](=O)[O-])[N+](=O)[O-],1.5563039679725397,1.505456921201383,1.3532053620222564,1.4061665208951697,0.1820737992501009,,1.2953395590889878,mols/page_0056.png,13,8.737699508666992,333.3232116699219,7237.98828125,1.762890338897705
1114,[O][=N+1][Branch1][C][O-1][C][N][N][N][Branch1][=Branch1][N+1][=Branch1][C][=O][O-1][N+1][=Branch1][C][O-1][N][C][=N][O][N][=N][O][N+1][Branch1][C][O-1],O=[N+]([O-])CNNN([N+]([O-])NC=NON=NO[N+][O-])[N+](=O)[O-],1.786423335035418,1.5687544033271297,1.4220777244887168,1.3920096067161116,0.3178612737817992,,1.3362980020185862,mols/page_0056.png,14,8.776118278503418,336.61328125,7222.55126953125,1.7761095762252808
1115,[O][=N+1][Branch1][C][O-1][C][N][N][N][N][Branch1][=Branch1][N+1][=Branch1][C][=O][O-1][N+1][=Branch1][C][O-1][C][N+1][=Branch1][C][Branch1][=Branch1][N+1][S][C][O-1][N][C][Branch1][=Branch1][=Branch1][N+1][=Branch1][O][=N+1][Branch1][O-1][C][O][N+1][=Branch1][C],C[N+](=[N+]C[N+](C[N+]([O-])N(NNNC[N+](=O)[O-])[N+](=O)[O-])[N+]SC[O-])O[N+],1.9596423657706596,0.5932472648077823,0.3154455557596392,0.6045560519356439,-0.8076780425533839,,0.3882278216607746,mols/page_0056.png,15,8.184028625488281,283.7488708496094,6363.89453125,1.6665356159210205
1116,[O][=N+1][Branch1][C][O-1][C][Branch1][=Branch1][N+1][=Branch1][C][=O][O-1][N+1][=Branch1][C][O-1][N+1][=Branch1][N+1][=Branch1][=O][O-1][C][Branch1][N+1][=Branch1][C][N+1][=Branch1][C][C][O-1][N+1][C][N+1][=Branch1][N+1][O-1][C][=O][O-1],C[N+]([O-])CC[N+]([O-])[N+]([O-])C([N+](=O)[O-])[N+](=O)[O-],1.637308431519336,0.6031602302969554,0.2616126905261131,0.8076754175014574,-1.0240188823229577,,0.4368615089740543,mols/page_0056.png,16,8.190045356750488,281.17724609375,6585.38037109375,1.6454743146896362
1117,[/N][/N+1][=N+1][Branch1][C][O-1][N][C][N][N][Branch1][=Branch1][N+1][=Branch1][C][=O][O-1][N+1][=Branch1][C][O-1][N][N+1][=Branch1][C][=N][O-1],N=[N+]([O-])N[N+]([O-])N(NCN[N+]([O-])=[N+]N)[N+](=O)[O-],1.6184079534080928,1.6782306864873977,1.5852334629903415,1.679564901256062,0.3320521552992159,,1.5208972134017813,mols/page_0056.png,17,8.842565536499023,344.4073181152344,7536.10791015625,1.7774910926818848
1118,[N-1][=N+1][=N][C][=C][Branch1][=Branch1][N+1][=Branch1][C][=O][O-1][C][Branch1][=Branch1][N+1][=Branch1][C][=O][O-1][=C][Branch1][=Branch1][N+1][=Branch1][C][=O][O-1][C][Branch1][=Branch1][N+1][=Branch1][C][=O][O-1][=C][Ring2][Ring1][C][N+1][=Branch1][C][=O][O-1],[N-]=[N+]=Nc1c([N+](=O)[O-])c([N+](=O)[O-])c([N+](=O)[O-])c([N+](=O)[O-])c1[N+](=O)[O-],1.755885732905358,1.8185111681601456,2.0235528445619195,2.003243052348612,1.81220064933668,,1.9430332890536288,mols/page_0056.png,18,8.927709579467773,365.3460693359375,7889.0537109375,1.9215871095657349
1119,[O][=N+1][Branch1][C][O-1][C][N][N][N][Branch1][=Branch1][N+1][=Branch1][C][=O][O-1][N+1][=Branch1][C][O-1][C][N+1][=Branch1][C][Branch1][=Branch1][N+1][=O][O-1][C][Branch1][=Branch1][C][N+1][=Branch1][N+1][=Branch1][O-1][=O][O-1],O=[N+][N+](C[N+]([O-])O)C[N+]([O-])N(NNC[N+](=O)[O-])[N+](=O)[O-],1.743903847312421,1.6575735685152693,1.4704651443729295,1.5624760486084506,0.1796786517612695,,1.424967962841557,mols/page_0056.png,19,8.83002758026123,338.9247741699219,7408.431640625,1.7626571655273438
1120,[O][=N+1][Branch1][C][O-1][C][N][N][Branch1][=Branch1][N+1][=Branch1][C][=O][O-1][N+1][=Branch1][C][O-1][C][N+1][=Branch1][C][Branch1][=Branch1][N+1][C][O-1][C][C][C][=Branch1][N+1][=Branch1][N+1][=Branch1],C[N+](C[N+]([O-])N(NC[N+](=O)[O-])[N+](=O)[O-])[N+]C[O-],1.6584079534080929,0.5796057421612456,0.1978459122022749,0.7620723765400387,-1.3562513088949189,,0.3635667333174037,mols/page_0057.png,0,8.175748825073242,278.1310729980469,6535.65380859375,1.6131306886672974
1121,[O][=N+1][Branch1][C][O-1][C][N][N][N][Branch1][=Branch1][N+1][=Branch1][C][=O][O-1][N+1][=Branch1][C][=N][N][N+1][=Branch1][C][N+1][=Branch1][C][O-1][C][Branch1][=Branch1][N+1][#C][C][=O][O-1],[N+][N+](C[O-])N[N+](=N)N(NNC[N+](=O)[O-])[N+](=O)[O-],1.6184079534080928,1.4394317630431108,1.2831856485647863,1.4192312726929932,0.0402041684929293,,1.2523672788284643,mols/page_0057.png,1,8.697625160217285,329.97833251953125,7252.234375,1.7490789890289307
1122,[O][=N+1][Branch1][C][O-1][C][N][N][N][N][Branch1][=Branch1][N+1][=Branch1][C][=O][O-1][N+1][=Branch1][C][C][N][Branch1][=Branch1][N][N+1][=Branch1][C][N][O][N+1][=Branch1][C][O-1][C][N+1][=Branch1][C],C[N+](N(N[N+]N)O[N+]([O-])C[N+])N(NNNC[N+](=O)[O-])[N+](=O)[O-],1.8292669435287097,0.951691549340048,0.6661471850378098,1.0493491450442662,-0.6660912743063965,,0.7575902141815314,mols/page_0057.png,2,8.401588439941406,300.5020751953125,6848.90673828125,1.6803194284439087
1123,[/N][O][=N+1][Branch1][C][O-1][C][C][N][N][Branch1][=Branch1][N+1][=Branch1][C][=O][O-1][N+1][=Branch1][C][=N][O-1][N+1][=Branch1][=Branch1][C][=O][=Branch1][N+1][=Branch1][O-1],N=[N+]([O-])N(NCC[N+]([O-])ON)[N+](=O)[O-],1.5563039679725397,0.7639799867952654,0.3669773306425992,0.8454479362977905,-1.0175534535187505,,0.5191631585267072,mols/page_0057.png,3,8.2876558303833,286.2105712890625,6626.568359375,1.6461037397384644
1124,[O][=N+1][Branch1][C][O-1][C][N][C][N][Branch1][=Branch1][N+1][=Branch1][C][=O][O-1][N+1][=Branch1][C][O-1][N],N[N+]([O-])N(CNC[N+](=O)[O-])[N+](=O)[O-],1.536437499842364,1.390325738247878,1.1912135842698632,1.5029287942187268,-0.2011277577283622,,1.2264435725440896,mols/page_0057.png,4,8.66781997680664,325.58477783203125,7343.5,1.7255847454071045
1125,[O][=N+1][Branch1][C][O-1][C][N][N][N][N][Branch1][=Branch1][N+1][=Branch1][C][=O][O-1][N+1][=Branch1][C][O-1][C][C][N+1][=Branch1][C][=Branch1][N+1][=Branch1][N][C][O-1][C][Branch1][=Branch1][N+1][=O][O-1][N+1],O=[N+]([O-])CNNNN([N+]([O-])CC[N+]NC[O-])[N+](=O)[O-],1.701719749037849,0.5547534081713503,0.1717896734103417,0.5691218980244299,-1.1388524898664747,,0.2953992806185475,mols/page_0057.png,5,8.160664558410645,276.8863525390625,6325.25634765625,1.6342949867248535
1126,[#Branch1][=N+1][Branch1][C][O-1][C][N][C][Branch1][=Branch1][N+1][=Branch1][C][=O][O-1][N+1][=Branch1][C][O-1][C][Branch1][=Branch1][C][N+1][=Branch1][C],[N+]CC[N+]([O-])C(NC[N+][O-])[N+](=O)[O-],2.076437499842364,0.6630638298015871,0.3185790505318566,0.7202254069413887,-1.105832271469835,,0.4229176557129329,mols/page_0057.png,6,8.226404190063477,283.8985595703125,6490.02294921875,1.6375095844268799
1127,[N][Branch1][=Branch1][=N+1][Branch1][O][=N+1][C][C][N][N][C][N][N][N][Branch1][=Branch1][N+1][=Branch1][C][=O][O-1][N+1][=Branch1][C][O-1][=O][O-1][N+1][Ring1][C],O=[N+]([O-])NNNCNNCC[N+][N+]N[N+]([O-])O[O-],1.6598833105991515,-0.5917920588955757,-0.8819372211982086,-0.3400609680984959,-1.8308676616971136,,-0.6875434734325558,mols/page_0057.png,7,7.464762210845947,226.54925537109375,5333.86328125,1.5669256448745728
1128,[O][=N+1][Branch1][C][O-1][C][N][C][Branch1][=Branch1][N+1][=Branch1][C][=O][O-1][N+1][=Branch1][C][O-1][C][N+1][=Branch1][C],[N+]C[N+]([O-])C(NC[N+](=O)[O-])[N+](=O)[O-],2.056437499842364,1.6108746863939012,1.3994897309808547,1.5842413805897029,0.034745289400286,,1.3897621855195987,mols/page_0057.png,8,8.80168342590332,335.53424072265625,7432.1650390625,1.7485475540161133
1129,[O][=N+1][Branch1][C][O-1][C][N][N][N][N][Branch1][=Branch1][N+1][=Branch1][C][=O][O-1][N+1][=Branch1][C][O-1][C][N+1][=Branch1][C][Branch1][O-1][N+1][=Branch1][N+1][=Branch1][=O][O-1][N+1],[N+][N+]([O-])[N+]([N+])C[N+]([O-])N(NNNC[N+](=O)[O-])[N+](=O)[O-],1.701719749037849,1.807463765980026,1.6930103510701084,1.7828564159411515,0.4146149464211263,,1.6297225902811068,mols/page_0057.png,9,8.921004295349121,349.5558776855469,7648.7392578125,1.7855287790298462
1130,[N][O][=N+1][Branch1][C][O-1][C][C][N][N][Branch1][=Branch1][N+1][=Branch1][C][=O][O-1][N+1][=Branch1][C][O-1][N+1][=Branch1][O-1][C][O-1][C][Branch1][=Branch1][N+1][=Ring2][=Branch1][=Branch1][C][=O][C][N+1][=Branch1][C],C[N+]([O-])[N+]([O-])N(NCC[N+]([O-])ON)[N+](=O)[O-],1.617308431519336,0.3844559202051862,-0.055293830302501,0.5760640027379499,-1.562824208215409,,0.1564337027493103,mols/page_0057.png,10,8.05730152130127,266.0384521484375,6332.826171875,1.5930203199386597
1131,[O][=N+1][Branch1][C][O-1][C][C][N][Branch1][=Branch1][N+1][=Branch1][C][=O][O-1][N+1][=Branch1][C][O-1][N+1][=Branch1][O-1],[N+][N+]([O-])N(CC[N+](=O)[O-])[N+](=O)[O-],1.5170246155449356,1.5686082778253871,1.4056474794231388,1.668971956077514,0.1377476520373158,,1.4249274869468689,mols/page_0057.png,11,8.776029586791992,335.8283996582031,7524.55712890625,1.7585750818252563
1132,[O][=N+1][Branch1][C][O-1][C][C][N][Branch1][=Branch1][N+1][=Branch1][C][=O][O-1][N+1][=Branch1][C][O-1][C][N][N][Branch1][=Branch1][C][N+1][=Branch1][C][N][O-1][N][C][N][N][N][=N][N][N][Branch1][N][C][=N][N][N+1][=Branch1][C],N[N+]CN([O-])NC[N+]([O-])N(CC[N+](=O)[O-])[N+](=O)[O-],1.6798833105991515,1.0973299660766858,0.759728479369678,1.2271226413593117,-0.8288498728611011,,0.8722286806192054,mols/page_0057.png,12,8.489984512329102,304.9725036621094,7042.7548828125,1.6644744873046875
1133,[O][=N+1][Branch1][C][O-1][C][N][Branch1][=Branch1][N+1][=Branch1][C][=O][O-1][N+1][=Branch1][C][O-1][C][=N][N][Branch1][=Branch1][N][N][N][Branch1][=Branch1][=O][N+1][=Branch1][C][=N][O-1][Branch1][=Branch1][N+1][=N][C][=O][O-1][N][=N][N][N+1][=Branch1][C][N][N][=C][N][Branch1][=Branch1][#C][N][N][N][N][=N][N][Branch1][P][N+1][=Branch1][C][\N+1][O-1][N+1][=Branch1][O][N+1][=Branch1][C][N+1][=Branch1][C][C][O-1],N=[N+]ONNNN([O-])N=C[N+]([O-])N(C[N+](=O)[O-])[N+](=O)[O-],1.743903847312421,1.880845478967956,1.7266444726322847,1.6838045869573848,0.3341179087826814,,1.608806113561282,mols/page_0057.png,13,8.965543746948242,351.16259765625,7540.73095703125,1.777692198753357
1134,[C][C][N][Branch2][Ring1][N][C][C][=Branch1][C][=O][O][C][C][Branch1][=Branch1][N+1][=Branch1][C][=O][O-1][Branch1][=Branch1][N+1][=Branch1][C][=O][O-1][N+1][=Branch1][C][=O][O-1][N+1][=Branch1][C][=O][O-1],CCN(CC(=O)OCC([N+](=O)[O-])([N+](=O)[O-])[N+](=O)[O-])[N+](=O)[O-],1.786423335035418,-0.2770196588598737,-0.449549439822357,-0.296880476740389,-1.1054098144741056,,-0.4109354468141238,mols/page_0057.png,14,7.655815124511719,247.20465087890625,5380.9482421875,1.637550711631775
1135,[O][=C][Branch2][Ring1][#Branch1][O][C][C][Branch1][=Branch1][N+1][=Branch1][C][=O][O-1][Branch1][=Branch1][N+1][=Branch1][C][=O][O-1][N+1][=Branch1][C][=O][O-1][N][Branch2][Ring2][#C][C][N][Branch2][Ring2][Branch1][C][N][Branch2][Ring1][O][C][=Branch1][C][=O][O][C][C][Branch1][=Branch1][N+1][=Branch1][C][=O][O-1][Branch1][=Branch1][N+1][=Branch1][C][=O][O-1][N+1][=Branch1][C][=O][O-1][N+1][=Branch1][C][=O][O-1][N+1][=Branch1][C][=O][O-1][N+1][=Branch1][C][=O][O-1],O=C(OCC([N+](=O)[O-])([N+](=O)[O-])[N+](=O)[O-])N(CN(CN(C(=O)OCC([N+](=O)[O-])([N+](=O)[O-])[N+](=O)[O-])[N+](=O)[O-])[N+](=O)[O-])[N+](=O)[O-],2.742240083696136,1.1228972151557512,1.1443210426256072,0.6383177062593589,0.8716754558964418,,0.9092991925387276,mols/page_0057.png,15,8.505502700805664,323.3446960449219,6400.708984375,1.8300247192382812
1136,[O][=N+1][Branch1][C][O-1][C][N][C][N][N][N][C][N][Branch1][=Branch1][N+1][=Branch1][C][=O][O-1][N+1][=Branch1][C][O-1][N+1][=Branch1][N+1][=Branch1][O-1],[N+][N+]([O-])N(CNNNCNC[N+](=O)[O-])[N+](=O)[O-],1.6384079534080929,0.2785188595467984,-0.0704323472479111,0.4492504717659165,-1.198467906785573,,0.1118750261025311,mols/page_0057.png,16,7.993002414703369,265.3152770996094,6194.5458984375,1.6284912824630737
1137,[N][Branch1][=Branch1][#C][C][N][=N][N][N][Branch1][=Branch1][N+1][=Branch1][C][=O][O-1][N+1][=Branch1][C],[N+]N(NCCN=NN)[N+](=O)[O-],1.498091503851731,-0.4277410433184127,-0.738292518493868,-0.2768713812737743,-1.6465906956468903,,-0.566916012527269,mols/page_0057.png,17,7.564333915710449,233.41123962402344,5402.7666015625,1.5848654508590698
1138,[O][=N+1][Branch1][C][O-1][C][N][C][N][N][N][Branch1][=Branch1][N+1][=Branch1][C][=O][O-1][N+1][=Branch1][C],[N+]N(NNCNC[N+](=O)[O-])[N+](=O)[O-],1.536437499842364,0.5662596130021023,0.2348364825989528,0.6792135676588528,-1.0412918631396528,,0.3678302646498396,mols/page_0057.png,18,8.167648315429688,279.89813232421875,6445.302734375,1.643792748451233
1139,[O][=N+1][Branch1][C][O-1][C][=N][N][Branch1][=Branch1][N+1][=Branch1][C][=O][O-1][N+1][=Branch1][C][O-1][C][N][C][Branch1][=Branch1][N+1][=N][C][=O][O-1],O=CN=[N+]CNC[N+]([O-])N(N=C[N+](=O)[O-])[N+](=O)[O-],1.6798833105991515,0.6272536544229625,0.3670316317752471,0.4948557516826064,-0.5587578090783663,,0.3906378413147583,mols/page_0057.png,19,8.204668998718262,286.2131652832031,6244.27490234375,1.6907685995101929
1140,[O][=N+1][Branch1][C][O-1][C][=C][C][Branch1][=Branch1][N+1][=Branch1][C][=O][O-1][=C][Branch2][Branch1][=Branch1][C][=C][C][Branch1][=Branch1][N+1][=Branch1][C][=O][O-1][=C][Branch2][Ring1][N][C][=C][Branch1][=Branch1][N+1][=Branch1][C][=O][O-1][C][=C][Branch1][=Branch1][N+1][=Branch1][C][=O][O-1][C][=C][Ring1][N][N+1][=Branch1][C][=O][O-1][C][Branch1][=Branch1][N+1][=Branch1][C][=O][O-1][=C][Ring2][Ring1][O][C][Branch1][=Branch1][N+1][=Branch1][C][=O][O-1][=C][Ring2][Ring2][#Branch1],O=[N+]([O-])c1cc([N+](=O)[O-])c(-c2cc([N+](=O)[O-])c(-c3c([N+](=O)[O-])cc([N+](=O)[O-])cc3[N+](=O)[O-])c([N+](=O)[O-])c2)c([N+](=O)[O-])c1,2.326550083696136,-0.9375234247762486,-0.7552763156940283,-0.986898728242812,0.2102620892260204,,-0.796933217492092,mols/page_0058.png,0,7.254918575286865,232.59991455078125,4628.537109375,1.765634536743164
1141,[O][=N+1][Branch1][C][O-1][C][C][N][N][Branch1][=Branch1][N+1][=Branch1][C][=O][O-1][N+1][=Branch1][C][O-1][N+1][=Branch1][O-1][=O][O-1][N+1][C][N][O-1][N+1][=Branch1][N+1][=Branch1][O-1][N+1][=Branch1][Cl][=O][O-1],O=[N+]([O-])CCNN([N+]([O-])[N+](=O)[O-])[N+](=O)[O-],1.576601054988479,1.2910515290963591,1.0704446710764193,1.230071345451328,-0.0876533596493661,,1.0736372522587891,mols/page_0058.png,1,8.607564926147461,319.8155822753906,7045.97021484375,1.7366317510604858
1142,[O][=N+1][Branch1][C][O-1][C][N][N][N][Branch1][=Branch1][N+1][=Branch1][C][=O][O-1][N+1][=Branch1][C][N+1][=Branch1][C][O-1][O][N+1][=Branch1][C][C][O-1][N+1][=Branch1][N+1][=Branch1][N+1][O-1][C][=O][O-1],[N+][N+](C[O-])N(NNC[N+](=O)[O-])[N+](=O)[O-],1.5563039679725397,1.5318396448546885,1.396827697807393,1.4933402443747867,0.1621166858692348,,1.3457146020023587,mols/page_0058.png,2,8.75371265411377,335.4070739746094,7333.04443359375,1.7609474658966064
1143,[O][=N+1][Branch1][C][O-1][C][=C][C][Branch1][=Branch1][N+1][=Branch1][C][=O][O-1][=C][Branch1][=C][N][C][=N][O][N][=C][Ring1][Branch1][N+1][=Branch1][C][=O][O-1][C][Branch1][=Branch1][N+1][=Branch1][C][=O][O-1][=C][Ring2][Ring1][Branch1],O=[N+]([O-])c1cc([N+](=O)[O-])c(Nc2nonc2[N+](=O)[O-])c([N+](=O)[O-])c1,1.5958857329053582,0.1545604392944861,0.2228908722532457,0.1208490206334903,0.7568406238398937,,0.2183864985243185,mols/page_0058.png,3,7.917765140533447,279.3274841308594,5836.44970703125,1.818845272064209
1144,[O][=N+1][Branch1][C][O-1][C][N][N][N][N][Branch1][=Branch1][N+1][=Branch1][C][=O][O-1][N+1][=Branch1][C][O-1][C][N+1][=Branch1][C][C][O-1][N+1][=Branch1][O-1],C[N+]([O-])C[N+]([O-])N(NNNC[N+](=O)[O-])[N+](=O)[O-],1.6384079534080929,0.9522587676855214,0.595722449014471,1.049007480469899,-0.9281382874748048,,0.7137844676154772,mols/page_0058.png,4,8.401932716369629,297.1378479003906,6848.5341796875,1.654808521270752
1145,[O][=C][Branch2][Ring1][#Branch1][O][C][C][Branch1][=Branch1][N+1][=Branch1][C][=O][O-1][Branch1][=Branch1][N+1][=Branch1][C][=O][O-1][N+1][=Branch1][C][=O][O-1][N][Branch2][Ring2][Branch1][C][N][Branch2][Ring1][O][C][=Branch1][C][=O][O][C][C][Branch1][=Branch1][N+1][=Branch1][C][=O][O-1][Branch1][=Branch1][N+1][=Branch1][C][=O][O-1][N+1][=Branch1][C][=O][O-1][N+1][=Branch1][C][=O][O-1][N+1][=Branch1][C][=O][O-1],O=C(OCC([N+](=O)[O-])([N+](=O)[O-])[N+](=O)[O-])N(CN(C(=O)OCC([N+](=O)[O-])([N+](=O)[O-])[N+](=O)[O-])[N+](=O)[O-])[N+](=O)[O-],2.505174135090663,1.091841617930596,1.138433522172854,0.4884133817855921,1.019692142069735,,0.8549033519470727,mols/page_0058.png,5,8.486653327941895,323.0634460449219,6237.25,1.8444344997406006
1146,[O][=N+1][Branch1][C][O-1][C][C][N][N][Branch1][=Branch1][N+1][=Branch1][C][=O][O-1][N+1][=Branch1][C][O-1][N+1][=Branch1][N][=O][O-1][N+1][O-1][C][Branch1][=Branch1][N+1][C][O-1][C][O-1][C][Branch1][N][N+1][=Branch1][C][C][O-1][C][N][N][N+1][=Branch1][N][=N][O-1][N+1][=Branch1][N+1][=Branch1][O-1][O-1][N+1][=Branch1][=O][O-1][N+1][=O][O-1][N+1][N+1][=Branch1][C][NH1][O-1][N+1][=Branch1][O-1][C][N+1][=Branch1][C][N+1][=Branch1][=O][Cl][O-1][N+1][=Branch1],O=[N+]([O-])CCNN([N+]([O-])[N+](=O)[O-])[N+](=O)[O-],1.576601054988479,1.2910515290963591,1.0704446710764193,1.230071345451328,-0.0876533596493661,,1.0736372522587891,mols/page_0058.png,6,8.607564926147461,319.8155822753906,7045.97021484375,1.7366317510604858
1147,[#C][=N+1][Branch1][C][O-1][N][C][N][Branch1][=Branch1][N+1][=Branch1][C][=O][O-1][N+1][=Branch1][C][N][=O][O-1][N+1][=N][O-1][O-1][C][Branch1][=Branch1][N+1],C=[N+]([O-])NCN([N+](N)O[O-])[N+](=O)[O-],1.536437499842364,1.2609999554799505,1.0021970910538385,1.2995326937814071,-0.4029899554182109,,1.045313343604189,mols/page_0058.png,7,8.589324951171875,316.55535888671875,7121.71240234375,1.7059329748153687
1148,[O][=N+1][Branch1][C][O-1][C][N][N][N][N][Branch1][=Branch1][N+1][=Branch1][C][=O][O-1][N+1][=Branch1][C][O-1][C][Branch1][=Branch1][N+1][=Ring2][C][O-1][N][N+1][=Branch1][C][N+1][=Branch1][C],C[N+]([N+])C(=[N+]N)[N+]([O-])N(NNNC[N+](=O)[O-])[N+](=O)[O-],1.701719749037849,1.4881654034951937,1.252524673724302,1.610623438339928,-0.4562783135056161,,1.2837940632902836,mols/page_0058.png,8,8.727204322814941,328.5136413574219,7460.9326171875,1.7007452249526978
1149,[C][C][Branch2][Ring1][#C][N][C][=Branch1][C][=O][N][C][Branch1][C][C][C][Branch1][=Branch1][N+1][=Branch1][C][=O][O-1][Branch1][=Branch1][N+1][=Branch1][C][=O][O-1][N+1][=Branch1][C][=O][O-1][C][Branch1][=Branch1][N+1][=Branch1][C][=O][O-1][Branch1][=Branch1][N+1][=Branch1][C][=O][O-1][N+1][=Branch1][C][=O][O-1],CC(NC(=O)NC(C)C([N+](=O)[O-])([N+](=O)[O-])[N+](=O)[O-])C([N+](=O)[O-])([N+](=O)[O-])[N+](=O)[O-],3.09260284350746,0.408231953456441,0.2403426174494609,0.3972825287598629,-0.4398906556104062,,0.2770675886693799,mols/page_0058.png,9,8.071732521057129,280.1611633300781,6137.87890625,1.7023406028747559
1150,[O][=N+1][Branch1][C][O-1][C][=C][C][Branch1][=Branch1][N+1][=Branch1][C][=O][O-1][=C][Branch2][Branch1][=C][N][N][=C][Branch2][Ring2][=C][C][N][=C][Branch1][=Branch1][N+1][=Branch1][C][=O][O-1][N][Branch2][Ring1][N][C][=C][Branch1][=Branch1][N+1][=Branch1][C][=O][O-1][C][=C][Branch1][=Branch1][N+1][=Branch1][C][=O][O-1][C][=C][Ring1][N][N+1][=Branch1][C][=O][O-1][N][=Ring2][Ring1][#Branch1][N][=C][Ring2][Ring1][N][N+1][=Branch1][C][=O][O-1][C][Branch1][=Branch1][N+1][=Branch1][C][=O][O-1][=C][Ring2][Ring2][O],O=[N+]([O-])c1cc([N+](=O)[O-])c(-n2nc(-c3nc([N+](=O)[O-])n(-c4c([N+](=O)[O-])cc([N+](=O)[O-])cc4[N+](=O)[O-])n3)nc2[N+](=O)[O-])c([N+](=O)[O-])c1,2.3955077010436936,-0.1004395599397615,0.0246693787981013,-0.1486011860023743,0.829486083922926,,0.0045655887059278,mols/page_0058.png,10,7.762991428375244,269.85833740234375,5542.63525390625,1.8259174823760986
1151,[O][=N+1][Branch1][C][O-1][C][N][N][N][Branch1][=Branch1][N+1][=Branch1][C][=O][O-1][N+1][=Branch1][C][O-1][C][Branch1][=Branch1][N+1][C][=O][O-1],O=C[N+]C[N+]([O-])N(NNC[N+](=O)[O-])[N+](=O)[O-],1.617308431519336,1.183223478746068,0.954172530503085,0.9787441383617176,-0.2836440173550908,,0.8974822559214664,mols/page_0058.png,11,8.542118072509766,314.2611999511719,6771.91748046875,1.717551589012146
1152,[#N+1][C][N][N][=N][N][N][Branch1][=Branch1][N+1][=Branch1][C][=O][O-1][N+1][=Branch1][C][O-1][C][N+1][=Branch1][C][Branch1][O-1],[N+]CNN=NNN([N+]([O-])C[N+])[N+](=O)[O-],1.5563039679725397,1.440762604978335,1.2807363480639338,1.2803332045408162,0.1205016105073048,,1.204558181127624,mols/page_0058.png,12,8.698432922363281,329.861328125,7100.77685546875,1.7568961381912231
1153,[O][=N+1][Branch1][C][O-1][C][N][N][N][Branch1][=Branch1][N+1][=Branch1][C][=O][O-1][N+1][=Branch1][C],[N+]N(NNC[N+](=O)[O-])[N+](=O)[O-],1.478091503851731,1.6067957422807464,1.4461350427623485,1.5835365574703657,0.1340349285270209,,1.410050812101622,mols/page_0058.png,13,8.79920768737793,337.76251220703125,7431.396484375,1.7582136392593384
1154,[=C][=N+1][Branch1][C][O-1][C][N][N][Branch1][=Branch1][N+1][=Branch1][C][=O][O-1][N+1][=Branch1][C][=N][O][N+1][Branch1][C][O-1][=C][Branch1][=Branch1][N+1][C][O-1][N+1][=Branch1][O][N+1][O-1][C][O-1][C][Branch1][=Branch1][N+1][=Branch2][C][O-1][C][O][N][Branch1][=Branch1],C=[N+]([O-])CNN([N+](=N)O[N+]([O-])=C([N+]C[O-])O[N+][O-])[N+](=O)[O-],1.786423335035418,1.327263942415264,1.1481432035271724,1.1562709018058897,-0.0735212547574422,,1.0740080217322208,mols/page_0058.png,14,8.629544258117676,323.52728271484375,6965.49658203125,1.7380075454711914
1155,[=Ring1][Branch2][\N+1][S][#Branch1][/N][NH1][P][\N+1][\N+1][P][\N+1][=Branch2],[N+]P[N+][N+]P[SH]([N+])[NH],2.9444996950521225,0.6913886085103084,0.5550579278665143,0.6155023042559687,-0.1035818251579135,,0.5474543732808018,mols/page_0058.png,15,8.243596076965332,295.1952819824219,6375.83056640625,1.7350810766220093
1156,[O][=N+1][Branch1][C][O-1][C][N][C][N][Branch1][=Branch1][N+1][=Branch1][C][=O][O-1][N+1][=Branch1][C][O-1],O=[N+]([O-])CNCN([N+][O-])[N+](=O)[O-],1.5170246155449356,1.4289500079665105,1.2343906507672862,1.350132187325775,-0.049333448854126,,1.2009546947283467,mols/page_0058.png,16,8.691263198852539,327.6473693847656,7176.88720703125,1.740362286567688
1157,[O][=N+1][Branch1][C][O-1][C][N][N][Branch1][=Branch1][N+1][=Branch1][C][=O][O-1][N+1][=Branch1][C][O-1][C][Branch1][=Branch1][N+1][N+1][=Branch1][C][=Branch1][C][=O][N+1][=Branch1][C],[N+]C([N+][N+]O)[N+]([O-])N(NC[N+](=O)[O-])[N+](=O)[O-],2.097308431519336,1.8643725783199148,1.766500865159068,1.7377929632000635,0.519221421128897,,1.654757688262661,mols/page_0058.png,17,8.955545425415039,353.0665588378906,7599.60107421875,1.7957124710083008
1158,[O][=N+1][Branch1][C][O-1][C][N][N][Branch1][=Branch1][N+1][=Branch1][C][=O][O-1][N+1][=Branch1][C][O-1][N][N][N][C][Branch1][=Branch1][N+1][=Ring2][C][O-1][C][=N][N][Branch1][=Branch1][Cl][N+1][=Branch1][C][F][O-1][N+1][=Branch1][N][=O][O-1][N+1],C[N+]C(=NN([O-])Cl)NNN[N+]([O-])N(NC[N+](=O)[O-])[N+](=O)[O-],1.786423335035418,0.8608062009821094,0.7195111440199989,0.7939748024066463,-0.1699663501129321,,0.6956726222018924,mols/page_0058.png,18,8.34642505645752,303.0513000488281,6570.44091796875,1.7286183834075928
1159,[O][=N+1][Branch1][C][O-1][C][=N][N][Branch1][=Branch1][N+1][=Branch1][C][=O][O-1][N+1][=Branch1][C][O-1][C][Branch1][=Branch1][N+1][S][C][O-1][N][N+1][=Branch1][C][=Ring1][O-1][N+1][=Branch1][O-1][N+1][=Branch1][Ring1][O-1][N+1][=Branch1][#N+1][O-1][C][=O][O-1][N][N][Branch1][=Branch1][O][N+1][=Branch1][C][=N][O-1][N+1][=Branch1][O][=O][O-1][C][Branch1][C][N+1][=Branch1][C][=C][O-1][N+1][=Branch1][N][N+1][=Branch1][=Branch1][C][=O][=O][O-1][N+1][Branch1][C][O-1],[N+][N+]=[N+]C([N+]SC[O-])[N+]([O-])N(N=C[N+](=O)[O-])[N+](=O)[O-],2.2017197490378493,1.8011568007757874,1.7504762814962136,1.782569829666453,0.7265927029456641,,1.6735954727291478,mols/page_0058.png,19,8.917176246643066,352.3010559082031,7648.4267578125,1.8159005641937256
1160,[N][=N+1][Branch1][C][O-1][C][N][N][Branch1][=Branch1][N+1][=Branch1][C][=O][O-1][N+1][=Branch1][C][=N][O-1][N+1][=Branch1][N+1][=Branch1][O-1][=O][O-1][N+1][#C][C][O-1][N][Branch1][=Branch1],N=[N+]([O-])CNN([N+](=N)[O-])[N+](=O)[O-],1.4970246155449356,1.840147169869753,1.6559150114292625,1.7058708345270706,0.3118660579815341,,1.5875504849337356,mols/page_0059.png,0,8.940841674804688,347.7838134765625,7564.79248046875,1.7755259275436401
1161,[O][=N+1][Branch1][C][O-1][C][N][C][N][N][N][N][Branch1][=Branch1][N+1][=Branch1][C][=O][O-1][N+1][=Branch1][C][O-1][O-1][C][N][N][Branch1][N][C][N],O=[N+]([O-])CNCNNNN([N+]([O-])[O-])[N+](=O)[O-],1.597308431519336,0.7554764253390275,0.4608339636588355,0.7613684490028101,-0.6302595739903514,,0.5455990194515546,mols/page_0059.png,1,8.28249454498291,290.69415283203125,6534.88623046875,1.6838077306747437
1162,[O][=N+1][Branch1][C][O-1][C][=C][N][=C][Branch2][Ring1][#Branch1][/N][=N][/C][=N][C][=C][Branch1][=Branch1][N+1][=Branch1][C][=O][O-1][C][=C][Ring1][=Branch2][N+1][=Branch1][C][=O][O-1][C][Branch1][=Branch1][N+1][=Branch1][C][=O][O-1][=C][Ring2][Ring1][#Branch1],O=[N+]([O-])c1cnc(/N=N/c2ncc([N+](=O)[O-])cc2[N+](=O)[O-])c([N+](=O)[O-])c1,1.6836858610047385,-0.8719107176309591,-0.7559978819213922,-0.7567462167339422,-0.193083931627067,,-0.7289840297443715,mols/page_0059.png,2,7.294742584228516,232.56544494628906,4879.50048828125,1.7263678312301636
1163,[O][=N+1][Branch1][C][O-1][C][N][N][N][N][Branch1][=Branch1][N+1][=Branch1][C][=O][O-1][N+1][=Branch1][C][O-1][C][N+1][=Branch1][C][NH1][C][N][Branch1][=Branch1],[NH][N+](CN)C[N+]([O-])N(NNNC[N+](=O)[O-])[N+](=O)[O-],1.6598833105991515,0.8099670963113719,0.522518133836409,0.9234365696733168,-0.7825608312594629,,0.6242398522803256,mols/page_0059.png,3,8.315567970275879,293.6408386230469,6711.60888671875,1.6689808368682861
1164,[O][=N+1][Branch1][C][O-1][C][C][N][N][N][Branch1][=Branch1][N+1][=Branch1][C][=O][O-1][N+1][=Branch1][C][O-1][C][N][N][N+1][=Branch1][C][=N][N][Branch1][=Branch1][C][=O][N][N+1][=Branch1][N+1][=Branch1][O-1][=O][O-1][N+1][Branch1][C][O-1],N=[N+](NNC[N+]([O-])N(NNCC[N+](=O)[O-])[N+](=O)[O-])N(C=O)[N+](=O)[O-],1.9158857329053585,0.921760961354114,0.648062991355459,0.7601858328286241,-0.3236341639247512,,0.6641669049163679,mols/page_0059.png,4,8.383421897888184,299.63818359375,6533.5966796875,1.7136584520339966
1165,[O][=N+1][Branch1][C][O-1][C][N][N][N][Branch1][=Branch1][N+1][=Branch1][C][=O][O-1][N+1][=Branch1][C][O-1][C][N+1][=Branch1][C][NH1][C][Branch1][=Branch1][N+1][#N][C][O-1][C][Branch1][=Branch1][Branch1][=Branch1][N+1][=C][C][O-1][C][=N][N][Branch1][=Branch1],CC=[N+]C([O-])([N+]#N)[N+]([NH])C[N+]([O-])N(NNC[N+](=O)[O-])[N+](=O)[O-],2.3292669435287103,0.3195824823993571,0.0021337699123232,0.421569819958463,-1.0468327846053798,,0.1443737126007673,mols/page_0059.png,5,8.017926216125488,268.78179931640625,6164.3623046875,1.6432533264160156
1166,[O][=N+1][Branch1][C][O-1][C][C][N][N][Branch1][=Branch1][N+1][=Branch1][C][=O][O-1][N+1][=Branch1][C][O-1],O=[N+]([O-])CCNN([N+][O-])[N+](=O)[O-],1.5170246155449356,1.159295035025254,0.8697355469091415,1.1530414327228795,-0.5550095746901695,,0.9129732611037336,mols/page_0059.png,6,8.527594566345215,310.22760009765625,6961.97509765625,1.6911334991455078
1167,[O][=N+1][Branch1][C][O-1][C][N][N][N][Branch1][=Branch1][N+1][=Branch1][C][=O][O-1][N+1][=Branch1][C][O-1][C][Branch1][=Branch1][N+1][N+1][=Branch1][C],[N+][N+]C[N+]([O-])N(NNC[N+](=O)[O-])[N+](=O)[O-],1.576601054988479,1.898072575754022,1.736225747778812,1.878227850250312,0.2765572247297687,,1.6875214434563102,mols/page_0059.png,7,8.97599983215332,351.62030029296875,7752.734375,1.7720885276794434
1168,[O][=N+1][Branch1][C][O-1][C][N][N][Branch1][=Branch1][N+1][=Branch1][C][=O][O-1][N+1][=Branch1][C][O-1][N][N][C][Branch1][=Branch1][N+1],[N+]CNN[N+]([O-])N(NC[N+](=O)[O-])[N+](=O)[O-],1.576601054988479,1.4863804726352,1.3346873981155762,1.4127239730931176,0.0608874181012376,,1.276445298735065,mols/page_0059.png,8,8.726120948791504,332.4385986328125,7245.138671875,1.751092553138733
1169,[O][=N+1][Branch1][C][O-1][C][N][N][N][N][C][N][Branch1][=Branch1][N+1][=Branch1][C][=O][O-1][N+1][=Branch1][C][O-1][C][C][N][Branch1][C][N][=N][N][Branch1][=Branch1][N][N+1][=Branch1][C][Branch1][=Branch1][N+1][#C][C][=O][O-1][N][N+1][=Branch1][N+1][=Branch1][O-1][=O][O-1][N+1],NN(CC[N+]([O-])N(CNNNNC[N+](=O)[O-])[N+](=O)[O-])NN(N[N+][N+]#CC=O)N[N+]([O-])O,2.227950530827869,0.2549659426530429,-0.0733518316738099,0.2713977164342748,-0.9405781153577488,,0.0599048027827433,mols/page_0059.png,9,7.9787068367004395,265.1758117675781,6000.611328125,1.6535974740982056
1170,[NH1][=N][S][NH1][N][O][C][O][=N+1][Branch1][Branch1][N][N][O][=O][C][O][/C][#Branch1][/C][NH1][/N+1][O][P][=N+1][/N+1][O][Branch2][O][=N+1][=C][Branch1],C=[N+]OO[N+][N+]=PO[N+]C([NH])OC[N+](NNOO)OCONNSN=N,2.5036858610047386,-0.5762587609361584,-0.7468478216517754,-0.7182836519230613,-1.0166571099799853,,-0.7197558174142065,mols/page_0059.png,10,7.4741902351379395,233.00254821777344,4921.44091796875,1.6461910009384155
1171,[#Branch2][Branch1][P][O][=N+1][=N][O][=N+1][Branch1][C][O-1][C][C][N][Branch1][=Branch1][N+1][=Branch1][C][=O][O-1][N+1][=Branch1][C][O-1][C][N][Branch1][N][N+1][=Branch1][C][/N+1][O-1][N][N][N][=N][Branch1][O][=N+1][Branch1][N][C][N][N][N][N][C][N][Branch1][C][N][N][C][Branch1][=Branch1][N+1],[N+]C[N+](CNNNNCN(N)N)N(C[N+]([O-])N(CC[N+]([O-])ON=[N+]OP)[N+](=O)[O-])[N+]([N+])[O-],2.773567675943147,0.0980255825397017,-0.24023837740678,0.1381485324310403,-1.053808835343556,,-0.085674669278709,mols/page_0059.png,11,7.883450984954834,257.20355224609375,5855.3134765625,1.6425741910934448
1172,[O][=N+1][Branch1][C][O-1][C][N][N][N][Branch1][=Branch1][N+1][=Branch1][C][=O][O-1][N+1][=Branch1][C][O-1][C][N+1][=Branch1][C][=N][O-1][N+1][=Branch1][N][=O][O-1][N+1],N=[N+]([O-])C[N+]([O-])N(NNC[N+](=O)[O-])[N+](=O)[O-],1.597308431519336,1.7765715779181095,1.6208703380919474,1.636080359772142,0.3335509592492822,,1.5371477188362994,mols/page_0059.png,12,8.902254104614258,346.1097106933594,7488.69140625,1.777637004852295
1173,[O][=N+1][Branch1][C][O-1][C][N][N][N][Branch1][=Branch1][N+1][=Branch1][C][=O][O-1][N+1][=Branch1][C][O-1][C][N+1][=Branch1][C],[N+]C[N+]([O-])N(NNC[N+](=O)[O-])[N+](=O)[O-],1.5563039679725397,1.7552828206803848,1.5733913442150929,1.6768163597652803,0.1999382198608172,,1.5228889071160636,mols/page_0059.png,13,8.88933277130127,343.84161376953125,7533.11083984375,1.7646294832229614
1174,[O][=N+1][Branch1][C][O-1][C][N][C][N][Branch1][=Branch1][N+1][=Branch1][C][=O][O-1][N+1][=Branch1][C][O-1][C][Branch1][=Branch1][N+1][N][C][=O][O-1][N][N+1][=Branch1][C][Branch1][=Branch1][O-1][N+1][=Branch1][O-1][=O][O-1][N+1],O=CN[N+]C(N[N+]([O-])[O-])[N+]([O-])N(CNC[N+](=O)[O-])[N+](=O)[O-],2.2864233350354186,1.4423699854975018,1.2385022047640224,1.2670006736925712,-0.0255852431289747,,1.1744597927295122,mols/page_0059.png,14,8.699408531188965,327.8437805175781,7086.23876953125,1.7426742315292358
1175,[O][=N+1][Branch1][C][O-1][C][N][C][N][Branch1][=Branch1][N+1][=Branch1][C][=O][O-1][N+1][=Branch1][C][O-1][C][O-1][N+1][=Branch1][N][=O][O-1][N+1][=Ring2][C][O-1][C][Branch1][=Branch1][N+1][C][C][N][Branch1][=Branch2][N+1][=Branch1][C][C@@H1][O-1][N+1][=Branch1][N+1][=Branch1][O-1][=O][O-1][N+1][N][C][=O][O-1],O=[N+]([O-])CNCN([N+]([O-])C[O-])[N+](=O)[O-],1.5763039679725397,1.451098234553193,1.2189870165271828,1.4209355654453415,-0.1467177457044695,,1.2212237643777837,mols/page_0059.png,15,8.704706192016602,326.9115295410156,7254.0927734375,1.730881690979004
1176,[O][=N+1][Branch1][C][O-1][O][C][C][Branch1][#Branch1][O][N+1][=Branch1][C][=O][O-1][C][Branch1][Branch2][C][O][N+1][=Branch1][C][=O][O-1][O][N+1][=Branch1][C][=O][O-1],O=[N+]([O-])OCC(O[N+](=O)[O-])C(CO[N+](=O)[O-])O[N+](=O)[O-],2.743903847312421,1.1986232211393768,1.0308891707081913,0.9736988765538592,0.1335941038358249,,0.9602170589670184,mols/page_0059.png,16,8.551465034484863,317.9259948730469,6766.416015625,1.7581707239151
1177,[O][=N+1][Branch1][C][O-1][C][N][N][N][N][Branch1][=Branch1][N+1][=Branch1][C][=O][O-1][N+1][=Branch1][C][O-1][C][=N][N][N+1][=Branch1][C][\N+1][O-1][N+1][=Branch1],[N+][N+]([O-])NN=C[N+]([O-])N(NNNC[N+](=O)[O-])[N+](=O)[O-],1.701719749037849,1.81053711524248,1.6523592454961,1.7729705328372116,0.2138523614332053,,1.5962975394628502,mols/page_0059.png,17,8.922869682312012,347.61395263671875,7637.95947265625,1.765984058380127
1178,[C][C][C][Branch2][Ring1][=N][C][N][Branch2][Ring1][Ring1][C][C][Branch1][Ring1][C][C][Branch1][=Branch1][N+1][=Branch1][C][=O][O-1][N+1][=Branch1][C][=O][O-1][N+1][=Branch1][C][=O][O-1][Branch1][=Branch1][N+1][=Branch1][C][=O][O-1][N+1][=Branch1][C][=O][O-1],CCC(CN(CC(CC)([N+](=O)[O-])[N+](=O)[O-])[N+](=O)[O-])([N+](=O)[O-])[N+](=O)[O-],1.9158857329053585,-0.8892729412250884,-1.112228005339985,-0.5508666671099375,-2.0349033700171644,,-0.9242122404869596,mols/page_0059.png,18,7.284204483032227,215.5481414794922,5103.99609375,1.5470622777938843
1179,[O][=N+1][Branch1][C][O-1][C][N][N][Branch1][=Branch1][N+1][=Branch1][C][=O][O-1][N+1][=Branch1][C][O-1][C][Branch1][=Branch1][N+1],[N+]C[N+]([O-])N(NC[N+](=O)[O-])[N+](=O)[O-],1.536437499842364,1.8176564125370505,1.6491963642285672,1.7723937779593806,0.2690325921536599,,1.6025739645905226,mols/page_0059.png,19,8.927190780639648,347.4628601074219,7637.33056640625,1.7713559865951538
1180,[O][=C][Branch2][Ring1][#Branch1][O][C][C][Branch1][=Branch1][N+1][=Branch1][C][=O][O-1][Branch1][=Branch1][N+1][=Branch1][C][=O][O-1][N+1][=Branch1][C][=O][O-1][N][Branch2][Branch1][Branch2][C][C][C][Branch2][Ring2][=Branch1][C][C][N][Branch2][Ring1][O][C][=Branch1][C][=O][O][C][C][Branch1][=Branch1][N+1][=Branch1][C][=O][O-1][Branch1][=Branch1][N+1][=Branch1][C][=O][O-1][N+1][=Branch1][C][=O][O-1][N+1][=Branch1][C][=O][O-1][Branch1][=Branch1][N+1][=Branch1][C][=O][O-1][N+1][=Branch1][C][=O][O-1][N+1][=Branch1][C][=O][O-1],O=C(OCC([N+](=O)[O-])([N+](=O)[O-])[N+](=O)[O-])N(CCC(CCN(C(=O)OCC([N+](=O)[O-])([N+](=O)[O-])[N+](=O)[O-])[N+](=O)[O-])([N+](=O)[O-])[N+](=O)[O-])[N+](=O)[O-],2.9842999454801133,0.8515908669206099,0.7293824510985523,0.6420003398892362,0.1743593671541715,,0.6694794021759023,mols/page_0060.png,0,8.340831756591797,303.5228576660156,6404.724609375,1.7621393203735352
1181,[O][=N+1][Branch1][C][O-1][C][N][N][Branch1][=Branch1][N+1][=Branch1][C][=O][O-1][N+1][=Branch1][C][Branch1][=Branch1][N+1][C][O-1][C][Branch1][=Branch1][N][N+1][=Branch1][C][O-1][N][N+1][=Branch1][N][=O][O-1][N+1][Branch1][C][O-1][N+1][=Branch1][N+1][=Branch1][O-1][=O][O-1][N+1][=O][O-1],O=[N+]([O-])CNN([N+]([N+]C[O-])N[N+]([O-])N[N+](=O)O[O-])[N+](=O)[O-],1.786423335035418,1.5825561926529967,1.4774853225690352,1.441996522098311,0.3733611024033709,,1.3791450978851696,mols/page_0060.png,1,8.78449535369873,339.2601318359375,7277.05810546875,1.7815126180648804
1182,[O][=N+1][Branch1][C][O-1][C][N][N][Branch1][=Branch1][N+1][=Branch1][C][=O][O-1][N+1][=Branch1][C][O-1][C][N+1][=Branch1][C][C][O-1][N+1][=Branch1][N][=O][O-1][N+1],C[N+]([O-])C[N+]([O-])N(NC[N+](=O)[O-])[N+](=O)[O-],1.596601054988479,1.096745464069716,0.7360346592663606,1.252495825864387,-0.9255827287788996,,0.866635088301884,mols/page_0060.png,2,8.489629745483398,303.84063720703125,7070.42236328125,1.6550573110580444
1183,[S][=C][=N+1][Branch1][O][C][N][=N][N][Branch1][=Branch1][C][N+1][=Branch1][C][=O][O-1][N+1][=Branch1][C],O=[N+]CNN=NC[N+]([O-])=C=S,1.518091503851731,0.1779138084600557,-0.0620610291041522,0.0304503059814052,-1.006810800696911,,-0.0595377628381531,mols/page_0060.png,3,7.931939601898193,265.7151794433594,5737.876953125,1.6471495628356934
1184,[O][=N+1][Branch1][C][O-1][C][N][N][N][N][Branch1][=Branch1][N+1][=Branch1][C][=O][O-1][N+1][=Branch1][C][N+1][=Branch1][C][O-1][C][O-1][N][N][N+1][=Branch1][C][=Branch1][N+1][=Branch1][N+1][=Branch1][=O][O-1][N+1][C][O-1][N+1][=Branch1][O-1][N+1][=Branch1][Branch1][=O][O-1][N+1][Branch1][C][O-1][N+1][C][C][=O][N+1][=Branch1][C][Cl][=Branch1][N+1][=Branch1],[N+][N+](C[O-])N(NNNC[N+](=O)[O-])[N+](=O)[O-],1.576601054988479,1.3736014388871618,1.2149157092522915,1.3055245858778797,0.0654450556029914,,1.1758836269463142,mols/page_0060.png,4,8.657669067382812,326.717041015625,7128.24609375,1.751536250114441
1185,[O][=N+1][Branch1][C][O-1][C][N][N][Branch1][=Branch1][N+1][=Branch1][C][=O][O-1][N+1][=Branch1][C][O-1][C][N+1][=Branch1][C],[N+]C[N+]([O-])N(NC[N+](=O)[O-])[N+](=O)[O-],1.536437499842364,1.8176564125370505,1.6491963642285672,1.7723937779593806,0.2690325921536599,,1.6025739645905226,mols/page_0060.png,5,8.927190780639648,347.4628601074219,7637.33056640625,1.7713559865951538
1186,[N+1][N][O][=N+1][Branch1][C][O-1][C][N][N][N][N][=N][N][Branch1][=Branch1][N+1][=Branch1][C][=O][O-1][N+1][=Branch1][C][O-1][C][Branch1][=Branch1][N+1][=O][O-1][N+1][O-1][C][O-1][N+1][=Branch1][O-1][C][O-1][=Branch1][N+1][=Branch1][N+1][=Branch1][O-1][=O][O-1][N+1][Branch1][N+1][=Branch1][C][Cl][O-1],[N+]NO[N+]([O-])CNNNN=NN([N+]([O-])C(C[O-])[N+]=O)[N+](=O)[O-],2.3292669435287103,1.494357668036774,1.2807344315533695,1.3953004231735495,0.0517390812458903,,1.2570671022915447,mols/page_0060.png,6,8.730962753295898,329.8612365722656,7226.1396484375,1.750201940536499
1187,[C][N][Branch2][Ring2][=Branch1][C][C][N][Branch2][Ring1][O][C][=Branch1][C][=O][O][C][C][Branch1][=Branch1][N+1][=Branch1][C][=O][O-1][Branch1][=Branch1][N+1][=Branch1][C][=O][O-1][N+1][=Branch1][C][=O][O-1][N+1][=Branch1][C][=O][O-1][N+1][=Branch1][C][=O][O-1],CN(CCN(C(=O)OCC([N+](=O)[O-])([N+](=O)[O-])[N+](=O)[O-])[N+](=O)[O-])[N+](=O)[O-],1.9596423657706596,0.417373439146092,0.2516116995660594,0.2904982438518839,-0.4696414242140093,,0.2364814397973905,mols/page_0060.png,7,8.07728099822998,280.6994934082031,6021.43896484375,1.69944429397583
1188,[O][=N+1][Branch1][C][O-1][C][C][N][Branch1][=Branch1][N+1][=Branch1][C][=O][O-1][N+1][=Branch1][C][O-1][N+1][=Branch1][N][=O][O-1][N+1],O=[N+][N+]([O-])N(CC[N+](=O)[O-])[N+](=O)[O-],1.536437499842364,1.4904939840713474,1.2906370416378026,1.4646045968435988,0.0856838069810105,,1.289692975862828,mols/page_0060.png,8,8.728617668151855,330.33428955078125,7301.71044921875,1.7535065412521362
1189,[O][=N+1][Branch1][C][O-1][C][N][N][N][Branch1][=Branch1][N+1][=Branch1][C][=O][O-1][N+1][=Branch1][C][O-1][C][Branch1][=Branch1][N+1][N][C][O-1][N][N][Branch1][Ring1][N][N+1][=Branch1][C][N][O-1],[N+]NN(CN[O-])C([N+]NC[O-])[N+]([O-])N(NNC[N+](=O)[O-])[N+](=O)[O-],2.3724242818454764,1.4793963021486929,1.255246757562104,1.5137787714623951,-0.203036773543847,,1.2688685961582724,mols/page_0060.png,9,8.721881866455078,328.6436767578125,7355.3310546875,1.7253988981246948
1190,[O][=N+1][Branch1][C][O-1][C][N][C][N][N][Branch1][=Branch1][N+1][=Branch1][C][=O][O-1][N+1][=Branch1][C][O-1][N+1][=Branch1][O-1][=N][N][N][Branch1],N=[N+](NN)[N+]([O-])N(NCNC[N+](=O)[O-])[N+](=O)[O-],1.6184079534080928,0.8949115788404054,0.6038899782015862,0.9574033122998628,-0.5642962815180311,,0.70123208602864,mols/page_0060.png,10,8.367125511169434,297.52801513671875,6748.64697265625,1.6902294158935547
1191,[O][=N+1][=N+1][Branch1][C][O-1][C][N][N][Branch1][=Branch1][N+1][=Branch1][C][=O][O-1][N+1][=Branch1][C][N+1][=Branch1][C][O-1][O-1][N+1][=Branch1][Ring2][C][O-1][C][=N][N][Branch1][Branch1][Ring2][N+1][=Branch1][C][Cl][NH1][O][\N+1][/C][N+1][=N+1][Branch1][O-1][#N+1][=O][O][O][N+1][/N+1][O-1][=N+1][C][/N+1][C][N][N][N][=Ring2][Ring1][=C][Branch1][C][N][N+1][=Branch1][C][O],[N+][N+](C[O-])N(NC[N+]([O-])=[N+]=O)[N+](=O)[O-],1.5563039679725397,1.7842675210098784,1.635973080173495,1.7644463823291443,0.2625194073412395,,1.587090643961625,mols/page_0060.png,11,8.906925201416016,346.8311767578125,7628.66455078125,1.7707219123840332
1192,[Ring2][P][=Ring2][=C][Ring2][F][#C][/N][#Branch2][Ring1][#C],FP,1.9772360217868288,-1.3249139142101294,-1.398143592092671,-1.4281605410978822,-1.567937774633282,,-1.4088223704781813,mols/page_0060.png,12,7.019789695739746,201.88980102539062,4147.37548828125,1.5925225019454956
1193,[=N+1][N][=N+1][Branch1][C][O-1][C][N][C][N][N][N][Branch1][=Branch1][N+1][=Branch1][C][=O][O-1][N+1][=Branch1][C][O-1][C][N+1][=Branch1][C],[N+]C[N+]([O-])N(NNCNC[N+]([O-])=N[N+])[N+](=O)[O-],1.6384079534080929,1.0637430980632825,0.7650672389642592,1.1324842410059035,-0.5948895150870309,,0.8507073291505438,mols/page_0060.png,13,8.469598770141602,305.2275390625,6939.55908203125,1.687251091003418
1194,[O][=N+1][Branch1][C][O-1][C][N][C][N][N][Branch1][=Branch1][N+1][=Branch1][C][=O][O-1][N+1][=Branch1][C][O-1][C][N+1][=Branch1][C][N+1][=Branch1][N+1][=Branch1][=O][O-1][N+1][C][O-1][C][=N][O][N+1][Branch1][C][O-1][N+1][=Branch1][O-1][=O][O-1][N+1][Branch1][C][=O][O-1],[N+][N+](C[N+]([O-])N(NCNC[N+](=O)[O-])[N+](=O)[O-])[N+]([O-])[N+]C[O-],1.786423335035418,1.5334863064227109,1.270292643163585,1.5337708508689494,-0.1094056091338246,,1.3035125168307715,mols/page_0060.png,14,8.754712104797363,329.3624267578125,7377.130859375,1.7345141172409058
1195,[C][C][=C][C][Branch1][=Branch1][N+1][=Branch1][C][=O][O-1][=C][Branch1][=Branch1][N+1][=Branch1][C][=O][O-1][C][Branch1][=Branch1][N+1][=Branch1][C][=O][O-1][=C][Ring1][#C],Cc1cc([N+](=O)[O-])c([N+](=O)[O-])c([N+](=O)[O-])c1,1.537308431519336,-1.4164073332043512,-1.3245007154138695,-1.1327800978854967,-1.1197109021643212,,-1.250310141525186,mols/page_0060.png,15,6.96425724029541,205.4077606201172,4469.46484375,1.6361584663391113
1196,[O][=N+1][Branch1][C][O-1][C][N][N][N][Branch1][=Branch1][N+1][=Branch1][C][=O][O-1][N+1][=Branch1][C][C][O-1][Branch1][=Branch1][N+1][#N][=Branch1][C][=O][N][N+1][=Branch1][C][O-1][=O][O-1][N+1][S][N][N+1][=Branch1][=Branch1][=O][O-1][=O][N+1][N][O-1][N][=O][N][O-1],C[N+]([O-])N(NNC[N+](=O)[O-])[N+](=O)[O-],1.536437499842364,0.9832845113135464,0.5950139789426282,1.0144174126958834,-0.9351474000648208,,0.706826847635915,mols/page_0060.png,16,8.420763969421387,297.10400390625,6810.81640625,1.6541261672973633
1197,[O][=N+1][Branch1][C][O-1][C][=C][N][=C][Branch2][Ring1][#Branch1][/N][=N][/C][=N][C][=C][Branch1][=Branch1][N+1][=Branch1][C][=O][O-1][C][=C][Ring1][=Branch2][N+1][=Branch1][C][=O][O-1][C][Branch1][=Branch1][N+1][=Branch1][C][=O][O-1][=C][Ring2][Ring1][#Branch1],O=[N+]([O-])c1cnc(/N=N/c2ncc([N+](=O)[O-])cc2[N+](=O)[O-])c([N+](=O)[O-])c1,1.6836858610047385,-0.8719107176309591,-0.7559978819213922,-0.7567462167339422,-0.193083931627067,,-0.7289840297443715,mols/page_0060.png,17,7.294742584228516,232.56544494628906,4879.50048828125,1.7263678312301636
1198,[O][=N+1][Branch1][C][O-1][C][N][N][Branch1][=Branch1][N+1][=Branch1][C][=O][O-1][N+1][=Branch1][C],[N+]N(NC[N+](=O)[O-])[N+](=O)[O-],1.4596683620478217,1.6930019320990184,1.5490420774988711,1.7089762654880627,0.2356988984210585,,1.5176713984368035,mols/page_0060.png,18,8.851531028747559,342.6784362792969,7568.1787109375,1.7681108713150024
1199,[=N+1][Branch1][C][O-1][C][C][N][Branch1][=Branch1][N+1][=Branch1][C][=O][O-1][N+1][=Branch1][C][N+1][=Branch1][C][O-1][O-1][N+1][=Branch1][=Branch1][C][=O][N][N+1][=Branch1][C][Branch1][O-1][N+1][=Branch1][=O][O-1][N+1][#Branch2][C][=O][O-1],[N+][N+](C[O-])N(CC[N+][O-])[N+](=O)[O-],1.5370246155449356,1.22277478121769,0.8671763664692835,1.377530730769072,-0.8498723125790241,,0.98851284797147,mols/page_0060.png,19,8.566123962402344,310.1053466796875,7206.76318359375,1.6624279022216797
1200,[O][=N+1][Branch1][C][O-1][C][N][N][N][Branch1][=Branch1][N+1][=Branch1][C][=O][O-1][N+1][=Branch1][C][=N][O-1][N+1][=Branch1][N][=O][O-1][N+1],N=[N+]([O-])N(NNC[N+](=O)[O-])[N+](=O)[O-],1.516437499842364,1.639311023281372,1.4492129587282083,1.472616026594588,0.2670439829911536,,1.3878818044393455,mols/page_0061.png,0,8.81894302368164,337.9095458984375,7310.4462890625,1.7711623907089233
1201,[C][C][=C][Branch1][=Branch1][N+1][=Branch1][C][=O][O-1][C][=C][Branch1][=Branch1][N+1][=Branch1][C][=O][O-1][C][Branch2][Ring1][#C][C][=C][Branch1][=Branch1][N+1][=Branch1][C][=O][O-1][C][=C][Branch1][=Branch1][N+1][=Branch1][C][=O][O-1][C][Branch1][C][C][=C][Ring1][=N][N+1][=Branch1][C][=O][O-1][=C][Ring2][Ring1][N][N+1][=Branch1][C][=O][O-1],Cc1c([N+](=O)[O-])cc([N+](=O)[O-])c(-c2c([N+](=O)[O-])cc([N+](=O)[O-])c(C)c2[N+](=O)[O-])c1[N+](=O)[O-],1.9745496759431465,-1.1941724424414502,-1.0355327661695104,-1.064000287539935,-0.4339566654616961,,-1.026422083714884,mols/page_0061.png,1,7.099143981933594,219.2119140625,4544.4638671875,1.702918291091919
1202,[O][=C][Branch2][Ring1][#Branch1][C][C][C][Branch1][=Branch1][N+1][=Branch1][C][=O][O-1][Branch1][=Branch1][N+1][=Branch1][C][=O][O-1][N+1][=Branch1][C][=O][O-1][N][C][C][Branch1][=Branch1][N+1][=Branch1][C][=O][O-1][Branch1][=Branch1][N+1][=Branch1][C][=O][O-1][N+1][=Branch1][C][=O][O-1],O=C(CCC([N+](=O)[O-])([N+](=O)[O-])[N+](=O)[O-])NCC([N+](=O)[O-])([N+](=O)[O-])[N+](=O)[O-],2.0036858610047386,1.016027622397534,0.893650404564179,0.8681509427465722,0.2319947465019813,,0.8478793584892552,mols/page_0061.png,2,8.440637588500977,311.3700256347656,6651.32421875,1.7677502632141113
1203,[O][=N+1][Branch1][C][O-1][C][N][N][Branch1][=Branch1][N+1][=Branch1][C][=O][O-1][N+1][=Branch1][C][O-1][C][Branch1][=Branch1][N+1],[N+]C[N+]([O-])N(NC[N+](=O)[O-])[N+](=O)[O-],1.536437499842364,1.8176564125370505,1.6491963642285672,1.7723937779593806,0.2690325921536599,,1.6025739645905226,mols/page_0061.png,3,8.927190780639648,347.4628601074219,7637.33056640625,1.7713559865951538
1204,[O][=N+1][Branch1][C][O-1][C][N][N][N][Branch1][=Branch1][N+1][=Branch1][C][=O][O-1][N+1][=Branch1][C][O-1][C][N+1][=Branch1][C][N][C][Branch1][=Branch1][N+1][C][C][O-1][N+1][=Branch1][N+1][=Branch1][O-1][=O][O-1][N+1][#C][O-1],N[N+](C[N+]([O-])N(NNC[N+](=O)[O-])[N+](=O)[O-])C([O-])[N+]CC[O-],2.2864233350354186,0.8926018531677021,0.5772089569657736,1.0423725604195715,-0.8627799044398481,,0.6981237362572128,mols/page_0061.png,4,8.365723609924316,296.2534484863281,6841.29931640625,1.661171317100525
1205,[O][=N+1][Branch1][C][O-1][C][N][N][N][Branch1][=Branch1][N+1][=Branch1][C][=O][O-1][N+1][=Branch1][C][N][O-1][N+1][=Branch1][O][N+1][=Branch1][C][O-1][C][Branch1][N+1][=Branch1][C],N[N+]([O-])N(NNC[N+](=O)[O-])[N+](=O)[O-],1.516437499842364,1.6718828689923495,1.5153843189730716,1.691309565026055,0.1189121925929372,,1.485231842261071,mols/page_0061.png,5,8.838712692260742,341.0705871582031,7548.91455078125,1.7567414045333862
1206,[O][=N+1][Branch1][C][O-1][C][C][N][N][Branch1][=Branch1][N+1][=Branch1][C][=O][O-1][N+1][=Branch1][C][O-1][N+1][=Branch1][N+1][=Branch1][N][=O][O-1][N+1][O][C][=O][O-1][N][Branch1][=Branch1][C][N+1][=Branch1][C][=N][O-1][N+1][=Branch1][N][O-1][C][N+1][=Branch1][N+1][N][C],N=[N+]([O-])[N+](O[O-])[N+]([O-])N(NCC[N+](=O)[O-])[N+](=O)[O-],1.6598833105991515,1.453513233436829,1.297659136344472,1.2978355656859264,0.1536969342673919,,1.222297012146435,mols/page_0061.png,6,8.706171989440918,330.66973876953125,7119.86181640625,1.7601277828216553
1207,[O][=N+1][Branch1][C][O-1][C][N][C][N][Branch1][=Branch1][N+1][=Branch1][C][=O][O-1][N+1][=Branch1][C][O-1][C][N+1][=Branch1][C][=Branch2][O-1][N+1][=Branch1][N][=O][O-1][N+1][C][=O][O-1],O=N[N+]C[N+]([O-])N(CNC[N+](=O)[O-])[N+](=O)[O-],1.617308431519336,1.5512366267795326,1.3225922999458737,1.5700987957243795,-0.1274230938734285,,1.3337544405837607,mols/page_0061.png,7,8.765485763549805,331.8608093261719,7416.74365234375,1.7327600717544556
1208,[O][=N+1][Branch1][C][O-1][C][N][N][Branch1][=Branch1][N+1][=Branch1][C][=O][O-1][N+1][=Branch1][C][O-1][C][Branch1][=Branch1][N+1][N+1][=Branch1][C],[N+][N+]C[N+]([O-])N(NC[N+](=O)[O-])[N+](=O)[O-],1.5563039679725397,1.9741961059520647,1.8240511220499915,1.983941018956605,0.3551819819436618,,1.7786564127775224,mols/page_0061.png,8,9.02220344543457,355.8157653808594,7868.00634765625,1.7797428369522095
1209,[O][=N+1][Branch1][C][O-1][C][N][N][Branch1][=Branch1][N+1][=Branch1][C][=O][O-1][N+1][=Branch1][C][N+1][=Branch1][C][O-1][C][O-1][N][N][N][N][Branch1][N+1][=Branch1][C][Branch1][=Branch1][N+1][N][C][=O][=Branch1][N+1][=Branch1][O-1][N][=O][O-1][N+1][Branch1][C][O-1][N+1][=Branch1][N+1][=Branch1][N+1][O-1][C][=O][O-1],[N+][N+](C[O-])N(NC[N+](=O)[O-])[N+](=O)[O-],1.536437499842364,1.6118472851635632,1.4786211744966606,1.6148689453249556,0.2133894955074495,,1.4399036425957832,mols/page_0061.png,9,8.802273750305176,339.31439208984375,7465.56201171875,1.7659389972686768
1210,[O][=N+1][Branch1][C][O-1][C][N][N][Branch1][=Branch1][N+1][=Branch1][C][=O][O-1][N+1][=Branch1][C][O-1][C][=N][N][Branch1][=Branch1],NN=C[N+]([O-])N(NC[N+](=O)[O-])[N+](=O)[O-],1.5563039679725397,1.8322972450664707,1.6538707334942786,1.8323704639700984,0.1136125001943368,,1.6158514302476603,mols/page_0061.png,10,8.936077117919922,347.6861572265625,7702.73046875,1.7562254667282104
1211,[O][=N+1][Branch1][C][O-1][C][N][N][Branch1][=Branch1][N+1][=Branch1][C][=O][O-1][N+1][=Branch1][C][O-1][C],C[N+]([O-])N(NC[N+](=O)[O-])[N+](=O)[O-],1.5170246155449356,1.175775791883066,0.7914684496577209,1.2643958731301932,-0.8891571396427709,,0.9086536956729968,mols/page_0061.png,11,8.53759765625,306.4887390136719,7083.3984375,1.6586034297943115
1212,[O][=N+1][Branch1][C][O-1][C][=C][C][Branch1][=Branch1][N+1][=Branch1][C][=O][O-1][=C][Branch2][=Branch1][S][N][C][=N][C][Branch2][Ring1][=N][N][C][=C][C][Branch1][=Branch1][N+1][=Branch1][C][=O][O-1][=C][C][Branch1][=Branch1][N+1][=Branch1][C][=O][O-1][=C][Ring1][N][N+1][=Branch1][C][=O][O-1][=C][Branch1][=Branch1][N+1][=Branch1][C][=O][O-1][C][Branch2][Ring1][=N][N][C][=C][Branch1][=Branch1][N+1][=Branch1][C][=O][O-1][C][=C][Branch1][=Branch1][N+1][=Branch1][C][=O][O-1][C][=C][Ring1][N][N+1][=Branch1][C][=O][O-1][=N][Ring2][Ring2][=Branch2][C][Branch1][=Branch1][N+1][=Branch1][C][=O][O-1][=C][Ring2][Branch1][=Branch1],O=[N+]([O-])c1cc([N+](=O)[O-])c(Nc2nc(Nc3cc([N+](=O)[O-])cc([N+](=O)[O-])c3[N+](=O)[O-])c([N+](=O)[O-])c(Nc3c([N+](=O)[O-])cc([N+](=O)[O-])cc3[N+](=O)[O-])n2)c([N+](=O)[O-])c1,3.031416964816933,-0.7423351073923108,-0.5917085274211336,-0.7929496756763003,0.3870719748125963,,-0.6119835814926216,mols/page_0061.png,12,7.37338924407959,240.41363525390625,4840.0234375,1.7828474044799805
1213,[Branch2][/C][#Branch1][P][N][=C][Branch1][=Branch1][N+1][=Branch1][C][=O][O-1][N+1][=Branch1][C][C][Branch1][=Branch1][N+1][#N][=Branch1][C][O-1][N][=N][N][N+1][O][/N+1][=Branch1][N+1][=Branch1][=O][=N+1][=O][O-1][N+1][C][O-1][C][N][N][Branch1][Ring1][N][N+1][C][O][=Branch1][/N+1][=N+1][Branch1][C][O-1][N][C][Branch1][=Branch1][Ring1][=Branch1][N+1][=Branch1][N+1][=Branch1][O-1][C][=O][O-1][C][N+1][=Branch1][C][O][=O][Branch1][O-1][N],C[N+]([N+])C(=NCN([O-])N=NN[N+]O[N+]([N+])O[O-])[N+](=O)[O-],1.743903847312421,1.4068834859614467,1.17643345479993,1.3334645087057246,-0.2241522762521335,,1.1567998110474207,mols/page_0061.png,13,8.67786979675293,324.87872314453125,7158.71240234375,1.7233432531356812
1214,[O][=N+1][Branch1][C][O-1][C][N][N][N][Branch1][=Branch1][N+1][=Branch1][C][=O][O-1][N+1][=Branch1][C][O-1][N][N+1][=Branch1][C][N+1][=Branch1][C],C[N+]([N+])N[N+]([O-])N(NNC[N+](=O)[O-])[N+](=O)[O-],1.597308431519336,1.187046310420685,0.9347748882475072,1.2687300427439556,-0.5192599167472081,,0.9860213250899096,mols/page_0061.png,14,8.544438362121582,313.3345642089844,7088.12451171875,1.6946138143539429
1215,[O][=N+1][Branch1][C][O-1][N][C][C][C][Branch1][=Branch2][C][C][N][N+1][=Branch1][C][=O][O-1][Branch1][=Branch1][N+1][=Branch1][C][=O][O-1][N+1][=Branch1][C][=O][O-1],O=[N+]([O-])NCCC(CCN[N+](=O)[O-])([N+](=O)[O-])[N+](=O)[O-],1.721719749037849,-0.1407780546304477,-0.4182004376893798,0.0437846279938672,-1.3185424301021975,,-0.2540850148926297,mols/page_0061.png,15,7.7385077476501465,248.70220947265625,5752.4169921875,1.6168017387390137
1216,[O][=N+1][Branch1][C][O-1][C][C][N][Branch1][=Branch1][N+1][=Branch1][C][=O][O-1][N+1][=Branch1][C][O-1][C][N][Branch1][N+1][=Branch1][C][N+1][=Branch1][C][C][O-1][C][N+1][=Branch1][N+1][=Branch1][N][=O][O-1][N+1][=O][O-1],C[N+]([O-])CNC[N+]([O-])N(CC[N+](=O)[O-])[N+](=O)[O-],1.678407953408093,-0.0305970694537121,-0.4758998629858714,0.221670519863521,-1.8486414683435284,,-0.2228201719988403,mols/page_0061.png,16,7.80538272857666,245.9458770751953,5946.3876953125,1.5651953220367432
1217,[O][=N+1][Branch1][C][O-1][C][N][N][N][Branch1][=Branch1][N+1][=Branch1][C][=O][O-1][N+1][=Branch1][C][N][C][N+1][=Branch1][C][=N][N][Branch1][=Branch1][C][N+1][=Branch1][N+1][=Branch1][N][=O][O-1][N+1][O-1][C][O-1],N=[N+](C[N+](N)N(NNC[N+](=O)[O-])[N+](=O)[O-])NC[N+]O[O-],1.743903847312421,0.9187111807209734,0.5921353800754291,0.9798501822656328,-0.743029877076465,,0.6953487253977072,mols/page_0061.png,17,8.381570816040039,296.96649169921875,6773.12353515625,1.672829270362854
1218,[O][=N+1][Branch1][C][O-1][C][N][N][Branch1][=Branch1][N+1][=Branch1][C][=O][O-1][N+1][=Branch1][C][O-1][N+1][=Branch1][N][=O][O-1][N+1][#C][O-1][N+1][=Branch1][O-1][=O][O-1][N+1][=C][C][=O][O-1],O=CC[N+](=O)[N+]([O-])N(NC[N+](=O)[O-])[N+](=O)[O-],1.617308431519336,0.6467276272035634,0.4396565219261122,0.5611050947807901,-0.4081402572270171,,0.4552240494720332,mols/page_0061.png,18,8.2164888381958,289.6824951171875,6316.5146484375,1.705431580543518
1219,[O][=N+1][Branch1][C][O-1][C][N][C][Branch1][=Branch1][N+1][=Branch1][C][=O][O-1][N+1][=Branch1][C][O-1][C][N+1][=Branch1][C][C][O-1][N+1][=Branch1][O-1][C][O-1][C][Branch1][=Branch1][C][N+1][=Branch1][N+1][=Branch1][N][=O][O-1][N+1][Branch1][C][O-1][N+1][S][C][O-1][N+1][O-1][C][=O][N][N+1][=Branch1][C],C[N+]([O-])C[N+]([O-])C(NC[N+](=O)[O-])[N+](=O)[O-],2.116601054988479,0.706415966560467,0.340436214677962,0.8633595784664546,-1.1505772021392562,,0.4919991564822635,mols/page_0061.png,19,8.252717018127441,284.94268798828125,6646.099609375,1.6331535577774048
1220,[O][=N+1][Branch1][C][O-1][C][N][N][N][N][Branch1][=Branch1][N+1][=Branch1][C][=O][O-1][N+1][=Branch1][C][O-1][C],C[N+]([O-])N(NNNC[N+](=O)[O-])[N+](=O)[O-],1.5563039679725397,0.8716289155627757,0.4714616535733328,0.88908427894909,-1.0382134373794678,,0.5875850101257164,mols/page_0062.png,0,8.352993965148926,291.20184326171875,6674.150390625,1.6440924406051636
1221,[N][C][=N][NH1][C][Branch2][Ring1][=N][N][C][=C][Branch1][=Branch1][N+1][=Branch1][C][=O][O-1][C][=C][Branch1][=Branch1][N+1][=Branch1][C][=O][O-1][C][=C][Ring1][N][N+1][=Branch1][C][=O][O-1][=N][Ring2][Ring1][Branch1],Nc1n[nH]c(Nc2c([N+](=O)[O-])cc([N+](=O)[O-])cc2[N+](=O)[O-])n1,1.5292669435287096,-0.989069588326385,-0.8216469930375523,-0.9184381929189068,0.0347146765745084,,-0.8165829548510961,mols/page_0062.png,1,7.223632335662842,229.42935180664062,4703.18798828125,1.7485445737838745
1222,[O][=N+1][Branch1][C][O-1][C][N][N][N][N][=N][N][N][N][Branch1][=Branch1][N+1][=Branch1][C][=O][O-1][N+1][=Branch1][C][O-1][C][N+1][=Branch1][C][=N][O-1][N+1][=Branch1],N=[N+]([O-])C[N+]([O-])N(NNN=NNNNC[N+](=O)[O-])[N+](=O)[O-],1.786423335035418,1.5210907786458705,1.3433449151702328,1.3851691505718988,0.1674984206409188,,1.286926425746877,mols/page_0062.png,2,8.747188568115234,332.8521728515625,7215.09228515625,1.7614713907241821
1223,[O][=N+1][Branch1][C][O-1][C][N][C][N][N][Branch1][=Branch1][N+1][=Branch1][C][=O][O-1][N+1][=Branch1][C][O-1][N][N][=N][N][Branch1][=Branch1][C][=N][N][=N][N][=N][Branch1][=Branch1][N+1][Branch1][C][O-1],NN=NN=CN(N=NN[N+]([O-])N(NCNC[N+](=O)[O-])[N+](=O)[O-])N[N+][O-],1.9596423657706596,1.0995359897804104,0.864105477708825,1.119092153947448,-0.298122659434816,,0.9087349625078064,mols/page_0062.png,3,8.491323471069336,309.9586486816406,6924.9560546875,1.7161420583724976
1224,[O][=N+1][Branch1][C][O-1][C][C][N][Branch1][=Branch1][N+1][=Branch1][C][=O][O-1][N+1][=Branch1][C][O-1][C][N+1][=Branch1][C][NH1][O-1][N+1][=Branch1][N][=O][O-1][N+1][C][O-1][N+1][=Branch1],[NH][N+]([O-])C[N+]([O-])N(CC[N+](=O)[O-])[N+](=O)[O-],1.596601054988479,1.5195541040146436,1.2719842831547843,1.5910934793013252,-0.1397576136356977,,1.3203462271493174,mols/page_0062.png,4,8.746255874633789,329.4432373046875,7439.63671875,1.7315592765808105
1225,[O][=N+1][Branch1][C][O-1][C][=N][N][Branch1][=Branch1][N+1][=Branch1][C][=O][O-1][N+1][=Branch1][C][N+1][=Branch1][C][O-1][N+1][=Branch1][O-1][N+1][=Branch1][O][N+1][=Branch1][C][/C][O-1][N+1][=Branch1][=Branch1][C][=O][C][O-1][N+1][Branch1][C][O-1][N+1][O-1][C][O-1][C][N][Branch1][=Branch1][N][N+1][=Branch1][C],[N+][N+](C[O-])N(N=C[N+](=O)[O-])[N+](=O)[O-],1.536437499842364,1.6399520899986937,1.5703607021764792,1.665585312334474,0.5001875905734803,,1.518831082034931,mols/page_0062.png,5,8.819332122802734,343.69683837890625,7520.8642578125,1.7938594818115234
1226,[O][=N+1][Branch1][C][O-1][C][N][Branch1][=Branch1][N+1][=Branch1][C][=O][O-1][N+1][=Branch1][C][O-1][C][N+1][=Branch1][C][=Branch1][N+1][=Branch1][N][=O][O-1][N+1],O=N[N+]C[N+]([O-])N(C[N+](=O)[O-])[N+](=O)[O-],1.5563039679725397,1.8556301880866355,1.7131905684726725,1.8278786719052516,0.3879523996819572,,1.662151897870123,mols/page_0062.png,6,8.950239181518555,350.5198974609375,7697.83251953125,1.7829331159591675
1227,[O][=N+1][Branch1][C][O-1][C][N][C][N][Branch1][=Branch1][N+1][=Branch1][C][=O][O-1][N+1][=Branch1][C][O-1][C][=N][O][N+1][Branch1][=Branch1][N+1][=O][O-1][N+1][#Branch2][C][O-1][C][Branch1][=Branch1][N+1],O=[N+][N+](C[O-])ON=C[N+]([O-])N(CNC[N+](=O)[O-])[N+](=O)[O-],1.743903847312421,1.4962934381243729,1.2277806058318868,1.414755153315044,0.0196103083358913,,1.2488816031486718,mols/page_0062.png,7,8.732137680053711,327.33160400390625,7247.353515625,1.7470741271972656
1228,[O][=N+1][Branch1][C][O-1][C][N][C][Branch1][=Branch1][N+1][=Branch1][C][=O][O-1][N+1][=Branch1][C][O-1][C][N+1][=Branch1][C],[N+]C[N+]([O-])C(NC[N+](=O)[O-])[N+](=O)[O-],2.056437499842364,1.6108746863939012,1.3994897309808547,1.5842413805897029,0.034745289400286,,1.3897621855195987,mols/page_0062.png,8,8.80168342590332,335.53424072265625,7432.1650390625,1.7485475540161133
1229,[N][C][N][Branch1][=Branch1][N+1][=Branch1][C][=O][O-1][N+1][=Branch1][C][O-1],NCN([N+][O-])[N+](=O)[O-],1.4644996950521223,1.1488996982561357,0.9026650314206032,1.1925473506900852,-0.4479957073632564,,0.945110551958893,mols/page_0062.png,9,8.521285057067871,311.8006591796875,7005.05322265625,1.7015515565872192
1230,[O][=N+1][Branch1][C][O-1][C][C][N][Branch1][=Branch1][N+1][=Branch1][C][=O][O-1][N+1][=Branch1][C],[N+]N(CC[N+](=O)[O-])[N+](=O)[O-],1.4796683620478217,1.2695757940660826,0.9977986993093496,1.3660274263773018,-0.4238605555202775,,1.070868538342751,mols/page_0062.png,10,8.59453010559082,316.3452453613281,7194.2197265625,1.7039011716842651
1231,[O][=N+1][Branch1][C][O-1][C][N][N][Branch1][=Branch1][N+1][=Branch1][C][=O][O-1][N+1][=Branch1][C][O-1][N][N][N][C][Branch1][=Branch1][N+1][=Branch2][C][O-1][N][C][Branch1][N+1][=Branch1][C][O][N+1][=Branch1][C][Branch1][=Branch1][O-1][N+1][=Branch1][N+1][=Branch1],N[N+]C(CCO[N+][O-])NNN[N+]([O-])N(NC[N+](=O)[O-])[N+](=O)[O-],2.3292669435287103,0.1445673404656479,-0.1980604517500805,0.2965895455623924,-1.238082127854686,,-0.0185456723816197,mols/page_0062.png,11,7.9116997718811035,259.2184143066406,6028.0810546875,1.6246347427368164
1232,[O][=N+1][Branch1][C][O-1][C][C][N][Branch1][=Branch1][N+1][=Branch1][C][=O][O-1][N+1][=Branch1][C][N+1][=Branch1][C][O-1][C][Branch1][=Branch1][N+1][N][C][=O][O-1][N][N+1][=Branch1][C][N][N+1][=Branch1],[N+][N+](C[O-])N(CC[N+](=O)[O-])[N+](=O)[O-],1.556437499842364,1.181143154398681,0.9199851762247536,1.3044557086314648,-0.4285308482208925,,1.0042112812863555,mols/page_0062.png,12,8.540855407714844,312.6280517578125,7127.08056640625,1.7034465074539185
1233,[O][=N+1][Branch1][C][O-1][C][C][N][Branch1][=Branch1][N+1][=Branch1][C][=O][O-1][N+1][=Branch1][C][O-1][N+1][=Branch1][O-1][C][O-1][C][Branch1][=Branch1][N+1][N+1][C][O-1][C][N][N][Branch1][=Branch1][Branch1][=Branch1][N+1][=Branch2][C][N+1][=Branch1][C],C[N+]([O-])[N+]([O-])N(CC[N+](=O)[O-])[N+](=O)[O-],1.5763039679725397,1.0807957869924305,0.6849079069492693,1.1948964625605054,-0.9032157737528288,,0.8290629311343441,mols/page_0062.png,13,8.479948997497559,301.3982849121094,7007.61474609375,1.657234787940979
1234,[C][N+1][=Branch1][C][=O][O-1][N+1][=Branch1][C][O-1][N+1][=Branch1][N+1][=Branch1][C][C][O-1][C][N][C][Branch1][=Branch1][N+1][=Branch1][N+1][O-1][C][O-1][N][N][N][Branch1][=Branch1][N+1][=O][O-1][N+1],C[N+](=O)[O-],1.482440063862291,-0.8154701353934278,-1.333418239068382,-0.6663345161412848,-3.177718116195105,,-1.1215277116914768,mols/page_0062.png,14,7.3289995193481445,204.9817657470703,4978.08740234375,1.4358065128326416
1235,[/C][Ring1][#Branch2][O][=Branch2][=N+1][Branch1][=Branch2][O][Branch1][=N+1][Branch1][C][O-1][C][N][N][Branch1][=Branch1][N+1][=Branch1][C][=O][O-1][N+1][=Branch1][O-1][N+1][#N][/C][O-1][=Branch1][C@@H1][Branch1][\N+1][=Branch2][\N+1][Cl][C@@H1][S][/N][=Ring1][Cl][#Branch2][#Branch1][NH1][/N][=O],CO[N+](O[N+]([O-])CN)N([N+]([N+])NC[O-])[N+](=O)[O-],1.6384079534080929,0.7489054914864801,0.4484034761404244,0.8664005275156396,-0.9692096790509264,,0.5489664850078892,mols/page_0062.png,15,8.2785062789917,290.100341796875,6649.41552734375,1.6508101224899292
1236,[O][=N+1][Branch1][C][O-1][C][N][N][Branch1][=Branch1][N+1][=Branch1][C][=O][O-1][N+1][=Branch1][C][O-1][C][N+1][=Branch1][C][N][N][N+1][=Branch1][C][F][O-1][N+1][=Branch1][N][=O][O-1][N+1][N+1][=Branch1][C][N+1][=Branch1][O-1][=O][O-1][N+1][Branch1][C][O-1][N+1][=Branch1][N+1][=Branch1][O-1][C][O-1][C],N[N+](C[N+]([O-])N(NC[N+](=O)[O-])[N+](=O)[O-])N[N+]([O-])F,1.6598833105991515,2.0041785449224885,1.877851406603929,2.17716823234372,0.395181924617571,,1.8808929732808493,mols/page_0062.png,16,9.040401458740234,358.3858337402344,8078.70556640625,1.7836369276046753
1237,[O][=N+1][Branch1][C][O-1][C][N][N][N][Branch1][=Branch1][N+1][=Branch1][C][=O][O-1][N+1][=Branch1][C][O-1][N+1][=Branch1][N+1][=Branch1][O-1][C][O-1][N+1][Branch1][C][O-1][N+1][C][N+1][=Branch1][C][Cl][O-1][N+1][=Branch1],C[N+]([O-])[N+]([O-])N(NNC[N+](=O)[O-])[N+](=O)[O-],1.576601054988479,1.402705553605176,1.1067912939235771,1.387594386921536,-0.4102084597365448,,1.141391120677148,mols/page_0062.png,17,8.675333976745605,321.5518798828125,7217.73681640625,1.7052302360534668
1238,[O][=N+1][Branch1][C][O-1][C][N][C][Branch1][=Branch1][N+1][=Branch1][C][=O][O-1][N+1][=Branch1][C][O-1][N+1][=Branch1][N][C][O-1][N+1][N+1][C][O-1][C][N+1][=Branch1][C][N+1][=Branch1][N+1][=Branch1][O-1][C][O-1][N+1][Branch1][C][O-1][N+1][O-1][C][O-1][N][N+1][=Branch1][C],C[N+]([O-])[N+](C[O-])[N+]([O-])C(NC[N+](=O)[O-])[N+](=O)[O-],2.1584079534080933,1.1225656831034108,0.8186630957246982,1.230429130503647,-0.6816756516532048,,0.9093112817431656,mols/page_0062.png,18,8.505301475524902,307.787841796875,7046.3603515625,1.678802251815796
1239,[N][C][=N][N][Branch1][=Branch1][N+1][=Branch1][C][=O][O-1][N+1][=Branch1][C][O-1][C][N][N][Branch1][=Branch1][C][N+1][=Branch1][C][=N][O][N+1][=Branch1][C],[N+]ON(C[N+]=N)NC[N+]([O-])N(N=CN)[N+](=O)[O-],1.6384079534080929,0.7603881276879187,0.4724467400032531,0.7645450787414227,-0.6178846452980558,,0.5522382838895564,mols/page_0062.png,19,8.285475730895996,291.2489013671875,6538.35009765625,1.6850124597549438
1240,[O][=N+1][Branch1][C][O-1][C][C][N][Branch1][=Branch1][N+1][=Branch1][C][=O][O-1][N+1][=Branch1][C][O-1][C][N][N+1][=Branch1][C][Branch1][=Branch1][N+1][=Branch2][O-1][C][N+1][=Branch1][C][N][O-1][N+1][=Branch1][N+1][=Branch1][=O][O-1][N+1],[N+][N+][N+](CN[O-])NC[N+]([O-])N(CC[N+](=O)[O-])[N+](=O)[O-],1.701719749037849,1.2966907164700543,1.0080111452683034,1.370791027612058,-0.5025955189069696,,1.0742323245887155,mols/page_0063.png,0,8.610987663269043,316.8330993652344,7199.4140625,1.6962361335754395
1241,[O][=N+1][Branch1][C][O-1][C][N][N][N][Branch1][=Branch1][N+1][=Branch1][C][=O][O-1][N+1][=Branch1][C][O-1][N+1][=Branch1][N][=O][O-1][N+1][Branch1][C][O-1],O=[N+][N+]([O-])N(NNC[N+](=O)[O-])[N+](=O)[O-],1.5363039679725397,1.6978177886887025,1.5520216125891102,1.5689255831623323,0.3654287069879057,,1.4765729542831767,mols/page_0063.png,1,8.854454040527344,342.8207702636719,7415.46435546875,1.7807403802871704
1242,[=Branch2][C][=N+1][Branch1][C][N][C][Branch1][=Branch1][N+1][=Branch1][C][=O][O-1][N+1][=Branch1][C][F][O-1][NH1][C][C][Branch1][=Branch1][C][N+1][=Branch1][=N+1][=Branch1][N+1][=Branch1][=O][C][=O][O-1][N][N+1][O][Branch1][=O][O-1][O][=N+1],C=[N+](N)C([N+]([O-])F)[N+](=O)[O-],1.979668362047822,1.3144583204883724,1.124409775538865,1.377082044132747,-0.0267815923603592,,1.1578716824238722,mols/page_0063.png,2,8.621771812438965,322.3935241699219,7206.27392578125,1.7425577640533447
1243,[=N+1][O][=N+1][Branch1][C][O-1][C][N][Branch1][=Branch1][N+1][=Branch1][C][=O][O-1][N+1][=Branch1][C][O-1][C][Branch1][=Branch1][N+1][N][C][=O][O-1][C][Branch1][=Branch2][N+1][=Branch1][C][C][O-1][N+1][=Branch1][N][=O][O-1][N+1][C][O][C],C[N+]([O-])C(=O)C([N+]NC=O)[N+]([O-])N(C[N+]([O-])O[N+])[N+](=O)[O-],2.2864233350354186,0.6859851074297463,0.4100777367174601,0.590998729978182,-0.788777683918357,,0.4315374346362387,mols/page_0063.png,3,8.240316390991211,288.2695007324219,6349.111328125,1.6683756113052368
1244,[=Branch2][=C][Branch1][O][=N+1][Branch1][C][O-1][N][=N][O][C][Branch1][=N+1][Branch1][O][N+1][=Branch1][C][=O][O-1][N+1][=Branch1][C],CON=N[N+]([O-])CO[N+](=O)[O-],1.498091503851731,0.6832872849943508,0.3758054171374559,0.6698247326250932,-0.8991405943853283,,0.4427890091444562,mols/page_0063.png,4,8.238678932189941,286.6322937011719,6435.06494140625,1.657631516456604
1245,[O][=N+1][Branch1][C][O-1][C][C][N][N][Branch1][=Branch1][N+1][=Branch1][C][=O][O-1][N+1][=Branch1][C][O-1][C][N][Branch1][=Branch1],NC[N+]([O-])N(NCC[N+](=O)[O-])[N+](=O)[O-],1.5763039679725397,0.685575013279695,0.2962127334125694,0.8371440989883978,-1.1397965894134527,,0.46632491732708,mols/page_0063.png,5,8.240067481994629,282.8301086425781,6617.513671875,1.6342030763626099
1246,[O][=N+1][Branch1][C][O-1][C][N][N][Branch1][=Branch1][N+1][=Branch1][C][=O][O-1][N+1][=Branch1][C][O-1][N][N][N][Branch1][N+1][=Branch1][C][/C],CCNNN[N+]([O-])N(NC[N+](=O)[O-])[N+](=O)[O-],1.617308431519336,-0.240036551362424,-0.5240758278711845,0.0039003265858487,-1.6339084141837887,,-0.3528588055924415,mols/page_0063.png,6,7.678262233734131,243.6444854736328,5708.92626953125,1.5861001014709473
1247,[O][=N+1][Branch1][C][O-1][C][C][Branch1][=Branch1][N+1][=Branch1][C][=O][O-1][N+1][=Branch1][C][O-1][C][Branch1][=Branch1],C[N+]([O-])C(C[N+](=O)[O-])[N+](=O)[O-],2.018091503851731,0.6472524220162728,0.238242121871265,0.8444453321273996,-1.3412620448812251,,0.4250255643347218,mols/page_0063.png,7,8.21680736541748,280.0608215332031,6625.47509765625,1.6145899295806885
1248,[O][=N+1][Branch1][=N+1][O-1][C][N][C][Branch1][=Branch1][N+1][=Branch1][C][=O][O-1],O=[N+]([O-])CNC[N+](=O)[O-],1.481790468830701,1.0245578949669936,0.8042867111469243,0.9104157013988062,-0.2066613321159026,,0.8007112988764117,mols/page_0063.png,8,8.445815086364746,307.10107421875,6697.41064453125,1.7250460386276245
1249,[O][=N+1][Branch1][C][O-1][C][C][N][N][Branch1][=Branch1][N+1][=Branch1][C][=O][O-1][N+1][=Branch1][C][=N][O-1][N+1][=Branch1],N=[N+]([O-])N(NCC[N+](=O)[O-])[N+](=O)[O-],1.536437499842364,1.1834811624265602,0.8861990114911629,1.1707681371861522,-0.4967717349310585,,0.9360501248607858,mols/page_0063.png,9,8.542274475097656,311.0140686035156,6981.3046875,1.696803092956543
1250,[O][=N+1][NH1][=Branch1][C][=O][O-1][=N+1][Branch1][C][O-1][C][N][N][Branch1][=Branch1][N+1][=Branch1][C][=O][=Branch1][N+1][=Branch1][O-1][C][=O][O-1][N+1][=Branch1][=Branch1][=O][O-1][N+1][#Branch2][O-1][=Branch1][N+1][=Branch1][\N+1],O=CN[N+]=O,1.4767229808842466,-0.664499709085145,-0.7249500913653977,-0.9305876598019116,-0.8280245510781398,,-0.8023999691412143,mols/page_0063.png,10,7.4206318855285645,234.04861450195312,4689.93994140625,1.6645548343658447
1251,[O][=N+1][Branch1][C][O-1][C][N][N][N][Branch1][=Branch1][N+1][=Branch1][C][=O][O-1][N+1][=Branch1][C][O-1][N][N+1][=Branch1][C][N+1][=Branch1][C][N][O-1][N+1][=Branch1][N+1][=Branch1][=O][O-1],[N+][N+](CN[O-])N[N+]([O-])N(NNC[N+](=O)[O-])[N+](=O)[O-],1.6598833105991515,1.8294925781781883,1.6858323801708963,1.835791587624313,0.2040268688716597,,1.6335505615241623,mols/page_0063.png,11,8.934374809265137,349.2129821777344,7706.4609375,1.7650275230407715
1252,[O][=N+1][Branch1][C][O-1][C][=N][O][N][=C][Ring1][Branch1][C][=N][O][N+1][Branch1][C][O-1][=C][Ring1][=Branch1][C][=N][O][N][=C][Ring1][Branch1][N+1][=Branch1][C][=O][O-1],O=[N+]([O-])c1nonc1-c1no[n+]([O-])c1-c1nonc1[N+](=O)[O-],1.3492669435287097,1.8026950466489688,2.0895766334933508,2.0936211686122026,2.128515631017373,,2.023367950582198,mols/page_0063.png,12,8.918109893798828,368.50006103515625,7987.60400390625,1.9523811340332031
1253,[O][=N+1][Branch1][C][O-1][C][=C][C][Branch1][=Branch1][N+1][=Branch1][C][=O][O-1][=C][Branch2][Ring2][=N][N][C][=N][N][Branch2][Ring1][N][C][=C][Branch1][=Branch1][N+1][=Branch1][C][=O][O-1][C][=C][Branch1][=Branch1][N+1][=Branch1][C][=O][O-1][C][=C][Ring1][N][N+1][=Branch1][C][=O][O-1][C][=C][Ring2][Ring1][Ring2][N+1][=Branch1][C][=O][O-1][C][Branch1][=Branch1][N+1][=Branch1][C][=O][O-1][=C][Ring2][Ring2][Ring2],O=[N+]([O-])c1cc([N+](=O)[O-])c(Nc2nn(-c3c([N+](=O)[O-])cc([N+](=O)[O-])cc3[N+](=O)[O-])cc2[N+](=O)[O-])c([N+](=O)[O-])c1,2.1193737172742675,-0.6396010234576002,-0.5141016680590274,-0.6358094955574475,0.2835883785543443,,-0.5143906332467014,mols/page_0063.png,13,7.435744285583496,244.12095642089844,5011.37255859375,1.772773027420044
1254,[N][N][C@@H1][N][NH1][/N][/C][#N+1][Branch2][/N+1][NH1][/N+1][Ring1][\N+1][=Branch1][=N+1][#N][O][P][=N+1][=O][O-1][/N+1][=Branch1][/N+1][#N][#Branch1][/N+1][C@@H1][NH1][#N][=Branch1][=N+1][=O][=Branch2][O-1][Branch1][#Branch2][C][/N][N][N][#N+1][=N][N][/C][=Ring2][=Branch2][/N+1][F][Ring1],NN[CH]NNNC#[N+][N+]N[N+](N)OP=[N+]=O,1.597308431519336,-0.7087278132335024,-0.9345559769894108,-0.4766390307987765,-1.643460840339399,,-0.7658226439091789,mols/page_0063.png,14,7.393787384033203,224.03562927246094,5184.935546875,1.5851701498031616
1255,[O][=N+1][Branch1][C][O-1][C][N][N][N][Branch1][=Branch1][N+1][=Branch1][C][=O][O-1][N+1][=Branch1][C][O-1][C][Branch1][=Branch1][N+1][O-1][C][O-1][C][N+1][=Branch1][C][N+1][=Branch1][N+1][=Branch1][=O][O-1][N+1][#C][C][O-1][N+1][=Branch1][N+1][C][O-1][N+1][C][O-1][N][N][C][Branch1][=Branch1][Branch1][=Branch1][N+1][Branch1][C][O-1][N+1][#C][O-1][C][N][N+1][=Branch1][C][=N][O-1][N+1][=Branch1],[N+][N+](C([N+][O-])[N+]([O-])N(NNC[N+](=O)[O-])[N+](=O)[O-])[N+]([O-])[N+]#CC[O-],2.3724242818454764,1.7788797323488583,1.6752819895158158,1.8237191408026332,0.3239103681554327,,1.6254191236027653,mols/page_0063.png,15,8.903655052185059,348.708984375,7693.296875,1.7766984701156616
1256,[C][C][=C][Branch1][=Branch1][N+1][=Branch1][C][=O][O-1][C][=C][Branch1][=Branch1][N+1][=Branch1][C][=O][O-1][C][=C][Ring1][N][N+1][=Branch1][C][=O][O-1],Cc1c([N+](=O)[O-])cc([N+](=O)[O-])cc1[N+](=O)[O-],1.537308431519336,-1.523508684150816,-1.3870447599978457,-1.2717690676216795,-1.1060183974505622,,-1.3469478278308933,mols/page_0063.png,16,6.899251461029053,202.4199981689453,4317.908203125,1.6374914646148682
1257,[O][=N+1][Branch1][C][O-1][C][N][C][Branch1][=Branch1][N+1][=Branch1][C][=O][O-1][N+1][=Branch1][C][O-1][N+1][=Branch1][N+1][=Branch1][O-1][C][O-1][C][Branch1][=Branch1][N][N+1][=Branch1][C][N][O-1][C][Branch1][N+1][=Branch1][C][N+1][=Branch1][C][C][O-1][N+1][N+1][=Branch1][C][Branch1][O-1][N+1][=Branch1][O-1][=O][O-1][N+1][Branch1][C][O-1][N+1][=C][N][=O][Branch1][=Branch1][N+1][N][C][=O][O-1][C][Branch1][N][N+1][=Branch1][N+1][O-1][C][O-1][N+1][N][C][O-1][C][N+1][=Branch1][N+1][=O][O-1][N+1][C][O-1][C][=Branch1][N+1][=Branch1][N+1],C[N+]([O-])[N+]([O-])C(NC[N+](=O)[O-])[N+](=O)[O-],2.07630396797254,1.1920397173511956,0.8738477397427323,1.2874915923335228,-0.6386095283494215,,0.967607548371949,mols/page_0063.png,17,8.547469139099121,310.4240417480469,7108.58251953125,1.6829948425292969
1258,[O][=N+1][Branch1][C][O-1][C][C][N][Branch1][=Branch1][N+1][=Branch1][C][=O][O-1][N+1][=Branch1][C][O-1][C][N][N+1][=Branch1][C][Branch1][=Branch1][N+1][=Branch2][O-1][C][N+1][=Branch1][C][N][O-1][N+1][=Branch1][N+1][=Branch1][=O][O-1][N+1],[N+][N+][N+](CN[O-])NC[N+]([O-])N(CC[N+](=O)[O-])[N+](=O)[O-],1.701719749037849,1.2966907164700543,1.0080111452683034,1.370791027612058,-0.5025955189069696,,1.0742323245887155,mols/page_0063.png,18,8.610987663269043,316.8330993652344,7199.4140625,1.6962361335754395
1259,[O][=N+1][Branch1][C][O-1][C][=C][C][Branch1][=Branch1][N+1][=Branch1][C][=O][O-1][=C][C][Branch1][=Branch1][N+1][=Branch1][C][=O][O-1][=C][Ring1][N],O=[N+]([O-])c1cc([N+](=O)[O-])cc([N+](=O)[O-])c1,1.496601054988479,-0.9103849337429634,-0.8082211976995458,-0.8683603759527014,-0.2654734684865995,,-0.8035430300903679,mols/page_0063.png,19,7.271390438079834,230.07070922851562,4757.7939453125,1.71932053565979
1260,[C][N][=N+1][Branch1][C][C][N][C][Branch1][=Branch1][N+1][=Branch1][C][=O][O-1][N+1][=Branch1][C][O-1][=Branch1][N+1][=Branch1][N+1][=Branch1][=O][O-1][C][N][Branch1][=Branch1][N+1][=O][O-1][N+1][N][N][=O][=Branch1],CN=[N+](C)NC([N+]([O-])[N+]([O-])CN(N=O)[N+]=O)[N+](=O)[O-],2.2017197490378493,0.1625313497282434,-0.0971459491633124,0.3430183132277866,-1.2120159189616624,,0.0323520835361811,mols/page_0064.png,0,7.922603130340576,264.0391540527344,6078.7080078125,1.6271723508834839
1261,[O][=N+1][Branch1][C][O-1][C][N][C][Branch1][=Branch1][N+1][=Branch1][C][=O][O-1][N+1][=Branch1][C][O-1][C][Branch1][=Branch1],C[N+]([O-])C(NC[N+](=O)[O-])[N+](=O)[O-],2.037024615544936,0.5600217824438495,0.220218617690109,0.6885361296165882,-1.1857378693142586,,0.351900764948699,mols/page_0064.png,1,8.163862228393555,279.1998291015625,6455.46826171875,1.6297305822372437
1262,[Branch1][C][N][N][=N][N][N][Branch2][#Branch1][=Ring1][#Branch2][C][=C][Branch1][N][C][N][Branch1][=Branch1][N+1][=Branch1][C][=O][O-1][N+1][=Branch1][C][N][O-1][N][Ring1][=Branch1][N+1][=Branch1][=Branch1][C][=O][F][O-1][N+1][=Branch1][O][=O][O-1][N+1][#Branch1][Ring2][Ring1][=Branch1][N+1][#C],CNN=NNNC=C([O-])CN([N+]N)[N+](=O)[O-],1.637308431519336,-0.9409110224295466,-1.1930149945647002,-0.7116953021423724,-2.0713803887005997,,-1.0252976639755709,mols/page_0064.png,2,7.252862453460693,211.68890380859375,4928.625,1.543511152267456
1263,[O][=N+1][Branch1][C][O-1][C][N][N][N][Branch1][=Branch1][N+1][=Branch1][C][=O][O-1][N+1][=Branch1][C][O-1][N][C][Branch1][=Branch1][N+1][S][C][O-1][C][=N][N][Branch1][=Branch1],NN=C([N+]SC[O-])N[N+]([O-])N(NNC[N+](=O)[O-])[N+](=O)[O-],1.743903847312421,1.2493146290664174,1.2119495897360009,1.2477787948992694,0.172894849568976,,1.13171705761721,mols/page_0064.png,3,8.582232475280762,326.5753479003906,7065.27880859375,1.7619967460632324
1264,[C][N][C][Branch1][=Branch1][N+1][=Branch1][C][=O][O-1][=N][N][=C][Ring1][Branch2][N+1][=Branch1][C][=O][O-1],Cn1c([N+](=O)[O-])nnc1[N+](=O)[O-],1.3770246155449355,0.3445997967944455,0.2204441270998119,0.3388771415583915,0.0326685152995405,,0.280078689126875,mols/page_0064.png,4,8.033110618591309,279.2106018066406,6074.1923828125,1.7483453750610352
1265,[O][=N+1][Branch1][C][O-1][C][N][N][Branch1][=Branch1][N+1][=Branch1][C][=O][O-1][N+1][=Branch1][C][O-1][C][Branch1][=Branch1][N+1][=O][O-1][N+1][=N][C][=O][O-1][C][Branch1][P][N+1][=Branch1][C][=Ring1][O-1][N+1][=Branch1][N+1][=Branch1][=O][O-1][C][N+1][=Branch1][C][C][O-1][C][N+1][Ring1][O-1][N+1][=Branch1][=O][N+1][=Branch1][C][N+1][=Branch1][=O][=O][O-1][N+1][Branch1][C][O-1][N+1][=Branch1][O][=O][O-1][N+1],O=CC([N+]=O)[N+]([O-])N(NC[N+](=O)[O-])[N+](=O)[O-],2.117308431519336,1.3181146005158422,1.1653151381810367,1.0938636059528846,0.1289213621091477,,1.0712950132662882,mols/page_0064.png,5,8.623991012573242,324.34759521484375,6897.4462890625,1.7577158212661743
1266,[O][=N+1][Branch1][C][O-1][C][N][N][N][N][Branch1][=Branch1][N+1][=Branch1][C][=O][O-1][N+1][=Branch1][C][O-1][C][Branch1][=Branch1][N+1][C][O-1][N][C][N][N][Branch1][N][N+1][=Branch1][C][N][C][Branch1][=Branch1][O-1][N+1][=Branch1][N][=O][O-1][N+1],N[N+](C[O-])N([O-])NC([N+]C[O-])[N+]([O-])N(NNNC[N+](=O)[O-])[N+](=O)[O-],2.4158857329053585,1.4709587328545322,1.2649468563636024,1.53478509760675,-0.1549672899949895,,1.2823937073477347,mols/page_0064.png,6,8.716760635375977,329.1070556640625,7378.23681640625,1.7300785779953003
1267,[O][=N+1][Branch1][C][O-1][C][N][C][N][Branch1][=Branch1][N+1][=Branch1][C][=O][O-1][N+1][=Branch1][C][O-1][N][N][N][N][Branch1][=Branch1][Branch1][=Branch1][N+1],[N+]NNNN[N+]([O-])N(CNC[N+](=O)[O-])[N+](=O)[O-],1.6184079534080928,1.4532068412557562,1.2479755164821085,1.5188737380772714,-0.2198542355129729,,1.2608596611140774,mols/page_0064.png,7,8.705986022949219,328.29632568359375,7360.88671875,1.7237616777420044
1268,[O][=N+1][Branch1][C][O-1][C][C][N][Branch1][=Branch1][N+1][=Branch1][C][=O][O-1][N+1][=Branch1][C][O-1][N+1][=Branch1][O-1][=O][O-1][N+1],O=[N+]([O-])CCN([N+]([O-])[N+](=O)[O-])[N+](=O)[O-],1.5563039679725397,1.4258420913810634,1.279910970847684,1.3510819521517683,0.3190515004480284,,1.248776196462697,mols/page_0064.png,8,8.689376831054688,329.8218994140625,7177.9228515625,1.7762254476547241
1269,[O][=N+1][Branch1][C][O-1][C][C][N][Branch1][=Branch1][N+1][=Branch1][C][=O][O-1][N+1][=Branch1][C][O-1][N][N][Branch1][=Branch1],NN[N+]([O-])N(CC[N+](=O)[O-])[N+](=O)[O-],1.536437499842364,1.2682182410176366,0.9720459080233906,1.4278091581275665,-0.4554285014620328,,1.0856468503650802,mols/page_0064.png,9,8.593706130981445,315.1150207519531,7261.587890625,1.700827956199646
1270,[O][=N+1][Branch1][C][O-1][C][N][C][Branch1][=Branch1][N+1][=Branch1][C][=O][O-1][N+1][=Branch1][C][O-1][C][Branch1][=Branch1],C[N+]([O-])C(NC[N+](=O)[O-])[N+](=O)[O-],2.037024615544936,0.5600217824438495,0.220218617690109,0.6885361296165882,-1.1857378693142586,,0.351900764948699,mols/page_0064.png,10,8.163862228393555,279.1998291015625,6455.46826171875,1.6297305822372437
1271,[O][=N+1][Branch1][C][O-1][C][Branch1][=Branch1][N+1][=Branch1][C][=O][O-1][N+1][=Branch1][C][O-1][C][N][N][N][Branch1][=Branch1][N+1][=N][C][=O][O-1][N][Branch1][=Branch1],NN([N+]=NC=O)NNC[N+]([O-])C([N+](=O)[O-])[N+](=O)[O-],1.6598833105991515,1.0505776617288742,0.8487050376529951,0.8686193321892828,0.0219001477040481,,0.8244584224915852,mols/page_0064.png,11,8.461607933044434,309.22296142578125,6651.8349609375,1.7472970485687256
1272,[N][C][C][Branch1][=Branch1][N+1][=Branch1][C][=O][O-1][N+1][=Branch1][C][O-1][C][N+1][=Branch1][C][N][C][N+1][=Branch1][N+1][=Branch1][O-1][=O][O-1][N+1][C][O-1][C][Branch1][=Branch1][N][N+1][=Branch1][C][N+1][=Branch1][O-1][N][N][N+1][=Branch1][N+1][=O][O-1][N+1],NCC([N+]([O-])C[N+](N)C[N+]([O-])O)[N+](=O)[O-],2.116601054988479,0.254902307353897,-0.0882923091942683,0.530807999843549,-1.3442437341119533,,0.1195513260661314,mols/page_0064.png,12,7.978668212890625,264.46209716796875,6283.47802734375,1.6142996549606323
1273,[O][=C][Branch2][Ring1][#Branch1][O][C][C][Branch1][=Branch1][N+1][=Branch1][C][=O][O-1][Branch1][=Branch1][N+1][=Branch1][C][=O][O-1][N+1][=Branch1][C][=O][O-1][N][Branch2][Ring2][#C][C][N][Branch2][Ring2][Branch1][C][N][Branch2][Ring1][O][C][=Branch1][C][=O][O][C][C][Branch1][=Branch1][N+1][=Branch1][C][=O][O-1][Branch1][=Branch1][N+1][=Branch1][C][=O][O-1][N+1][=Branch1][C][=O][O-1][N+1][=Branch1][C][=O][O-1][N+1][=Branch1][C][=O][O-1][N+1][=Branch1][C][=O][O-1],O=C(OCC([N+](=O)[O-])([N+](=O)[O-])[N+](=O)[O-])N(CN(CN(C(=O)OCC([N+](=O)[O-])([N+](=O)[O-])[N+](=O)[O-])[N+](=O)[O-])[N+](=O)[O-])[N+](=O)[O-],2.742240083696136,1.1228972151557512,1.1443210426256072,0.6383177062593589,0.8716754558964418,,0.9092991925387276,mols/page_0064.png,13,8.505502700805664,323.3446960449219,6400.708984375,1.8300247192382812
1274,[O][=N+1][Branch1][C][O-1][C][=N][N][N][Branch1][=Branch1][N+1][=Branch1][C][=O][O-1][N+1][=Branch1][C][N][O-1][N+1][=Branch1][=O][O-1][C][N][Branch1][=Branch1][=Branch1][N+1][=Branch1][=O][C][O-1][N+1][=Branch1][N+1][=Branch1][O-1][=O][O-1][N+1][#C][C][O-1][N][Branch1][=Branch1][N][N+1][=Branch1][C][O-1][C][N+1][=Branch1][C][C][N][Branch1][N+1][=Branch1][C][=Branch2][N+1][=Branch1][C][=N][O][N+1][Branch1][C][O-1][N+1][O-1][C][=O][O-1][N][Branch1][N+1][N][C][O-1][N][C][N][Branch1][#C][N+1][=Branch1][C][Branch1][=Branch1][N+1][N][C][N][N+1],N[N+]([O-])N(NN=C[N+](=O)[O-])[N+](=O)[O-],1.516437499842364,1.6972537128271374,1.5943624416437536,1.7120140799998682,0.3758750276562189,,1.545297173383292,mols/page_0064.png,14,8.854111671447754,344.8434143066406,7571.4912109375,1.7817573547363281
1275,[O][=N+1][Branch1][C][O-1][C][C][N][N][Branch1][=Branch1][N+1][=Branch1][C][=O][O-1][N+1][=Branch1][C][O-1][N+1][=Branch1][O-1][C][=O][O-1],C[N+](O[O-])[N+]([O-])N(NCC[N+](=O)[O-])[N+](=O)[O-],1.617308431519336,0.9248248831648428,0.5395821050618319,0.9524511910312814,-1.009054108569886,,0.6461768126121926,mols/page_0064.png,15,8.385281562805176,294.45599365234375,6743.2470703125,1.6469311714172363
1276,[O][=N+1][Branch1][C][O-1][C][N][N][N][N][Branch1][=Branch1][N+1][=Branch1][C][=O][O-1][N+1][=Branch1][C][O-1][C][C][Branch1][=Branch1][N+1][C][O-1][C][Branch1][=Branch1],O=[N+]([O-])CNNNN([N+]([O-])CC[N+]C[O-])[N+](=O)[O-],1.6798833105991515,0.6817631802987575,0.2950775203217987,0.6941679977054704,-1.062599614393822,,0.415617412797945,mols/page_0064.png,16,8.237753868103027,282.77587890625,6461.609375,1.6417183876037598
1277,[C][N][=N+1][Branch1][C][O-1][C][N][N][Branch1][=Branch1][N+1][=Branch1][C][=O][O-1][N+1][=Branch1][C][O-1][N+1][=Branch1][O-1][=O][O-1][N+1][NH1][C][O-1][N][C][Branch1][=Branch1][N+1][O-1][C][O-1][C][Branch1][=Branch1][=Branch1][N+1][=Branch1][=O][O-1][N+1][=O][O-1][N+1][=Ring2][=Branch1][=Branch1][C@@H1][=O][O-1][N+1][P][=Branch1],CN=[N+]([O-])CNN([N+]([O-])[N+](=O)[O-])[N+](=O)[O-],1.576601054988479,1.0572774374216676,0.7968391510950363,1.1044811796394145,-0.523561631025462,,0.8529654558823956,mols/page_0064.png,17,8.46567440032959,306.74530029296875,6909.02392578125,1.694195032119751
1278,[O][=N+1][Branch1][C][O-1][C][N][C][N][Branch1][=Branch1][N+1][=Branch1][C][=O][O-1][N+1][=Branch1][C][O-1][N][C][Branch1][=Branch1][N+1][C][O-1][N][N][C][Branch1][Branch1][N+1][=Branch1][C][C][O-1][N+1][=Branch1][O-1][=O][O-1][N+1][N][C][=O][N][N+1][=Branch1][C][=N][C][Branch1][=Branch1][=Branch1][N+1][=Branch1][N+1][=Branch1][O-1][C][N+1][=Branch1][C][Cl][N+1][=Branch1][C][N+1][=Branch1][N+1][O-1][C][O-1][N+1][C][O-1][C][N+1][C][N][O-1][N+1][=Branch1][N+1][=O][O-1][N+1][C][N][N+1][=Branch1][N+1][C][C][O-1][C][Branch1][=Branch1][N],C[N+]C([O-])C([N+]C[O-])N[N+]([O-])N(CNC[N+](=O)[O-])[N+](=O)[O-],2.786423335035418,0.1790089641021469,-0.1171594301468043,0.267586118980783,-1.2034737160567095,,0.0021494594754779,mols/page_0064.png,18,7.9326043128967285,263.0830993652344,5996.455078125,1.6280039548873901
1279,[O][=N+1][Branch1][C][O-1][C][N][N][Branch1][=Branch1][N+1][=Branch1][C][=O][O-1][N+1][=Branch1][C][O-1][N+1][=Branch1][O-1][=O][N][N+1][=Branch1][C][Branch1][O-1][N+1][=Branch1][N][C][=O][N][N+1][S][C][=O][O-1],[N+][N+](NC=O)N[N+](=O)[N+]([O-])N(NC[N+](=O)[O-])[N+](=O)[O-],1.701719749037849,1.4546979498703108,1.36568120695735,1.3094355929454076,0.4156704766539344,,1.270436074050472,mols/page_0064.png,19,8.706891059875488,333.919189453125,7132.5107421875,1.785631537437439
1280,[C][=N+1][Branch1][C][O-1][C][N][N][N][N][Branch1][=Branch1][N+1][=Branch1][C][=O][O-1][N+1][=Branch1][C][O-1][N][N+1][=Branch1][C][N+1][=Branch1][C][Branch1][N+1][=Branch1][C][=C][Branch1][=Branch1][N+1][=Ring2][C][=O][O-1],C=[N+]([O-])CNNNN([N+]([O-])N[N+]([N+])CC=C=[N+][O-])[N+](=O)[O-],1.786423335035418,0.572825833128787,0.2501768719904426,0.6665195868539204,-1.0449176462247396,,0.3678667463989016,mols/page_0065.png,0,8.17163372039795,280.6309509277344,6431.4609375,1.643439769744873
1281,[N][=N+1][Branch1][C][O-1][C][N][Branch1][=Branch1][N+1][=Branch1][C][=O][O-1][N+1][=Branch1][C][O-1][N+1][=Branch1][O-1][C][O-1][C][Branch1][=Branch1][N+1],C[N+]([O-])[N+]([O-])N(C[N+](=N)[O-])[N+](=O)[O-],1.536437499842364,1.323830778745294,1.007878906039384,1.333684374113345,-0.430094551361607,,1.0733917157053467,mols/page_0065.png,1,8.627460479736328,316.8267822265625,7158.9521484375,1.703294277191162
1282,[O][=N+1][Branch1][C][O-1][C][C][N][Branch1][=Branch1][N+1][=Branch1][C][=O][O-1][N+1][=Branch1][C][O-1][C][N+1][=Branch1][C][Branch1][=Branch1][N+1][O][C][Branch1][=Branch1],CO[N+][N+]C[N+]([O-])N(CC[N+](=O)[O-])[N+](=O)[O-],1.637308431519336,0.5319091213989479,0.115936167205455,0.686536742559511,-1.4509833105199,,0.2914776881229152,mols/page_0065.png,2,8.146799087524414,274.21820068359375,6453.2880859375,1.6039083003997803
1283,[O][=N+1][Branch1][C][O-1][C][N][N][Branch1][=Branch1][N+1][=Branch1][C][=O][O-1][N+1][=Branch1][C][O-1][C][Branch1][=Branch1][N+1][#Branch2][C][O-1][N][N+1][=Branch1][C][=N][O][N+1][Branch2][/N+1][=Branch1][Ring2][F],[N+]O[N+](=N)C([N+]N)[N+]([O-])N(NC[N+](=O)[O-])[N+](=O)[O-],2.159883310599152,1.80746533722198,1.6582161017798287,1.748733842027738,0.2890546047251742,,1.5948193570340647,mols/page_0065.png,3,8.921005249023438,347.89373779296875,7611.53125,1.7733051776885986
1284,[O][=N+1][Branch1][C][O-1][C][N][C][Branch1][=Branch1][N+1][=Branch1][C][=O][O-1][N+1][=Branch1][C][O-1][C][N+1][=Branch1][C],[N+]C[N+]([O-])C(NC[N+](=O)[O-])[N+](=O)[O-],2.056437499842364,1.6108746863939012,1.3994897309808547,1.5842413805897029,0.034745289400286,,1.3897621855195987,mols/page_0065.png,4,8.80168342590332,335.53424072265625,7432.1650390625,1.7485475540161133
1285,[O][=N+1][Branch1][C][O-1][C][N][N][Branch1][=Branch1][N+1][=Branch1][C][=O][O-1][N+1][=Branch1][C][O-1][N][C],CN[N+]([O-])N(NC[N+](=O)[O-])[N+](=O)[O-],1.536437499842364,0.6322470613534732,0.3299420416660934,0.6965009890979389,-0.9498158416643664,,0.4241660872276306,mols/page_0065.png,5,8.2076997756958,284.4413757324219,6464.1533203125,1.6526981592178345
1286,[O][=N+1][Branch1][C][O-1][C][N][N][Branch1][=Branch1][N+1][=Branch1][C][=O][O-1][N+1][=Branch1][C][O-1][C][Branch1][=Branch1][N+1][#Branch1][C][C][O-1][N+1][=Branch1][O-1][=O][O-1][N+1][=Ring2][=Branch1][C][=O][N+1][=Branch1][C][#N][=O][O-1][N+1][Ring1][C][O-1][C][O][N+1][=Branch1][C][NH1][C][N+1][=Branch1][C][C][O-1][N][N+1][=Branch1][C][=Branch2][O-1][N+1][=Branch1][N+1][=Branch1][O-1][C][=O][O-1],C[N+]([O-])C([N+]([O-])N(NC[N+](=O)[O-])[N+](=O)[O-])[N+](=O)[O-],2.159883310599152,1.5664431064124722,1.3302602587126269,1.628420893789767,-0.0765311077878858,,1.367891088018393,mols/page_0065.png,6,8.774715423583984,332.22711181640625,7480.33935546875,1.7377145290374756
1287,[N][C][=C][Branch1][=Branch1][N+1][=Branch1][C][=O][O-1][C][Branch1][C][N][=C][Branch1][=Branch1][N+1][=Branch1][C][=O][O-1][C][Branch1][#Branch2][N][C][C][O][N+1][=Branch1][C][=O][O-1][=C][Ring2][Ring1][Ring2][N+1][=Branch1][C][=O][O-1],Nc1c([N+](=O)[O-])c(N)c([N+](=O)[O-])c(NCCO[N+](=O)[O-])c1[N+](=O)[O-],1.755885732905358,-0.520709858507647,-0.493177844557613,-0.3871560488525644,-0.2200281163633891,,-0.4303371569436797,mols/page_0065.png,7,7.507905960083008,245.12049865722656,5282.509765625,1.7237447500228882
1288,[O][=N+1][Branch1][C][O-1][C][C][Branch1][=Branch1][N+1][=Branch1][C][=O][O-1][N+1][=Branch1][C][O-1][C][N+1][=Branch1][C][N+1][=Branch1][N+1][=Branch1][O-1][=O][O-1][N+1][#C][C][=O][O-1][N][N][Branch1][=Branch1][N+1][=O][O-1][N+1][C][O-1][C][N][Branch1][=Branch1][=Branch1][N+1][=Branch1][N+1][=O][C][O-1][N+1][=Branch1][=O][O-1][N+1][O-1][C][O-1][C][Branch1][=Branch1],[N+][N+](C[N+]([O-])C(C[N+](=O)[O-])[N+](=O)[O-])[N+](=O)[O-],2.117308431519336,1.7230000834889838,1.615056922714337,1.741460819725152,0.5422692054002592,,1.5853254999809168,mols/page_0065.png,8,8.869738578796387,345.8320007324219,7603.6005859375,1.7979562282562256
1289,[O][=N+1][Branch1][C][O-1][C][N][N][Branch1][=Branch1][N+1][=Branch1][C][=O][O-1][N+1][=Branch1][C][O-1][C][Branch1][=Branch1][N+1],[N+]C[N+]([O-])N(NC[N+](=O)[O-])[N+](=O)[O-],1.536437499842364,1.8176564125370505,1.6491963642285672,1.7723937779593806,0.2690325921536599,,1.6025739645905226,mols/page_0065.png,9,8.927190780639648,347.4628601074219,7637.33056640625,1.7713559865951538
1290,[N][C][=N][NH1][C][Branch2][Ring1][=N][N][C][=C][Branch1][=Branch1][N+1][=Branch1][C][=O][O-1][C][=C][Branch1][=Branch1][N+1][=Branch1][C][=O][O-1][C][=C][Ring1][N][N+1][=Branch1][C][=O][O-1][=N][Ring2][Ring1][Branch1],Nc1n[nH]c(Nc2c([N+](=O)[O-])cc([N+](=O)[O-])cc2[N+](=O)[O-])n1,1.5292669435287096,-0.989069588326385,-0.8216469930375523,-0.9184381929189068,0.0347146765745084,,-0.8165829548510961,mols/page_0065.png,10,7.223632335662842,229.42935180664062,4703.18798828125,1.7485445737838745
1291,[N][C][Branch1][=Branch1][N+1][=Branch1][C][=O][O-1][N+1][=Branch1][C][C][O-1][N+1][=Branch1][N+1][=Branch1][O-1][=O][O-1][N+1][=C][C][=O][O-1][Branch1][=Branch1][N+1][=Branch2][O-1][C][=O][O-1][N][N][Branch1][=Branch1][N+1][O][C][O-1][N+1][C][N][O-1][N+1][=Branch1][=O][O-1][N+1][O][C][=O][O-1],C[N+]([O-])C(N)[N+](=O)[O-],1.9844996950521223,-0.4819591038116999,-0.8313355927756663,-0.205125850776136,-2.168904280036488,,-0.6272644424609448,mols/page_0065.png,11,7.531425952911377,228.96652221679688,5480.99951171875,1.5340169668197632
1292,[O][=N+1][Branch1][C][O-1][C][N][N][Branch1][=Branch1][N+1][=Branch1][C][=O][O-1][N+1][=Branch1][C][O-1][N+1][=Branch1][=O][O-1][N+1][#C][C][O-1][N+1][C][O-1][C][Branch1][=Branch1][N+1][=Ring2][C][O-1][N+1][N][C][Branch1][=Branch1],O=[N+]([O-])CNN([N+]([O-])[N+]([O-])[N+]#CC[O-])[N+](=O)[O-],1.6384079534080929,1.4591602770202952,1.3037459738958863,1.4891292173009336,0.1549741013588291,,1.3018756597853018,mols/page_0065.png,12,8.709599494934082,330.96051025390625,7328.45263671875,1.7602521181106567
1293,[O][=N+1][Branch1][C][O-1][C][N][C][Branch1][=Branch1][N+1][=Branch1][C][=O][O-1][N+1][=Branch1][C][O-1][C][Branch1][=Branch1],C[N+]([O-])C(NC[N+](=O)[O-])[N+](=O)[O-],2.037024615544936,0.5600217824438495,0.220218617690109,0.6885361296165882,-1.1857378693142586,,0.351900764948699,mols/page_0065.png,13,8.163862228393555,279.1998291015625,6455.46826171875,1.6297305822372437
1294,[C][C][O][C][=Branch1][C][=O][C][N][Branch1][=Branch1][N+1][=Branch1][C][=O][O-1][C][=Branch1][C][=O][N][Branch1][=Branch1][N+1][=Branch1][C][=O][O-1][C][Ring1][N][Branch1][Branch2][C][=Branch1][C][=O][O][C][C][N][Branch1][=Branch1][N+1][=Branch1][C][=O][O-1][C][=Branch1][C][=O][N][Ring2][Ring1][Branch2][N+1][=Branch1][C][=O][O-1],CCOC(=O)C12N([N+](=O)[O-])C(=O)N([N+](=O)[O-])C1(C(=O)OCC)N([N+](=O)[O-])C(=O)N2[N+](=O)[O-],2.1535676759431466,-0.4574233750755798,-0.4311790472291085,-0.7312167531509453,-0.1534476693233945,,-0.5299820737688896,mols/page_0065.png,14,7.546318054199219,248.08221435546875,4907.33837890625,1.7302265167236328
1295,[=C][N][Branch1][=Branch1][N+1][=Branch1][C][=O][O-1][N+1][=Branch1][C][C][O-1][N+1][=Branch1][N+1][=Branch1][O-1][C][=O][O-1],CN([N+](C)[O-])[N+](=O)[O-],1.4844996950521223,-0.8370676416751568,-1.2758782035671334,-0.4677329145214625,-2.953299163959365,,-1.0106595435150942,mols/page_0065.png,15,7.315890789031982,207.73048400878906,5194.64697265625,1.4576542377471924
1296,[N][N][N][=C][Branch1][=Branch1][N+1][=Branch1][C][=O][O-1][C][=C][Ring1][Branch2][N+1][=Branch1][C][=O][O-1],Nn1nc([N+](=O)[O-])cc1[N+](=O)[O-],1.3770246155449355,0.8683984421048996,0.8485306351916668,0.96891691588588,0.7288139695840793,,0.8896804326369016,mols/page_0065.png,16,8.351033210754395,309.2146301269531,6761.20166015625,1.8161168098449707
1297,[O][=N+1][Branch1][C][O-1][C][N][N][Branch1][=Branch1][N+1][=Branch1][C][=O][O-1][N+1][=Branch1][C][N][O-1][N][N][Branch1][C][N][N][=N][O][N+1][Branch1][C][O-1],N[N+]([O-])N(NC[N+](=O)[O-])[N+](=O)[O-],1.4970246155449356,1.7496043522578342,1.6236748318840033,1.8134414405262536,0.2463350186091922,,1.59332987410688,mols/page_0065.png,17,8.885886192321777,346.2436828613281,7682.08984375,1.7691463232040405
1298,[N][=N+1][Branch1][C][O-1][C][N][N][Branch1][=Branch1][N+1][=Branch1][C][=O][O-1][N+1][=Branch1][C][O-1][C][N+1][=Branch1][C][C][O-1][N+1][=Branch1][=O][O-1][N+1][=Branch2][C][O-1][N+1][#Branch1][C][O-1][N+1][C][O-1][C][C][N][Branch1][=Branch1][N][N+1][=Branch1][C][NH1][C][O-1][N+1][=Branch2],C[N+]([O-])C[N+]([O-])N(NC[N+](=N)[O-])[N+](=O)[O-],1.596601054988479,0.9441794415569228,0.5784546888324044,1.0993454640386042,-1.1323895100883294,,0.7071577672039406,mols/page_0065.png,18,8.397028923034668,296.3129577636719,6903.423828125,1.6349241733551025
1299,[O][=C][Branch2][Ring1][S][C][N][Branch2][Ring1][=Branch1][C][C][Branch1][=Branch1][N+1][=Branch1][C][=O][O-1][Branch1][=Branch1][N+1][=Branch1][C][=O][O-1][N+1][=Branch1][C][=O][O-1][N+1][=Branch1][C][=O][O-1][N][Branch2][Ring2][=C][C][N][Branch2][Ring2][Ring2][C][=Branch1][C][=O][C][N][Branch2][Ring1][=Branch1][C][C][Branch1][=Branch1][N+1][=Branch1][C][=O][O-1][Branch1][=Branch1][N+1][=Branch1][C][=O][O-1][N+1][=Branch1][C][=O][O-1][N+1][=Branch1][C][=O][O-1][N+1][=Branch1][C][=O][O-1][N+1][=Branch1][C][=O][O-1],O=C(CN(CC([N+](=O)[O-])([N+](=O)[O-])[N+](=O)[O-])[N+](=O)[O-])N(CN(C(=O)CN(CC([N+](=O)[O-])([N+](=O)[O-])[N+](=O)[O-])[N+](=O)[O-])[N+](=O)[O-])[N+](=O)[O-],2.8869026336239,1.4312660186070305,1.3260030499130229,1.24565492192912,0.5695280899855739,,1.2445320449002186,mols/page_0065.png,19,8.692668914794922,332.02374267578125,7062.962890625,1.8006099462509155
1300,[O][=N+1][Branch1][C][O-1][C][N][N][N][Branch1][=Branch1][N+1][=Branch1][C][=O][O-1][N+1][=Branch1][C][O-1][C][N+1][=Branch1][C][N+1][=Branch1][N][=O][O-1][N+1][O-1][C][=N][O-1][N][Branch1][=Branch1][C][N+1],[N+][N+](C[N+]([O-])N(NNC[N+](=O)[O-])[N+](=O)[O-])N=O,1.6184079534080928,1.8919604445521068,1.769891172346868,1.876945376671036,0.3768019840207616,,1.703921253295234,mols/page_0066.png,0,8.9722900390625,353.228515625,7751.3359375,1.781847596168518
1301,[O][=N+1][Branch1][C][O-1][C][N][N][Branch1][=Branch1][N+1][=Branch1][C][=O][O-1][N+1][=Branch1][C][O-1][C][N+1][=Branch1][C][=N][O-1][N+1][=Branch1][N][O-1][N+1][=Branch1][N+1][=Branch1][N+1][=O][O-1][N+1][C][O-1][C][Branch1][=Branch1][N+1][C][O-1][N+1][=Branch1][=O][O-1][N+1][Branch1][C][O-1][N+1][=C][C][Branch1][=Branch1][=O][N+1][=Branch1][C][N+1][=Branch1][N+1][O-1][C][O-1][C],N=[N+]([O-])C[N+]([O-])N(NC[N+](=O)[O-])[N+](=O)[O-],1.576601054988479,1.8312303717795555,1.666727325194763,1.7161749544756488,0.3519749823152112,,1.5961569042653605,mols/page_0066.png,1,8.935429573059082,348.3003234863281,7576.0283203125,1.779430627822876
1302,[O][=N+1][Branch1][C][O-1][C][N][N][Branch1][=Branch1][N+1][=Branch1][C][=O][O-1][N+1][=Branch1][C][O-1][C][Branch1][=Branch1][N+1][S][C][O-1][N+1][=Branch1][O-1][C][N][=N][N][Branch1][=Branch1][=Branch2][N+1][=Branch1][C][C][O-1][N+1][Branch1][C][O-1][N+1][C][O-1][N+1][O-1][C][O-1][C][N+1][=Branch1][C][Branch1][=Branch1][O-1][N+1][=Branch1][N][=O][O-1][N+1][N][C][O-1][N+1],C[N+]N([O-])N=NC(C)([N+]SC[O-])[N+]([O-])N(NC[N+](=O)[O-])[N+](=O)[O-],2.3724242818454764,0.5030485491838377,0.2037832619296936,0.5602538439867243,-0.9179221752563383,,0.3090172728474387,mols/page_0066.png,2,8.129281997680664,278.4147033691406,6315.58642578125,1.6558030843734741
1303,[O][=N+1][Branch1][C][O-1][C][N][N][Branch1][=Branch1][N+1][=Branch1][C][=O][O-1][N+1][=Branch1][C][O-1][N+1][=Branch1][=Branch1][C][=O][C][N+1][=Branch1][C][Branch1][=Branch1][N+1][Cl][C][O-1][N+1][N][C][=O][O-1][N][N+1][=Branch1][C][=Branch1][C][O-1][=Branch1][N+1][=Branch1][N][=O][O-1][N+1][=Branch2][C][N+1][=Branch1][O-1][=O][O-1][N+1][Branch1][C][O-1][N+1][C][O-1][C][N+1][=Branch1][N+1][=Branch1][=O][O-1][C][N+1][Branch1][C][N][O-1][N+1][=Branch1][N+1][O-1][C][O-1][Branch1][=Branch1][N+1][N][C][O-1][N+1][=O][O-1][N+1][N][N][Branch1][N+1],O=CNC([N+]Cl)[N+](C=O)[N+]([O-])N(NC[N+](=O)[O-])[N+](=O)[O-],2.243903847312421,0.1207685242060569,0.0833324894898814,-0.1778791085002184,-0.1637764367407221,,-0.0365040336501749,mols/page_0066.png,3,7.897254943847656,272.66070556640625,5510.7099609375,1.729220986366272
1304,[N][#C][C][=C][Branch1][=Branch1][N+1][=Branch1][C][=O][O-1][C][=C][Branch1][=Branch1][N+1][=Branch1][C][=O][O-1][C][=C][Ring1][N][N+1][=Branch1][C][=O][O-1],N#Cc1c([N+](=O)[O-])cc([N+](=O)[O-])cc1[N+](=O)[O-],1.558407953408093,-1.016343206167733,-0.9040815425104938,-1.056625616668042,-0.1955954078538529,,-0.9223159746221588,mols/page_0066.png,4,7.207078456878662,225.4914093017578,4552.50537109375,1.726123332977295
1305,[O][=N+1][Branch1][C][O-1][C][N][N][N][Branch1][=Branch1][N+1][=Branch1][C][=O][O-1][N+1][=Branch1][C][O-1][C][Branch1][=Branch1][N+1][N+1][=Branch1][C][C][O-1][N+1][=Branch1][N+1][=Branch1][N+1][=O][O-1][N+1][C][O-1][N+1][Ring1][C][O-1][C][=Branch1][N+1][=Branch1][N][=O][O-1][N+1],C[N+][N+]C([O-])[N+]([O-])N(NNC[N+](=O)[O-])[N+](=O)[O-],2.138407953408093,1.2213810896042971,0.9497875543325448,1.1778136816331963,-0.4505084081030734,,0.9688667928271816,mols/page_0066.png,5,8.565278053283691,314.0517272949219,6988.9873046875,1.701306939125061
1306,[N][=N+1][Branch1][C][O-1][C][N][N][Branch1][=Branch1][N+1][=Branch1][C][=O][O-1][N+1][=Branch1][C][O-1][N+1][=Branch1][N+1][=Branch1][=O][O-1][N+1][Branch1][C][O-1][N+1][#C][C][O-1][C][Branch1][=Branch1][N+1][Branch1][C][=O][O-1],N=[N+]([O-])CNN([N+]([O-])[N+]([O-])[N+]([O-])[N+]#CC[O-])[N+](=O)[O-],1.701719749037849,1.7048538101596988,1.5408892415594138,1.7303045534003991,0.2361507437295344,,1.5271726586628915,mols/page_0066.png,6,8.858724594116211,342.2889709472656,7591.435546875,1.7681548595428467
1307,[O][=C][Branch2][Ring1][#Branch1][O][C][C][Branch1][=Branch1][N+1][=Branch1][C][=O][O-1][Branch1][=Branch1][N+1][=Branch1][C][=O][O-1][N+1][=Branch1][C][=O][O-1][N][Branch2][Branch1][N][C][C][N][Branch2][Ring2][P][C][C][N][Branch2][Ring2][=Branch1][C][C][N][Branch2][Ring1][O][C][=Branch1][C][=O][O][C][C][Branch1][=Branch1][N+1][=Branch1][C][=O][O-1][Branch1][=Branch1][N+1][=Branch1][C][=O][O-1][N+1][=Branch1][C][=O][O-1][N+1][=Branch1][C][=O][O-1][N+1][=Branch1][C][=O][O-1][N+1][=Branch1][C][=O][O-1][N+1][=Branch1][C][=O][O-1],O=C(OCC([N+](=O)[O-])([N+](=O)[O-])[N+](=O)[O-])N(CCN(CCN(CCN(C(=O)OCC([N+](=O)[O-])([N+](=O)[O-])[N+](=O)[O-])[N+](=O)[O-])[N+](=O)[O-])[N+](=O)[O-])[N+](=O)[O-],3.131772261510376,0.6142154886868463,0.4533780987278366,0.4651788473554553,-0.1648613552862766,,0.4364838002672252,mols/page_0066.png,7,8.196755409240723,290.3379821777344,6211.91455078125,1.72911536693573
1308,[O][=N+1][Branch1][C][N][C][N][N][Branch1][=Branch1][N+1][=Branch1][C][O-1][C][N+1][=Branch1][C][=O][O-1][N+1][=Branch1][C][O][=O][O][N+1][=Branch1][C][Ring1][=O][O-1],C[N+]([O-])N(NC[N+](N)=O)[N+](=O)[O-],1.5170246155449356,0.4494974809001168,0.0555916379121507,0.6498720588313098,-1.374136546227164,,0.2488074486128745,mols/page_0066.png,8,8.096778869628906,271.33551025390625,6413.30810546875,1.6113895177841187
1309,[C][=N+1][Branch1][C][O-1][C][N][N][N][N][Branch1][=Branch1][N+1][=Branch1][C][=O][O-1][N+1][=Branch1][C][O-1][N][N+1][=Branch1][C][N+1][=Branch1][C][Branch1][N+1][=Branch1][C][=C][Branch1][=Branch1][N+1][=Ring2][C][=O][O-1],C=[N+]([O-])CNNNN([N+]([O-])N[N+]([N+])CC=C=[N+][O-])[N+](=O)[O-],1.786423335035418,0.572825833128787,0.2501768719904426,0.6665195868539204,-1.0449176462247396,,0.3678667463989016,mols/page_0066.png,9,8.17163372039795,280.6309509277344,6431.4609375,1.643439769744873
1310,[=Branch2][=N+1][Branch1][=Branch1][N+1][=Branch1][C][=O][O-1][N+1][=Branch1][C][O-1][C][N][N][Branch1][=Branch1][N+1][C][=O][O-1],O=C[N+]NNC[N+]([O-])[N+][N+](=O)[O-],1.5170246155449356,0.7565700097391646,0.4843035520261594,0.5579557802964847,-0.5878963211664193,,0.4746110704432829,mols/page_0066.png,10,8.283158302307129,291.8153076171875,6313.08056640625,1.6879318952560425
1311,[O][=N+1][Branch1][C][O-1][C][N][C][N][Branch1][=Branch1][N+1][=Branch1][C][=O][O-1][N+1][=Branch1][C][O-1][C][=N][N][Branch1][=Branch1][C][N+1][=Branch1][C][=Branch1][C][=O][N+1][=Branch1][C][=N][O][N+1][Branch1][C][O-1][N+1][=Branch1],[N+][N+]([O-])O[N+](=N)N(C[N+]O)N=C[N+]([O-])N(CNC[N+](=O)[O-])[N+](=O)[O-],1.9158857329053585,1.4765350705500584,1.2902869590414363,1.442472076197889,0.0660707817618835,,1.275301416053218,mols/page_0066.png,11,8.720145225524902,330.31756591796875,7277.57666015625,1.7515971660614014
1312,[O][=C][Branch2][Ring1][#Branch1][C][C][C][Branch1][=Branch1][N+1][=Branch1][C][=O][O-1][Branch1][=Branch1][N+1][=Branch1][C][=O][O-1][N+1][=Branch1][C][=O][O-1][N][C][C][Branch1][=Branch1][N+1][=Branch1][C][=O][O-1][Branch1][=Branch1][N+1][=Branch1][C][=O][O-1][N+1][=Branch1][C][=O][O-1],O=C(CCC([N+](=O)[O-])([N+](=O)[O-])[N+](=O)[O-])NCC([N+](=O)[O-])([N+](=O)[O-])[N+](=O)[O-],2.0036858610047386,1.016027622397534,0.893650404564179,0.8681509427465722,0.2319947465019813,,0.8478793584892552,mols/page_0066.png,12,8.440637588500977,311.3700256347656,6651.32421875,1.7677502632141113
1313,[O][=N+1][Branch1][C][O-1][C][N][N][Branch1][=Branch1][N+1][=Branch1][C][=O][O-1][N+1][=Branch1][C][O-1][N+1][=Branch1][N][=O][O-1][N+1][Branch1][C][O-1][N+1][O-1][C][=N][O][N+1][Branch1][C][NH1][C][=N][N][Branch1][=Branch1],[NH][N+](C=NN)[N+](=O)[N+]([O-])N(NC[N+](=O)[O-])[N+](=O)[O-],1.6598833105991515,1.4223790741139628,1.2606660106003753,1.4337338815659062,0.1059666408281491,,1.254851487887762,mols/page_0066.png,13,8.687274932861328,328.9025573730469,7268.04833984375,1.7554811239242554
1314,[O][=N+1][Branch1][C][O-1][C][C][Branch1][=Branch1][N+1][=Branch1][C][=O][O-1][N+1][=Branch1][C][O-1][N][C][Branch1][=Branch1][=O][N+1][=Branch1][C],[N+]OCN[N+]([O-])C(C[N+](=O)[O-])[N+](=O)[O-],2.07630396797254,1.5083888586879572,1.2656911012993075,1.4660988755915196,-0.0877770354655072,,1.2711818366868732,mols/page_0066.png,14,8.739479064941406,329.1426086425781,7303.33984375,1.7366197109222412
1315,[O][=N+1][Branch1][C][O-1][C][C][N][Branch1][=Branch1][N+1][=Branch1][C][=O][O-1][N+1][=Branch1][C][O-1][C][Branch1][=Branch1][N+1][#C][C][O-1][C][=N][N][Branch1][=Branch1],NN=C([N+]#CC[O-])[N+]([O-])N(CC[N+](=O)[O-])[N+](=O)[O-],1.6998833105991515,1.225304480763984,1.022108358140581,1.4168212612391995,-0.4127664674585125,,1.08730506747597,mols/page_0066.png,15,8.567659378051758,317.50653076171875,7249.6064453125,1.7049812078475952
1316,[O][=N+1][Branch1][C][O-1][C][N][N][N][Branch1][=Branch1][N+1][=Branch1][C][=O][O-1][N+1][=Branch1][C][C][N+1][=Branch1][C][O-1][N][N+1][=Branch1][C],C[N+](N(NNC[N+](=O)[O-])[N+](=O)[O-])[N+]([O-])N[N+],1.597308431519336,0.992636543425063,0.7637870099074756,1.0374947724659902,-0.51783703260507,,0.8023200940590238,mols/page_0066.png,16,8.426440238952637,305.1663818359375,6835.98046875,1.6947523355484009
1317,[O][=N+1][Branch1][C][O-1][C][C][N][N][Branch1][=Branch1][N+1][=Branch1][C][=O][O-1][N+1][=Branch1][C][O-1][C][Branch1][=Branch1][N+1][#N][C][=O][O-1],N#[N+]C[N+]([O-])N(NCC[N+](=O)[O-])[N+](=O)[O-],1.596601054988479,0.6652274299725478,0.3118016303405305,0.7323265123905381,-0.9884896367255944,,0.4383389063619254,mols/page_0066.png,17,8.227717399597168,283.5747985839844,6503.21826171875,1.6489331722259521
1318,[O][=N+1][Branch1][C][O-1][C][N][Branch1][=Branch1][N+1][=Branch1][C][=O][O-1][N+1][=Branch1][C][O-1][N+1][=Branch1][N+1][=Branch1][N][=O][O-1][N+1][Branch1][C][O-1][N+1][O-1][C][N][C][Branch1][=Branch1][N+1][C][N][C][=N][N][Branch1][=Branch1][Branch1][=Branch1][N+1],[N+]NN=CNC[N+][N+](O[O-])[N+]([O-])N(C[N+](=O)[O-])[N+](=O)[O-],1.743903847312421,1.1297446875922412,0.9066277364301984,1.148060205035774,-0.2567084042099865,,0.9426463475989209,mols/page_0066.png,18,8.509658813476562,311.9899597167969,6956.54345703125,1.7201738357543945
1319,[O][=N+1][Branch1][C][O-1][C][=C][N][=C][Branch2][Ring1][#Branch1][/N][=N][/C][=N][C][=C][Branch1][=Branch1][N+1][=Branch1][C][=O][O-1][C][=C][Ring1][=Branch2][N+1][=Branch1][C][=O][O-1][C][Branch1][=Branch1][N+1][=Branch1][C][=O][O-1][=C][Ring2][Ring1][#Branch1],O=[N+]([O-])c1cnc(/N=N/c2ncc([N+](=O)[O-])cc2[N+](=O)[O-])c([N+](=O)[O-])c1,1.6836858610047385,-0.8719107176309591,-0.7559978819213922,-0.7567462167339422,-0.193083931627067,,-0.7289840297443715,mols/page_0066.png,19,7.294742584228516,232.56544494628906,4879.50048828125,1.7263678312301636
1320,[C][C][C][Branch2][Ring1][=N][C][C][C][=Branch1][C][=O][O][C][C][Branch1][=Branch1][N+1][=Branch1][C][=O][O-1][Branch1][=Branch1][N+1][=Branch1][C][=O][O-1][N+1][=Branch1][C][=O][O-1][Branch1][=Branch1][N+1][=Branch1][C][=O][O-1][N+1][=Branch1][C][=O][O-1],CCC(CCC(=O)OCC([N+](=O)[O-])([N+](=O)[O-])[N+](=O)[O-])([N+](=O)[O-])[N+](=O)[O-],1.9596423657706596,-0.559747364860239,-0.6923630234080459,-0.5786198610681741,-1.1528437757598222,,-0.659759919070323,mols/page_0067.png,0,7.4842119216918945,235.60531616210938,5073.7333984375,1.6329329013824463
1321,[O][=N+1][Branch1][C][O-1][C][N][N][Branch1][=Branch1][N+1][=Branch1][C][=O][O-1][N+1][=Branch1][C][O-1][N+1][=Branch1][N+1][=Branch1][N+1][O-1][C][=O][O-1],O=C[N+]([O-])[N+]([O-])N(NC[N+](=O)[O-])[N+](=O)[O-],1.576601054988479,1.7355841603003306,1.628628372855211,1.5100827041008913,0.5031876474996749,,1.4954049796792093,mols/page_0067.png,1,8.877376556396484,346.4803161621094,7351.30078125,1.7941515445709229
1322,[O][=N+1][Branch1][C][O-1][C][C][N][N][Branch1][=Branch1][N+1][=Branch1][C][=O][O-1][N+1][=Branch1][C][O-1][C][N+1][=Branch1][C][N+1][=Branch1][O-1][=O][O-1][N+1][O-1][C][O-1],[N+][N+]([O-])C[N+]([O-])N(NCC[N+](=O)[O-])[N+](=O)[O-],1.617308431519336,1.6656104711111035,1.4091387228339785,1.7884417137603952,-0.2687025093496099,,1.4571937330554676,mols/page_0067.png,2,8.834905624389648,335.99517822265625,7654.82958984375,1.7190061807632446
1323,[Ring1][=Branch1][O][=N+1][=C][Branch1][=Branch1][N+1][C][C][C][O-1][N+1][=Branch1][C][=O][O-1][N+1][=Branch1][=Branch1][C][=O][N],O=[N+]=C([N+]CCC[O-])[N+](=O)[O-],1.538091503851731,-0.5580920614614685,-0.8813252154914228,-0.3013086824755369,-2.075401689494732,,-0.6879179611779107,mols/page_0067.png,3,7.4852166175842285,226.5784912109375,5376.11962890625,1.5431196689605713
1324,[O][=N+1][Branch1][C][O-1][C][N][N][Branch1][=Branch1][N+1][=Branch1][C][=O][O-1][N+1][=Branch1][C][O-1][C][Branch1][=Branch1][N+1][N][C][=O][O-1],O=CN[N+]C[N+]([O-])N(NC[N+](=O)[O-])[N+](=O)[O-],1.617308431519336,1.0890715183653064,0.8333346229293354,0.945065773174087,-0.383635302448646,,0.8202643143484307,mols/page_0067.png,4,8.48497200012207,308.48870849609375,6735.19384765625,1.7078171968460083
1325,[O][=N+1][Branch1][C][O-1][C][N][C][Branch1][=Branch1][N+1][=Branch1][C][=O][O-1][N+1][=Branch1][C][N+1][=Branch1][C][O-1][C][N+1][=Branch1][N+1][=Branch1][=O][O-1][N+1][O-1][C][=O][O-1][Branch1][=Branch1][N+1][Ring1][C][O-1][N+1][=Branch1][=O][N][O-1][N+1][=Branch1][N+1][=O][O-1][N+1][Branch1][C][O-1][N+1][C][O-1][C][=N][N][Branch1][=Branch1][N+1],[N+][N+](C[O-])C(NC[N+](=O)[O-])[N+](=O)[O-],2.056437499842364,1.398073532324136,1.2079006417510236,1.4343818352213578,-0.0640202581491381,,1.2188442517924192,mols/page_0067.png,5,8.67252254486084,326.3819274902344,7268.7548828125,1.738932490348816
1326,[O][=N+1][Branch1][C][O-1][C][C][N][Branch1][=Branch1][N+1][=Branch1][C][=O][O-1][N+1][=Branch1][C][O-1][C][Branch1][=Branch1][N+1][O][N+1][=Branch1][C],[N+]O[N+]C[N+]([O-])N(CC[N+](=O)[O-])[N+](=O)[O-],1.596601054988479,1.5685689967765315,1.3072174133642307,1.601167434648036,-0.1869736116018785,,1.3407162152342171,mols/page_0067.png,6,8.776005744934082,331.1263427734375,7450.62158203125,1.726962685585022
1327,[O][=N+1][Branch1][C][O-1][C][N][C][Branch1][=Branch1][N+1][=Branch1][C][=O][O-1][N+1][=Branch1][C][O-1][N+1][=Branch1][N+1][=Branch1][=O][O-1][N+1][O][C][Branch1][=Branch1],CO[N+][N+]([O-])[N+]([O-])C(NC[N+](=O)[O-])[N+](=O)[O-],2.117308431519336,1.2509298657953556,0.9407563177178988,1.214891228713385,-0.4470552813553717,,0.9891725092281306,mols/page_0067.png,7,8.583212852478027,313.62030029296875,7029.41748046875,1.7016431093215942
1328,[O][=N+1][Branch1][C][O-1][C][C][N][Branch1][=Branch1][N+1][=Branch1][C][=O][O-1][N+1][=Branch1][C][O-1][C][Branch1][=Branch1][N+1][=Branch2][C][O-1][C][N+1][=Branch1][C][C][N][N][Branch1][=Branch1][=O],C[N+]C([N+](C)NNO)[N+]([O-])N(CC[N+](=O)[O-])[N+](=O)[O-],2.221719749037849,-0.6058751005312483,-0.9283410526486324,-0.284027977902264,-2.191143885707324,,-0.7162796180266082,mols/page_0067.png,8,7.456214427947998,224.33251953125,5394.962890625,1.531851887702942
1329,[S][N][=N+1][Branch1][C][O-1][C][N][N][Branch1][=Branch1][N+1][=Branch1][C][=O][O-1][N+1][=Branch1][C][N][C][N][Branch1][=Branch1],NC[N+](N)N(NC[N+]([O-])=NS)[N+](=O)[O-],1.5563039679725397,0.571025189849251,0.245271243783336,0.6318448865706578,-0.8949209224801581,,0.3673199707883941,mols/page_0067.png,9,8.170540809631348,280.3966064453125,6393.65087890625,1.658042311668396
1330,[O][=N+1][Branch1][C][O-1][C][N][C][Branch1][=Branch1][N+1][=Branch1][C][=O][O-1][N+1][=Branch1][C][O-1][C][N+1][=Branch1][C][=Branch1][C][N+1][=Branch1][O-1][=O][O-1][N+1][N][C][O-1][C][Branch1][=Branch1][N][N+1][=Branch1][C][N+1][C][=O][O-1][N][N][Branch1][=Branch1][N+1][=C][C][N+1][=Branch1][N][=O][O-1][N+1][Branch1][C][O-1][N+1][=Branch1][O-1][O-1][C][O-1][N+1],[N+][N+]([O-])C[N+]([O-])C(NC[N+](=O)[O-])[N+](=O)[O-],2.0966010549884797,1.9007923955767765,1.747653261435372,1.933217487290219,0.3145110061287099,,1.7168495097819958,mols/page_0067.png,10,8.97765064239502,352.16619873046875,7812.6962890625,1.7757834196090698
1331,[O][=N+1][Branch1][C][O-1][C][C][N][Branch1][=Branch1][N+1][=Branch1][C][=O][O-1][N+1][=Branch1][C][O-1][N+1][=Branch1][O-1][=O][O-1][N+1][N][C][=O][O-1][C][Branch1][=Branch1][N+1][C][C][=O][O-1][Branch1][=Branch1][N+1][N+1][=Branch1][C][C][O-1][N+1][=Ring2][C][O-1][N+1][C][O-1][N+1][O-1][C][=O][N+1][=Branch1][C][N+1][=Branch1][C][=C][N+1][=Branch1][C][=Branch1][N+1][=Branch1][N+1][=Branch1][O-1][C][=O][O-1],O=[N+]([O-])CCN([N+]([O-])[N+](=O)[O-])[N+](=O)[O-],1.5563039679725397,1.4258420913810634,1.279910970847684,1.3510819521517683,0.3190515004480284,,1.248776196462697,mols/page_0067.png,11,8.689376831054688,329.8218994140625,7177.9228515625,1.7762254476547241
1332,[O][=N+1][Branch1][C][O-1][C][N][Branch1][=Branch1][N+1][=Branch1][C][=O][O-1][N+1][=Branch1][C][O-1][C][Branch1][=Branch1][N+1][#C][C][=O][N+1][=Branch1][C][Branch1][=Branch1][O-1][N+1][=Branch1],O=CC#[N+]C([O-])[N+]([O-])N(C[N+](=O)[O-])[N+](=O)[O-],2.137308431519336,1.0864632567213013,0.947129354180211,0.9886586800931274,-0.0090677868524682,,0.9029548460773822,mols/page_0067.png,12,8.483388900756836,313.92474365234375,6782.728515625,1.7442822456359863
1333,[O][=N+1][Branch1][C][O-1][C][C][N][Branch1][=Branch1][N+1][=Branch1][C][=O][O-1][N+1][=Branch1][C][N][O-1][N+1][=Branch1][N+1][=Branch1][=O][O-1][N+1][Ring1][O-1][C][N][=N][N][Branch1][=Branch1][=Branch1][N+1][=Branch1][O][=N+1][Branch1][=Branch1][N+1][O-1][C][O-1][C][Branch1][=Branch1][N+1][Branch1][C][O-1][N+1][=Branch1][N][=O][O-1][N+1][C][C][O-1][N+1][=N][C][=O][O-1],N[N+]([O-])N(CC[N+](=O)[O-])[N+](=O)[O-],1.5170246155449356,1.3827554945124467,1.130279408559687,1.5579479854682123,-0.2742740436411144,,1.2240105155912069,mols/page_0067.png,13,8.663225173950195,322.6739196777344,7403.494140625,1.7184637784957886
1334,[C][C][=C][C][Branch1][=Branch1][N+1][=Branch1][C][=O][O-1][=C][Branch1][=Branch1][N+1][=Branch1][C][=O][O-1][C][Branch1][=Branch1][N+1][=Branch1][C][=O][O-1][=C][Ring1][#C],Cc1cc([N+](=O)[O-])c([N+](=O)[O-])c([N+](=O)[O-])c1,1.537308431519336,-1.4164073332043512,-1.3245007154138695,-1.1327800978854967,-1.1197109021643212,,-1.250310141525186,mols/page_0067.png,14,6.96425724029541,205.4077606201172,4469.46484375,1.6361584663391113
1335,[O][=N+1][Branch1][C][O-1][C][N][N][Branch1][=Branch1][N+1][=Branch1][C][=O][O-1][N+1][=Branch1][C][O-1][C][Branch1][=Branch1][N+1][N+1][=Branch1][C][=Ring1][O-1][N+1][=Branch1],[N+]C([N+]#[N+])[N+]([O-])N(NC[N+](=O)[O-])[N+](=O)[O-],2.076601054988479,1.561309858948036,1.4304394600796555,1.5436894227198472,0.2854900472916424,,1.3939621035740262,mols/page_0067.png,15,8.771599769592285,337.0127258300781,7387.9462890625,1.7729581594467163
1336,[O][=C][Branch2][Ring1][#Branch1][C][C][C][Branch1][=Branch1][N+1][=Branch1][C][=O][O-1][Branch1][=Branch1][N+1][=Branch1][C][=O][O-1][N+1][=Branch1][C][=O][O-1][O][C][C][O][C][=Branch1][C][=O][C][C][C][Branch1][=Branch1][N+1][=Branch1][C][=O][O-1][Branch1][=Branch1][N+1][=Branch1][C][=O][O-1][N+1][=Branch1][C][=O][O-1],O=C(CCC([N+](=O)[O-])([N+](=O)[O-])[N+](=O)[O-])OCCOC(=O)CCC([N+](=O)[O-])([N+](=O)[O-])[N+](=O)[O-],2.2735676759431467,-0.489800386784234,-0.5764518256576072,-0.6240500546826653,-0.7826404246064844,,-0.5944471174441749,mols/page_0067.png,16,7.526666641235352,241.1424560546875,5024.1953125,1.6689730882644653
1337,[O][=N+1][Branch1][C][O-1][C][N][N][Branch1][=Branch1][N+1][=Branch1][C][=O][O-1][N+1][=Branch1][C][O-1][N+1][=Branch1][N][=O][O-1][N+1][Ring2][C][O-1][N+1][=Branch2][C][=O][O-1][N][Branch1][=Branch1][N][N+1][=Branch1][C][N+1][=Branch1][C][C][O-1][N+1][Branch1][C][O-1][N+1][#Branch1][C][O-1][N+1][Ring2][N],[N+][N+]NN(CC[O-])[N+](=O)[N+]([O-])N(NC[N+](=O)[O-])[N+](=O)[O-],1.743903847312421,1.366471142898912,1.1322744960568605,1.4697129971901015,-0.2153541501236808,,1.1910361936026157,mols/page_0067.png,17,8.653341293334961,322.76922607421875,7307.28076171875,1.7241997718811035
1338,[O][=N+1][Branch1][C][O-1][C][C][N][Branch1][=Branch1][N+1][=Branch1][C][=O][O-1][N+1][=Branch1][C][O-1][C][N+1][=Branch1][C][Branch1][=Branch1][N+1][N][C][O-1][N+1][=Branch1][N+1][=Branch1][N+1][O-1][C][O-1][N][C][Branch1][=Branch1][C][N+1][=Branch1][N+1][C][O-1][N+1][O-1][C][=O][O-1],O=[N+]([O-])CCN([N+]([O-])C[N+]([N+]NC[O-])[N+]([O-])C[O-])[N+](=O)[O-],1.786423335035418,1.3168324670811986,1.0270516777221137,1.3214162426009728,-0.2947919839902242,,1.085058334842195,mols/page_0067.png,18,8.623212814331055,317.74267578125,7145.57470703125,1.7164663076400757
1339,[O][=N+1][Branch1][C][O-1][C][N][N][N][N][Branch1][=Branch1][N+1][=Branch1][C][=O][O-1][N+1][=Branch1][C][O-1][N+1][=Branch1][N+1][=Branch1][O-1][C][O-1][N+1],C[N+]([O-])[N+]([O-])N(NNNC[N+](=O)[O-])[N+](=O)[O-],1.597308431519336,1.251148268426992,0.9346330664657676,1.2310672327559058,-0.5433558841731918,,0.9845366384082328,mols/page_0067.png,19,8.583345413208008,313.3277893066406,7047.05615234375,1.6922680139541626
1340,[O][=N+1][Branch1][C][O-1][C][N][N][Branch1][=Branch1][N+1][=Branch1][C][=O][O-1][N+1][=Branch1][C][O-1][C][Branch1][=Branch1][N+1][#C][C][Branch1][=Branch1][N][N+1][=Branch1][C][C][Branch1][=Branch1][O-1][N+1][=Branch1][O-1][=O][O-1][N+1][S][O-1][N][=N][N][Branch1][=Branch1][O][N+1][=Branch1][C][N][C][N+1][=Branch1][C][Cl][O-1][N+1][=Branch1][=O][O-1][N+1][=Branch2][C][Branch1][=Branch1],C[N+]NCC#[N+]C([O-])([O-])[N+]([O-])N(NC[N+](=O)[O-])[N+](=O)[O-],1.743903847312421,0.647618521391606,0.3304307518599255,0.8161301603961211,-0.9273962325779584,,0.4782247592135354,mols/page_0068.png,0,8.217029571533203,284.4647216796875,6594.599609375,1.6548807621002197
1341,[O][=N+1][Branch1][C][O-1][C][N][N][Branch1][=Branch1][N+1][=Branch1][C][=O][O-1][N+1][=Branch1][C][O-1][C][N+1][=Branch1][C][N+1][=Branch1][N+1][=Branch1][=O][O-1][N+1][S][C][O-1][C][Branch1][=Branch1][N+1][N+1][=Branch1][C][=Branch1][N+1][=Branch1][N+1][C][O-1][N+1][=Branch1][O-1][C][O-1][N+1][C][O-1][C][O-1][N][Branch1][=Branch1],[N+][N+](C[N+]([O-])N(NC[N+](=O)[O-])[N+](=O)[O-])[N+]([O-])[N+]SC[O-],1.743903847312421,1.7588181150773794,1.6849827271541686,1.7637151395376085,0.5143625534214926,,1.6178725217150796,mols/page_0068.png,1,8.891478538513184,349.1723937988281,7627.8671875,1.7952394485473633
1342,[#Branch2][N][=N+1][Branch1][C][N][N][N][N][Branch1][=Branch1][N+1][=Branch1][C][=O][O-1][N+1][=Branch1][C][C][O-1][N+1][=Branch1][N][C][=O][O-1][C][N+1][=Branch1][C][O-1][N+1][=Ring2][C][=O][O-1][N][N+1][=Branch1][C][O][=O][O-1][N+1][Ring1][#C][=N+1][O-1],C[N+]([O-])N(NN[N+](=N)N)[N+](=O)[O-],1.4970246155449356,0.8397107065047537,0.4545906110780239,0.9332225953721662,-1.0034250221659198,,0.5965218653279689,mols/page_0068.png,2,8.33362102508545,290.3959045410156,6722.27978515625,1.6474791765213013
1343,[=N][O][=N+1][Branch1][C][O-1][C][N][Branch1][=Branch1][N+1][=Branch1][C][=O][O-1][N+1][=Branch1][C][=N][C][N][Branch1][N][N+1][=Branch1][C][N+1][=Branch1][C][O-1][C][Branch1][=Branch1][N+1][#Branch2][C][O-1][N][N][=N][Branch1][Branch2][Ring2][Ring1][O][#C][C][N+1][Branch1][C][C][O-1][N][Branch1][=Branch1][N][N+1][=Branch1][O][=O][O-1][N+1][Branch1][C][O-1],[N+][N+](C[O-])N(C[O-])C[N+](=N)N(C[N+]([O-])ON)[N+](=O)[O-],1.701719749037849,0.9094864192077486,0.6187244088041673,1.027324989833677,-0.7361236235810615,,0.7193703405783436,mols/page_0068.png,3,8.375971794128418,298.2366638183594,6824.89111328125,1.6735016107559204
1344,[O][=N+1][Branch1][C][O-1][C][C][N][N][Branch1][=Branch1][N+1][=Branch1][C][=O][O-1][N+1][=Branch1][C][O-1][N][C][N][N][=N][N][Branch1][=Branch1][N][N+1][=Branch1][C],[N+]NNN=NNCN[N+]([O-])N(NCC[N+](=O)[O-])[N+](=O)[O-],1.743903847312421,0.8367787690181794,0.4957578968306158,0.9510222897772762,-0.7467560702301019,,0.638867475350099,mols/page_0068.png,4,8.331841468811035,292.36248779296875,6741.68896484375,1.672466516494751
1345,[O][=N+1][Branch1][C][O-1][C][N][N][N][Branch1][=Branch1][N+1][=Branch1][C][=O][O-1][N+1][=Branch1][C][O-1][C][N+1][=Branch1][C][Branch1][=Branch1][N+1][N+1][C][O-1][C][Branch1][=Branch1][N][N+1][=Branch1][C][NH1][C][N+1][=Branch1][N+1][=Branch1][O-1][C][O-1][N+1][=Branch1][N+1][O-1][C][O-1][N][N+1][=Branch1][N+1][C][O-1][N+1][C][C][=O][O-1][N][N][=N][C][Branch1][=Branch1],C[N+]([O-])C[N+]([NH])N[N+](C[N+]([O-])N(NNC[N+](=O)[O-])[N+](=O)[O-])[N+][N+]C[O-],1.9596423657706596,0.9465708718112456,0.635720663322994,1.0444874775686366,-0.7792264822757778,,0.7354452265834368,mols/page_0068.png,5,8.398480415344238,299.048583984375,6843.60546875,1.669305443763733
1346,[O][=N+1][Branch1][C][O-1][C][N][C][Branch1][=Branch1][N+1][=Branch1][C][=O][O-1][N+1][=Branch1][C][N+1][=Branch1][C][O-1][C][N+1][=Branch1][N+1][=Branch1][O-1][C][=O][O-1][N][N][Branch1][=Branch1][N+1][N][C][O-1][C][Branch1][=Branch1][N][N+1][=Branch1][C],[N+][N+](C[O-])C(NC[N+](=O)[O-])[N+](=O)[O-],2.056437499842364,1.398073532324136,1.2079006417510236,1.4343818352213578,-0.0640202581491381,,1.2188442517924192,mols/page_0068.png,6,8.67252254486084,326.3819274902344,7268.7548828125,1.738932490348816
1347,[N][#C][C][=C][Branch1][=Branch1][N+1][=Branch1][C][=O][O-1][C][=C][Branch1][=Branch1][N+1][=Branch1][C][=O][O-1][C][=C][Ring1][N][N+1][=Branch1][C][=O][O-1],N#Cc1c([N+](=O)[O-])cc([N+](=O)[O-])cc1[N+](=O)[O-],1.558407953408093,-1.016343206167733,-0.9040815425104938,-1.056625616668042,-0.1955954078538529,,-0.9223159746221588,mols/page_0068.png,7,7.207078456878662,225.4914093017578,4552.50537109375,1.726123332977295
1348,[N][C][=C][Branch1][=Branch1][N+1][=Branch1][C][=O][O-1][C][Branch1][=Branch1][N+1][=Branch1][C][=O][O-1][=C][Branch2][Ring2][=Branch1][C][=C][Branch1][=Branch1][N+1][=Branch1][C][=O][O-1][C][Branch1][=Branch1][N+1][=Branch1][C][=O][O-1][=C][Branch1][C][N][C][Branch1][=Branch1][N+1][=Branch1][C][=O][O-1][=C][Ring1][S][N+1][=Branch1][C][=O][O-1][C][Branch1][=Branch1][N+1][=Branch1][C][=O][O-1][=C][Ring2][Ring2][C][N+1][=Branch1][C][=O][O-1],Nc1c([N+](=O)[O-])c([N+](=O)[O-])c(-c2c([N+](=O)[O-])c([N+](=O)[O-])c(N)c([N+](=O)[O-])c2[N+](=O)[O-])c([N+](=O)[O-])c1[N+](=O)[O-],2.232166943381353,0.8675405439978956,1.0734976724049468,0.9042155864621232,1.5614056864110482,,1.0030863573266646,mols/page_0068.png,8,8.350512504577637,319.96142578125,6690.64990234375,1.8971716165542603
1349,[N][C][N][Branch1][=Branch1][N+1][=Branch1][C][=O][O-1][N+1][=Branch1][C][O-1][C][N+1][=Branch1][C][=N][N][Branch1][=Branch1][=Branch1][N+1][=Branch1][N+1][=Branch1][O-1][C][O-1][N+1][=Branch1][N+1][O-1][C][O-1][C][Branch1][=Branch1][N+1][N+1][=Branch1][C][N][O-1][N+1][=Branch1][Branch1][=Branch1][N+1][=O][O-1][N+1][O][N+1][=Branch1][C][N+1][=Branch1][O-1][=O][O-1][N+1][Branch1][C][O-1][N+1][S][C][=O][O-1],C[N+]N([O-])[N+](=N)C[N+]([O-])N(CN)[N+](=O)[O-],1.596601054988479,0.4818792063346337,0.1386992020115001,0.6804261858336713,-1.319173054313214,,0.2953977709886806,mols/page_0068.png,9,8.116433143615723,275.30560302734375,6446.625,1.616740345954895
1350,[N][C][N][C][Branch1][=Branch1][N+1][=Branch1][C][=O][O-1][N+1][=Branch1][C][O-1][C][N+1][=Branch1][C][C][N+1][=Branch1][N+1][=Branch1][O-1][=O][O-1][N+1][=N][O-1][N+1][=Branch1][=O][O-1],C[N+](C[N+]([O-])C(NCN)[N+](=O)[O-])[N+]([O-])O,2.116601054988479,-0.343788800083469,-0.6602081285828867,-0.0819286803579559,-1.8172253620176293,,-0.4654932405115343,mols/page_0068.png,10,7.615289211273193,237.14137268066406,5615.33642578125,1.568253755569458
1351,[O][=N+1][Branch1][C][O-1][C][Branch1][C][F][Branch2][Ring1][=Branch1][C][O][C][O][C][C][Branch1][C][F][Branch1][=Branch1][N+1][=Branch1][C][=O][O-1][N+1][=Branch1][C][=O][O-1][N+1][=Branch1][C][=O][O-1],O=[N+]([O-])C(F)(COCOCC(F)([N+](=O)[O-])[N+](=O)[O-])[N+](=O)[O-],1.786423335035418,0.7697731558804739,0.6844824416040508,0.4158972028836471,0.3214001164416779,,0.5620627921687579,mols/page_0068.png,11,8.29117202758789,301.3779602050781,6158.1767578125,1.7764540910720825
1352,[O][=N+1][Branch1][C][O-1][C][N][N][Branch1][=Branch1][N+1][=Branch1][C][=O][O-1][N+1][=Branch1][C][O-1][C][Branch1][=Branch1][N+1][#C][C][O-1][N+1][=Branch1][N+1][=Branch1][=O][O-1][N+1][C][O-1][Branch1][=Branch1][N+1][=O][O-1][N+1][=C][N+1][=Branch1][C],O=[N+]([O-])CNN([N+]([O-])C([N+]#CC[O-])O[O-])[N+](=O)[O-],2.179883310599152,1.482950451449138,1.2742106295933526,1.4933733809127987,-0.0894031887708079,,1.2776993037486617,mols/page_0068.png,12,8.724039077758789,329.5495910644531,7333.08056640625,1.7364614009857178
1353,[O][=N+1][Branch1][C][O-1][C][N][C][Branch1][=Branch1][N+1][=Branch1][C][=O][O-1][N+1][=Branch1][C][O-1][C][N+1][=Branch1][C][=N][O][N+1][=Branch1][C][C][O-1][N+1][=Branch1][O-1][C][O-1][N+1][Branch1][C][O-1][N+1][C][O-1][C],C[N+]([O-])O[N+](=N)C[N+]([O-])C(NC[N+](=O)[O-])[N+](=O)[O-],2.179883310599152,0.8342710668592445,0.5561152028610138,0.8320921203147261,-0.8474734915510994,,0.5956860664008451,mols/page_0068.png,13,8.33031940460205,295.24578857421875,6612.0048828125,1.6626614332199097
1354,[O][=N+1][Branch1][C][O-1][C][N][N][Branch1][=Branch1][N+1][=Branch1][C][=O][O-1][N+1][=Branch1][C][Branch1][=Branch1][N+1][C][C][O-1][N+1][=Branch1][O-1][N+1][=Branch1][N+1][=Branch1][O-1][C][O-1][C][Branch1][=Branch1][N][N+1][=Branch1][C][O-1][C][N+1][=Branch1][C][=N][O-1][N+1][=Branch1][N][=O][O-1][N+1][O][C][N+1][=Branch1][N+1][C][O-1][N+1][N][C][N][Branch1][=Branch1],O=[N+]([O-])CNN([N+]([O-])[N+]CC[O-])[N+](=O)[O-],1.596601054988479,1.1698050724570306,0.9178124920819788,1.146240829982492,-0.3429937149464405,,0.9461013516331052,mols/page_0068.png,14,8.533973693847656,312.5242614746094,6954.5595703125,1.7117737531661987
1355,[O][=N+1][Branch1][C][O-1][C][C][N][Branch1][=Branch1][N+1][=Branch1][C][=O][O-1][N+1][=Branch1][C][O-1][C][N][Branch1][N+1][=Branch1][C][=N][O][N+1][=Branch1][C][Cl][O-1][N+1][=Branch1][N+1][=Branch1][O-1][=O][O-1][N+1][N+1][=Branch1][C],O=[N+]([O-])CCN([N+]([O-])CNC=NO[N+]([O-])Cl)[N+](=O)[O-],1.701719749037849,1.0178062682897109,0.7086145037896804,0.9290151506267472,-0.3137413231464951,,0.7718371209558972,mols/page_0068.png,15,8.441717147827148,302.53076171875,6717.69189453125,1.7146215438842773
1356,[O][=N+1][Branch1][C][O-1][C][N][N][N][N][C][Branch1][=Branch1][N+1][=Branch1][C][=O][O-1][N+1][=Branch1][C][O-1][C][Branch1][=Branch1][N][N+1][=Branch1][C][N][C][N+1][=Branch1][C][N+1][=Branch1][N+1][=Branch1][N][=O][O-1][N+1],[N+][N+](CC(N[N+]N)[N+]([O-])C(NNNNC[N+](=O)[O-])[N+](=O)[O-])[N+]=O,2.872424281845476,1.2562406636006187,0.9817089542873174,1.3454259033459586,-0.3050227903650639,,1.067155486773861,mols/page_0068.png,16,8.58643627166748,315.5766296386719,7171.75537109375,1.715470314025879
1357,[O][=N+1][Branch1][C][O-1][C][C][N][Branch1][=Branch1][N+1][=Branch1][C][=O][O-1][N+1][=Branch1][C][N][O-1][N+1][=Branch1][O-1][C][O-1][C][Branch1][=Branch1][N+1][N+1][C][O-1][C][N][Branch1][C][N][N+1][=Branch1][C][O-1][N+1][=Branch1][N+1][=Branch1][=O][O-1][N+1][=O][O-1][N+1][#C][C][O-1][C][N+1][=Branch1][C][Branch1][=Branch1][=O][N+1][=Branch1][C][O][N+1][=Branch1][C][=N][O-1][N+1][=Branch1][N][=O][O-1][N+1][Branch1][C][O-1][N+1][Branch1][=Branch1][N+1][O-1][C][O-1][=Branch1][N+1][=Branch1][O-1][=O][O-1][N+1][C][O-1][N+1][C][C][=O][N+1],N[N+]([O-])N(CC[N+](=O)[O-])[N+](=O)[O-],1.5170246155449356,1.3827554945124467,1.130279408559687,1.5579479854682123,-0.2742740436411144,,1.2240105155912069,mols/page_0068.png,17,8.663225173950195,322.6739196777344,7403.494140625,1.7184637784957886
1358,[N][=N+1][Branch1][C][O-1][C][Branch1][=Branch1][N+1][=Branch1][C][=O][O-1][N+1][=Branch1][C][O-1][C][N+1][=Branch1][C],[N+]C[N+]([O-])C([N+](=N)[O-])[N+](=O)[O-],1.9980915038517315,1.6746356848961426,1.5709477932459324,1.4767974994588626,0.6098696717951599,,1.46310183649858,mols/page_0068.png,18,8.840383529663086,343.7248840332031,7315.005859375,1.804537296295166
1359,[O][=N+1][Branch1][C][O-1][C][C][N][Branch1][=Branch1][N+1][=Branch1][C][=O][O-1][N+1][=Branch1][C][O-1][N+1][=Branch1][N+1][=Branch1][O-1][C][C][Branch1][=Branch1][N+1][N+1][=Branch1][C][N+1][=Branch1][C][C][=O][O-1][Branch1][=Branch1][N+1][P][C][O-1][C][Branch1][=Branch1][Branch1][N+1][=Branch1][C][Branch1][=Branch1][C][N+1][N][O-1][N][N+1][=Branch1][C],C[N+]([N+]([O-])N(CC[N+](=O)[O-])[N+](=O)[O-])C(C)([N+][N+][N+])O[O-],2.243903847312421,0.1846630782744071,-0.2110761138273808,0.3352670500792972,-1.509834631307592,,-0.0234799019872837,mols/page_0068.png,19,7.936036109924316,258.5966491699219,6070.255859375,1.5981789827346802
1360,[O][=N+1][Branch1][C][O-1][C][N][N][Branch1][=Branch1][N+1][=Branch1][C][=O][O-1][N+1][=Branch1][C][Branch1][=Branch1][N+1][C][C][O-1][N+1][=Branch1][N+1][=Branch1][O-1][C][O-1][N+1][N][C][=N][N][Branch1][=Branch1][C][Branch1][N][N+1][=Branch1][C][O-1][C][N+1][=Branch1][C][N][O-1][Branch1][=Branch1][N+1][=Branch2][C][O-1][N+1],C[N+]([O-])[N+]([N+]CC[O-])N(NC[N+](=O)[O-])[N+](=O)[O-],1.6584079534080929,0.6470811566432628,0.2586350719464382,0.8019754851723343,-1.3469511324237151,,0.4125241379739874,mols/page_0069.png,0,8.216703414916992,281.0350036621094,6579.1650390625,1.6140360832214355
1361,[N][C][N][Branch1][=Branch1][N+1][=Branch1][C][=O][O-1][N+1][=Branch1][C][O-1][C][N+1][=Branch1][C][=Branch1][O-1][N+1][=Branch1][N+1][=Branch1][N+1][=O][O-1][N+1][C][O-1][N+1][=Branch1][N][=O][O-1][N+1],[N+][N+](C[N+]([O-])N(CN)[N+](=O)[O-])[N+](=O)[O-],1.5563039679725397,1.6309080213102043,1.4697208994372246,1.789996892091689,0.0937227350301813,,1.5005282605265513,mols/page_0069.png,1,8.8138427734375,338.88922119140625,7656.525390625,1.754289150238037
1362,[O][=N+1][Branch1][C][O-1][C][N][C][Branch1][=Branch1][N+1][=Branch1][C][=O][O-1][N+1][=Branch1][C][O-1][C][N+1][=Branch1][C][Cl][C][N+1][=Branch1][N+1][=Branch1][N+1][=O][O-1][N+1][C][N][=N][N][Branch1][=Branch1][N+1],O=[N+]([O-])CNC([N+]([O-])C[N+](Cl)C[N+]([O-])O)[N+](=O)[O-],2.179883310599152,1.1357641155188576,1.0098037214825422,1.069674828786212,0.1692311065799251,,0.9811850014228274,mols/page_0069.png,2,8.513312339782715,316.9187316894531,6871.0703125,1.7616400718688965
1363,[O][=N+1][Branch1][C][O-1][C][N][N][Branch1][=Branch1][N+1][=Branch1][C][=O][O-1][N+1][=Branch1][C][N+1][=Branch1][C][O-1][N+1][=Branch1][N+1][=Branch1][O-1][C][=O][C][N+1][=Branch1][N+1][O-1][C][=O][O-1],[N+][N+](C[O-])N(NC[N+](=O)[O-])[N+](=O)[O-],1.536437499842364,1.6118472851635632,1.4786211744966606,1.6148689453249556,0.2133894955074495,,1.4399036425957832,mols/page_0069.png,3,8.802273750305176,339.31439208984375,7465.56201171875,1.7659389972686768
1364,[C][=N+1][Branch1][C][O-1][C][N][N][Branch1][=Branch1][N+1][=Branch1][C][=O][O-1][N+1][=Branch1][C][O-1][C][N+1][=Branch1][C],C=[N+]([O-])CNN([N+]([O-])C[N+])[N+](=O)[O-],1.556437499842364,0.9097551015819204,0.5991938884828155,0.9669999223827788,-0.7663311355452649,,0.6874041029147689,mols/page_0069.png,4,8.376134872436523,297.3036804199219,6759.111328125,1.6705608367919922
1365,[O][=N+1][Branch1][C][O-1][C][N][N][N][Branch1][=Branch1][N+1][=Branch1][C][=O][O-1][N+1][=Branch1][C][O-1][C][N+1][=Branch1][C][C][O-1][N][N+1][=Branch1][C][N+1][=Branch1][N+1][=Branch1][N][=O][O-1][N+1][C][O-1][C][=N][O][N+1][Branch1][C][O-1][N+1][=Branch1][=O][O-1][N+1][Branch1][C][=O][O-1][C][N+1][Branch1][N+1][=Branch1][C],C[N+]([O-])C[N+]([O-])N(NNC[N+](=O)[O-])[N+](=O)[O-],1.617308431519336,1.069430993937558,0.7071975636459947,1.1929602140420728,-0.92697500009526,,0.8286437250031913,mols/page_0069.png,5,8.473051071166992,302.46307373046875,7005.50341796875,1.6549217700958252
1366,[O][=N+1][Branch1][C][O-1][C][N][N][Branch1][=Branch1][N+1][=Branch1][C][=O][O-1][N+1][=Branch1][C][O-1][C][N+1][=Branch1][C][N+1][=Branch1][N+1][=Branch1][O-1][=O][O-1][N+1][Branch1][C][O-1][N+1][=Branch1],[N+][N+](C[N+]([O-])N(NC[N+](=O)[O-])[N+](=O)[O-])[N+](=O)[O-],1.6184079534080928,1.933334387690624,1.8328281015964736,1.9411814511894612,0.5534024778790194,,1.773353450585461,mols/page_0069.png,6,8.99740219116211,356.23504638671875,7821.38037109375,1.7990400791168213
1367,[O][=N+1][Branch1][C][O-1][C][N][C][Branch1][=Branch1][N+1][=Branch1][C][=O][O-1][N+1][=Branch1][C][O-1][C][Branch1][=Branch1][=Branch1][N+1][=Branch1][O-1][N+1][=Branch1][N+1][=Branch1][N+1][=O][O-1][N+1][=N][C][Branch1][=Branch1][N][N+1][=Branch1][C][C][O-1][N+1][=Branch1][N][O-1][C][N+1][=Branch1][C],[N+][N+]C([N+]=O)[N+]([O-])C(NC[N+](=O)[O-])[N+](=O)[O-],2.617308431519336,1.9150482738274133,1.7922063825177807,1.864558580529296,0.5307220475169871,,1.7257093010497158,mols/page_0069.png,7,8.986303329467773,354.2945251464844,7737.8291015625,1.7968320846557617
1368,[O][=N+1][Branch1][C][O-1][C][N][N][Branch1][=Branch1][N+1][=Branch1][C][=O][O-1][N+1][=Branch1][C][O-1][N+1][=Branch1][N][=O][O-1][N+1][=Ring2][C][O-1][N+1][C][O-1][C][Branch1][=Branch1][N+1][C][O-1][N+1][Branch1][C][O-1][N+1][Ring1][C][O-1][N+1][=N][C][O-1][N+1],O=[N+]([O-])CNN([N+]([O-])[N+](=O)[N+]C[O-])[N+](=O)[O-],1.597308431519336,1.6027387955549508,1.4597346017248285,1.4794761855451863,0.3592094053029493,,1.3933297640683144,mols/page_0069.png,8,8.796745300292969,338.41217041015625,7317.9267578125,1.780134916305542
1369,[=C][Branch1][=Branch1][N+1][=Branch1][C][=O][O-1][N+1][=Branch1][C][O-1][C][N+1][=Branch1][C][C][O-1][N+1][=Branch1][N+1][=Branch1][O-1][N+1][=Branch1][=O][O-1][N+1][S][O-1],C[N+]([O-])C[N+]([O-])C[N+](=O)[O-],1.4996683620478215,0.2813879473552039,-0.1610264404472841,0.5871060823438771,-1.7865770253622304,,0.0862751071283077,mols/page_0069.png,9,7.994743824005127,260.987548828125,6344.86669921875,1.5712374448776245
1370,[N][O][=N+1][Branch1][C][O-1][C][=N][N][Branch1][=Branch1][N+1][=Branch1][C][=O][O-1][N+1][=Branch1][C][O-1][C][Branch1][=Branch1][N+1][N+1][C][O-1][C][N][C][Branch1][=Branch1][C][N+1][=Branch1][C][=N][O-1][N+1][=Branch1][N+1][=Branch1][=O][O-1][N+1][=O][O-1][N+1][C][C][=O][O-1][N][Branch1][=Branch1][O-1][N+1][=Branch1][Ring2][=O][O-1][N+1][=C][C][N][Branch1][=Branch1][=Branch1][N+1][=Branch1][N+1][=O][O-1][N],N=[N+]CC([O-])NC([N+][N+]C[O-])[N+]([O-])N(N=C[N+]([O-])ON)[N+](=O)[O-],2.872424281845476,1.0259531578223406,0.8036766219507026,0.9084503464618496,-0.201590623654118,,0.800628521162589,mols/page_0069.png,10,8.446661949157715,307.0719299316406,6695.267578125,1.7255396842956543
1371,[O][=N+1][Branch1][C][O-1][C][N][N][Branch1][=Branch1][N+1][=Branch1][C][=O][O-1][N+1][=Branch1][C][O-1][C][N+1][=Branch1][C][=N][O-1][N+1][=Branch1][N+1][=Branch1][O-1][=O][O-1][N+1][Branch1][C][O-1][N+1][=Branch1][N][O-1][C][Branch1][=Branch1][N+1],N=[N+]([O-])C[N+]([O-])N(NC[N+](=O)[O-])[N+](=O)[O-],1.576601054988479,1.8312303717795555,1.666727325194763,1.7161749544756488,0.3519749823152112,,1.5961569042653605,mols/page_0069.png,11,8.935429573059082,348.3003234863281,7576.0283203125,1.779430627822876
1372,[O][=N+1][Branch1][C][O-1][N][C][C][N][Branch1][=Branch1][N+1][=Branch1][C][=O][O-1][C][Ring1][Branch2][C][N][Branch1][=Branch1][N+1][=Branch1][C][=O][O-1][C][Branch2][Ring1][Branch1][C][Branch1][=Branch2][N][Ring1][Branch2][N+1][=Branch1][C][=O][O-1][N][Ring2][Ring1][C][N+1][=Branch1][C][=O][O-1][N][Ring2][Ring1][#Branch1][N+1][=Branch1][C][=O][O-1],O=[N+]([O-])N1C2C3N([N+](=O)[O-])C1C1N([N+](=O)[O-])C(C(N1[N+](=O)[O-])N3[N+](=O)[O-])N2[N+](=O)[O-],4.482580134081158,2.681375970981472,3.149638234352933,2.935524324421192,2.615651405049533,,2.893528421607032,mols/page_0069.png,12,9.451430320739746,419.1397705078125,8905.6337890625,1.999804973602295
1373,[O][=N+1][Branch1][C][O-1][C][C][N][Branch1][=Branch1][N+1][=Branch1][C][=O][O-1][N+1][=Branch1][C][O-1][N+1][=Branch1][N+1][=Branch1][O-1][N+1][=Branch1][N][C][=O][O-1],[N+][N+](NC=O)[N+]([O-])N(CC[N+](=O)[O-])[N+](=O)[O-],1.617308431519336,1.212830390889433,1.0530644756079284,1.1263938348775038,-0.0491999769337361,,1.0121112528819682,mols/page_0069.png,13,8.560088157653809,318.9853210449219,6932.91796875,1.740375280380249
1374,[O][=N+1][Branch1][C][O-1][C][N][N][Branch1][=Branch1][N+1][=Branch1][C][=O][O-1][N+1][=Branch1][C][O-1][C][N+1][=Branch1][C][N+1][=Branch1][N+1][=Branch1][O-1][C][O-1][N+1][=Branch1][N][=O][O-1][N+1][Ring2][C][O-1][N+1][O-1][C][Branch1][=Branch1][N+1][N][C][O-1][N][N+1][=Branch1][C][Branch1][=Branch1][O][N+1][=Branch1][C][=N][O-1][N+1][=Branch1][=O][O-1][N+1][=O][O-1][N+1],C[N+]([O-])[N+]([N+])C[N+]([O-])N(NC[N+](=O)[O-])[N+](=O)[O-],1.6384079534080929,1.4502670475594108,1.15425367804221,1.6159275233771238,-0.4737619105636604,,1.2501249996948889,mols/page_0069.png,14,8.704201698303223,323.8191833496094,7466.71630859375,1.6990431547164917
1375,[O][=N+1][Branch1][C][O-1][C][C][Branch1][=Branch1][N+1][=Branch1][C][=O][O-1][N+1][=Branch1][C][O-1][C][N+1][=Branch1][C][N+1][=Branch1][N+1][=Branch1][O-1][C][O-1][C][Branch1][=Branch1][N][N+1][=Branch1][C][N][O-1][N+1][=Branch1][=Branch1][C][=O][N+1][=Branch1][C][NH1][O-1][N+1][=Branch1][=O][O-1][N+1][=O][O-1][N+1][C][O-1][N+1][=Branch1][O-1],C[N+]([O-])[N+]([N+])C[N+]([O-])C(C[N+](=O)[O-])[N+](=O)[O-],2.137308431519336,1.164404713860377,0.8165025494821622,1.3913679221354194,-0.7053307943879925,,0.9812409052510032,mols/page_0069.png,15,8.530695915222168,307.68463134765625,7221.8515625,1.676499366760254
1376,[O][=N+1][Branch1][C][O-1][C][C][N][Branch1][=Branch1][N+1][=Branch1][C][=O][O-1][N+1][=Branch1][C][O-1][C][N][N][Branch1][=Branch1][O-1][N+1][=Branch1][N+1][=Branch1][N+1][=O][O-1][N+1][O-1][C][N][O-1][N+1][=Branch1][Ring1][O-1][N+1][=Branch1][O-1][C][=O][O-1][C][Branch1][=Branch1][N+1][S][C][O-1][N+1][=Branch1][N][=O][O-1][N+1][Branch1][C][O-1][N+1][#Branch1][C][N][C][Branch1][=Branch1],O=[N+]N([O-])NC[N+]([O-])N(CC[N+](=O)[O-])[N+](=O)[O-],1.6384079534080929,1.6827480071057797,1.407562073476622,1.669428702952815,-0.1928439270729714,,1.4210646086194294,mols/page_0069.png,16,8.845307350158691,335.91986083984375,7525.05517578125,1.7263911962509155
1377,[O][=N+1][Branch1][C][O-1][C][N][C][N][Branch1][=Branch1][N+1][=Branch1][C][=O][O-1][N+1][=Branch1][C][C][O-1][N+1][=Branch1][O-1][C][N][N][C][Branch1][=Branch1][N+1][=Branch2][C][O-1][C][N+1][=Branch1][C][O-1][N][N+1][=Branch1][C],C[N+]([O-])N(CNC[N+](=O)[O-])[N+](=O)[O-],1.556437499842364,0.4208490263488263,-0.0047139223330179,0.596874196400558,-1.5905471832395104,,0.1837287362402242,mols/page_0069.png,17,8.079390525817871,268.4546813964844,6355.51806640625,1.59032142162323
1378,[O][=N+1][Branch1][C][O-1][C][N][N][N][Branch1][=Branch1][N+1][=Branch1][C][=O][O-1][N+1][=Branch1][C][O-1][C][N+1][=Branch1][C][C][O-1][N+1][=Branch1][=O][O-1][N+1][Branch1][C][O-1][N+1][=O][O-1][N+1][C][O-1][N+1][C][=O][O-1],C[N+]([O-])C[N+]([O-])N(NNC[N+](=O)[O-])[N+](=O)[O-],1.617308431519336,1.069430993937558,0.7071975636459947,1.1929602140420728,-0.92697500009526,,0.8286437250031913,mols/page_0069.png,18,8.473051071166992,302.46307373046875,7005.50341796875,1.6549217700958252
1379,[N][#Branch2][/C][=N+1][Branch1][C@@H1][#Branch2][#Branch2][Branch2][Branch1][O][#C][F][O][C][=N+1][Branch1][=Branch1][=Branch2][C][C][O][=N+1][Branch1][Branch1][=N+1][Cl][C][O-1][O][=N+1][Branch1][C][O-1][C][Branch1][C][O-1][Branch1][=Branch1][N+1][=Branch1][C][=O][O-1][Cl][N+1][=Branch1][C][Ring1][Branch1][C][C][O][=O],NOCF,1.482440063862291,-1.2809411368793326,-1.4287457939425243,-1.2535977066415698,-2.08147894766808,,-1.3870087101289004,mols/page_0069.png,19,7.046479225158691,200.42791748046875,4337.72265625,1.5425280332565308
1380,[O][=N+1][Branch1][C][O-1][C][=N][N][Branch1][=Branch1][N+1][=Branch1][C][=O][O-1][N+1][=Branch1][C][=N][O][N+1][Branch1][C][O-1][N+1][=Branch1][O-1][N][C][N][N][N][Branch1][=Branch1],N=[N+](O[N+]([O-])[N+](N)CNNN)N(N=C[N+](=O)[O-])[N+](=O)[O-],1.743903847312421,0.8200513271735549,0.6289585752161803,0.7895488356267694,-0.1934206727106195,,0.6587299425770796,mols/page_0070.png,0,8.321688652038574,298.7255554199219,6565.61474609375,1.726335048675537
1381,[O][=N+1][Branch1][C][O-1][C][C][N][Branch1][=Branch1][N+1][=Branch1][C][=O][O-1][N+1][=Branch1][C][N+1][=Branch1][C][O-1][C][N+1][=Branch1][N+1][=Branch1][O-1][=O][O-1][N+1][Ring2][C][O-1][N+1][=Branch1],[N+][N+](C[O-])N(CC[N+](=O)[O-])[N+](=O)[O-],1.556437499842364,1.181143154398681,0.9199851762247536,1.3044557086314648,-0.4285308482208925,,1.0042112812863555,mols/page_0070.png,1,8.540855407714844,312.6280517578125,7127.08056640625,1.7034465074539185
1382,[=C][Branch1][N][C][N][N][Branch1][N][=Branch2][NH1][O][N][#N][=Ring1][N+1][#Branch1][=Branch1][P][F][=Branch2],CCNNNON=N,1.4844996950521223,-2.8280386016096624,-2.860063280461257,-2.2670399878132743,-3.909383019972758,,-2.7197797676403157,mols/page_0070.png,2,6.107459545135498,132.05311584472656,3232.642822265625,1.3645771741867065
1383,[N][=N+1][Branch1][C][O-1][C][N][N][Branch1][=Branch1][N+1][=Branch1][C][=O][O-1][N+1][=Branch1][C][O-1][=Branch1][N+1][=Branch1][N][=O][O-1][N+1][=Branch2][C][Branch1][=Branch1][N+1][=O][O-1][N+1],N=[N+]([O-])CNN([N+]([O-])[N+]=O)[N+](=O)[O-],1.516437499842364,1.9311927849070225,1.7982076159306677,1.8099473269302015,0.4320103785409314,,1.6995300688355963,mols/page_0070.png,3,8.996102333068848,354.5812072753906,7678.27978515625,1.7872222661972046
1384,[O][=C][Branch2][Ring2][=Branch1][C][N][Branch2][Ring1][N][C][C][=Branch1][C][=O][O][C][C][Branch1][=Branch1][N+1][=Branch1][C][=O][O-1][Branch1][=Branch1][N+1][=Branch1][C][=O][O-1][N+1][=Branch1][C][=O][O-1][N+1][=Branch1][C][=O][O-1][O][C][C][Branch1][=Branch1][N+1][=Branch1][C][=O][O-1][Branch1][=Branch1][N+1][=Branch1][C][=O][O-1][N+1][=Branch1][C][=O][O-1],O=C(CN(CC(=O)OCC([N+](=O)[O-])([N+](=O)[O-])[N+](=O)[O-])[N+](=O)[O-])OCC([N+](=O)[O-])([N+](=O)[O-])[N+](=O)[O-],2.3655207929383306,0.749955081111899,0.6796579456774889,0.4047176514240754,0.3123093316987923,,0.5505212504368564,mols/page_0070.png,4,8.279143333435059,301.1474914550781,6145.986328125,1.7755690813064575
1385,[C][N][Branch2][Ring1][O][C][=Branch1][C][=O][O][C][C][Branch1][=Branch1][N+1][=Branch1][C][=O][O-1][Branch1][=Branch1][N+1][=Branch1][C][=O][O-1][N+1][=Branch1][C][=O][O-1][N+1][=Branch1][C][=O][O-1],CN(C(=O)OCC([N+](=O)[O-])([N+](=O)[O-])[N+](=O)[O-])[N+](=O)[O-],1.701719749037849,0.8285187500648457,0.7066488027878225,0.509582703873682,0.1818962448605914,,0.6058145942486989,mols/page_0070.png,5,8.326828002929688,302.4368591308594,6260.33349609375,1.7628730535507202
1386,[O][=N+1][Branch1][C][O-1][C][N][N][Branch1][=Branch1][N+1][=Branch1][C][=O][O-1][N+1][=Branch1][C][O-1][C][Branch1][=Branch1][N+1][=Branch2][C][O-1][N][N][Branch1][N+1][=Branch1][C][=N][O-1][N+1][=Branch1][=O][O-1][N+1][Branch1][C][O-1][N+1][=Branch1],N[N+]C(NC=N[O-])[N+]([O-])N(NC[N+](=O)[O-])[N+](=O)[O-],2.159883310599152,1.449316446177108,1.3190033144962674,1.3702012867936546,0.1203326277090131,,1.252193717656707,mols/page_0070.png,6,8.703624725341797,331.6893615722656,7198.77099609375,1.7568796873092651
1387,[O][=N+1][Branch1][C][O-1][C][C][N][Branch1][=Branch1][N+1][=Branch1][C][=O][O-1][N+1][=Branch1][C][O-1][N+1][=Branch1][O-1][=O][O-1][N+1][N][C][N][Branch1][N+1][=Branch1][C][C][O-1][N+1][Branch1][C][O-1][N+1],O=[N+]([O-])CCN([N+]([O-])[N+](=O)[O-])[N+](=O)[O-],1.5563039679725397,1.4258420913810634,1.279910970847684,1.3510819521517683,0.3190515004480284,,1.248776196462697,mols/page_0070.png,7,8.689376831054688,329.8218994140625,7177.9228515625,1.7762254476547241
1388,[O][=N+1][Branch1][C][O-1][C][N][Branch1][=Branch1][N+1][=Branch1][C][=O][O-1][N+1][=Branch1][C][O-1][C][N+1][=Branch1][C][N+1][=Branch1][N+1][=Branch1][=O][O-1][N+1][N][C][=O][O-1],[N+][N+](C[N+]([O-])N(C[N+](=O)[O-])[N+](=O)[O-])[N+]([O-])[N+]NC=O,1.701719749037849,1.690799050879202,1.5945860345428926,1.582225873054674,0.4274172301612757,,1.4969783435935209,mols/page_0070.png,8,8.850193977355957,344.8540954589844,7429.96728515625,1.7867751121520996
1389,[O][=N+1][Branch1][C][O-1][C][N][N][Branch1][=Branch1][N+1][=Branch1][C][=O][O-1][N+1][=Branch1][C][O-1][C][N+1][=Branch1][C][Branch1][=Branch1][N+1][N][C][=O][O-1],O=CN[N+][N+]C[N+]([O-])N(NC[N+](=O)[O-])[N+](=O)[O-],1.6384079534080929,1.2796835935575788,1.0549816250088304,1.096887091150955,-0.1489855438380665,,1.0075225867181776,mols/page_0070.png,9,8.600665092468262,319.076904296875,6900.7431640625,1.7306609153747559
1390,[C][C][N][Branch2][Ring1][N][C][C][=Branch1][C][=O][O][C][C][Branch1][=Branch1][N+1][=Branch1][C][=O][O-1][Branch1][=Branch1][N+1][=Branch1][C][=O][O-1][N+1][=Branch1][C][=O][O-1][N+1][=Branch1][C][=O][O-1],CCN(CC(=O)OCC([N+](=O)[O-])([N+](=O)[O-])[N+](=O)[O-])[N+](=O)[O-],1.786423335035418,-0.2770196588598737,-0.449549439822357,-0.296880476740389,-1.1054098144741056,,-0.4109354468141238,mols/page_0070.png,10,7.655815124511719,247.20465087890625,5380.9482421875,1.637550711631775
1391,[O][=N+1][Branch1][C][O-1][C][N][N][N][Branch1][=Branch1][N+1][=Branch1][C][=O][O-1][N+1][=Branch1][C][O-1][N+1][=Branch1][N][=O][O-1][N+1][N+1][C][O-1],O=[N+][N+]([O-])N(NNC[N+](=O)[O-])[N+](=O)[O-],1.5363039679725397,1.6978177886887025,1.5520216125891102,1.5689255831623323,0.3654287069879057,,1.4765729542831767,mols/page_0070.png,11,8.854454040527344,342.8207702636719,7415.46435546875,1.7807403802871704
1392,[O][=C][Branch2][Ring1][#Branch1][O][C][C][Branch1][=Branch1][N+1][=Branch1][C][=O][O-1][Branch1][=Branch1][N+1][=Branch1][C][=O][O-1][N+1][=Branch1][C][=O][O-1][N][Branch2][Ring2][S][C][C][N][Branch2][Ring2][Branch1][C][N][Branch2][Ring1][O][C][=Branch1][C][=O][O][C][C][Branch1][=Branch1][N+1][=Branch1][C][=O][O-1][Branch1][=Branch1][N+1][=Branch1][C][=O][O-1][N+1][=Branch1][C][=O][O-1][N+1][=Branch1][C][=O][O-1][N+1][=Branch1][C][=O][O-1][N+1][=Branch1][C][=O][O-1],O=C(OCC([N+](=O)[O-])([N+](=O)[O-])[N+](=O)[O-])N(CCN(CN(C(=O)OCC([N+](=O)[O-])([N+](=O)[O-])[N+](=O)[O-])[N+](=O)[O-])[N+](=O)[O-])[N+](=O)[O-],2.790265751340508,1.094622716189565,0.9902342321130548,0.8045552094356762,0.4389607145054544,,0.8869323923004708,mols/page_0070.png,12,8.488341331481934,315.98388671875,6581.97802734375,1.7878988981246948
1393,[O][=N+1][Branch1][C][O-1][O][C][C][N][C][=C][Branch1][=Branch1][N+1][=Branch1][C][=O][O-1][C][Branch1][#Branch2][N][C][C][O][N+1][=Branch1][C][=O][O-1][=C][Branch1][=Branch1][N+1][=Branch1][C][=O][O-1][C][Branch1][#Branch2][N][C][C][O][N+1][=Branch1][C][=O][O-1][=C][Ring2][Ring1][#Branch2][N+1][=Branch1][C][=O][O-1],O=[N+]([O-])OCCNc1c([N+](=O)[O-])c(NCCO[N+](=O)[O-])c([N+](=O)[O-])c(NCCO[N+](=O)[O-])c1[N+](=O)[O-],2.2983993249990475,-0.473769790746306,-0.552049535482447,-0.3159402551720644,-0.7136036044261034,,-0.4541912940686243,mols/page_0070.png,13,7.536396503448486,242.30816650390625,5360.1650390625,1.6756939888000488
1394,[O][=N+1][Branch1][C][O-1][C][C][N][Branch1][=Branch1][N+1][=Branch1][C][=O][O-1][N+1][=Branch1][C][N+1][=Branch1][C][N][=O][O-1][N+1][N+1][=Branch1][C][O-1][N+1][=Branch1][O-1][N][N+1][=Branch1][C][\N+1][O-1][N+1][=Branch1][N+1][=Branch1][=O][O-1][N+1][=N][C][O-1][N+1][Branch1][C][O-1][N+1][#N][O-1][C][N+1][=Branch1][N+1][=O][O-1][N+1][O][N+1][=Branch1][C][C][O-1][N+1][S][C][=O][O-1][Branch1][=Branch1][N+1][O-1][C][=O][O-1][C][N+1][Branch1][C][=O][O-1][N][N+1][Branch1][C][Cl][O-1][N+1][=Branch1][Ring1][=Branch1][C][O-1][N][N+1],[N+][N+](CN=O)N(CC[N+](=O)[O-])[N+](=O)[O-],1.5763039679725397,1.217071172923872,0.921509440960026,1.44183710848301,-0.6092506039157705,,1.0504549364726017,mols/page_0070.png,14,8.562662124633789,312.70086669921875,7276.88427734375,1.6858530044555664
1395,[O][=C][Branch2][Ring1][=C][N][C][N][C][=Branch1][C][=O][O][C][C][Branch1][=Branch1][N+1][=Branch1][C][=O][O-1][Branch1][=Branch1][N+1][=Branch1][C][=O][O-1][N+1][=Branch1][C][=O][O-1][O][C][C][Branch1][=Branch1][N+1][=Branch1][C][=O][O-1][Branch1][=Branch1][N+1][=Branch1][C][=O][O-1][N+1][=Branch1][C][=O][O-1],O=C(NCNC(=O)OCC([N+](=O)[O-])([N+](=O)[O-])[N+](=O)[O-])OCC([N+](=O)[O-])([N+](=O)[O-])[N+](=O)[O-],2.227950530827869,0.6054542435501163,0.580827328910695,0.1911163928611596,0.4159361959816831,,0.414610569857835,mols/page_0070.png,15,8.191437721252441,296.4263000488281,5913.07080078125,1.7856574058532715
1396,[N+1][=N+1][Branch1][C][O-1][C][C][Branch1][=Branch1][N+1][=Branch1][C][=O][O-1][N+1][=Branch1][C][N+1][=Branch1][C][O-1][N+1][=Branch1][=N+1][O-1][C][C][N][N+1][=Branch1][C][=Ring1][O-1][N+1][=Branch1][N+1][=Branch1][O-1][=O][O-1][N+1][NH1][C][=O][O-1],[N+][N+](C[O-])C(C[N+](=[N+])[O-])[N+](=O)[O-],2.037024615544936,1.7282103218091769,1.5406222077541565,1.815089311605771,0.1477470254492775,,1.5580185595780696,mols/page_0070.png,16,8.87290096282959,342.2762145996094,7683.88671875,1.759548544883728
1397,[O][=N+1][Branch1][C][O-1][C][C][Branch1][=Branch1][N+1][=Branch1][C][=O][O-1][N+1][=Branch1][C][O-1][C][N+1][=Branch1][C][N+1][=Branch1][O-1][=O][O-1][N+1][N][C][O-1][N+1][=Branch1][N+1][=Branch1][N+1][=O][O-1][N+1][C][C][Branch1][N+1][=Branch1][C],[N+][N+]([O-])C[N+]([O-])C(C[N+](=O)[O-])[N+](=O)[O-],2.07630396797254,1.8100563152044888,1.6779395508312946,1.8510285738261407,0.440610133558346,,1.6564714093952368,mols/page_0070.png,17,8.922577857971191,348.8359375,7723.075683593749,1.7880594730377197
1398,[O][=N+1][Branch1][C][O-1][C][=C][C][Branch1][=Branch1][N+1][=Branch1][C][=O][O-1][=C][Branch2][Ring2][Branch2][N][C][=C][N][Branch2][Ring1][N][C][=C][Branch1][=Branch1][N+1][=Branch1][C][=O][O-1][C][=C][Branch1][=Branch1][N+1][=Branch1][C][=O][O-1][C][=C][Ring1][N][N+1][=Branch1][C][=O][O-1][N][=N][Ring2][Ring1][Ring2][C][Branch1][=Branch1][N+1][=Branch1][C][=O][O-1][=C][Ring2][Ring1][P],O=[N+]([O-])c1cc([N+](=O)[O-])c(Nc2cn(-c3c([N+](=O)[O-])cc([N+](=O)[O-])cc3[N+](=O)[O-])nn2)c([N+](=O)[O-])c1,1.9783993249990477,-0.7192339225603934,-0.6042942522952325,-0.7064395785390322,0.1738328265507986,,-0.5960745924744396,mols/page_0070.png,18,7.387410640716553,239.81240844726562,4934.35595703125,1.7620880603790283
1399,[O][=N+1][Branch1][C][O-1][C][N][N][Branch1][=Branch1][N+1][=Branch1][C][=O][O-1][N+1][=Branch1][C][O-1][C][N+1][=Branch1][C][=N][N][Branch1][=Branch1],N=[N+](N)C[N+]([O-])N(NC[N+](=O)[O-])[N+](=O)[O-],1.576601054988479,1.4837517848457902,1.2898602160225086,1.5239906464538049,-0.0576662600307608,,1.2972326327955206,mols/page_0070.png,19,8.724525451660156,330.29718017578125,7366.46630859375,1.739551067352295
1400,[=N+1][Branch1][C][O-1][C][N][Branch1][=Branch1][N+1][=Branch1][C][=O][O-1][N+1][=Branch1][C][O-1][C][Branch1][=Branch1][N+1][O][C][C][Branch1][=Branch1],CCO[N+]C[N+]([O-])N(C[N+][O-])[N+](=O)[O-],1.5963039679725397,-0.347597490580498,-0.6699497517799394,-0.1771066689316947,-1.9406991335085877,,-0.5192993915136461,mols/page_0071.png,0,7.612977504730225,236.67601013183594,5511.55224609375,1.556233286857605
1401,[O][=N+1][Branch1][C][O-1][C][N][C][Branch1][=Branch1][N+1][=Branch1][C][=O][O-1][N+1][=Branch1][C][O-1][C][N+1][=Branch1][C][=N][O-1][N+1][=Branch1][N][=O][O-1][N+1][Ring2][C][O-1][C][Branch1][=Branch1][O][N+1][=Branch1][C][C][O-1][N+1][=Branch1][N+1][=Branch1][O-1][=O][O-1][N+1][O][C][=O][O-1],N=[N+]([O-])C[N+]([O-])C(NC[N+](=O)[O-])[N+](=O)[O-],2.0966010549884797,1.670228351214556,1.4901790108715756,1.5498192344610182,0.2085881799125069,,1.430888352297191,mols/page_0071.png,1,8.837708473205566,339.86651611328125,7394.63037109375,1.7654715776443481
1402,[O][=N+1][Branch1][C][O-1][C][C][Branch1][=Branch1][N+1][=Branch1][C][=O][O-1][N+1][=Branch1][C][O-1][C][N][Branch1][=Branch1][N+1][O][C][=O][O-1][N][Branch1][=Branch1][C][N+1][=Branch1][C][N+1][C][=O][O-1],[N+][N+]CN(C=O)N(C[N+]([O-])C(C[N+](=O)[O-])[N+](=O)[O-])[N+]OC=O,2.3292669435287103,0.643779977297447,0.3926247138475355,0.4866284866434847,-0.6322298154573911,,0.3905295858979004,mols/page_0071.png,2,8.214699745178223,287.4357604980469,6235.3037109375,1.6836159229278564
1403,[O][=N+1][Branch1][C][O-1][C][N][C][Branch1][=Branch1][N+1][=Branch1][C][=O][O-1][N+1][=Branch1][C][O-1][N+1][=Branch1][O-1][=O][O-1][N+1][N+1][=Branch1][C][N+1][=Branch1][C],O=[N+]([O-])CNC([N+]([O-])[N+](=O)[O-])[N+](=O)[O-],2.05630396797254,1.90596178160616,1.768241695588078,1.8082636325663477,0.4704404955089705,,1.6889003718759954,mols/page_0071.png,3,8.980788230895996,353.14971923828125,7676.44384765625,1.7909635305404663
1404,[O][=N+1][Branch1][C][O-1][C][N][N][N+1][=Branch1][C][=O][O-1][N+1][=Branch1][C][O-1][C][N+1][=Branch1][C][N+1][=Branch1][N+1][=Branch1][C][N][C][N+1][=Branch1][=O][O-1][N+1],O=[N+]([O-])CNN[N+](=O)[O-],1.461790468830701,1.6905272260211222,1.4588319252491622,1.5976598873203574,-0.0578805498112033,,1.4206156877645937,mols/page_0071.png,4,8.850028991699219,338.3690490722656,7446.796875,1.7395302057266235
1405,[O][=N+1][Branch1][C][O-1][C][C][N][N][N][Branch1][=Branch1][N+1][=Branch1][C][=O][O-1][N+1][=Branch1][C][O-1][N+1][=Branch1][O-1][C][O-1][N+1][=O][O-1][N+1][C][C][O-1][N+1][N][N+1][=Branch1][C][N][O-1][N+1][=Branch1][N+1][=Branch1][N][=O][O-1][N+1][=Branch2][C][O-1][N+1][C][O-1][N+1],C[N+]([O-])[N+]([O-])N(NNCC[N+](=O)[O-])[N+](=O)[O-],1.617308431519336,0.7412001209429859,0.3352654691761623,0.8408849454553233,-1.2183417532803245,,0.483636200383884,mols/page_0071.png,5,8.273829460144043,284.6956787109375,6621.5927734375,1.6265565156936646
1406,[O][=N+1][Branch1][C][O-1][C][C][Branch1][=Branch1][N+1][=Branch1][C][=O][O-1][N+1][=Branch1][C][O-1][C][N+1][=Branch1][C][N+1][=Branch1][N+1][=Branch1][O-1][N+1][=Branch1][O-1][=O][O-1][N+1][Branch1][C][O-1][N+1][=Branch1][=Branch1][=O][O-1][N+1][C][O-1][N+1],[N+][N+]([O-])[N+]([N+])C[N+]([O-])C(C[N+](=O)[O-])[N+](=O)[O-],2.117308431519336,1.8138037272653031,1.71114373519027,1.9093882863400824,0.5475088966603356,,1.69974306981596,mols/page_0071.png,6,8.92485237121582,350.422119140625,7786.71240234375,1.7984663248062134
1407,[O][=N+1][Branch1][C][O-1][C][N][N][N][Branch1][=Branch1][N+1][=Branch1][C][=O][O-1][N+1][=Branch1][C][O-1][N+1][=Branch1][O-1][C][O-1][C][Branch1][=Branch1][N+1][Branch1][C][O-1][N+1][C][O-1][N+1][Branch1][C][=O][O-1][N][N+1][=Branch1][C][O][N+1][=Branch1][C][=N][O-1][N+1][=Branch1][N+1][=Branch1][=O][O-1][N+1][C][N+1][=Branch1][C][=C][O-1][N+1][=Branch1][N][N+1][=Branch1][=O],C[N+]([O-])[N+]([O-])N(NNC[N+](=O)[O-])[N+](=O)[O-],1.576601054988479,1.402705553605176,1.1067912939235771,1.387594386921536,-0.4102084597365448,,1.141391120677148,mols/page_0071.png,7,8.675333976745605,321.5518798828125,7217.73681640625,1.7052302360534668
1408,[Branch1][=O][/C][O][O][=N+1][#N+1][=N+1][Branch1][O-1][C][N][N][Branch1][O][O][=N+1][Branch1][C][O-1][C][Branch1][=Branch1][N+1][=Branch1][C][=O][O-1][N+1][=Branch1][C],C[N+]([N+]#[N+]OOCO)NN([N+])O[N+]([O-])C[N+](=O)[O-],1.6598833105991515,0.3284395732952944,0.0759750054345037,0.1640420501411154,-0.6174732089196062,,0.104973143846935,mols/page_0071.png,8,8.02330207824707,272.3092346191406,5883.54833984375,1.685052514076233
1409,[O][=N+1][Branch1][C][O-1][C][N][N][Branch1][=Branch1][N+1][=Branch1][C][=O][O-1][N+1][=Branch1][C][O-1][N][N+1][=Branch1][C][=N][O][N+1][=Branch1][C][N+1][=Branch1][C][NH1][O-1][N+1][=Branch1][O-1][C][O-1][N+1][=Branch1][N+1][=Branch1][=O][O-1][N+1][Branch1][C][O-1][N+1][C][O-1][N][C][Branch1][=Branch1][N+1][N][C][O-1][C][Branch1][=Branch1],[N+][N+](CN[O-])O[N+](=N)N[N+]([O-])N(NC[N+](=O)[O-])[N+](=O)[O-],1.743903847312421,1.8756430968575335,1.7351039502619898,1.786644728259824,0.4094536239950402,,1.6582900154833145,mols/page_0071.png,9,8.962386131286621,351.56671142578125,7652.8701171875,1.7850263118743896
1410,[O][=N+1][Branch1][C][O-1][N][C][C][N][Branch1][=Branch1][N+1][=Branch1][C][=O][O-1][C][C][Ring1][=Branch2][N][Branch1][=Branch1][N+1][=Branch1][C][=O][O-1][C][C][N][Ring1][=Branch2][N+1][=Branch1][C][=O][O-1],O=[N+]([O-])N1CCN([N+](=O)[O-])C2C1N([N+](=O)[O-])CCN2[N+](=O)[O-],1.7092669435287096,1.1279833253615608,1.0113222366861223,1.3557851015942053,0.3190380308046862,,1.1090442342300717,mols/page_0071.png,10,8.508589744567871,316.99127197265625,7183.05126953125,1.776224136352539
1411,[O][=N+1][Branch1][C][O-1][C][C][Branch1][=Branch1][N+1][=Branch1][C][=O][O-1][N+1][=Branch1][C][O-1][C][N+1][=Branch1][C][Branch1][=Branch1],[N+]C[N+]([O-])C(C[N+](=O)[O-])[N+](=O)[O-],2.037024615544936,1.5503991548179334,1.3475503781846074,1.5316008554202158,0.1798219197859081,,1.3551099173973125,mols/page_0071.png,11,8.76497745513916,333.0530700683594,7374.7646484375,1.7626711130142212
1412,[N][NH1][N][=N][O][=N+1][Branch1][N][O][=N+1][Branch1][C][C][O-1][N][N][N][=N][N][Branch1][NH1][N][O][NH1][N+1][O][=N+1][NH1][O][=N+1][Branch1][=Branch1][C][=O][O-1][N+1][=Branch1][C][=O][N],C[N+]([O-])O[N+](N)(ON=NNN)ON[N+]O[N+]NO[N+](C=O)C=O,2.3724242818454764,0.0423266265045623,-0.1755472021542163,-0.1432778459498473,-0.904064361283381,,-0.1810227184206905,mols/page_0071.png,12,7.849644184112549,260.29388427734375,5548.43994140625,1.6571521759033203
1413,[O][=N+1][Branch1][C][O-1][C][N][N][Branch1][=Branch1][N+1][=Branch1][C][=O][O-1][N+1][=Branch1][C][O-1][N+1][=Branch1][N+1][=Branch1][O-1][C][O-1][C][Branch1][=Branch1][N+1][Branch1][C][O-1][N+1][C][C][N+1][=Branch1][C][C][O-1][N+1][Branch1][C][N+1][=Branch1][N+1][=O][O-1][N+1][N][C][O-1][N+1][S][C][O-1][N+1][=C][C][Branch1][=Branch1][=Branch1][N+1][=Branch1][=O][O-1][N+1][Branch1],C[N+]([O-])[N+]([O-])N(NC[N+](=O)[O-])[N+](=O)[O-],1.5563039679725397,1.446672045968156,1.124440439707889,1.517378115956188,-0.4533860137261581,,1.2043907664288709,mols/page_0071.png,13,8.702019691467285,322.3949890136719,7359.255859375,1.7010267972946167
1414,[O][=N+1][Branch1][C][O-1][C][=C][Branch1][C][O][C][Branch1][=Branch1][N+1][=Branch1][C][=O][O-1][=C][Branch1][C][O][C][Branch1][=Branch1][N+1][=Branch1][C][=O][O-1][=C][Ring1][=C][O],O=[N+]([O-])c1c(O)c([N+](=O)[O-])c(O)c([N+](=O)[O-])c1O,1.5598833105991516,0.3032902745760514,0.6814224130701219,-0.2851568591499441,2.356876290700224,,0.3678030573215881,mols/page_0071.png,14,8.008037567138672,301.2317810058594,5393.73193359375,1.9746125936508179
1415,[N][=N][C][#N+1][/N][/N+1][=C][Branch1][=N+1][C][C][N][Branch1][=Branch1][N+1][=Branch1][C][=O][O-1][N+1][=Branch1][C][O-1][C][N+1][=Branch1][C][C@@H1][O-1][N+1][=Branch1][N+1][=Branch1][=O][=O][O-1][C][N+1][#C][N][C][O-1][=N][O][N+1][Branch1][C][O-1][C][Branch1][=Branch1][N+1][C][N][O-1][C][Branch1][N+1][=Branch1][C][C][O-1][N+1][=Branch1][N][=O][O-1][N+1][C][O-1][O][N+1][=Branch1][C][N][O-1][N+1][=Branch1][=N][C][=O][O-1],[CH][N+]([O-])C[N+]([O-])N(CC(C)=[N+]N[N+]#CN=N)[N+](=O)[O-],1.741719749037849,-0.131575290504582,-0.4028811299140946,0.0798797215011049,-1.5086199143807408,,-0.2525242079423013,mols/page_0071.png,15,7.744093418121338,249.43402099609375,5791.77587890625,1.5982972383499146
1416,[=C][N][N][Branch1][=Branch1][N+1][=Branch1][C][=O][O-1][N+1][C][=O][N][N+1][=Branch1][=Branch1][C][=O][Cl][O-1][O-1][N+1][=Branch1][P][=O][=Branch1][C@@H1][=Branch2][=O][=O],CNN([N+]C=O)[N+](=O)[O-],1.481790468830701,-0.9162873041439904,-1.1366839578109382,-0.8585591253580084,-1.9873947134365508,,-1.0554059369755904,mols/page_0071.png,16,7.267807960510254,214.37986755371094,4768.4814453125,1.5516873598098755
1417,[N][C][=C][Branch1][=Branch1][N+1][=Branch1][C][=O][O-1][C][=C][Branch1][=Branch1][N+1][=Branch1][C][=O][O-1][C][Branch1][C][N][=C][Ring1][=N][N+1][=Branch1][C][=O][O-1],Nc1c([N+](=O)[O-])cc([N+](=O)[O-])c(N)c1[N+](=O)[O-],1.538407953408093,-0.6577960052874661,-0.5370726442612717,-0.6283175034293494,0.2229553913064019,,-0.527748624628284,mols/page_0071.png,17,7.424700736999512,243.02362060546875,5019.5419921875,1.7668702602386475
1418,[O][=N+1][Branch1][C][O-1][C][=C][C][Branch1][=Branch1][N+1][=Branch1][C][=O][O-1][=C][Branch2][Ring1][N][C][=C][Branch1][=Branch1][N+1][=Branch1][C][=O][O-1][C][=C][Branch1][=Branch1][N+1][=Branch1][C][=O][O-1][C][=C][Ring1][N][N+1][=Branch1][C][=O][O-1][C][Branch1][=Branch1][N+1][=Branch1][C][=O][O-1][=C][Ring2][Ring1][O],O=[N+]([O-])c1cc([N+](=O)[O-])c(-c2c([N+](=O)[O-])cc([N+](=O)[O-])cc2[N+](=O)[O-])c([N+](=O)[O-])c1,1.8625801340811576,-0.5818413835995014,-0.4756143029118284,-0.6272853450493802,0.2873806954116606,,-0.4865399901064184,mols/page_0071.png,18,7.470801830291748,245.9595184326172,5020.66748046875,1.7731422185897827
1419,[O][=N+1][Branch1][C][O-1][C][N][Branch1][=Branch1][N+1][=Branch1][C][=O][O-1][N+1][=Branch1][C][O-1][C][Branch1][=Branch1][N+1][S][C][=O][O-1][C][Branch1][Ring1][N+1][=Branch1][C][C@@H1][O-1][N+1][=Branch1][N+1][=Branch1][O-1][=O][O-1][N+1][Branch1][C][O-1][N+1][=Branch1][=N][=O][O-1][N+1][=Branch2][C][O-1],[CH][N+]C([O-])C([N+]SC=O)[N+]([O-])N(C[N+](=O)[O-])[N+](=O)[O-],2.721719749037849,0.7574231941203059,0.6031093195651642,0.596760457472787,-0.1806759410829318,,0.5607697173021892,mols/page_0071.png,19,8.283676147460938,297.49072265625,6355.39404296875,1.7275757789611816
1420,[N][#C][C][N][Branch2][Ring1][=Branch1][C][C][Branch1][=Branch1][N+1][=Branch1][C][=O][O-1][Branch1][=Branch1][N+1][=Branch1][C][=O][O-1][N+1][=Branch1][C][=O][O-1][N+1][=Branch1][C][=O][O-1],N#CCN(CC([N+](=O)[O-])([N+](=O)[O-])[N+](=O)[O-])[N+](=O)[O-],1.6798833105991515,1.1238635289575964,0.9337418890534857,1.2295120544246114,-0.0781609346322797,,0.9983900828093872,mols/page_0072.png,0,8.506089210510254,313.28521728515625,7045.3603515625,1.7375558614730835
1421,[O][=N+1][Branch1][C][O-1][C][N][N][Branch1][=Branch1][N+1][=Branch1][C][=O][O-1][N+1][=Branch1][C][O-1][C][Branch1][=Branch1][N+1],[N+]C[N+]([O-])N(NC[N+](=O)[O-])[N+](=O)[O-],1.536437499842364,1.8176564125370505,1.6491963642285672,1.7723937779593806,0.2690325921536599,,1.6025739645905226,mols/page_0072.png,1,8.927190780639648,347.4628601074219,7637.33056640625,1.7713559865951538
1422,[O][=C][Branch2][Ring1][#Branch1][O][C][C][Branch1][=Branch1][N+1][=Branch1][C][=O][O-1][Branch1][=Branch1][N+1][=Branch1][C][=O][O-1][N+1][=Branch1][C][=O][O-1][N][Branch2][Branch1][N][C][C][N][Branch2][Ring2][P][C][C][N][Branch2][Ring2][=Branch1][C][C][N][Branch2][Ring1][O][C][=Branch1][C][=O][O][C][C][Branch1][=Branch1][N+1][=Branch1][C][=O][O-1][Branch1][=Branch1][N+1][=Branch1][C][=O][O-1][N+1][=Branch1][C][=O][O-1][N+1][=Branch1][C][=O][O-1][N+1][=Branch1][C][=O][O-1][N+1][=Branch1][C][=O][O-1][N+1][=Branch1][C][=O][O-1],O=C(OCC([N+](=O)[O-])([N+](=O)[O-])[N+](=O)[O-])N(CCN(CCN(CCN(C(=O)OCC([N+](=O)[O-])([N+](=O)[O-])[N+](=O)[O-])[N+](=O)[O-])[N+](=O)[O-])[N+](=O)[O-])[N+](=O)[O-],3.131772261510376,0.6142154886868463,0.4533780987278366,0.4651788473554553,-0.1648613552862766,,0.4364838002672252,mols/page_0072.png,2,8.196755409240723,290.3379821777344,6211.91455078125,1.72911536693573
1423,[O][=N+1][Branch1][C][O-1][C][C][Branch1][=Branch1][N+1][=Branch1][C][=O][O-1][N+1][=Branch1][C][O-1][C][N+1][=Branch1][C][N+1][=Branch1][N+1][=Branch1][O-1][N+1][=Branch1][O-1][=O][O-1][N+1][Branch1][C][O-1][N+1][=Branch1][=Branch1][=O][O-1][N+1][C][O-1][N+1],[N+][N+]([O-])[N+]([N+])C[N+]([O-])C(C[N+](=O)[O-])[N+](=O)[O-],2.117308431519336,1.8138037272653031,1.71114373519027,1.9093882863400824,0.5475088966603356,,1.69974306981596,mols/page_0072.png,3,8.92485237121582,350.422119140625,7786.71240234375,1.7984663248062134
1424,[O][=N+1][Branch1][C][O-1][C][N][Branch1][=Branch1][N+1][=Branch1][C][=O][O-1][N+1][=Branch1][C][O-1][N+1][=Branch1][N][C][=O][O-1],O=C[N+][N+]([O-])N(C[N+](=O)[O-])[N+](=O)[O-],1.536437499842364,1.39447067452311,1.2832571982925107,1.1215769465072958,0.4742744458093442,,1.165490191387758,mols/page_0072.png,4,8.67033576965332,329.98175048828125,6927.66552734375,1.7913367748260498
1425,[O][=N+1][Branch1][C][O-1][C][N][Branch1][=Branch1][N+1][=Branch1][C][=O][O-1][N+1][=Branch1][C][O-1][C][N+1][=Branch1][C][Branch1][=Branch1][N+1][N+1][=Branch1][C][N][O-1][N+1][=Branch1][N+1][=Branch1][N][=O][O-1][N+1][Branch1][C][O-1][N+1][=Branch1],N[N+][N+][N+]([O-])C[N+]([O-])N(C[N+](=O)[O-])[N+](=O)[O-],1.597308431519336,1.9957315481766025,1.890404550798439,2.0488093744435845,0.4937809383947655,,1.8404358683606707,mols/page_0072.png,5,9.035274505615234,358.9855041503906,7938.740234375,1.7932357788085938
1426,[Branch1][C][N][N][=N+1][Branch1][C][O-1][C][N][Branch1][=Branch1][N+1][=Branch1][C][=O][O-1][N+1][=Branch1][C][O-1][N][Branch2][Ring1][=Branch1][C][N+1][Branch1][=Branch1][C][C@@H1][#N][O-1][N+1][Branch1][=Branch1][N+1][=O][=O][O-1][C][Branch1][=Branch1][N+1][Branch1][=Branch1][=O][O-1],CNN=[N+]([O-])CN([N+]([O-])NC[N+](CC=N[O-])([N+]O[O-])[N+]=O)[N+](=O)[O-],2.4158857329053585,1.027106449416738,0.6684093063402403,0.979336118135392,-0.630820400958595,,0.7525313460975419,mols/page_0072.png,6,8.447361946105957,300.6101379394531,6772.56298828125,1.6837531328201294
1427,[O][=N+1][Branch1][C][O-1][C][C][N][Branch1][=Branch1][N+1][=Branch1][C][=O][O-1][N+1][=Branch1][C][O-1],O=[N+]([O-])CCN([N+][O-])[N+](=O)[O-],1.498091503851731,1.4396894467236028,1.2111753194681258,1.423220643195009,-0.14581650411358,,1.2174227984145778,mols/page_0072.png,7,8.697781562805176,326.5383605957031,7256.58447265625,1.7309694290161133
1428,[O][=N+1][Branch1][C][O-1][C][N][N][Branch1][=Branch1][N+1][=Branch1][C][=O][O-1][N+1][=Branch1][C][N+1][=Branch1][C][O-1][N+1][=Branch1][N+1][=Branch1][O-1][=O][O-1][N+1][O-1][C][O-1][C][Branch1][=Branch1][N+1][=O][O-1][N+1][=Branch2][C][O-1][N][Branch1][=Branch1][N][N+1][=Branch1][C][=N][O-1][N+1][=Branch1][N][=O][O-1][N+1],[N+][N+](C[O-])N(NC[N+](=O)[O-])[N+](=O)[O-],1.536437499842364,1.6118472851635632,1.4786211744966606,1.6148689453249556,0.2133894955074495,,1.4399036425957832,mols/page_0072.png,8,8.802273750305176,339.31439208984375,7465.56201171875,1.7659389972686768
1429,[O][=N+1][Branch1][C][O-1][C][N][C][Branch1][=Branch1][N+1][=Branch1][C][=O][O-1][N+1][=Branch1][C][=N][O-1][N+1][=Branch1][N+1][=Branch1][=O][O-1][N+1],N=[N+]([O-])C(NC[N+](=O)[O-])[N+](=O)[O-],2.017024615544936,1.728111333566061,1.5694535538428305,1.519527513016428,0.3913663420126637,,1.4713388612600604,mols/page_0072.png,9,8.872840881347656,343.65350341796875,7361.599609375,1.783265471458435
1430,[O][=N+1][Branch1][C][O-1][C][N][N][N][Branch1][=Branch1][N+1][=Branch1][C][=O][O-1][N+1][=Branch1][C][O-1][N+1][=Branch1][N+1][=Branch1][O-1][C][O-1][N+1][N][C][N][C][N][Branch1][=Branch1][N][N+1][=Branch1][C][=Branch1][C][N+1][=Branch1][C][C][O-1][N+1][Branch1][C][O-1][N+1][C][O-1][C][=N][C][Branch1][=Branch1][N+1],C[N+]([O-])[N+]([O-])N(NNC[N+](=O)[O-])[N+](=O)[O-],1.576601054988479,1.402705553605176,1.1067912939235771,1.387594386921536,-0.4102084597365448,,1.141391120677148,mols/page_0072.png,10,8.675333976745605,321.5518798828125,7217.73681640625,1.7052302360534668
1431,[C][=N+1][Branch1][C][O-1][C][N][N][Branch1][=Branch1][N+1][=Branch1][C][=O][O-1][N+1][=Branch1][C][O-1][C][N+1][=Branch1][C][N+1][=Branch1][O-1][N+1][=Branch1][N+1][=Branch1][=O][O-1][N+1],C=[N+]([O-])CNN([N+]([O-])C[N+]([N+])[O-])[N+](=O)[O-],1.596601054988479,1.396836964906165,1.132114148006335,1.5362574345930142,-0.4686887530758135,,1.1998718767577494,mols/page_0072.png,11,8.671772003173828,322.7615661621094,7379.84228515625,1.6995370388031006
1432,[O][=N+1][Branch1][C][O-1][C][N][N][Branch1][=Branch1][N+1][=Branch1][C][=O][O-1][N+1][=Branch1][C][O-1][C][Branch1][=Branch1][N+1][=O][O-1][N+1][Branch1][C][O-1][N+1][=Branch1][N+1][=Branch1][O-1][=O][O-1][N+1][S][C][O-1][C][N+1][=Branch1][C][N][O-1][N+1][=Branch1][=O][O-1][N+1][=N][O-1][N+1][=Branch1][O-1][C][O-1][N+1][S][O-1][N+1][=Branch1],O=[N+]C(C[O-])[N+]([O-])N(NC[N+](=O)[O-])[N+](=O)[O-],2.117308431519336,1.6609344550553455,1.481495301505877,1.5867078137163275,0.1305046574583599,,1.4333410303726728,mols/page_0072.png,12,8.832067489624023,339.4516906738281,7434.8544921875,1.7578699588775635
1433,[O][=N+1][Branch1][C][O-1][C][=C][C][Branch1][=Branch1][N+1][=Branch1][C][=O][O-1][=C][Branch2][Ring1][#C][C][=C][Branch1][=Branch1][N+1][=Branch1][C][=O][O-1][C][=C][Branch1][=Branch1][N+1][=Branch1][C][=O][O-1][C][Branch1][C][O][=C][Ring1][=N][N+1][=Branch1][C][=O][O-1][C][Branch1][=Branch1][N+1][=Branch1][C][=O][O-1][=C][Ring2][Ring1][N],O=[N+]([O-])c1cc([N+](=O)[O-])c(-c2c([N+](=O)[O-])cc([N+](=O)[O-])c(O)c2[N+](=O)[O-])c([N+](=O)[O-])c1,1.907950530827869,-0.3597078379426474,-0.1768676779328449,-0.4699364942992625,0.7576488024404197,,-0.246353596444536,mols/page_0072.png,13,7.605627059936523,260.2308044433594,5192.244140625,1.8189239501953125
1434,[S][N][NH1][N][C][Branch1][=Branch1][N+1][=Branch1][C][=O][O-1][N+1][=Branch1][C][O-1][C][Branch1][=Branch1][=Branch1][N+1][=Branch1][=Branch1][=O][O-1][N+1][C][=Branch1][N][N+1][=Branch1][=O][O-1][=C][Branch1][=Branch1][N+1][S][=Branch1][C][=O],O=[N+]C(N[N+]([O-])C[N+][SH]=O)[N+]([O-])C(NNNS)[N+](=O)[O-],2.743903847312421,0.947167943753849,0.7453386792179558,0.7211568123341593,-0.0352760392570992,,0.708061776750905,mols/page_0072.png,14,8.398842811584473,304.28509521484375,6491.03857421875,1.741730809211731
1435,[O][=N+1][Branch1][C][O-1][C][N][N][N][Branch1][=Branch1][N+1][=Branch1][C][=O][O-1][N+1][=Branch1][C][C][O-1][N+1][=Branch1][N+1][=Branch1][O-1][=O][O-1][N+1][C][=O][O-1],C[N+]([O-])N(NNC[N+](=O)[O-])[N+](=O)[O-],1.536437499842364,0.9832845113135464,0.5950139789426282,1.0144174126958834,-0.9351474000648208,,0.706826847635915,mols/page_0072.png,15,8.420763969421387,297.10400390625,6810.81640625,1.6541261672973633
1436,[O][=N+1][Branch1][C][O-1][C][N][N][Branch1][=Branch1][N+1][=Branch1][C][=O][O-1][N+1][=Branch1][C][O-1][C][N+1][=Branch1][C][=N][N][N+1][=Branch1][C][C][O-1][N+1][=Branch1][=O][O-1][N+1][C][=O][O-1],C[N+]([O-])N[N+](=N)C[N+]([O-])N(NC[N+](=O)[O-])[N+](=O)[O-],1.6598833105991515,1.0140085764863611,0.7275994574371335,1.0958732922042085,-0.7586069073450867,,0.7978906346280485,mols/page_0072.png,16,8.439412117004395,303.43768310546875,6899.6376953125,1.6713128089904785
1437,[N][C][=Branch1][C][=O][O][C][C][Branch1][=Branch1][N+1][=Branch1][C][=O][O-1][Branch1][=Branch1][N+1][=Branch1][C][=O][O-1][N+1][=Branch1][C][=O][O-1],NC(=O)OCC([N+](=O)[O-])([N+](=O)[O-])[N+](=O)[O-],1.596601054988479,0.9461922025002786,0.9546484639598236,0.3677207067336455,0.7874424290001112,,0.7010426922084949,mols/page_0072.png,17,8.398250579833984,314.283935546875,6105.64404296875,1.8218244314193726
1438,[N][C][=N+1][Branch1][C][O-1][N][N][N][Branch1][=Branch1][N+1][=Branch1][C][=O][O-1][N+1][=Branch1][C][N+1][=Branch1][C][O-1][C][Branch1][=Branch1][N+1][=Branch2][C][O-1][C][N+1][=Branch1][=O][O-1][N+1][#Branch1][C][=O][O-1],[N+][N+](C[O-])N(NN[N+]([O-])=CN)[N+](=O)[O-],1.5563039679725397,1.4047465969037076,1.33416674607901,1.3850522771067484,0.2086530791031552,,1.2596145544986943,mols/page_0072.png,18,8.676572799682617,332.4137268066406,7214.96484375,1.7654778957366943
1439,[O][=N+1][Branch1][C][O-1][C][C][N][Branch1][=Branch1][N+1][=Branch1][C][=O][O-1][N+1][=Branch1][C][O-1][N+1][=Branch1][N+1][=Branch1][=O][O-1][N+1][Ring1][O-1][C][=O][=Branch1][N+1][=Branch1][O-1][C][O-1][N+1][N][C][=O][O-1],O=C[N+][N+]([O-])[N+]([O-])N(CC[N+](=O)[O-])[N+](=O)[O-],1.617308431519336,1.2796018889759593,1.120393408233476,1.0816536872775604,0.1953793578460323,,1.0521982349979864,mols/page_0072.png,19,8.600615501403809,322.20166015625,6884.13232421875,1.7641856670379639
1440,[O][=N+1][Branch1][C][O-1][C][C][N][Branch1][=Branch1][N+1][=Branch1][C][=O][O-1][N+1][=Branch1][C][O-1],O=[N+]([O-])CCN([N+][O-])[N+](=O)[O-],1.498091503851731,1.4396894467236028,1.2111753194681258,1.423220643195009,-0.14581650411358,,1.2174227984145778,mols/page_0073.png,0,8.697781562805176,326.5383605957031,7256.58447265625,1.7309694290161133
1441,[O][=N+1][Branch1][C][O-1][C][N][N][Branch1][=Branch1][N+1][=Branch1][C][=O][O-1][N+1][=Branch1][C][O-1][C][N+1][=Branch1][C],[N+]C[N+]([O-])N(NC[N+](=O)[O-])[N+](=O)[O-],1.536437499842364,1.8176564125370505,1.6491963642285672,1.7723937779593806,0.2690325921536599,,1.6025739645905226,mols/page_0073.png,1,8.927190780639648,347.4628601074219,7637.33056640625,1.7713559865951538
1442,[O][=N+1][Branch1][C][O-1][C][N][N][Branch1][=Branch1][N+1][=Branch1][C][=O][O-1][N+1][=Branch1][C][O-1][C][N+1][=Branch1][C][Branch1][=Branch1][N+1][=O][O-1][N+1][S][C][O-1][C][Branch1][=Branch1],O=[N+][N+](C[O-])C[N+]([O-])N(NC[N+](=O)[O-])[N+](=O)[O-],1.6384079534080929,1.742928145194354,1.5305618049666172,1.7142355714198367,0.0960309420938046,,1.513669810317558,mols/page_0073.png,2,8.881834030151367,341.7956237792969,7573.91357421875,1.7545138597488403
1443,[O][=N+1][Branch1][C][O-1][C][C][N][Branch1][=Branch1][N+1][=Branch1][C][=O][O-1][N+1][=Branch1][C][O-1][C][N+1][=Branch1][C][O][N+1][=Branch1][C][N+1][=Branch1][O-1][C][=O][O-1],[N+][N+]([O-])[N+](O)C[N+]([O-])N(CC[N+](=O)[O-])[N+](=O)[O-],1.6384079534080929,1.6364183668436532,1.4338022972827038,1.692326050719127,0.0695802361090157,,1.4514436099301415,mols/page_0073.png,3,8.817187309265137,337.1733703613281,7550.02294921875,1.751938819885254
1444,[O][=N+1][Branch1][C][O-1][C][N][Branch1][=Branch1][N+1][=Branch1][C][=O][O-1][N+1][=Branch1][C][O-1][N+1][=Branch1][O-1][C][C][O-1][N+1][Branch1][C][O-1][N+1][C][O-1][N+1][O][C][O-1][N+1][=Ring2][C][O-1][N+1][N+1][=Branch1][C][NH1][=O][O-1][N+1][Branch1][=Branch1][=O][O-1][N+1][O][N+1][=Branch1][C][#N+1][O-1][N+1][=Branch1],C[N+](C[O-])[N+]([O-])N(C[N+](=O)[O-])[N+](=O)[O-],1.5763039679725397,0.5884172670405106,0.2416043202374587,0.6912022775533938,-0.977600042340023,,0.3862263036068475,mols/page_0073.png,4,8.181097030639648,280.221435546875,6458.37548828125,1.6499933004379272
1445,[O][=N+1][Branch1][C][O-1][C][=C][Branch1][=Branch1][N+1][=Branch1][C][=O][O-1][C][Branch1][=Branch1][N+1][=Branch1][C][=O][O-1][=C][Branch1][=Branch1][N+1][=Branch1][C][=O][O-1][C][Branch1][=Branch1][N+1][=Branch1][C][=O][O-1][=C][Ring2][Ring1][C][N+1][=Branch1][C][=O][O-1],O=[N+]([O-])c1c([N+](=O)[O-])c([N+](=O)[O-])c([N+](=O)[O-])c([N+](=O)[O-])c1[N+](=O)[O-],1.755885732905358,2.2677653814365475,2.6100983473411934,2.4185038776405947,2.351437003816078,,2.422011183632281,mols/page_0073.png,5,9.200387001037598,393.36566162109375,8341.86328125,1.9740830659866333
1446,[O][=N+1][Branch1][C][O-1][C][N][Branch1][=Branch1][N+1][=Branch1][C][=O][O-1][N+1][=Branch1][C][C][O-1][N+1][=Branch1],C[N+]([O-])N(C[N+](=O)[O-])[N+](=O)[O-],1.498091503851731,1.1628413281159282,0.7835040705903948,1.2873178494044868,-0.7551366374149496,,0.9259998256968806,mols/page_0073.png,6,8.529747009277344,306.1082763671875,7108.39306640625,1.6716506481170654
1447,[O][=N+1][Branch1][C][O-1][C][C][N][Branch1][=Branch1][N+1][=Branch1][C][=O][O-1][N+1][=Branch1][C][C][O-1][N+1][=Branch1][N+1][=Branch1][N][=O][O-1][N+1][=Branch2][C][O-1][N+1][N][C][=O][O-1][C][Branch1][=Branch1][N+1][O][C][=O][O-1][N][Branch1][=Branch1],C[N+]([O-])N(CC[N+](=O)[O-])[N+](=O)[O-],1.5370246155449356,0.4198057216912244,-0.0208879938198682,0.6164019164838899,-1.670499312579116,,0.1792402673034833,mols/page_0073.png,7,8.078757286071777,267.6820373535156,6376.8115234375,1.5825378894805908
1448,[O][=C][Branch2][Ring1][Branch2][N][C][C][C][Branch1][=Branch1][N+1][=Branch1][C][=O][O-1][Branch1][=Branch1][N+1][=Branch1][C][=O][O-1][N+1][=Branch1][C][=O][O-1][N][C][C][C][Branch1][=Branch1][N+1][=Branch1][C][=O][O-1][Branch1][=Branch1][N+1][=Branch1][C][=O][O-1][N+1][=Branch1][C][=O][O-1],O=C(NCCC([N+](=O)[O-])([N+](=O)[O-])[N+](=O)[O-])NCCC([N+](=O)[O-])([N+](=O)[O-])[N+](=O)[O-],2.09260284350746,0.4723857624472374,0.328562792896834,0.3602430439192824,-0.2903518997394561,,0.3152991664297851,mols/page_0073.png,8,8.110671043395996,284.37548828125,6097.490234375,1.7168985605239868
1449,[O][=N+1][Branch1][C][O-1][C][N][N][Branch1][=Branch1][N+1][=Branch1][C][=O][O-1][N+1][=Branch1][C][O-1][C][N+1][=Branch1][C][N][O-1][N+1][=Branch1][N+1][=Branch1][O-1][C][=O][O-1],N[N+]([O-])C[N+]([O-])N(NC[N+](=O)[O-])[N+](=O)[O-],1.576601054988479,1.942453875992916,1.7637679210947366,2.040133870559192,0.1274874573497298,,1.755357743230563,mols/page_0073.png,9,9.002937316894531,352.9360046386719,7929.2802734375,1.7575762271881104
1450,[O][=N+1][Branch1][C][O-1][C][N][C][Branch1][=Branch1][N+1][=Branch1][C][=O][O-1][N+1][=Branch1][C][O-1][N+1][=Branch1],[N+][N+]([O-])C(NC[N+](=O)[O-])[N+](=O)[O-],2.017024615544936,1.9971818045003475,1.8714930633892743,2.015290870662309,0.4813827439548792,,1.8214233396328168,mols/page_0073.png,10,9.036154747009277,358.08209228515625,7902.19091796875,1.792028784751892
1451,[O][=N+1][Branch1][C][O-1][C][C][N][Branch1][=Branch1][N+1][=Branch1][C][=O][O-1][N+1][=Branch1][C][O-1][C][Branch1][=Branch1][N+1][C][=O][O-1][C][Branch1][=N][N+1][=Branch1][C][NH1][C][N+1][=Branch1][C][Branch1][=Branch1][O-1][N+1][=Branch1][O-1][C][Branch1][N+1][=Branch1][C][O][N+1][=Branch1][C][=N][C][N+1][=Branch1][N+1][=Branch1][=O][O-1][N+1][Branch1][C][O-1][N+1][=Branch1],[N+][N+]([O-])[N+]([O-])C[N+](=N)[N+](O)C([N+]C=O)([N+]([NH])C[N+][O-])[N+]([O-])N(CC[N+](=O)[O-])[N+](=O)[O-],2.6825801340811584,1.4610504810912217,1.2786786545550015,1.3087777878867632,0.2782690939472463,,1.2362703084609858,mols/page_0073.png,11,8.710746765136719,329.7630310058594,7131.79345703125,1.7722551822662354
1452,[O][=N+1][Branch1][C][O-1][C][C][N][Branch1][=Branch1][N+1][=Branch1][C][=O][O-1][N+1][=Branch1][C][O-1][N+1][=Branch1],[N+][N+]([O-])N(CC[N+](=O)[O-])[N+](=O)[O-],1.5170246155449356,1.5686082778253871,1.4056474794231388,1.668971956077514,0.1377476520373158,,1.4249274869468689,mols/page_0073.png,12,8.776029586791992,335.8283996582031,7524.55712890625,1.7585750818252563
1453,[O][=N+1][Branch1][C][O-1][C][N][C][Branch1][=Branch1][N+1][=Branch1][C][=O][O-1][N+1][=Branch1][C][O-1][C][N+1][=Branch1][C][Branch1][O-1][N+1][=Branch1][O-1][C][=O][C][N+1][=Branch1][N+1][=Branch1][=O][O-1][N+1][N][C][=O][O-1],[N+][N+]([O-])C[N+]([O-])C(NC[N+](=O)[O-])[N+](=O)[O-],2.0966010549884797,1.9007923955767765,1.747653261435372,1.933217487290219,0.3145110061287099,,1.7168495097819958,mols/page_0073.png,13,8.97765064239502,352.16619873046875,7812.6962890625,1.7757834196090698
1454,[N][C][Branch1][=Branch1][N+1][=Branch1][C][=O][O-1][N+1][=Branch1][C][O-1][C][N][Branch1][=Branch1][N+1][Branch1][C][O-1][C][Branch1][=Branch1][N][N+1][=Branch1][C][=Branch1][C][=O][N+1][=Branch1][C][N+1][=Branch1][C][C][O-1][N+1][=Branch1][N+1][=Branch1][N+1][O-1][C][=O][O-1][Branch1][=Branch1][N+1][S][C][O-1][N+1][N][C][Branch1][N+1][=Branch1][C][=N][O][N+1][Branch1][C][=O][O-1][N][Branch1][=Branch1][Ring1][N+1][=Branch1][C][NH1][O-1][N+1][=Branch1][=O][O-1][N+1][N+1][=Branch1][C][=C][O-1][N+1][=Branch1][N][=O][O-1][N+1][Ring2][C][O-1][N+1][C][O-1][N+1],C[N+]([O-])N(C[N+]([O-])C(N)[N+](=O)[O-])N[N+](O)[N+]([N+])CC[O-],2.243903847312421,0.3658979814838956,0.0111547851372941,0.6971444648428482,-1.52884764514148,,0.2202362130782886,mols/page_0073.png,14,8.046037673950195,269.2127380371094,6464.85498046875,1.5963280200958252
1455,[O][=N+1][Branch1][C][O-1][C][N][C][Branch1][=Branch1][N+1][=Branch1][C][=O][O-1][N+1][=Branch1][C][O-1][C][N+1][=Branch1][C][N][C],C[N+](N)C[N+]([O-])C(NC[N+](=O)[O-])[N+](=O)[O-],2.116601054988479,0.1714096523905627,-0.1668730753413379,0.5265992117249672,-1.581178434038565,,0.0536559855484365,mols/page_0073.png,15,7.92799186706543,260.708251953125,6278.888671875,1.591233491897583
1456,[O][=N+1][Branch1][C][O-1][C][C][Branch1][=Branch1][N+1][=Branch1][C][=O][O-1][N+1][=Branch1][C][N+1][=Branch1][C][O-1][C][Branch1][=Branch1][Cl][N+1][=Branch1][C],[N+][N+](C[O-])C(C[N+](=O)[O-])[N+](=O)[O-],2.037024615544936,1.3846079887764715,1.2066306340839148,1.4486860726572528,0.0784616291235833,,1.235130247690356,mols/page_0073.png,16,8.664349555969238,326.3212585449219,7284.3525390625,1.7528034448623657
1457,[O][=N+1][Branch1][C][O-1][C][C][Branch1][=Branch1][N+1][=Branch1][C][=O][O-1][N+1][=Branch1][C][O-1][C][Branch1][=Branch1][N][N+1][=Branch1][C][=Branch1][O-1][N+1][=Branch1][N+1][=Branch1][O-1][=O][O-1][N+1][N+1][C][O-1][N+1][=Branch1][=O][O-1][N+1][C][=O][O-1],[N+][N+]NC([O-])[N+]([O-])C(C[N+](=O)[O-])[N+](=O)[O-],2.5966010549884797,1.871350463838605,1.7230158792976884,1.882918909334285,0.391443486333623,,1.6909034981511497,mols/page_0073.png,17,8.9597806930542,350.9892578125,7757.849609375,1.7832729816436768
1458,[C][C][Branch1][=Branch1][N+1][=Branch1][C][=O][O-1][N+1][=Branch1][C][O-1][C][N+1][=Branch1][C][C][O-1][N+1][=Branch1][=O][O-1][N+1][=O][C][O-1][N+1][Ring1][=O][O-1][N+1],CC([N+]([O-])C[N+](C)[O-])[N+](=O)[O-],2.038091503851731,-1.154362670668359,-1.5723320430746617,-0.660153656219933,-3.131790305937641,,-1.2589141715174923,mols/page_0073.png,18,7.123306751251221,193.5687255859375,4984.8271484375,1.4402776956558228
1459,[O][=N+1][Branch1][C][O-1][C][Branch1][=Branch1][N+1][=Branch1][C][=O][O-1][N+1][=Branch1][C][O-1][C][C][Branch1][=Branch1],CC[N+]([O-])C([N+](=O)[O-])[N+](=O)[O-],1.518091503851731,0.1192813436963878,-0.2142064144153248,0.3626848485379256,-1.472451472981143,,-0.0259024755626783,mols/page_0073.png,19,7.896352291107178,258.4471130371094,6100.15283203125,1.601818323135376
1460,[O][=N+1][Branch1][C][O-1][C][C][Branch1][=Branch1][N+1][=Branch1][C][=O][O-1][N+1][=Branch1][C][O-1][N+1][=Branch1][N+1][=Branch1][N+1][C][O-1][C][N+1][=Branch1][C][N][O-1][N+1][=Branch1][O-1][C][O-1][N+1],C[N+]([O-])[N+]([O-])C(C[N+](=O)[O-])[N+](=O)[O-],2.056437499842364,1.1819429165533788,0.8643718726772276,1.2917223222137617,-0.4888185227940647,,0.9793857739137498,mols/page_0074.png,0,8.541340827941895,309.97137451171875,7113.19580078125,1.6975773572921753
1461,[N][#C][C][N][Branch2][Ring1][=Branch1][C][C][Branch1][=Branch1][N+1][=Branch1][C][=O][O-1][Branch1][=Branch1][N+1][=Branch1][C][=O][O-1][N+1][=Branch1][C][=O][O-1][N+1][=Branch1][C][=O][O-1],N#CCN(CC([N+](=O)[O-])([N+](=O)[O-])[N+](=O)[O-])[N+](=O)[O-],1.6798833105991515,1.1238635289575964,0.9337418890534857,1.2295120544246114,-0.0781609346322797,,0.9983900828093872,mols/page_0074.png,1,8.506089210510254,313.28521728515625,7045.3603515625,1.7375558614730835
1462,[O][=N+1][Branch1][C][O-1][C][C][N][Branch1][=Branch1][N+1][=Branch1][C][=O][O-1][N+1][=Branch1][C][N+1][=Branch1][C][O-1][C][N+1][=Branch1][N+1][=Branch1][=O][O-1][N+1][Branch1][C][O-1][N+1][=Branch1][=O][=O][O-1][N+1][=O][O-1][N+1][O-1][C][N][Branch1][N+1][=Branch1][C][=N][O][N+1][=Branch1][C],[N+][N+](C[O-])N(CC[N+](=O)[O-])[N+](=O)[O-],1.556437499842364,1.181143154398681,0.9199851762247536,1.3044557086314648,-0.4285308482208925,,1.0042112812863555,mols/page_0074.png,2,8.540855407714844,312.6280517578125,7127.08056640625,1.7034465074539185
1463,[O][=N+1][Branch1][C][O-1][C][=C][C][Branch1][=Branch1][N+1][=Branch1][C][=O][O-1][=C][Branch1][Branch2][N][N][=C][C][=N][Ring1][Branch1][C][Branch1][=Branch1][N+1][=Branch1][C][=O][O-1][=C][Ring1][P],O=[N+]([O-])c1cc([N+](=O)[O-])c(-n2nccn2)c([N+](=O)[O-])c1,1.4839038473124213,-1.158087299720837,-0.9948608983977248,-1.004609760019187,-0.2884673741845933,,-0.9689276909557748,mols/page_0074.png,3,7.12104606628418,221.1548309326172,4609.224609375,1.7170820236206055
1464,[O][=N+1][Branch1][C][O-1][C][=C][C][Branch1][=Branch1][N+1][=Branch1][C][=O][O-1][=C][Branch2][Branch1][Branch2][/N][=N][/C][=N][C][Branch2][Ring1][=C][/N][=N][/C][=C][Branch1][=Branch1][N+1][=Branch1][C][=O][O-1][C][=C][Branch1][=Branch1][N+1][=Branch1][C][=O][O-1][C][=C][Ring1][N][N+1][=Branch1][C][=O][O-1][=C][Branch1][=Branch1][N+1][=Branch1][C][=O][O-1][C][=C][Ring2][Ring1][#Branch2][N+1][=Branch1][C][=O][O-1][C][Branch1][=Branch1][N+1][=Branch1][C][=O][O-1][=C][Ring2][Ring2][O],O=[N+]([O-])c1cc([N+](=O)[O-])c(/N=N/c2nc(/N=N/c3c([N+](=O)[O-])cc([N+](=O)[O-])cc3[N+](=O)[O-])c([N+](=O)[O-])cc2[N+](=O)[O-])c([N+](=O)[O-])c1,2.564407701043694,-0.3802934644058588,-0.3108669023867624,-0.3776436234878412,0.3010254441172068,,-0.2937449966815711,mols/page_0074.png,4,7.593132495880127,253.82958984375,5292.88232421875,1.774470567703247
1465,[Ring1][O][=N+1][Branch1][N][C][N][Branch1][=N+1][Branch1][C][C][N][Branch1][=Branch1][N+1][=Branch1][C][=O][O-1][N+1][=Branch1][=O][O-1][C][=O][N+1][=Branch1][=Branch1][=Branch1][C][=O][=O][O-1][N+1][=Ring1][=Branch1][#N][=Branch1][=Branch1][=Branch1][N+1][=O][O-1][=O][=O][N+1][=Branch1],O=C[N+]([O-])[N+](=O)CNCCN[N+](=O)[O-],1.5963039679725397,-0.6128969808246568,-0.9094273293104764,-0.4641255097886936,-1.871296183931908,,-0.7533608998424516,mols/page_0074.png,5,7.4519524574279785,225.2360382080078,5198.58056640625,1.5629898309707642
1466,[=N+1][Branch1][C][=N][N][Branch1][=Branch1][C][O-1][N][Branch1][N][=C][C][Branch1][=Branch1][N+1][=Branch1][C][=O][O-1][N][N][Branch1][=Branch1][N+1][#Branch2][=Branch1][C][=O][N][#N+1][O][Branch1][N][N][#C][N][=Ring2][Ring1][#C][Cl][P][=Ring1][F][P][\N+1][/N][#N+1][/N][#C][Cl][Cl][NH1][NH1][=Ring2][#N+1][=Ring1][#Branch2][Ring2][=Ring2][=Branch2][/N+1][Ring2][=Branch2][Cl][=N][S],N[N+]N(C[O-])CC(NN[N+]=O)[N+](=O)[O-],2.07630396797254,0.1487531290316895,-0.1325125962753876,0.3312288703523719,-1.3193653028590968,,0.0046151510441145,mols/page_0074.png,6,7.91424036026001,262.34967041015625,6065.8525390625,1.6167216300964355
1467,[O][=N+1][Branch1][C][O-1][C][=C][C][Branch1][=Branch1][N+1][=Branch1][C][=O][O-1][=C][Branch2][=Branch1][=Branch1][C][=N][C][Branch2][Ring1][N][C][=C][Branch1][=Branch1][N+1][=Branch1][C][=O][O-1][C][=C][Branch1][=Branch1][N+1][=Branch1][C][=O][O-1][C][=C][Ring1][N][N+1][=Branch1][C][=O][O-1][=N][C][Branch2][Ring1][N][C][=C][Branch1][=Branch1][N+1][=Branch1][C][=O][O-1][C][=C][Branch1][=Branch1][N+1][=Branch1][C][=O][O-1][C][=C][Ring1][N][N+1][=Branch1][C][=O][O-1][=N][Ring2][Ring2][Ring2][C][Branch1][=Branch1][N+1][=Branch1][C][=O][O-1][=C][Ring2][Ring2][S],O=[N+]([O-])c1cc([N+](=O)[O-])c(-c2nc(-c3c([N+](=O)[O-])cc([N+](=O)[O-])cc3[N+](=O)[O-])nc(-c3c([N+](=O)[O-])cc([N+](=O)[O-])cc3[N+](=O)[O-])n2)c([N+](=O)[O-])c1,2.693606210045286,-0.9215839607716654,-0.7301473485966667,-0.9788407282221844,0.3610988289099365,,-0.768359235739963,mols/page_0074.png,7,7.264593124389648,233.8003387451172,4637.32373046875,1.7803188562393188
1468,[O][=N+1][Branch1][C][O-1][C][=C][C][Branch1][=Branch1][N+1][=Branch1][C][=O][O-1][=C][Branch2][Ring1][=C][/C][=C][/C][=C][Branch1][=Branch1][N+1][=Branch1][C][=O][O-1][C][=C][Branch1][=Branch1][N+1][=Branch1][C][=O][O-1][C][=C][Ring1][N][N+1][=Branch1][C][=O][O-1][C][Branch1][=Branch1][N+1][=Branch1][C][=O][O-1][=C][Ring2][Ring1][=N],O=[N+]([O-])c1cc([N+](=O)[O-])c(/C=C/c2c([N+](=O)[O-])cc([N+](=O)[O-])cc2[N+](=O)[O-])c([N+](=O)[O-])c1,1.9688776759431463,-1.134972759332309,-1.013078289564277,-1.0689130031957454,-0.4026140299176632,,-1.004839366494211,mols/page_0074.png,8,7.135075569152832,220.28457641601562,4539.10693359375,1.7059695720672607
1469,[O][=N+1][Branch1][C][O-1][C][N][N][Branch1][=Branch1][N+1][=Branch1][C][=O][O-1][N+1][=Branch1][C][O-1][C][Branch1][=Branch1][N+1][#C][C][=O][N+1][=Branch1][C][Branch1][=Branch1][=Branch1][N+1][=Branch1][=O][O-1][N+1][N][C][O-1][C][N+1][=Branch1][C][C][Branch1][=Branch1][C][=O][N][N+1][=Branch1][C][Ring1][N][N+1][=Branch1][N+1][=Branch1][N+1][O-1][C][=O][O-1][C][Branch1][Branch1][N+1][=Branch1][C][=Branch1][N+1][=Branch1],O=CC#[N+]C([N+]([O-])[N+]NC[O-])[N+]([O-])N(NC[N+](=O)[O-])[N+](=O)[O-],2.3292669435287103,1.2233435708051177,1.0590229069515518,1.104371023040077,-0.0024982744406172,,1.0120902012111366,mols/page_0074.png,9,8.566469192504883,319.26995849609375,6908.90380859375,1.7449218034744263
1470,[O][=N+1][Branch1][C][O-1][C][C][Branch1][=Branch1][N+1][=Branch1][C][=O][O-1][N+1][=Branch1][C][N+1][=Branch1][C][O-1][N+1][=Branch1][N][=O][O-1][N+1][Branch1][C][O-1][N+1][C][C][O-1][N+1][Branch1][O-1][N+1][=Branch1][O-1][=O][O-1][N+1][O-1][C][=O][O-1],[N+][N+](C[O-])C(C[N+](=O)[O-])[N+](=O)[O-],2.037024615544936,1.3846079887764715,1.2066306340839148,1.4486860726572528,0.0784616291235833,,1.235130247690356,mols/page_0074.png,10,8.664349555969238,326.3212585449219,7284.3525390625,1.7528034448623657
1471,[N][C][Branch1][=Branch1][N+1][=Branch1][C][=O][O-1][N+1][=Branch1][C][C][O-1][N+1][=Branch1][N+1][=Branch1][=O][O-1][O-1][N+1][=Branch1][=O][=O][O-1][N+1],C[N+]([O-])C(N)[N+](=O)[O-],1.9844996950521223,-0.4819591038116999,-0.8313355927756663,-0.205125850776136,-2.168904280036488,,-0.6272644424609448,mols/page_0074.png,11,7.531425952911377,228.96652221679688,5480.99951171875,1.5340169668197632
